{"type":"FeatureCollection","features":[{"type":"Feature","geometry":{"type":"Point","coordinates":[-76.48027549999999,3.3119003]},"properties":{"place_id":"ChIJpwfStZufMI4Ry5Kt7PidyNI","address":"El Hormiguero Main Park","area":"El Hormiguero","zone":"Urbana","place_report_count":1,"evaluation_count":1,"nivel_dano_max":"bajo","severidad_max":"bajo","habitabilidad":"h","tipo_inmueble":"educativo","recomendaciones":"seguimiento","rud_records":0,"rud_unique_docs":0,"rud_households":0,"rud_women":0,"rud_minors":0,"rud_older65":0,"rud_match_methods":"","rud_match_confidence":"","has_rud_match":false}},{"type":"Feature","geometry":{"type":"Point","coordinates":[-76.63865,3.32834]},"properties":{"place_id":"ChIJJ8cUi6qiMI4RUluocz76-gA","address":"Pance","area":"Pance","zone":"Urbana","place_report_count":1,"evaluation_count":1,"nivel_dano_max":"bajo","severidad_max":"bajo","habitabilidad":"h","tipo_inmueble":"educativo","recomendaciones":"seguimiento","rud_records":0,"rud_unique_docs":0,"rud_households":0,"rud_women":0,"rud_minors":0,"rud_older65":0,"rud_match_methods":"","rud_match_confidence":"","has_rud_match":false}},{"type":"Feature","geometry":{"type":"Point","coordinates":[-76.5285235,3.3654292]},"properties":{"place_id":"ChIJX7BaAHehMI4RTlhzIIx6C8Y","address":"Cra 101","area":"Altos de Santa Elena","zone":"Urbana","place_report_count":1,"evaluation_count":1,"nivel_dano_max":"sin_dano","severidad_max":"sin_dano","habitabilidad":"h","tipo_inmueble":"residencial","recomendaciones":"","rud_records":0,"rud_unique_docs":0,"rud_households":0,"rud_women":0,"rud_minors":0,"rud_older65":0,"rud_match_methods":"","rud_match_confidence":"","has_rud_match":false}},{"type":"Feature","geometry":{"type":"Point","coordinates":[-76.5295801,3.3665167]},"properties":{"place_id":"ChIJPYnaonWhMI4Rr3TRn-BNzeY","address":"Cra 100A Oeste #1D-60, Santa Elena","area":"Altos de Santa Elena","zone":"Urbana","place_report_count":1,"evaluation_count":4,"nivel_dano_max":"medio","severidad_max":"medio","habitabilidad":"h, r1","tipo_inmueble":"residencial","recomendaciones":"seguimiento","rud_records":0,"rud_unique_docs":0,"rud_households":0,"rud_women":0,"rud_minors":0,"rud_older65":0,"rud_match_methods":"","rud_match_confidence":"","has_rud_match":false}},{"type":"Feature","geometry":{"type":"Point","coordinates":[-76.5267269,3.366527]},"properties":{"place_id":"ChIJ1S3sO3WhMI4R0KuMp_vaGls","address":"Cra 100 Oeste #1B-26, Melendez","area":"ALTOS DE SANTA ELENA","zone":"Urbana","place_report_count":1,"evaluation_count":6,"nivel_dano_max":"alto","severidad_max":"alto","habitabilidad":"h, i2, r1","tipo_inmueble":"residencial","recomendaciones":"evacuar_parcial, seguimiento","rud_records":1,"rud_unique_docs":1,"rud_households":1,"rud_women":1,"rud_minors":0,"rud_older65":0,"rud_match_methods":"road_key","rud_match_confidence":"alta","has_rud_match":true}},{"type":"Feature","geometry":{"type":"Point","coordinates":[-76.51989189999999,3.3665762]},"properties":{"place_id":"EjhDcmEuIDEwMCAjOTgsIENvbXVuYSAxNywgQ2FsaSwgVmFsbGUgZGVsIENhdWNhLCBDb2xvbWJpYSIwEi4KFAoSCR3umYkJoTCOEZMsNxcQxO-LEGIqFAoSCeU7hgR1oTCOEVHXs-y2DU1x","address":"Cra 100 #98, Comuna 17","area":"Altos de Santa Elena","zone":"Urbana","place_report_count":1,"evaluation_count":1,"nivel_dano_max":"medio","severidad_max":"medio_alto","habitabilidad":"r1","tipo_inmueble":"residencial","recomendaciones":"","rud_records":0,"rud_unique_docs":0,"rud_households":0,"rud_women":0,"rud_minors":0,"rud_older65":0,"rud_match_methods":"","rud_match_confidence":"","has_rud_match":false}},{"type":"Feature","geometry":{"type":"Point","coordinates":[-76.50878689999999,3.3674211]},"properties":{"place_id":"EjpDcmEuIDk4ZiAjNTgtNjYgYXB0by4gNTAzLCBDYWxpLCBWYWxsZSBkZWwgQ2F1Y2EsIENvbG9tYmlhIiUaIwoWChQKEgmDsbbWBqEwjhFttQbSy1C7IRIJYXB0by4gNTAz","address":"Cra 98f503 #58-66","area":"Ciudad melendez","zone":"Urbana","place_report_count":1,"evaluation_count":1,"nivel_dano_max":"alto","severidad_max":"medio_alto","habitabilidad":"r1","tipo_inmueble":"","recomendaciones":"","rud_records":0,"rud_unique_docs":0,"rud_households":0,"rud_women":0,"rud_minors":0,"rud_older65":0,"rud_match_methods":"","rud_match_confidence":"","has_rud_match":false}},{"type":"Feature","geometry":{"type":"Point","coordinates":[-76.5539357,3.3678081]},"properties":{"place_id":"ChIJTylR3syjMI4RIb0p2URIaW8","address":"Cra 100B Oeste #1-21, Bajo Jordan","area":"Altos de Santa Elena","zone":"Urbana","place_report_count":1,"evaluation_count":1,"nivel_dano_max":"bajo","severidad_max":"bajo","habitabilidad":"h","tipo_inmueble":"residencial","recomendaciones":"seguimiento","rud_records":0,"rud_unique_docs":0,"rud_households":0,"rud_women":0,"rud_minors":0,"rud_older65":0,"rud_match_methods":"","rud_match_confidence":"","has_rud_match":false}},{"type":"Feature","geometry":{"type":"Point","coordinates":[-76.53638699999999,3.3686488]},"properties":{"place_id":"ChIJdxeQbQ-hMI4RZfFZgFJKkyQ","address":"Cra 102 #13-75, Ciudad Jardin","area":"La paz","zone":"Urbana","place_report_count":1,"evaluation_count":1,"nivel_dano_max":"medio","severidad_max":"medio","habitabilidad":"i2","tipo_inmueble":"residencial","recomendaciones":"","rud_records":0,"rud_unique_docs":0,"rud_households":0,"rud_women":0,"rud_minors":0,"rud_older65":0,"rud_match_methods":"","rud_match_confidence":"","has_rud_match":false}},{"type":"Feature","geometry":{"type":"Point","coordinates":[-76.5549734,3.3687227]},"properties":{"place_id":"EktDbC4gMSBCaXMgT2UuICMxMDBhMTIgdG9ycmUgdCwgQmFqbyBKb3JkYW4sIENhbGksIFZhbGxlIGRlbCBDYXVjYSwgQ29sb21iaWEiIxohChYKFAoSCUHy3wbUozCOEZfMWo3d5-AXEgd0b3JyZSB0","address":"Cl 1 Bis Oeste #100A-12 Torre T, Bajo Jordan","area":"Altos de Santa Elena","zone":"Urbana","place_report_count":1,"evaluation_count":1,"nivel_dano_max":"bajo","severidad_max":"bajo","habitabilidad":"h","tipo_inmueble":"residencial","recomendaciones":"apuntalar","rud_records":0,"rud_unique_docs":0,"rud_households":0,"rud_women":0,"rud_minors":0,"rud_older65":0,"rud_match_methods":"","rud_match_confidence":"","has_rud_match":false}},{"type":"Feature","geometry":{"type":"Point","coordinates":[-76.6095083,3.3691072]},"properties":{"place_id":"ChIJZxiKZx2jMI4RJp8KVjT8f_s","address":"Cali, Valle del Cauca, Colombia","area":"Buitrera","zone":"Urbana","place_report_count":1,"evaluation_count":1,"nivel_dano_max":"alto","severidad_max":"alto","habitabilidad":"i2","tipo_inmueble":"residencial","recomendaciones":"","rud_records":0,"rud_unique_docs":0,"rud_households":0,"rud_women":0,"rud_minors":0,"rud_older65":0,"rud_match_methods":"","rud_match_confidence":"","has_rud_match":false}},{"type":"Feature","geometry":{"type":"Point","coordinates":[-76.55559629999999,3.3694403]},"properties":{"place_id":"ChIJswS_TdGjMI4RPAeTotTxlJk","address":"Cl 1A Oeste #100, a1 63 Bajo Jordan","area":"Altos de Santa Helena","zone":"Urbana","place_report_count":1,"evaluation_count":2,"nivel_dano_max":"bajo","severidad_max":"medio","habitabilidad":"h, r2","tipo_inmueble":"residencial","recomendaciones":"","rud_records":0,"rud_unique_docs":0,"rud_households":0,"rud_women":0,"rud_minors":0,"rud_older65":0,"rud_match_methods":"","rud_match_confidence":"","has_rud_match":false}},{"type":"Feature","geometry":{"type":"Point","coordinates":[-76.5647299,3.3695104]},"properties":{"place_id":"EjlMYSBCdWl0cmVyYSwgQmFqbyBKb3JkYW4sIENhbGksIFZhbGxlIGRlbCBDYXVjYSwgQ29sb21iaWEiLiosChQKEgmNqv49zKMwjhGiqCb37X6ZhxIUChIJ8bNLzPCmMI4RaGGuUum1Dx8","address":"Corregimiento La Zapata Sector Crucero La Buitrera","area":"Buitrera","zone":"Urbana","place_report_count":2,"evaluation_count":1,"nivel_dano_max":"alto","severidad_max":"alto","habitabilidad":"i1","tipo_inmueble":"residencial","recomendaciones":"","rud_records":0,"rud_unique_docs":0,"rud_households":0,"rud_women":0,"rud_minors":0,"rud_older65":0,"rud_match_methods":"","rud_match_confidence":"","has_rud_match":false}},{"type":"Feature","geometry":{"type":"Point","coordinates":[-76.5551653,3.3696087]},"properties":{"place_id":"ChIJ_72L8NOjMI4Rgp6wctssKAg","address":"Cra 100A Bis, Bajo Jordan","area":"Polvorines","zone":"Urbana","place_report_count":1,"evaluation_count":2,"nivel_dano_max":"bajo","severidad_max":"medio","habitabilidad":"h","tipo_inmueble":"residencial","recomendaciones":"demoler","rud_records":0,"rud_unique_docs":0,"rud_households":0,"rud_women":0,"rud_minors":0,"rud_older65":0,"rud_match_methods":"","rud_match_confidence":"","has_rud_match":false}},{"type":"Feature","geometry":{"type":"Point","coordinates":[-76.514609,3.3696822]},"properties":{"place_id":"ChIJfYSYUQ-hMI4REOj94f0vXmo","address":"Cra 98B #48-127, Comuna 17","area":"BRISAS DEL LILI","zone":"Urbana","place_report_count":1,"evaluation_count":0,"nivel_dano_max":null,"severidad_max":null,"habitabilidad":"","tipo_inmueble":"","recomendaciones":"","rud_records":2,"rud_unique_docs":2,"rud_households":1,"rud_women":2,"rud_minors":1,"rud_older65":0,"rud_match_methods":"road_key","rud_match_confidence":"alta","has_rud_match":true}},{"type":"Feature","geometry":{"type":"Point","coordinates":[-76.55609249999999,3.3698423]},"properties":{"place_id":"ChIJkwYcUwCjMI4RFT8fMsaq8AA","address":"Cra 100A #1A-38, Bajo Jordan","area":"Altoa de santa elena torre 12","zone":"Urbana","place_report_count":1,"evaluation_count":1,"nivel_dano_max":"sin_dano","severidad_max":"sin_dano","habitabilidad":"h","tipo_inmueble":"residencial","recomendaciones":"","rud_records":0,"rud_unique_docs":0,"rud_households":0,"rud_women":0,"rud_minors":0,"rud_older65":0,"rud_match_methods":"","rud_match_confidence":"","has_rud_match":false}},{"type":"Feature","geometry":{"type":"Point","coordinates":[-76.5546794,3.3700146]},"properties":{"place_id":"EktDbC4gMSBCaXMgT2UuICMxMDBhMzMgdG9ycmUgbywgQmFqbyBKb3JkYW4sIENhbGksIFZhbGxlIGRlbCBDYXVjYSwgQ29sb21iaWEiIxohChYKFAoSCT8-5P7TozCOEeUkurjolkVdEgd0b3JyZSBv","address":"Cl 1 Bis Oeste #100A-33 Torre O, Bajo Jordan","area":"Altos de santa Elena","zone":"Urbana","place_report_count":1,"evaluation_count":1,"nivel_dano_max":"medio","severidad_max":"medio_alto","habitabilidad":"r1","tipo_inmueble":"residencial","recomendaciones":"","rud_records":0,"rud_unique_docs":0,"rud_households":0,"rud_women":0,"rud_minors":0,"rud_older65":0,"rud_match_methods":"","rud_match_confidence":"","has_rud_match":false}},{"type":"Feature","geometry":{"type":"Point","coordinates":[-76.5241471,3.3701857]},"properties":{"place_id":"ChIJt6zCmAyhMI4RQP0wAY3yvzk","address":"Cl 28 #98-82, Comuna 17","area":"VALLE DE LILI","zone":"Urbana","place_report_count":3,"evaluation_count":0,"nivel_dano_max":null,"severidad_max":null,"habitabilidad":"","tipo_inmueble":"","recomendaciones":"","rud_records":1,"rud_unique_docs":1,"rud_households":1,"rud_women":1,"rud_minors":0,"rud_older65":0,"rud_match_methods":"road_key","rud_match_confidence":"alta","has_rud_match":true}},{"type":"Feature","geometry":{"type":"Point","coordinates":[-76.55460310000001,3.370236]},"properties":{"place_id":"ChIJ_3neR9CjMI4RVC1vo-LW4KE","address":"Bajo Jordan","area":"Bajo Jordab","zone":"Urbana","place_report_count":1,"evaluation_count":1,"nivel_dano_max":"alto","severidad_max":"alto","habitabilidad":"i2","tipo_inmueble":"residencial","recomendaciones":"","rud_records":0,"rud_unique_docs":0,"rud_households":0,"rud_women":0,"rud_minors":0,"rud_older65":0,"rud_match_methods":"","rud_match_confidence":"","has_rud_match":false}},{"type":"Feature","geometry":{"type":"Point","coordinates":[-76.5348178,3.3702553]},"properties":{"place_id":"ChIJoS0403ahMI4RO6Nxzk2LK1I","address":"Cl 1A Oeste #61, Melendez","area":"ALTOS DE SANTA ELENA","zone":"Urbana","place_report_count":1,"evaluation_count":0,"nivel_dano_max":null,"severidad_max":null,"habitabilidad":"","tipo_inmueble":"","recomendaciones":"","rud_records":32,"rud_unique_docs":32,"rud_households":12,"rud_women":18,"rud_minors":8,"rud_older65":3,"rud_match_methods":"road_key","rud_match_confidence":"alta","has_rud_match":true}},{"type":"Feature","geometry":{"type":"Point","coordinates":[-76.55542899999999,3.3702578]},"properties":{"place_id":"ChIJoVN0WNGjMI4RfdVsFSTpp9I","address":"Cl 1C Oeste #72, Bajo Jordan","area":"Bajo jordan","zone":"Urbana","place_report_count":1,"evaluation_count":1,"nivel_dano_max":"bajo","severidad_max":"medio","habitabilidad":"h","tipo_inmueble":"residencial","recomendaciones":"evacuar_parcial","rud_records":0,"rud_unique_docs":0,"rud_households":0,"rud_women":0,"rud_minors":0,"rud_older65":0,"rud_match_methods":"","rud_match_confidence":"","has_rud_match":false}},{"type":"Feature","geometry":{"type":"Point","coordinates":[-76.554716,3.3707557]},"properties":{"place_id":"ChIJs5FoKwCjMI4RbZcSl8-Iehk","address":"Cl 1C Oeste #76, Bajo Jordan","area":"Altos de Santa Helena","zone":"Urbana","place_report_count":1,"evaluation_count":1,"nivel_dano_max":"bajo","severidad_max":"bajo","habitabilidad":"h","tipo_inmueble":"residencial","recomendaciones":"seguimiento","rud_records":0,"rud_unique_docs":0,"rud_households":0,"rud_women":0,"rud_minors":0,"rud_older65":0,"rud_match_methods":"","rud_match_confidence":"","has_rud_match":false}},{"type":"Feature","geometry":{"type":"Point","coordinates":[-76.5547613,3.3708799]},"properties":{"place_id":"ChIJ6TQGTdGjMI4RLTS2tIbVoWE","address":"Cl 1C Oeste #100A-79, Bajo Jordan","area":"Altos Santa Elena","zone":"Urbana","place_report_count":1,"evaluation_count":3,"nivel_dano_max":"bajo","severidad_max":"bajo","habitabilidad":"h","tipo_inmueble":"residencial","recomendaciones":"seguimiento","rud_records":0,"rud_unique_docs":0,"rud_households":0,"rud_women":0,"rud_minors":0,"rud_older65":0,"rud_match_methods":"","rud_match_confidence":"","has_rud_match":false}},{"type":"Feature","geometry":{"type":"Point","coordinates":[-76.50967349999999,3.3709499]},"properties":{"place_id":"ChIJgfDiagShMI4RuvN6uLoxRF0","address":"Cra 98 #53-181","area":"CIUDAD MELENDEZ","zone":"Urbana","place_report_count":1,"evaluation_count":0,"nivel_dano_max":null,"severidad_max":null,"habitabilidad":"","tipo_inmueble":"","recomendaciones":"","rud_records":4,"rud_unique_docs":4,"rud_households":1,"rud_women":3,"rud_minors":0,"rud_older65":1,"rud_match_methods":"road_key","rud_match_confidence":"alta","has_rud_match":true}},{"type":"Feature","geometry":{"type":"Point","coordinates":[-76.5564962,3.3710451]},"properties":{"place_id":"EkdDbC4gMUMgT2UuICYgQ2wuIDFFIE9lc3RlLCBCYWpvIEpvcmRhbiwgQ2FsaSwgVmFsbGUgZGVsIENhdWNhLCBDb2xvbWJpYSJmImQKFAoSCRlmwm7RozCOEQ4J0pSRoC2dEhQKEgkZZsJu0aMwjhEOCdKUkaAtnRoUChIJM7yrRNGjMI4RhFCqeLkvbfUaFAoSCbkUzRfRozCOEXZTPHOvEat8IgoNc2ECAhXeZ17S","address":"Cl 1C Oeste, Cl 1E Oe Bajo Jordan","area":"Altos de santa elena","zone":"Urbana","place_report_count":1,"evaluation_count":1,"nivel_dano_max":"bajo","severidad_max":"bajo","habitabilidad":"h","tipo_inmueble":"residencial","recomendaciones":"monitoreo","rud_records":0,"rud_unique_docs":0,"rud_households":0,"rud_women":0,"rud_minors":0,"rud_older65":0,"rud_match_methods":"","rud_match_confidence":"","has_rud_match":false}},{"type":"Feature","geometry":{"type":"Point","coordinates":[-76.5465533,3.3713807]},"properties":{"place_id":"ChIJWf7ct32hMI4RMs-3ky1ZSxQ","address":"Cra 99 #4-49, Horzonte","area":"Melendez","zone":"Urbana","place_report_count":1,"evaluation_count":1,"nivel_dano_max":"sin_dano","severidad_max":"sin_dano","habitabilidad":"h","tipo_inmueble":"educativo","recomendaciones":"","rud_records":0,"rud_unique_docs":0,"rud_households":0,"rud_women":0,"rud_minors":0,"rud_older65":0,"rud_match_methods":"","rud_match_confidence":"","has_rud_match":false}},{"type":"Feature","geometry":{"type":"Point","coordinates":[-76.5553841,3.3714654]},"properties":{"place_id":"ChIJ0dzPNACjMI4RAbG5cmvvFcw","address":"Cl 1D Oeste, Belen","area":"ALTOS DE SANTA ELENA","zone":"Rural","place_report_count":1,"evaluation_count":0,"nivel_dano_max":null,"severidad_max":null,"habitabilidad":"","tipo_inmueble":"","recomendaciones":"","rud_records":16,"rud_unique_docs":16,"rud_households":9,"rud_women":8,"rud_minors":2,"rud_older65":1,"rud_match_methods":"nomenclatura_sector","rud_match_confidence":"media","has_rud_match":true}},{"type":"Feature","geometry":{"type":"Point","coordinates":[-76.5558811,3.3717398]},"properties":{"place_id":"ChIJk1fkX5mjMI4RbQ0W5Jib8qE","address":"Altos De Santa Elena p9 Bajo Jordan","area":"Altos de Santa Elena","zone":"Urbana","place_report_count":1,"evaluation_count":1,"nivel_dano_max":"bajo","severidad_max":"bajo","habitabilidad":"h","tipo_inmueble":"residencial","recomendaciones":"","rud_records":0,"rud_unique_docs":0,"rud_households":0,"rud_women":0,"rud_minors":0,"rud_older65":0,"rud_match_methods":"","rud_match_confidence":"","has_rud_match":false}},{"type":"Feature","geometry":{"type":"Point","coordinates":[-76.55609849999999,3.3718505]},"properties":{"place_id":"ChIJXeE-0zejMI4RYGhFr4whX0Q","address":"Cl 1 Este #100BI-45, Oe Via Altos De Sta Elena Bajo Jordan","area":"Altos de Santa Elena","zone":"Urbana","place_report_count":1,"evaluation_count":4,"nivel_dano_max":"medio","severidad_max":"medio_alto","habitabilidad":"h, r1","tipo_inmueble":"residencial","recomendaciones":"seguimiento","rud_records":0,"rud_unique_docs":0,"rud_households":0,"rud_women":0,"rud_minors":0,"rud_older65":0,"rud_match_methods":"","rud_match_confidence":"","has_rud_match":false}},{"type":"Feature","geometry":{"type":"Point","coordinates":[-76.55513069999999,3.3720203]},"properties":{"place_id":"ChIJwbxGZWKjMI4RUp3M_pGyEnE","address":"Cra 100A Oeste #1D-33 Torre 87, Bajo Jordan","area":"ALTOS DE SANTA ELENA","zone":"Urbana","place_report_count":1,"evaluation_count":19,"nivel_dano_max":"alto","severidad_max":"alto","habitabilidad":"h, i2, r1","tipo_inmueble":"residencial","recomendaciones":"evacuar_total, seguimiento","rud_records":4,"rud_unique_docs":4,"rud_households":1,"rud_women":2,"rud_minors":0,"rud_older65":0,"rud_match_methods":"road_key","rud_match_confidence":"alta","has_rud_match":true}},{"type":"Feature","geometry":{"type":"Point","coordinates":[-76.551323,3.372575]},"properties":{"place_id":"ChIJAb9dU9ajMI4RD5PDqW3ajFY","address":"Cra 97 #2A-50, Melendez","area":"SIN INFORMACIÓN","zone":"Urbana","place_report_count":1,"evaluation_count":0,"nivel_dano_max":null,"severidad_max":null,"habitabilidad":"","tipo_inmueble":"","recomendaciones":"","rud_records":8,"rud_unique_docs":8,"rud_households":4,"rud_women":3,"rud_minors":2,"rud_older65":1,"rud_match_methods":"road_key","rud_match_confidence":"alta","has_rud_match":true}},{"type":"Feature","geometry":{"type":"Point","coordinates":[-76.5559634,3.3727298]},"properties":{"place_id":"ChIJ35YHqtajMI4RQcJMzxGDtJc","address":"Cl 1A Oeste #100A, 17 Bajo Jordan","area":"Altos de Santa Elena","zone":"Urbana","place_report_count":4,"evaluation_count":22,"nivel_dano_max":"alto","severidad_max":"alto","habitabilidad":"h, i2, r1, r2","tipo_inmueble":"residencial","recomendaciones":"evacuar_total, intervencion, seguimiento","rud_records":0,"rud_unique_docs":0,"rud_households":0,"rud_women":0,"rud_minors":0,"rud_older65":0,"rud_match_methods":"","rud_match_confidence":"","has_rud_match":false}},{"type":"Feature","geometry":{"type":"Point","coordinates":[-76.55446529999999,3.3731603]},"properties":{"place_id":"ChIJJf8CLdejMI4R7xdQBDtZV3Q","address":"Cra 96 #1-03, Bajo Jordan","area":"Alto polvorines","zone":"Urbana","place_report_count":1,"evaluation_count":1,"nivel_dano_max":"alto","severidad_max":"alto","habitabilidad":"i2","tipo_inmueble":"","recomendaciones":"","rud_records":0,"rud_unique_docs":0,"rud_households":0,"rud_women":0,"rud_minors":0,"rud_older65":0,"rud_match_methods":"","rud_match_confidence":"","has_rud_match":false}},{"type":"Feature","geometry":{"type":"Point","coordinates":[-76.55247,3.37363]},"properties":{"place_id":"verified:3.37363,-76.55247","address":"Cl 1D #95-23, Bajo Jordan","area":"ALTO MELENDEZ","zone":"Urbana","place_report_count":1,"evaluation_count":0,"nivel_dano_max":null,"severidad_max":null,"habitabilidad":"","tipo_inmueble":"","recomendaciones":"","rud_records":4,"rud_unique_docs":4,"rud_households":1,"rud_women":3,"rud_minors":1,"rud_older65":1,"rud_match_methods":"road_key","rud_match_confidence":"alta","has_rud_match":true}},{"type":"Feature","geometry":{"type":"Point","coordinates":[-76.5513917,3.3736397]},"properties":{"place_id":"ChIJFf5codejMI4RCaKiUf0e1AU","address":"Cra 95 #2-71, Bajo Jordan","area":"ALTOS DE JORDAN","zone":"Urbana","place_report_count":1,"evaluation_count":0,"nivel_dano_max":null,"severidad_max":null,"habitabilidad":"","tipo_inmueble":"","recomendaciones":"","rud_records":1,"rud_unique_docs":1,"rud_households":1,"rud_women":0,"rud_minors":0,"rud_older65":0,"rud_match_methods":"road_key","rud_match_confidence":"alta","has_rud_match":true}},{"type":"Feature","geometry":{"type":"Point","coordinates":[-76.55083250000001,3.3739732]},"properties":{"place_id":"ChIJcbKyl9ejMI4RBPUF1ucFwUw","address":"Cra 95 #2B-24, Bajo Jordan","area":"ALTO JORDAN","zone":"Urbana","place_report_count":1,"evaluation_count":0,"nivel_dano_max":null,"severidad_max":null,"habitabilidad":"","tipo_inmueble":"","recomendaciones":"","rud_records":4,"rud_unique_docs":4,"rud_households":2,"rud_women":2,"rud_minors":1,"rud_older65":2,"rud_match_methods":"road_key","rud_match_confidence":"alta","has_rud_match":true}},{"type":"Feature","geometry":{"type":"Point","coordinates":[-76.5518549,3.3739956]},"properties":{"place_id":"EjtDcmEgOTRDICMyLTQ3LCBCYWpvIEpvcmRhbiwgQ2FsaSwgVmFsbGUgZGVsIENhdWNhLCBDb2xvbWJpYSIwEi4KFAoSCfPWiAzXozCOEXel40-NyvzwEC8qFAoSCW3t8UvXozCOERa3MD1P5KZk","address":"Cra 94C #2-47, Bajo Jordan","area":"MELENDEZ","zone":"Urbana","place_report_count":1,"evaluation_count":1,"nivel_dano_max":"alto","severidad_max":"alto","habitabilidad":"i2","tipo_inmueble":"residencial","recomendaciones":"","rud_records":3,"rud_unique_docs":3,"rud_households":1,"rud_women":2,"rud_minors":0,"rud_older65":0,"rud_match_methods":"road_key","rud_match_confidence":"alta","has_rud_match":true}},{"type":"Feature","geometry":{"type":"Point","coordinates":[-76.5511676,3.3740097]},"properties":{"place_id":"Ej1DcmEuIDk0ZCAjMi0xNDUsIEJham8gSm9yZGFuLCBDYWxpLCBWYWxsZSBkZWwgQ2F1Y2EsIENvbG9tYmlhIjESLwoUChIJAbJun9ejMI4RlbbC1GLCKgYQkQEqFAoSCeOW_XXXozCOEcoMheu_LuBX","address":"Cra 94D #2-145, Bajo Jordan","area":"ALTO DE MELENDEZ","zone":"Rural","place_report_count":1,"evaluation_count":0,"nivel_dano_max":null,"severidad_max":null,"habitabilidad":"","tipo_inmueble":"","recomendaciones":"","rud_records":1,"rud_unique_docs":1,"rud_households":1,"rud_women":0,"rud_minors":0,"rud_older65":0,"rud_match_methods":"road_key","rud_match_confidence":"alta","has_rud_match":true}},{"type":"Feature","geometry":{"type":"Point","coordinates":[-76.5516045,3.3740392]},"properties":{"place_id":"EjxDcmEgOTRDICMyYS0yMywgQmFqbyBKb3JkYW4sIENhbGksIFZhbGxlIGRlbCBDYXVjYSwgQ29sb21iaWEiMBIuChQKEglNVtef16MwjhF9h6kHAC16-hAXKhQKEglt7fFL16MwjhEWtzA9T-SmZA","address":"Cra 94C #2A-23, Bajo Jordan","area":"ALTOS JORDAN","zone":"Urbana","place_report_count":1,"evaluation_count":0,"nivel_dano_max":null,"severidad_max":null,"habitabilidad":"","tipo_inmueble":"","recomendaciones":"","rud_records":3,"rud_unique_docs":3,"rud_households":1,"rud_women":1,"rud_minors":1,"rud_older65":0,"rud_match_methods":"road_key","rud_match_confidence":"alta","has_rud_match":true}},{"type":"Feature","geometry":{"type":"Point","coordinates":[-76.5534294,3.3740738]},"properties":{"place_id":"ChIJYeIhQdejMI4RuVsgl1j4eLo","address":"Cra 94C #1B-36, Bajo Jordan","area":"MELENDEZ","zone":"Rural","place_report_count":1,"evaluation_count":0,"nivel_dano_max":null,"severidad_max":null,"habitabilidad":"","tipo_inmueble":"","recomendaciones":"","rud_records":4,"rud_unique_docs":4,"rud_households":1,"rud_women":1,"rud_minors":2,"rud_older65":0,"rud_match_methods":"road_key","rud_match_confidence":"alta","has_rud_match":true}},{"type":"Feature","geometry":{"type":"Point","coordinates":[-76.55259199999999,3.3742982]},"properties":{"place_id":"ChIJoaOU0xOjMI4RERjt2Hx2jXU","address":"Cra 94C #2-64, Bajo Jordan","area":"MELENDEZ","zone":"Urbana","place_report_count":2,"evaluation_count":0,"nivel_dano_max":null,"severidad_max":null,"habitabilidad":"","tipo_inmueble":"","recomendaciones":"","rud_records":11,"rud_unique_docs":11,"rud_households":6,"rud_women":6,"rud_minors":1,"rud_older65":2,"rud_match_methods":"road_key","rud_match_confidence":"alta","has_rud_match":true}},{"type":"Feature","geometry":{"type":"Point","coordinates":[-76.55541989999999,3.3743334]},"properties":{"place_id":"ChIJm-rscwCjMI4RMAcSAMMAex4","address":"Cl 1A Oeste #100, a12 Bajo Jordan","area":"Bajo jordan","zone":"Urbana","place_report_count":1,"evaluation_count":1,"nivel_dano_max":"medio","severidad_max":"medio_alto","habitabilidad":"r1","tipo_inmueble":"residencial","recomendaciones":"","rud_records":0,"rud_unique_docs":0,"rud_households":0,"rud_women":0,"rud_minors":0,"rud_older65":0,"rud_match_methods":"","rud_match_confidence":"","has_rud_match":false}},{"type":"Feature","geometry":{"type":"Point","coordinates":[-76.5527408,3.3748054]},"properties":{"place_id":"ChIJ8cDtY9ejMI4RGSSOJrNM2fE","address":"Cl 2 #94B-23, Bajo Jordan","area":"Bajo jordan","zone":"Urbana","place_report_count":1,"evaluation_count":1,"nivel_dano_max":"alto","severidad_max":"alto","habitabilidad":"i2","tipo_inmueble":"","recomendaciones":"","rud_records":0,"rud_unique_docs":0,"rud_households":0,"rud_women":0,"rud_minors":0,"rud_older65":0,"rud_match_methods":"","rud_match_confidence":"","has_rud_match":false}},{"type":"Feature","geometry":{"type":"Point","coordinates":[-76.5545156,3.3748256]},"properties":{"place_id":"ChIJKxheU9ejMI4RSgt41VRMbqg","address":"Cra 94C #2-111, Bajo Jordan","area":"Alto Melendez","zone":"Urbana","place_report_count":1,"evaluation_count":1,"nivel_dano_max":"bajo","severidad_max":"bajo","habitabilidad":"h","tipo_inmueble":"educativo","recomendaciones":"","rud_records":0,"rud_unique_docs":0,"rud_households":0,"rud_women":0,"rud_minors":0,"rud_older65":0,"rud_match_methods":"","rud_match_confidence":"","has_rud_match":false}},{"type":"Feature","geometry":{"type":"Point","coordinates":[-76.55222119999999,3.3749331]},"properties":{"place_id":"ChIJ3f9QfNejMI4R1f4mMXjiWOU","address":"Cra 94C #2-83, Bajo Jordan","area":"RESERVA MELENDEZ","zone":"Urbana","place_report_count":1,"evaluation_count":0,"nivel_dano_max":null,"severidad_max":null,"habitabilidad":"","tipo_inmueble":"","recomendaciones":"","rud_records":1,"rud_unique_docs":1,"rud_households":1,"rud_women":1,"rud_minors":0,"rud_older65":0,"rud_match_methods":"road_key","rud_match_confidence":"alta","has_rud_match":true}},{"type":"Feature","geometry":{"type":"Point","coordinates":[-76.553504,3.374962]},"properties":{"place_id":"ChIJUXHUXtejMI4RMMU6F9WGVd4","address":"Cra 94B #2-64, Sector Melendez","area":"ALTO MELENDEZ","zone":"Urbana","place_report_count":2,"evaluation_count":0,"nivel_dano_max":null,"severidad_max":null,"habitabilidad":"","tipo_inmueble":"","recomendaciones":"","rud_records":4,"rud_unique_docs":4,"rud_households":1,"rud_women":1,"rud_minors":2,"rud_older65":0,"rud_match_methods":"road_key","rud_match_confidence":"alta","has_rud_match":true}},{"type":"Feature","geometry":{"type":"Point","coordinates":[-76.5562484,3.3751053]},"properties":{"place_id":"ChIJd0fRIsyjMI4RSULNgFA5fSA","address":"Cl 3 Oeste #94A-35, Barrio Alto Polvorines Polvorines","area":"Polvorines","zone":"Urbana","place_report_count":2,"evaluation_count":1,"nivel_dano_max":"alto","severidad_max":"alto","habitabilidad":"i2","tipo_inmueble":"residencial","recomendaciones":"","rud_records":0,"rud_unique_docs":0,"rud_households":0,"rud_women":0,"rud_minors":0,"rud_older65":0,"rud_match_methods":"","rud_match_confidence":"","has_rud_match":false}},{"type":"Feature","geometry":{"type":"Point","coordinates":[-76.5523333,3.3752621]},"properties":{"place_id":"EjxDcmEuIDk0YiAjMi00NywgQmFqbyBKb3JkYW4sIENhbGksIFZhbGxlIGRlbCBDYXVjYSwgQ29sb21iaWEiMBIuChQKEgmxGwrV2aMwjhHZdSr8xWFUSxAvKhQKEglRxPn-2aMwjhFx5rTeXOh6wg","address":"Cra 94B #2-47, Bajo Jordan","area":"BAJO JORDAN","zone":"Rural","place_report_count":1,"evaluation_count":0,"nivel_dano_max":null,"severidad_max":null,"habitabilidad":"","tipo_inmueble":"","recomendaciones":"","rud_records":3,"rud_unique_docs":3,"rud_households":1,"rud_women":2,"rud_minors":0,"rud_older65":0,"rud_match_methods":"road_key","rud_match_confidence":"alta","has_rud_match":true}},{"type":"Feature","geometry":{"type":"Point","coordinates":[-76.5514717,3.3754911]},"properties":{"place_id":"ChIJ-W1CLNijMI4ReMDgDO5bRnw","address":"Cra 94B #2-111, Bajo Jordan","area":"SIN INFORMACIÓN","zone":"Urbana","place_report_count":1,"evaluation_count":0,"nivel_dano_max":null,"severidad_max":null,"habitabilidad":"","tipo_inmueble":"","recomendaciones":"","rud_records":3,"rud_unique_docs":3,"rud_households":2,"rud_women":2,"rud_minors":0,"rud_older65":1,"rud_match_methods":"road_key","rud_match_confidence":"alta","has_rud_match":true}},{"type":"Feature","geometry":{"type":"Point","coordinates":[-76.55243569999999,3.3757325]},"properties":{"place_id":"ChIJ_5rc1dujMI4RzmtH2WsOU5Y","address":"Jordan Horzonte","area":"El Jordan","zone":"Urbana","place_report_count":1,"evaluation_count":1,"nivel_dano_max":"sin_dano","severidad_max":"sin_dano","habitabilidad":"h","tipo_inmueble":"","recomendaciones":"","rud_records":0,"rud_unique_docs":0,"rud_households":0,"rud_women":0,"rud_minors":0,"rud_older65":0,"rud_match_methods":"","rud_match_confidence":"","has_rud_match":false}},{"type":"Feature","geometry":{"type":"Point","coordinates":[-76.519019,3.375748]},"properties":{"place_id":"ChIJ_W0C7RGhMI4RkcK-YcLGdf8","address":"Cl 45 #93-36, Comuna 17","area":"VALLE DE LILI","zone":"Rural","place_report_count":14,"evaluation_count":0,"nivel_dano_max":null,"severidad_max":null,"habitabilidad":"","tipo_inmueble":"","recomendaciones":"","rud_records":3,"rud_unique_docs":3,"rud_households":1,"rud_women":2,"rud_minors":0,"rud_older65":0,"rud_match_methods":"road_key","rud_match_confidence":"alta","has_rud_match":true}},{"type":"Feature","geometry":{"type":"Point","coordinates":[-76.5517886,3.3762195]},"properties":{"place_id":"ChIJraXoytmjMI4RVOjI8ViEOBo","address":"Cl 2a52 #94, Bajo Jordan","area":"Jordan","zone":"Urbana","place_report_count":1,"evaluation_count":1,"nivel_dano_max":"bajo","severidad_max":"bajo","habitabilidad":"h","tipo_inmueble":"","recomendaciones":"apuntalar","rud_records":0,"rud_unique_docs":0,"rud_households":0,"rud_women":0,"rud_minors":0,"rud_older65":0,"rud_match_methods":"","rud_match_confidence":"","has_rud_match":false}},{"type":"Feature","geometry":{"type":"Point","coordinates":[-76.5192927,3.3764293]},"properties":{"place_id":"ChIJWd2UjxGhMI4RdEbGVPZ_FQk","address":"Cra 92 #42-104, Lili","area":"VALLE DE LILI","zone":"Urbana","place_report_count":1,"evaluation_count":0,"nivel_dano_max":null,"severidad_max":null,"habitabilidad":"","tipo_inmueble":"","recomendaciones":"","rud_records":1,"rud_unique_docs":1,"rud_households":1,"rud_women":0,"rud_minors":0,"rud_older65":1,"rud_match_methods":"road_key","rud_match_confidence":"alta","has_rud_match":true}},{"type":"Feature","geometry":{"type":"Point","coordinates":[-76.551673,3.3765487]},"properties":{"place_id":"ChIJZYdZS9ijMI4R0gXy0NK9wzM","address":"Cra 94 #2-82, Bajo Jordan","area":"ALTO JORDAN -","zone":"Urbana","place_report_count":1,"evaluation_count":0,"nivel_dano_max":null,"severidad_max":null,"habitabilidad":"","tipo_inmueble":"","recomendaciones":"","rud_records":1,"rud_unique_docs":1,"rud_households":1,"rud_women":0,"rud_minors":0,"rud_older65":0,"rud_match_methods":"road_key","rud_match_confidence":"alta","has_rud_match":true}},{"type":"Feature","geometry":{"type":"Point","coordinates":[-76.5563265,3.3765755]},"properties":{"place_id":"ChIJTagOQdqjMI4RQFD7KbyAhpk","address":"Cl 2A Oeste, Bajo Jordan","area":"Bajo jordan","zone":"Urbana","place_report_count":1,"evaluation_count":2,"nivel_dano_max":"alto","severidad_max":"alto","habitabilidad":"i2","tipo_inmueble":"residencial","recomendaciones":"evacuar_total","rud_records":0,"rud_unique_docs":0,"rud_households":0,"rud_women":0,"rud_minors":0,"rud_older65":0,"rud_match_methods":"","rud_match_confidence":"","has_rud_match":false}},{"type":"Feature","geometry":{"type":"Point","coordinates":[-76.5576995,3.376609]},"properties":{"place_id":"EjdDcmEuIDk0LTEsIEJham8gSm9yZGFuLCBDYWxpLCBWYWxsZSBkZWwgQ2F1Y2EsIENvbG9tYmlhIi4qLAoUChIJIc-99tqjMI4RNWdqSTViWy4SFAoSCed_aDzbozCOEaP00wPdGibT","address":"Cra 94 #1, Bajo Jordan","area":"Jordan","zone":"Urbana","place_report_count":1,"evaluation_count":1,"nivel_dano_max":"alto","severidad_max":"alto","habitabilidad":"i2","tipo_inmueble":"residencial","recomendaciones":"","rud_records":0,"rud_unique_docs":0,"rud_households":0,"rud_women":0,"rud_minors":0,"rud_older65":0,"rud_match_methods":"","rud_match_confidence":"","has_rud_match":false}},{"type":"Feature","geometry":{"type":"Point","coordinates":[-76.55020859999999,3.3767031]},"properties":{"place_id":"ChIJAavpadijMI4R-oo8HkEI9zI","address":"Cl 2C #93-42, Melendez Melendez","area":"Bajo Jordan","zone":"Urbana","place_report_count":2,"evaluation_count":1,"nivel_dano_max":"alto","severidad_max":"alto","habitabilidad":"i2","tipo_inmueble":"residencial","recomendaciones":"","rud_records":0,"rud_unique_docs":0,"rud_households":0,"rud_women":0,"rud_minors":0,"rud_older65":0,"rud_match_methods":"","rud_match_confidence":"","has_rud_match":false}},{"type":"Feature","geometry":{"type":"Point","coordinates":[-76.55163189999999,3.376724]},"properties":{"place_id":"ChIJh2fATNijMI4RY6nDR5uWz5E","address":"Cl 2A #93-68, El Jordan","area":"BAJO JORDAN","zone":"Urbana","place_report_count":2,"evaluation_count":0,"nivel_dano_max":null,"severidad_max":null,"habitabilidad":"","tipo_inmueble":"","recomendaciones":"","rud_records":8,"rud_unique_docs":8,"rud_households":3,"rud_women":2,"rud_minors":1,"rud_older65":0,"rud_match_methods":"road_key","rud_match_confidence":"alta","has_rud_match":true}},{"type":"Feature","geometry":{"type":"Point","coordinates":[-76.5485992,3.3768492]},"properties":{"place_id":"ChIJ36ncnGKhMI4R8FRc0SdT_AI","address":"Cl 3A #92-32, Bajo Jordan","area":"MELENDEZ","zone":"Urbana","place_report_count":1,"evaluation_count":0,"nivel_dano_max":null,"severidad_max":null,"habitabilidad":"","tipo_inmueble":"","recomendaciones":"","rud_records":4,"rud_unique_docs":4,"rud_households":2,"rud_women":2,"rud_minors":0,"rud_older65":1,"rud_match_methods":"road_key","rud_match_confidence":"alta","has_rud_match":true}},{"type":"Feature","geometry":{"type":"Point","coordinates":[-76.5473545,3.3768803]},"properties":{"place_id":"ChIJ9X5W7WKhMI4RIOHJh42Ciic","address":"Cra 92 #3A-30","area":"MELENDEZ","zone":"Urbana","place_report_count":1,"evaluation_count":0,"nivel_dano_max":null,"severidad_max":null,"habitabilidad":"","tipo_inmueble":"","recomendaciones":"","rud_records":52,"rud_unique_docs":52,"rud_households":18,"rud_women":32,"rud_minors":9,"rud_older65":8,"rud_match_methods":"road_key","rud_match_confidence":"alta","has_rud_match":true}},{"type":"Feature","geometry":{"type":"Point","coordinates":[-76.550409,3.3769596]},"properties":{"place_id":"ChIJFTYuXdijMI4RTibxb97w3Yg","address":"Cl 2B #93-23, Bajo Jordan","area":"BAJO JORDAN","zone":"Urbana","place_report_count":1,"evaluation_count":0,"nivel_dano_max":null,"severidad_max":null,"habitabilidad":"","tipo_inmueble":"","recomendaciones":"","rud_records":5,"rud_unique_docs":5,"rud_households":1,"rud_women":3,"rud_minors":1,"rud_older65":0,"rud_match_methods":"road_key","rud_match_confidence":"alta","has_rud_match":true}},{"type":"Feature","geometry":{"type":"Point","coordinates":[-76.548025,3.377133]},"properties":{"place_id":"ChIJacZBj2KhMI4R_dD_mJxh8og","address":"Cra 92 #3A-50, Bajo Jordan","area":"MELENDEZ","zone":"Urbana","place_report_count":1,"evaluation_count":0,"nivel_dano_max":null,"severidad_max":null,"habitabilidad":"","tipo_inmueble":"","recomendaciones":"","rud_records":32,"rud_unique_docs":32,"rud_households":17,"rud_women":20,"rud_minors":4,"rud_older65":5,"rud_match_methods":"road_key","rud_match_confidence":"alta","has_rud_match":true}},{"type":"Feature","geometry":{"type":"Point","coordinates":[-76.5520782,3.3772433]},"properties":{"place_id":"ChIJZZ2yrtmjMI4Rz3J-O8lPd28","address":"Cl 2 #93-41, Bajo Jordan","area":"BAJO JORDAN","zone":"Urbana","place_report_count":1,"evaluation_count":0,"nivel_dano_max":null,"severidad_max":null,"habitabilidad":"","tipo_inmueble":"","recomendaciones":"","rud_records":2,"rud_unique_docs":2,"rud_households":1,"rud_women":1,"rud_minors":0,"rud_older65":0,"rud_match_methods":"road_key","rud_match_confidence":"alta","has_rud_match":true}},{"type":"Feature","geometry":{"type":"Point","coordinates":[-76.5494784,3.3774973]},"properties":{"place_id":"EjxDcmEuIDkyICMyYy0zMCwgQmFqbyBKb3JkYW4sIENhbGksIFZhbGxlIGRlbCBDYXVjYSwgQ29sb21iaWEiMBIuChQKEgl7iqaH2KMwjhGjIBk-A9tJmRAeKhQKEgmz3gHu2KMwjhG0MXysgOQMyA","address":"Cra 92 #2C-30, Melendez","area":"MELENDEZ","zone":"Urbana","place_report_count":3,"evaluation_count":0,"nivel_dano_max":null,"severidad_max":null,"habitabilidad":"","tipo_inmueble":"","recomendaciones":"","rud_records":94,"rud_unique_docs":93,"rud_households":47,"rud_women":60,"rud_minors":13,"rud_older65":24,"rud_match_methods":"road_key","rud_match_confidence":"alta","has_rud_match":true}},{"type":"Feature","geometry":{"type":"Point","coordinates":[-76.55133260392077,3.3777064208581464]},"properties":{"place_id":"ChIJl_84_NijMI4RqevqfwWLixQ","address":"Cl 2A #92-10","area":"BAJO JORDAN","zone":"Urbana","place_report_count":2,"evaluation_count":0,"nivel_dano_max":null,"severidad_max":null,"habitabilidad":"","tipo_inmueble":"","recomendaciones":"","rud_records":3,"rud_unique_docs":3,"rud_households":1,"rud_women":1,"rud_minors":0,"rud_older65":0,"rud_match_methods":"road_key","rud_match_confidence":"alta","has_rud_match":true}},{"type":"Feature","geometry":{"type":"Point","coordinates":[-76.5509348,3.3777095]},"properties":{"place_id":"EjxDcmEuIDkyICMyYS0zNSwgQmFqbyBKb3JkYW4sIENhbGksIFZhbGxlIGRlbCBDYXVjYSwgQ29sb21iaWEiMBIuChQKEgmzRJxX2KMwjhGbR_VhH29DchAjKhQKEgmz3gHu2KMwjhG0MXysgOQMyA","address":"Cra 92 #2A-35, Bajo Jordan","area":"BAJO JORDAN","zone":"Urbana","place_report_count":1,"evaluation_count":0,"nivel_dano_max":null,"severidad_max":null,"habitabilidad":"","tipo_inmueble":"","recomendaciones":"","rud_records":7,"rud_unique_docs":7,"rud_households":1,"rud_women":4,"rud_minors":2,"rud_older65":0,"rud_match_methods":"road_key","rud_match_confidence":"alta","has_rud_match":true}},{"type":"Feature","geometry":{"type":"Point","coordinates":[-76.55121489999999,3.3778476]},"properties":{"place_id":"ChIJfa58-dijMI4RoFDGntX2hRk","address":"Cl 2A Bis #92-15, Bajo Jordan","area":"BAJO JORDAN","zone":"Urbana","place_report_count":1,"evaluation_count":0,"nivel_dano_max":null,"severidad_max":null,"habitabilidad":"","tipo_inmueble":"","recomendaciones":"","rud_records":10,"rud_unique_docs":10,"rud_households":5,"rud_women":7,"rud_minors":3,"rud_older65":1,"rud_match_methods":"road_key","rud_match_confidence":"alta","has_rud_match":true}},{"type":"Feature","geometry":{"type":"Point","coordinates":[-76.55136589681999,3.3779066815686463]},"properties":{"place_id":"verified:3.37791,-76.55137","address":"Cl 2A #92-16, Bajo Jordan","area":"BAJO JORDAN","zone":"Urbana","place_report_count":1,"evaluation_count":1,"nivel_dano_max":"sin_dano","severidad_max":"sin_dano","habitabilidad":"h","tipo_inmueble":"residencial","recomendaciones":"","rud_records":4,"rud_unique_docs":4,"rud_households":1,"rud_women":1,"rud_minors":0,"rud_older65":2,"rud_match_methods":"road_key","rud_match_confidence":"alta","has_rud_match":true}},{"type":"Feature","geometry":{"type":"Point","coordinates":[-76.5586775,3.3779234]},"properties":{"place_id":"EjpDcmEgOTNBIE8gIzMsIEJham8gSm9yZGFuLCBDYWxpLCBWYWxsZSBkZWwgQ2F1Y2EsIENvbG9tYmlhIjASLgoUChIJn2G3HtujMI4R_Q7VJyM3T7QQAyoUChIJbUkLENujMI4Rw8fl3NCM1Uo","address":"Cra 93A Oeste #3A-23, Arboledas","area":"ALTO JORDAN","zone":"Urbana","place_report_count":1,"evaluation_count":0,"nivel_dano_max":null,"severidad_max":null,"habitabilidad":"","tipo_inmueble":"","recomendaciones":"","rud_records":3,"rud_unique_docs":3,"rud_households":1,"rud_women":3,"rud_minors":2,"rud_older65":0,"rud_match_methods":"road_key","rud_match_confidence":"alta","has_rud_match":true}},{"type":"Feature","geometry":{"type":"Point","coordinates":[-76.5519865,3.3780936]},"properties":{"place_id":"ChIJNwCCBNmjMI4RBbgXrBZLpgg","address":"Cl 2 #92A-1, Bajo Jordan","area":"Bajo Jordan","zone":"Urbana","place_report_count":1,"evaluation_count":1,"nivel_dano_max":"alto","severidad_max":"alto","habitabilidad":"i2","tipo_inmueble":"residencial","recomendaciones":"demoler","rud_records":0,"rud_unique_docs":0,"rud_households":0,"rud_women":0,"rud_minors":0,"rud_older65":0,"rud_match_methods":"","rud_match_confidence":"","has_rud_match":false}},{"type":"Feature","geometry":{"type":"Point","coordinates":[-76.558438,3.3784664]},"properties":{"place_id":"ChIJUZ17DdujMI4RZyAztW6gKnw","address":"Cra 93O, Bajo Jordan","area":"Pampa del mirador","zone":"Urbana","place_report_count":1,"evaluation_count":1,"nivel_dano_max":"bajo","severidad_max":"bajo","habitabilidad":"h","tipo_inmueble":"educativo","recomendaciones":"","rud_records":0,"rud_unique_docs":0,"rud_households":0,"rud_women":0,"rud_minors":0,"rud_older65":0,"rud_match_methods":"","rud_match_confidence":"","has_rud_match":false}},{"type":"Feature","geometry":{"type":"Point","coordinates":[-76.5456275,3.3785877]},"properties":{"place_id":"ChIJLYjOtWOhMI4RvVf7LakScAY","address":"Cra 88 #4-100, Horzonte","area":"Meléndez","zone":"Urbana","place_report_count":1,"evaluation_count":1,"nivel_dano_max":"bajo","severidad_max":"bajo","habitabilidad":"h","tipo_inmueble":"","recomendaciones":"","rud_records":0,"rud_unique_docs":0,"rud_households":0,"rud_women":0,"rud_minors":0,"rud_older65":0,"rud_match_methods":"","rud_match_confidence":"","has_rud_match":false}},{"type":"Feature","geometry":{"type":"Point","coordinates":[-76.54140900000002,3.3792497]},"properties":{"place_id":"ChIJfbrVPGShMI4RfqC7TDxy8Ug","address":"Cl 9 #86A-32, Las Vegas","area":"MAYAPAN LAS VEGAS","zone":"Urbana","place_report_count":1,"evaluation_count":0,"nivel_dano_max":null,"severidad_max":null,"habitabilidad":"","tipo_inmueble":"","recomendaciones":"","rud_records":16,"rud_unique_docs":16,"rud_households":9,"rud_women":8,"rud_minors":1,"rud_older65":5,"rud_match_methods":"road_key","rud_match_confidence":"alta","has_rud_match":true}},{"type":"Feature","geometry":{"type":"Point","coordinates":[-76.5452105,3.3793159]},"properties":{"place_id":"ChIJoSo6ZWGhMI4RNccai43F1AY","address":"Cra 94b1, Cl 2abis Melendez","area":"Melendez","zone":"Urbana","place_report_count":2,"evaluation_count":1,"nivel_dano_max":"sin_dano","severidad_max":"sin_dano","habitabilidad":"h","tipo_inmueble":"residencial","recomendaciones":"","rud_records":0,"rud_unique_docs":0,"rud_households":0,"rud_women":0,"rud_minors":0,"rud_older65":0,"rud_match_methods":"","rud_match_confidence":"","has_rud_match":false}},{"type":"Feature","geometry":{"type":"Point","coordinates":[-76.54244,3.3794644]},"properties":{"place_id":"ChIJx5XlBGShMI4RE8q6dJbA7PM","address":"Cra 86A #5-10, Mayapan Las Vegas","area":"MAYAPAN LAS VEGAS","zone":"Urbana","place_report_count":1,"evaluation_count":0,"nivel_dano_max":null,"severidad_max":null,"habitabilidad":"","tipo_inmueble":"","recomendaciones":"","rud_records":3,"rud_unique_docs":3,"rud_households":1,"rud_women":2,"rud_minors":1,"rud_older65":2,"rud_match_methods":"road_key","rud_match_confidence":"alta","has_rud_match":true}},{"type":"Feature","geometry":{"type":"Point","coordinates":[-76.54521900000002,3.380133]},"properties":{"place_id":"ChIJreTMfGGhMI4RpFJFGz2z_64","address":"Cl 4C #85-80, Horzonte","area":"Meléndez","zone":"Urbana","place_report_count":1,"evaluation_count":1,"nivel_dano_max":"sin_dano","severidad_max":"sin_dano","habitabilidad":"h","tipo_inmueble":"","recomendaciones":"","rud_records":0,"rud_unique_docs":0,"rud_households":0,"rud_women":0,"rud_minors":0,"rud_older65":0,"rud_match_methods":"","rud_match_confidence":"","has_rud_match":false}},{"type":"Feature","geometry":{"type":"Point","coordinates":[-76.54521299999999,3.380179]},"properties":{"place_id":"ChIJX6i0fGGhMI4RqXCvIjO5oYo","address":"Cl 4C #85-94, Horzonte","area":"Polvorines","zone":"Urbana","place_report_count":1,"evaluation_count":1,"nivel_dano_max":"alto","severidad_max":"alto","habitabilidad":"i2","tipo_inmueble":"educativo","recomendaciones":"","rud_records":0,"rud_unique_docs":0,"rud_households":0,"rud_women":0,"rud_minors":0,"rud_older65":0,"rud_match_methods":"","rud_match_confidence":"","has_rud_match":false}},{"type":"Feature","geometry":{"type":"Point","coordinates":[-76.5722831,3.3810662]},"properties":{"place_id":"ChIJbRlnWb-jMI4R51-r8BgPZH0","address":"Prados Del S","area":"Corregimiento La Elvira Alto Aguacatal","zone":"Urbana","place_report_count":1,"evaluation_count":1,"nivel_dano_max":"bajo","severidad_max":"bajo","habitabilidad":"h","tipo_inmueble":"residencial","recomendaciones":"","rud_records":0,"rud_unique_docs":0,"rud_households":0,"rud_women":0,"rud_minors":0,"rud_older65":0,"rud_match_methods":"","rud_match_confidence":"","has_rud_match":false}},{"type":"Feature","geometry":{"type":"Point","coordinates":[-76.5421623,3.381173]},"properties":{"place_id":"ChIJf96Zx2ahMI4R_xtgKecXFOc","address":"Cl 6 #84A-30, Las Vegas","area":"LA VEGAS MAYAPAN","zone":"Urbana","place_report_count":2,"evaluation_count":0,"nivel_dano_max":null,"severidad_max":null,"habitabilidad":"","tipo_inmueble":"","recomendaciones":"","rud_records":79,"rud_unique_docs":79,"rud_households":31,"rud_women":49,"rud_minors":8,"rud_older65":27,"rud_match_methods":"road_key","rud_match_confidence":"alta","has_rud_match":true}},{"type":"Feature","geometry":{"type":"Point","coordinates":[-76.5424109,3.3812676]},"properties":{"place_id":"ChIJ_d9fyGahMI4RCF1Z-BmRPlo","address":"Cl 6 #84A, Las Vegas","area":"CAPRI","zone":"Urbana","place_report_count":1,"evaluation_count":1,"nivel_dano_max":"alto","severidad_max":"medio_alto","habitabilidad":"i2","tipo_inmueble":"","recomendaciones":"","rud_records":0,"rud_unique_docs":0,"rud_households":0,"rud_women":0,"rud_minors":0,"rud_older65":0,"rud_match_methods":"","rud_match_confidence":"","has_rud_match":false}},{"type":"Feature","geometry":{"type":"Point","coordinates":[-76.5430894,3.3816458]},"properties":{"place_id":"ChIJrbtiMWGhMI4Reh3gh7m1bQ0","address":"Cra 84A #5-12, Las Vegas","area":"MAYAPAN","zone":"Urbana","place_report_count":1,"evaluation_count":0,"nivel_dano_max":null,"severidad_max":null,"habitabilidad":"","tipo_inmueble":"","recomendaciones":"","rud_records":12,"rud_unique_docs":12,"rud_households":7,"rud_women":7,"rud_minors":0,"rud_older65":9,"rud_match_methods":"road_key","rud_match_confidence":"alta","has_rud_match":true}},{"type":"Feature","geometry":{"type":"Point","coordinates":[-76.5433748,3.3819155]},"properties":{"place_id":"ChIJzekyKWGhMI4RwzJHxL7tH_Q","address":"Cra 84 #5-100, Las Vegas","area":"LAS VEGAS MAYAPAN","zone":"Urbana","place_report_count":1,"evaluation_count":0,"nivel_dano_max":null,"severidad_max":null,"habitabilidad":"","tipo_inmueble":"","recomendaciones":"","rud_records":211,"rud_unique_docs":211,"rud_households":89,"rud_women":125,"rud_minors":27,"rud_older65":42,"rud_match_methods":"road_key","rud_match_confidence":"alta","has_rud_match":true}},{"type":"Feature","geometry":{"type":"Point","coordinates":[-76.55925959999999,3.3828678]},"properties":{"place_id":"ChIJgYlQId2jMI4Rj2Nqhaw5jnQ","address":"Cra 83 #2C-20, Prados Del S","area":"Refugio. Comuna 19 Z 25","zone":"Urbana","place_report_count":1,"evaluation_count":1,"nivel_dano_max":"medio","severidad_max":"medio_alto","habitabilidad":"i1","tipo_inmueble":"residencial","recomendaciones":"","rud_records":0,"rud_unique_docs":0,"rud_households":0,"rud_women":0,"rud_minors":0,"rud_older65":0,"rud_match_methods":"","rud_match_confidence":"","has_rud_match":false}},{"type":"Feature","geometry":{"type":"Point","coordinates":[-76.5409845,3.3831835]},"properties":{"place_id":"ChIJjzCUEWehMI4R3GkcE_45Ri0","address":"Cra 83 #6A-32, Las Vegas","area":"MAYAPAN","zone":"Urbana","place_report_count":8,"evaluation_count":0,"nivel_dano_max":null,"severidad_max":null,"habitabilidad":"","tipo_inmueble":"","recomendaciones":"","rud_records":69,"rud_unique_docs":69,"rud_households":31,"rud_women":40,"rud_minors":4,"rud_older65":30,"rud_match_methods":"road_key","rud_match_confidence":"alta","has_rud_match":true}},{"type":"Feature","geometry":{"type":"Point","coordinates":[-76.542072,3.383283]},"properties":{"place_id":"ChIJT2ljOWehMI4RQO_cD68KnSc","address":"Cra 83 #6-50, Mayapan Las Vegas","area":"MAYAPAN","zone":"Urbana","place_report_count":3,"evaluation_count":0,"nivel_dano_max":null,"severidad_max":null,"habitabilidad":"","tipo_inmueble":"","recomendaciones":"","rud_records":200,"rud_unique_docs":200,"rud_households":83,"rud_women":117,"rud_minors":22,"rud_older65":59,"rud_match_methods":"road_key","rud_match_confidence":"alta","has_rud_match":true}},{"type":"Feature","geometry":{"type":"Point","coordinates":[-76.555717,3.3842517]},"properties":{"place_id":"ChIJexzR7d2jMI4RqzM5uYzbWes","address":"Cl 1a1 Oeste #82-20","area":"ALTO NAPOLES","zone":"Urbana","place_report_count":1,"evaluation_count":0,"nivel_dano_max":null,"severidad_max":null,"habitabilidad":"","tipo_inmueble":"","recomendaciones":"","rud_records":3,"rud_unique_docs":3,"rud_households":1,"rud_women":2,"rud_minors":1,"rud_older65":0,"rud_match_methods":"road_key","rud_match_confidence":"alta","has_rud_match":true}},{"type":"Feature","geometry":{"type":"Point","coordinates":[-76.5529328,3.3845692]},"properties":{"place_id":"ChIJl2i4I96jMI4RMx8YjnmS0pI","address":"Cl 2A Bis #82-10, Bajo Jordan","area":"Alto Nápoles","zone":"Urbana","place_report_count":2,"evaluation_count":1,"nivel_dano_max":"alto","severidad_max":"alto","habitabilidad":"i2","tipo_inmueble":"","recomendaciones":"","rud_records":0,"rud_unique_docs":0,"rud_households":0,"rud_women":0,"rud_minors":0,"rud_older65":0,"rud_match_methods":"","rud_match_confidence":"","has_rud_match":false}},{"type":"Feature","geometry":{"type":"Point","coordinates":[-76.5625683,3.3846115]},"properties":{"place_id":"ChIJE-hrDGSjMI4Re87ZgtDeBsw","address":"Cra 83 Oeste #1B-04, Alto Napoles","area":"Alto Nápoles","zone":"Urbana","place_report_count":1,"evaluation_count":1,"nivel_dano_max":"alto","severidad_max":"alto","habitabilidad":"i2","tipo_inmueble":"residencial","recomendaciones":"","rud_records":0,"rud_unique_docs":0,"rud_households":0,"rud_women":0,"rud_minors":0,"rud_older65":0,"rud_match_methods":"","rud_match_confidence":"","has_rud_match":false}},{"type":"Feature","geometry":{"type":"Point","coordinates":[-76.55988599999999,3.385186]},"properties":{"place_id":"ChIJUav8-OejMI4Rq6pKaA7Kyfo","address":"Cl 2C Oeste #81-33, Prados Del S","area":"ALTO NAPOLES","zone":"Urbana","place_report_count":1,"evaluation_count":0,"nivel_dano_max":null,"severidad_max":null,"habitabilidad":"","tipo_inmueble":"","recomendaciones":"","rud_records":5,"rud_unique_docs":5,"rud_households":2,"rud_women":3,"rud_minors":1,"rud_older65":1,"rud_match_methods":"road_key","rud_match_confidence":"alta","has_rud_match":true}},{"type":"Feature","geometry":{"type":"Point","coordinates":[-76.53782749999999,3.3852359]},"properties":{"place_id":"ChIJo_dRUF2hMI4R-dV5JR4-RX4","address":"Cl 13 #80-187, Ciudadela Comfandi","area":"EL INGENIO","zone":"Rural","place_report_count":1,"evaluation_count":0,"nivel_dano_max":null,"severidad_max":null,"habitabilidad":"","tipo_inmueble":"","recomendaciones":"","rud_records":2,"rud_unique_docs":2,"rud_households":2,"rud_women":1,"rud_minors":0,"rud_older65":0,"rud_match_methods":"road_key","rud_match_confidence":"alta","has_rud_match":true}},{"type":"Feature","geometry":{"type":"Point","coordinates":[-76.5574827,3.3857072]},"properties":{"place_id":"ChIJGUTEJdqjMI4RK_0fgFl01ws","address":"Cl 1B Oeste","area":"Altos de santa elena","zone":"Urbana","place_report_count":1,"evaluation_count":1,"nivel_dano_max":"alto","severidad_max":"alto","habitabilidad":"i2","tipo_inmueble":"residencial","recomendaciones":"","rud_records":0,"rud_unique_docs":0,"rud_households":0,"rud_women":0,"rud_minors":0,"rud_older65":0,"rud_match_methods":"","rud_match_confidence":"","has_rud_match":false}},{"type":"Feature","geometry":{"type":"Point","coordinates":[-76.53444499999999,3.385897]},"properties":{"place_id":"verified:3.38590,-76.53444","address":"Cra 81 #13B-69, Comuna 17","area":"CIUDADELA PASOANCHO","zone":"Urbana","place_report_count":1,"evaluation_count":0,"nivel_dano_max":null,"severidad_max":null,"habitabilidad":"","tipo_inmueble":"","recomendaciones":"","rud_records":2,"rud_unique_docs":2,"rud_households":1,"rud_women":1,"rud_minors":0,"rud_older65":0,"rud_match_methods":"road_key","rud_match_confidence":"alta","has_rud_match":true}},{"type":"Feature","geometry":{"type":"Point","coordinates":[-76.5523453,3.3859514]},"properties":{"place_id":"ChIJgdW_jeCjMI4RePqPG9wLIas","address":"Cl 2A Bis #79-68","area":"ALTO NAPOLES","zone":"Urbana","place_report_count":1,"evaluation_count":0,"nivel_dano_max":null,"severidad_max":null,"habitabilidad":"","tipo_inmueble":"","recomendaciones":"","rud_records":4,"rud_unique_docs":4,"rud_households":1,"rud_women":2,"rud_minors":1,"rud_older65":0,"rud_match_methods":"road_key","rud_match_confidence":"alta","has_rud_match":true}},{"type":"Feature","geometry":{"type":"Point","coordinates":[-76.5523398,3.3859683]},"properties":{"place_id":"verified:3.38597,-76.55234","address":"Cl 2A Bis #79-72","area":"ALTO NAPOLES","zone":"Urbana","place_report_count":1,"evaluation_count":0,"nivel_dano_max":null,"severidad_max":null,"habitabilidad":"","tipo_inmueble":"","recomendaciones":"","rud_records":6,"rud_unique_docs":6,"rud_households":2,"rud_women":2,"rud_minors":2,"rud_older65":1,"rud_match_methods":"road_key","rud_match_confidence":"alta","has_rud_match":true}},{"type":"Feature","geometry":{"type":"Point","coordinates":[-76.5522628,3.3861486]},"properties":{"place_id":"EkJDbC4gMmEgQmlzICM3OS01NCwgTGFzIEZhcmFsbG9uZXMsIENhbGksIFZhbGxlIGRlbCBDYXVjYSwgQ29sb21iaWEiMBIuChQKEgnDS8GM4KMwjhHt_0gTd0jXfhA2KhQKEgmxoLua4KMwjhEgn5EWB0jQdw","address":"Cl 2A Bis #79-54, Las Farallones","area":"ALTO NAPOLES","zone":"Urbana","place_report_count":1,"evaluation_count":0,"nivel_dano_max":null,"severidad_max":null,"habitabilidad":"","tipo_inmueble":"","recomendaciones":"","rud_records":6,"rud_unique_docs":6,"rud_households":1,"rud_women":2,"rud_minors":0,"rud_older65":4,"rud_match_methods":"road_key","rud_match_confidence":"alta","has_rud_match":true}},{"type":"Feature","geometry":{"type":"Point","coordinates":[-76.55883759999999,3.3862801]},"properties":{"place_id":"ChIJ8WPev-ejMI4RfPCDWKVGpuI","address":"C 2A Oe 76 78 Prados Del S","area":"Prados del Sur","zone":"Urbana","place_report_count":1,"evaluation_count":2,"nivel_dano_max":"alto","severidad_max":"alto","habitabilidad":"i2, r1","tipo_inmueble":"residencial","recomendaciones":"","rud_records":0,"rud_unique_docs":0,"rud_households":0,"rud_women":0,"rud_minors":0,"rud_older65":0,"rud_match_methods":"","rud_match_confidence":"","has_rud_match":false}},{"type":"Feature","geometry":{"type":"Point","coordinates":[-76.5371333,3.3863464]},"properties":{"place_id":"ChIJH6uSzEKhMI4RLvhuYfSORXU","address":"Cra 80A #13A-29, Comuna 17","area":"CIUDADELA PASOANCHO","zone":"Urbana","place_report_count":1,"evaluation_count":0,"nivel_dano_max":null,"severidad_max":null,"habitabilidad":"","tipo_inmueble":"","recomendaciones":"","rud_records":101,"rud_unique_docs":101,"rud_households":39,"rud_women":58,"rud_minors":11,"rud_older65":32,"rud_match_methods":"road_key","rud_match_confidence":"alta","has_rud_match":true}},{"type":"Feature","geometry":{"type":"Point","coordinates":[-76.5561942,3.3866475]},"properties":{"place_id":"ChIJr4daFuejMI4R6JR9P_Zt1Rk","address":"Cl 1A Oeste #78-24, Prados Del S","area":"Prados del Sur","zone":"Urbana","place_report_count":1,"evaluation_count":1,"nivel_dano_max":"bajo","severidad_max":"bajo","habitabilidad":"h","tipo_inmueble":"educativo","recomendaciones":"","rud_records":0,"rud_unique_docs":0,"rud_households":0,"rud_women":0,"rud_minors":0,"rud_older65":0,"rud_match_methods":"","rud_match_confidence":"","has_rud_match":false}},{"type":"Feature","geometry":{"type":"Point","coordinates":[-76.554208,3.386728]},"properties":{"place_id":"ChIJHf5yzuCjMI4RPzjervSKA_Y","address":"Cra 78 #1A-176, Prados Del S Prados Del S","area":"PRADO DEL SUR","zone":"Urbana","place_report_count":1,"evaluation_count":0,"nivel_dano_max":null,"severidad_max":null,"habitabilidad":"","tipo_inmueble":"","recomendaciones":"","rud_records":3,"rud_unique_docs":3,"rud_households":2,"rud_women":2,"rud_minors":0,"rud_older65":1,"rud_match_methods":"road_key","rud_match_confidence":"alta","has_rud_match":true}},{"type":"Feature","geometry":{"type":"Point","coordinates":[-76.5424122,3.3867281]},"properties":{"place_id":"ChIJv90U0F2hMI4RktKsjCPyVKg","address":"Cra 79B #9-18, Comuna 17","area":"CAPRI","zone":"Urbana","place_report_count":1,"evaluation_count":0,"nivel_dano_max":null,"severidad_max":null,"habitabilidad":"","tipo_inmueble":"","recomendaciones":"","rud_records":36,"rud_unique_docs":36,"rud_households":16,"rud_women":22,"rud_minors":2,"rud_older65":10,"rud_match_methods":"road_key","rud_match_confidence":"alta","has_rud_match":true}},{"type":"Feature","geometry":{"type":"Point","coordinates":[-76.5397789,3.3869907]},"properties":{"place_id":"ChIJKYngA12hMI4Rli9Wkjxusq8","address":"Cra 79B #11A-50, Cdad Capri","area":"Capri","zone":"Urbana","place_report_count":1,"evaluation_count":2,"nivel_dano_max":"bajo","severidad_max":"medio","habitabilidad":"r1","tipo_inmueble":"comercial","recomendaciones":"","rud_records":0,"rud_unique_docs":0,"rud_households":0,"rud_women":0,"rud_minors":0,"rud_older65":0,"rud_match_methods":"","rud_match_confidence":"","has_rud_match":false}},{"type":"Feature","geometry":{"type":"Point","coordinates":[-76.55438629999999,3.3870913]},"properties":{"place_id":"ChIJfZKb0-CjMI4RDiMVyQbOTlg","address":"Cra 77A #1B-62, Prados Del S","area":"PRADO DEL SUR","zone":"Urbana","place_report_count":1,"evaluation_count":0,"nivel_dano_max":null,"severidad_max":null,"habitabilidad":"","tipo_inmueble":"","recomendaciones":"","rud_records":3,"rud_unique_docs":3,"rud_households":1,"rud_women":2,"rud_minors":0,"rud_older65":0,"rud_match_methods":"road_key","rud_match_confidence":"alta","has_rud_match":true}},{"type":"Feature","geometry":{"type":"Point","coordinates":[-76.5542875,3.3871173]},"properties":{"place_id":"ChIJLTX20-CjMI4RMg4BSJLZvxQ","address":"Cra 77A #1B-78, Prados Del S","area":"ALTO NAPOLES","zone":"Urbana","place_report_count":1,"evaluation_count":0,"nivel_dano_max":null,"severidad_max":null,"habitabilidad":"","tipo_inmueble":"","recomendaciones":"","rud_records":1,"rud_unique_docs":1,"rud_households":1,"rud_women":0,"rud_minors":0,"rud_older65":0,"rud_match_methods":"road_key","rud_match_confidence":"alta","has_rud_match":true}},{"type":"Feature","geometry":{"type":"Point","coordinates":[-76.5523566,3.3871424]},"properties":{"place_id":"ChIJq6q9_OCjMI4RAe0aNvHMIgo","address":"Cl 2 #78B-30, Las Farallones","area":"NAPOLES","zone":"Rural","place_report_count":8,"evaluation_count":1,"nivel_dano_max":"alto","severidad_max":"alto","habitabilidad":"i2","tipo_inmueble":"residencial","recomendaciones":"","rud_records":6,"rud_unique_docs":6,"rud_households":2,"rud_women":5,"rud_minors":0,"rud_older65":0,"rud_match_methods":"road_key","rud_match_confidence":"alta","has_rud_match":true}},{"type":"Feature","geometry":{"type":"Point","coordinates":[-76.5515083,3.3872446]},"properties":{"place_id":"ChIJx-xZVOCjMI4RWaFzM25z5m4","address":"Cl 2A #78-80, Las Farallones","area":"NAPOLES","zone":"Urbana","place_report_count":1,"evaluation_count":0,"nivel_dano_max":null,"severidad_max":null,"habitabilidad":"","tipo_inmueble":"","recomendaciones":"","rud_records":3,"rud_unique_docs":3,"rud_households":2,"rud_women":1,"rud_minors":0,"rud_older65":0,"rud_match_methods":"road_key","rud_match_confidence":"alta","has_rud_match":true}},{"type":"Feature","geometry":{"type":"Point","coordinates":[-76.553694,3.3875886]},"properties":{"place_id":"ChIJ-yOqox6jMI4RZgoAWz9NwRg","address":"Cl 1C #76A-25, Las Farallones","area":"LOS FARALLONES PRADO DEL SUR","zone":"Urbana","place_report_count":1,"evaluation_count":0,"nivel_dano_max":null,"severidad_max":null,"habitabilidad":"","tipo_inmueble":"","recomendaciones":"","rud_records":3,"rud_unique_docs":3,"rud_households":1,"rud_women":2,"rud_minors":0,"rud_older65":1,"rud_match_methods":"road_key","rud_match_confidence":"alta","has_rud_match":true}},{"type":"Feature","geometry":{"type":"Point","coordinates":[-76.55440399999999,3.387621]},"properties":{"place_id":"ChIJD6SoK-GjMI4RucZj6_3JFZI","address":"Cra 74 #1B-63, Prados Del S","area":"Prados del sur","zone":"Urbana","place_report_count":1,"evaluation_count":1,"nivel_dano_max":"bajo","severidad_max":"bajo","habitabilidad":"h","tipo_inmueble":"","recomendaciones":"apuntalar","rud_records":0,"rud_unique_docs":0,"rud_households":0,"rud_women":0,"rud_minors":0,"rud_older65":0,"rud_match_methods":"","rud_match_confidence":"","has_rud_match":false}},{"type":"Feature","geometry":{"type":"Point","coordinates":[-76.5509183,3.3879766]},"properties":{"place_id":"ChIJvZy0sv2jMI4RMBav2sT73NE","address":"Cl 2B Bis #94B-1, 15 Melendez","area":"Refugio","zone":"Urbana","place_report_count":1,"evaluation_count":1,"nivel_dano_max":"alto","severidad_max":"medio_alto","habitabilidad":"i2","tipo_inmueble":"residencial","recomendaciones":"evacuar_total","rud_records":0,"rud_unique_docs":0,"rud_households":0,"rud_women":0,"rud_minors":0,"rud_older65":0,"rud_match_methods":"","rud_match_confidence":"","has_rud_match":false}},{"type":"Feature","geometry":{"type":"Point","coordinates":[-76.524278,3.388275]},"properties":{"place_id":"EiZSTiAyNSwgQ2FsaSwgVmFsbGUgZGVsIENhdWNhLCBDb2xvbWJpYSIuKiwKFAoSCf2t4E_TLfSOEVbg2dkhOcxmEhQKEgnxs0vM8KYwjhFoYa5S6bUPHw","address":"Rn 25","area":"Terron colorado","zone":"Urbana","place_report_count":1,"evaluation_count":1,"nivel_dano_max":"alto","severidad_max":"medio_alto","habitabilidad":"i2","tipo_inmueble":"institucional","recomendaciones":"","rud_records":0,"rud_unique_docs":0,"rud_households":0,"rud_women":0,"rud_minors":0,"rud_older65":0,"rud_match_methods":"","rud_match_confidence":"","has_rud_match":false}},{"type":"Feature","geometry":{"type":"Point","coordinates":[-76.5549364,3.3883228]},"properties":{"place_id":"Ei9DcmEuIDc2ICMxYi0xMSwgQ2FsaSwgVmFsbGUgZGVsIENhdWNhLCBDb2xvbWJpYSIwEi4KFAoSCYdSHjPhozCOEffzqnDIjLrJEAsqFAoSCQ8ZqKJeoTCOESlfO6buslH8","address":"Cra 76 #1B-11","area":"SIN INFORMACIÓN","zone":"Urbana","place_report_count":1,"evaluation_count":0,"nivel_dano_max":null,"severidad_max":null,"habitabilidad":"","tipo_inmueble":"","recomendaciones":"","rud_records":7,"rud_unique_docs":7,"rud_households":1,"rud_women":3,"rud_minors":4,"rud_older65":0,"rud_match_methods":"direccion_normalizada","rud_match_confidence":"alta","has_rud_match":true}},{"type":"Feature","geometry":{"type":"Point","coordinates":[-76.53610250000001,3.3884898]},"properties":{"place_id":"ChIJl9wMP0OhMI4RbElYYZBQXBc","address":"Cra 77 #13A-1, Quintas De Don Simon","area":"QUINTAS DE DON SIMON","zone":"Urbana","place_report_count":6,"evaluation_count":1,"nivel_dano_max":"medio","severidad_max":"medio_alto","habitabilidad":"r2","tipo_inmueble":"","recomendaciones":"","rud_records":67,"rud_unique_docs":67,"rud_households":36,"rud_women":36,"rud_minors":8,"rud_older65":9,"rud_match_methods":"nomenclatura_sector","rud_match_confidence":"media","has_rud_match":true}},{"type":"Feature","geometry":{"type":"Point","coordinates":[-76.5439052,3.3889098]},"properties":{"place_id":"EkFDcmEuIDc3YSAjNi0zNSBhcCAzMDgsIENvbXVuYSAxNywgQ2FsaSwgVmFsbGUgZGVsIENhdWNhLCBDb2xvbWJpYSIiGiAKFgoUChIJe-sNu16hMI4RjWm5Y5qPjkASBmFwIDMwOA","address":"Cra 77A #6-35, Ap 308 Comuna 17","area":"CAPRI","zone":"Urbana","place_report_count":2,"evaluation_count":0,"nivel_dano_max":null,"severidad_max":null,"habitabilidad":"","tipo_inmueble":"","recomendaciones":"","rud_records":3,"rud_unique_docs":3,"rud_households":3,"rud_women":2,"rud_minors":0,"rud_older65":2,"rud_match_methods":"road_key","rud_match_confidence":"alta","has_rud_match":true}},{"type":"Feature","geometry":{"type":"Point","coordinates":[-76.5526163,3.3890534]},"properties":{"place_id":"recovered-from-arcgis-merge:c0916399-738f-4856-8fc3-d31af24bdac2","address":"Cra 77 #1C-140, Las Farallones","area":"Napoles","zone":"Urbana","place_report_count":9,"evaluation_count":2,"nivel_dano_max":"alto","severidad_max":"alto","habitabilidad":"i2","tipo_inmueble":"residencial","recomendaciones":"","rud_records":0,"rud_unique_docs":0,"rud_households":0,"rud_women":0,"rud_minors":0,"rud_older65":0,"rud_match_methods":"","rud_match_confidence":"","has_rud_match":false}},{"type":"Feature","geometry":{"type":"Point","coordinates":[-76.552605,3.3890656]},"properties":{"place_id":"EklDcmEuIDc3ICMxQzE0MCBibG9xdWUgMTQsIExhcyBGYXJhbGxvbmVzLCBDYWxpLCBWYWxsZSBkZWwgQ2F1Y2EsIENvbG9tYmlhIiUaIwoWChQKEgmNPWFey6MwjhEnOXF1fxRAtBIJYmxvcXVlIDE0","address":"Cra 77 #1C-140 Bloque 14, Las Farallones","area":"LOS FARALLONES","zone":"Urbana","place_report_count":1,"evaluation_count":23,"nivel_dano_max":"alto","severidad_max":"alto","habitabilidad":"h, i1, i2, r2","tipo_inmueble":"residencial","recomendaciones":"evacuar_total, seguimiento","rud_records":1,"rud_unique_docs":1,"rud_households":1,"rud_women":1,"rud_minors":0,"rud_older65":0,"rud_match_methods":"nomenclatura_sector","rud_match_confidence":"media","has_rud_match":true}},{"type":"Feature","geometry":{"type":"Point","coordinates":[-76.5526019,3.3890914]},"properties":{"place_id":"ChIJt6pzDaCjMI4RVZxAGbC6uac","address":"Cra 74, Cra 74 Bis Las Farallones","area":"Napoles","zone":"Urbana","place_report_count":1,"evaluation_count":1,"nivel_dano_max":"alto","severidad_max":"alto","habitabilidad":"i2","tipo_inmueble":"residencial","recomendaciones":"","rud_records":0,"rud_unique_docs":0,"rud_households":0,"rud_women":0,"rud_minors":0,"rud_older65":0,"rud_match_methods":"","rud_match_confidence":"","has_rud_match":false}},{"type":"Feature","geometry":{"type":"Point","coordinates":[-76.5529775,3.3890996]},"properties":{"place_id":"EkdUdi4gMmEgIzFDLTE0MCB0b3JyZSA1LCBMYXMgRmFyYWxsb25lcywgQ2FsaSwgVmFsbGUgZGVsIENhdWNhLCBDb2xvbWJpYSIjGiEKFgoUChIJA31Pb-GjMI4RhA1HVB3bm0ASB3RvcnJlIDU","address":"Tv 2A #1C-140 Torre 5, Las Farallones","area":"Napoles","zone":"Urbana","place_report_count":1,"evaluation_count":1,"nivel_dano_max":"alto","severidad_max":"alto","habitabilidad":"i2","tipo_inmueble":"residencial","recomendaciones":"","rud_records":0,"rud_unique_docs":0,"rud_households":0,"rud_women":0,"rud_minors":0,"rud_older65":0,"rud_match_methods":"","rud_match_confidence":"","has_rud_match":false}},{"type":"Feature","geometry":{"type":"Point","coordinates":[-76.5442848,3.3893033]},"properties":{"place_id":"ChIJG-NLsV6hMI4RuCizleP9eCY","address":"Cra 76A #6-34, Cdad Capri","area":"CAPRI","zone":"Urbana","place_report_count":2,"evaluation_count":0,"nivel_dano_max":null,"severidad_max":null,"habitabilidad":"","tipo_inmueble":"","recomendaciones":"","rud_records":36,"rud_unique_docs":36,"rud_households":15,"rud_women":20,"rud_minors":2,"rud_older65":13,"rud_match_methods":"road_key","rud_match_confidence":"alta","has_rud_match":true}},{"type":"Feature","geometry":{"type":"Point","coordinates":[-76.5473042,3.3893539]},"properties":{"place_id":"EkhDbC4gMyBEICM3NUEtMzAgdG9ycmUgMywgTGFzIEZhcmFsbG9uZXMsIENhbGksIFZhbGxlIGRlbCBDYXVjYSwgQ29sb21iaWEiIxohChYKFAoSCRvnNjZfoTCOEV_yXIHjop1SEgd0b3JyZSAz","address":"Cl 3D #75A-30 Torre 3, Las Farallones","area":"Alferes Real","zone":"Urbana","place_report_count":1,"evaluation_count":3,"nivel_dano_max":"alto","severidad_max":"alto","habitabilidad":"i2","tipo_inmueble":"residencial","recomendaciones":"","rud_records":0,"rud_unique_docs":0,"rud_households":0,"rud_women":0,"rud_minors":0,"rud_older65":0,"rud_match_methods":"","rud_match_confidence":"","has_rud_match":false}},{"type":"Feature","geometry":{"type":"Point","coordinates":[-76.5448041,3.3894834]},"properties":{"place_id":"ChIJr31VyV6hMI4R7qkcx-195N4","address":"Cra 70 #3A-32, Buenos Aires","area":"Limonar","zone":"Urbana","place_report_count":1,"evaluation_count":1,"nivel_dano_max":"alto","severidad_max":"medio_alto","habitabilidad":"i2","tipo_inmueble":"","recomendaciones":"","rud_records":0,"rud_unique_docs":0,"rud_households":0,"rud_women":0,"rud_minors":0,"rud_older65":0,"rud_match_methods":"","rud_match_confidence":"","has_rud_match":false}},{"type":"Feature","geometry":{"type":"Point","coordinates":[-76.55096809999999,3.3895896]},"properties":{"place_id":"ChIJTdmmiOGjMI4RfU3CZ95Xs9I","address":"Cra 76 #2A-31, Alferez Real","area":"ALFEREZ REAL","zone":"Urbana","place_report_count":2,"evaluation_count":1,"nivel_dano_max":"bajo","severidad_max":"bajo","habitabilidad":"i1","tipo_inmueble":"residencial","recomendaciones":"","rud_records":1,"rud_unique_docs":1,"rud_households":1,"rud_women":1,"rud_minors":0,"rud_older65":0,"rud_match_methods":"road_key","rud_match_confidence":"alta","has_rud_match":true}},{"type":"Feature","geometry":{"type":"Point","coordinates":[-76.5514937,3.3896791]},"properties":{"place_id":"ChIJh5X_gOGjMI4RYphgh0OyY9Q","address":"Cl 2A #74-38, Las Farallones","area":"alferes real","zone":"Urbana","place_report_count":1,"evaluation_count":1,"nivel_dano_max":"alto","severidad_max":"alto","habitabilidad":"i2","tipo_inmueble":"residencial","recomendaciones":"","rud_records":0,"rud_unique_docs":0,"rud_households":0,"rud_women":0,"rud_minors":0,"rud_older65":0,"rud_match_methods":"","rud_match_confidence":"","has_rud_match":false}},{"type":"Feature","geometry":{"type":"Point","coordinates":[-76.5518867,3.3897472]},"properties":{"place_id":"ChIJKxyzf-GjMI4RY1rDlQ9Rf3k","address":"Cra 74 Bis #2-1, Colinas Del S Park A 2 45 Las Farallones","area":"Colinas del sur","zone":"Urbana","place_report_count":1,"evaluation_count":2,"nivel_dano_max":"alto","severidad_max":"alto","habitabilidad":"i2","tipo_inmueble":"residencial","recomendaciones":"","rud_records":0,"rud_unique_docs":0,"rud_households":0,"rud_women":0,"rud_minors":0,"rud_older65":0,"rud_match_methods":"","rud_match_confidence":"","has_rud_match":false}},{"type":"Feature","geometry":{"type":"Point","coordinates":[-76.5498956,3.3898144]},"properties":{"place_id":"ChIJffYA9uGjMI4RHen9QgN1i0k","address":"Cl 2C #73-146, Las Farallones","area":"ALFEREZ REAL","zone":"Rural","place_report_count":4,"evaluation_count":0,"nivel_dano_max":null,"severidad_max":null,"habitabilidad":"","tipo_inmueble":"","recomendaciones":"","rud_records":83,"rud_unique_docs":83,"rud_households":36,"rud_women":44,"rud_minors":8,"rud_older65":17,"rud_match_methods":"road_key","rud_match_confidence":"alta","has_rud_match":true}},{"type":"Feature","geometry":{"type":"Point","coordinates":[-76.5526062,3.389816]},"properties":{"place_id":"ChIJc5-G2OOjMI4RrEpA_UqTGGs","address":"Cra 74 Bis, Las Farallones","area":"Napoles","zone":"Urbana","place_report_count":1,"evaluation_count":1,"nivel_dano_max":"alto","severidad_max":"alto","habitabilidad":"i2","tipo_inmueble":"residencial","recomendaciones":"evacuar_total","rud_records":0,"rud_unique_docs":0,"rud_households":0,"rud_women":0,"rud_minors":0,"rud_older65":0,"rud_match_methods":"","rud_match_confidence":"","has_rud_match":false}},{"type":"Feature","geometry":{"type":"Point","coordinates":[-76.551304,3.38991]},"properties":{"place_id":"ChIJU4PtKeKjMI4RBWNnO54zpBw","address":"Cl 2A #74-45, Las Farallones","area":"LOS FARALLONES","zone":"Urbana","place_report_count":7,"evaluation_count":1,"nivel_dano_max":"medio","severidad_max":"alto","habitabilidad":"i2","tipo_inmueble":"residencial","recomendaciones":"","rud_records":58,"rud_unique_docs":58,"rud_households":31,"rud_women":35,"rud_minors":2,"rud_older65":11,"rud_match_methods":"road_key","rud_match_confidence":"alta","has_rud_match":true}},{"type":"Feature","geometry":{"type":"Point","coordinates":[-76.53484739999999,3.3899456]},"properties":{"place_id":"ChIJi3xxhEShMI4RUdnKVmO06Tg","address":"Cra 75 #13B-40, Quintas De Don Simon","area":"QUINTAS DE DON SIMON","zone":"Urbana","place_report_count":3,"evaluation_count":0,"nivel_dano_max":null,"severidad_max":null,"habitabilidad":"","tipo_inmueble":"","recomendaciones":"","rud_records":1,"rud_unique_docs":1,"rud_households":1,"rud_women":0,"rud_minors":0,"rud_older65":0,"rud_match_methods":"road_key","rud_match_confidence":"alta","has_rud_match":true}},{"type":"Feature","geometry":{"type":"Point","coordinates":[-76.55365739999999,3.390133]},"properties":{"place_id":"EkhDcmEuIDc0ICMxYy0xNCB0b3JyZSAxMiwgTGFzIEZhcmFsbG9uZXMsIENhbGksIFZhbGxlIGRlbCBDYXVjYSwgQ29sb21iaWEiPho8CjASLgoUChIJTT_e5uOjMI4RnqJ-yDREiYYQDioUChIJfUq85uOjMI4RWAvjK3X_KVcSCHRvcnJlIDEy","address":"Cra 74 #1C-14 Torre 12, Las Farallones","area":"Napoles","zone":"Urbana","place_report_count":1,"evaluation_count":1,"nivel_dano_max":"medio","severidad_max":"medio_alto","habitabilidad":"i1","tipo_inmueble":"residencial","recomendaciones":"","rud_records":0,"rud_unique_docs":0,"rud_households":0,"rud_women":0,"rud_minors":0,"rud_older65":0,"rud_match_methods":"","rud_match_confidence":"","has_rud_match":false}},{"type":"Feature","geometry":{"type":"Point","coordinates":[-76.5374389,3.3902729]},"properties":{"place_id":"ChIJI_x3UUyhMI4RVq2GH09FDcw","address":"Cra 75 #13A-57, Quintas De Don Simon","area":"QUINTAS DE DON SIMON","zone":"Urbana","place_report_count":3,"evaluation_count":0,"nivel_dano_max":null,"severidad_max":null,"habitabilidad":"","tipo_inmueble":"","recomendaciones":"","rud_records":38,"rud_unique_docs":36,"rud_households":18,"rud_women":19,"rud_minors":0,"rud_older65":22,"rud_match_methods":"road_key","rud_match_confidence":"alta","has_rud_match":true}},{"type":"Feature","geometry":{"type":"Point","coordinates":[-76.5470259,3.3903836]},"properties":{"place_id":"ChIJ0SyzyFihMI4RW7IrixAgko0","address":"Cra 75 #3D-71, Las Farallones","area":"ALFÉREZ REAL","zone":"Urbana","place_report_count":1,"evaluation_count":1,"nivel_dano_max":"sin_dano","severidad_max":"sin_dano","habitabilidad":"h","tipo_inmueble":"","recomendaciones":"seguimiento","rud_records":0,"rud_unique_docs":0,"rud_households":0,"rud_women":0,"rud_minors":0,"rud_older65":0,"rud_match_methods":"","rud_match_confidence":"","has_rud_match":false}},{"type":"Feature","geometry":{"type":"Point","coordinates":[-76.5447483,3.3906415]},"properties":{"place_id":"ChIJ06c3OVmhMI4Rk3CjfgalbWs","address":"Cl 10 #74A-19, Comuna 17","area":"CAPRI","zone":"Rural","place_report_count":1,"evaluation_count":0,"nivel_dano_max":null,"severidad_max":null,"habitabilidad":"","tipo_inmueble":"","recomendaciones":"","rud_records":1,"rud_unique_docs":1,"rud_households":1,"rud_women":1,"rud_minors":0,"rud_older65":0,"rud_match_methods":"road_key","rud_match_confidence":"alta","has_rud_match":true}},{"type":"Feature","geometry":{"type":"Point","coordinates":[-76.5361279,3.3908109]},"properties":{"place_id":"ChIJhZxFv0ShMI4RuQJfAdGTKP4","address":"Cra 74 #13A-183, Quintas De Don Simon","area":"Quintas de don Simon","zone":"Urbana","place_report_count":1,"evaluation_count":1,"nivel_dano_max":"medio","severidad_max":"medio_alto","habitabilidad":"r1","tipo_inmueble":"residencial","recomendaciones":"","rud_records":0,"rud_unique_docs":0,"rud_households":0,"rud_women":0,"rud_minors":0,"rud_older65":0,"rud_match_methods":"","rud_match_confidence":"","has_rud_match":false}},{"type":"Feature","geometry":{"type":"Point","coordinates":[-76.54638589999999,3.3911264]},"properties":{"place_id":"ChIJOYsg4VihMI4RX1jeIykDRT4","address":"Cl 4 #73-91, Las Farallones","area":"ALFEREZ REAL","zone":"Urbana","place_report_count":15,"evaluation_count":0,"nivel_dano_max":null,"severidad_max":null,"habitabilidad":"","tipo_inmueble":"","recomendaciones":"","rud_records":299,"rud_unique_docs":297,"rud_households":182,"rud_women":189,"rud_minors":27,"rud_older65":84,"rud_match_methods":"road_key","rud_match_confidence":"alta","has_rud_match":true}},{"type":"Feature","geometry":{"type":"Point","coordinates":[-76.54611369999999,3.3911528]},"properties":{"place_id":"ChIJXSUC4VihMI4RJ-oAjrR4Znw","address":"Cl 4 #73, Alferez Real","area":"Alferes Real","zone":"Urbana","place_report_count":1,"evaluation_count":2,"nivel_dano_max":"alto","severidad_max":"alto","habitabilidad":"i2","tipo_inmueble":"residencial","recomendaciones":"","rud_records":0,"rud_unique_docs":0,"rud_households":0,"rud_women":0,"rud_minors":0,"rud_older65":0,"rud_match_methods":"","rud_match_confidence":"","has_rud_match":false}},{"type":"Feature","geometry":{"type":"Point","coordinates":[-76.5445961,3.3913281]},"properties":{"place_id":"ChIJe79oE1mhMI4RzRaI-kX-Kzs","address":"Cl 6A #73-30, Comuna 17","area":"EDIFICIO AMALFI CAPRI","zone":"Urbana","place_report_count":1,"evaluation_count":1,"nivel_dano_max":"alto","severidad_max":"alto","habitabilidad":"i2","tipo_inmueble":"","recomendaciones":"","rud_records":38,"rud_unique_docs":38,"rud_households":18,"rud_women":17,"rud_minors":1,"rud_older65":10,"rud_match_methods":"road_key","rud_match_confidence":"alta","has_rud_match":true}},{"type":"Feature","geometry":{"type":"Point","coordinates":[-76.5442815,3.3915774]},"properties":{"place_id":"ChIJsdmGbVmhMI4REfPf-5-kQjo","address":"Cl 6 #73-30, Ciudad Capri","area":"CAPRI - EDIFICIO AMALFI","zone":"Urbana","place_report_count":1,"evaluation_count":0,"nivel_dano_max":null,"severidad_max":null,"habitabilidad":"","tipo_inmueble":"","recomendaciones":"","rud_records":57,"rud_unique_docs":57,"rud_households":30,"rud_women":35,"rud_minors":2,"rud_older65":12,"rud_match_methods":"road_key","rud_match_confidence":"alta","has_rud_match":true}},{"type":"Feature","geometry":{"type":"Point","coordinates":[-76.5524614,3.3915923]},"properties":{"place_id":"ChIJQ02buuOjMI4Rfvc4mSeWaGk","address":"Cra 72 #2-4, Las Farallones","area":"Farallones","zone":"Urbana","place_report_count":1,"evaluation_count":1,"nivel_dano_max":"bajo","severidad_max":"bajo","habitabilidad":"h","tipo_inmueble":"residencial","recomendaciones":"","rud_records":0,"rud_unique_docs":0,"rud_households":0,"rud_women":0,"rud_minors":0,"rud_older65":0,"rud_match_methods":"","rud_match_confidence":"","has_rud_match":false}},{"type":"Feature","geometry":{"type":"Point","coordinates":[-76.54774119999999,3.3916519]},"properties":{"place_id":"ChIJlaMAjlihMI4RlxbMBYMaOiw","address":"Cra 73 #3B-36, Los Farallones","area":"SIN INFORMACIÓN","zone":"Urbana","place_report_count":2,"evaluation_count":0,"nivel_dano_max":null,"severidad_max":null,"habitabilidad":"","tipo_inmueble":"","recomendaciones":"","rud_records":5,"rud_unique_docs":5,"rud_households":1,"rud_women":4,"rud_minors":2,"rud_older65":1,"rud_match_methods":"road_key","rud_match_confidence":"alta","has_rud_match":true}},{"type":"Feature","geometry":{"type":"Point","coordinates":[-76.55246369999999,3.3918277]},"properties":{"place_id":"ChIJcRGAr-OjMI4Rp3Rr4TvFMB0","address":"Cl 2A #71-60, Las Farallones","area":"LOS FARALLONES","zone":"Urbana","place_report_count":2,"evaluation_count":0,"nivel_dano_max":null,"severidad_max":null,"habitabilidad":"","tipo_inmueble":"","recomendaciones":"","rud_records":3,"rud_unique_docs":3,"rud_households":1,"rud_women":1,"rud_minors":1,"rud_older65":0,"rud_match_methods":"road_key","rud_match_confidence":"alta","has_rud_match":true}},{"type":"Feature","geometry":{"type":"Point","coordinates":[-76.5418389,3.3920752]},"properties":{"place_id":"ChIJ8cMWy1uhMI4RYQxcrjd6c_Q","address":"Cl 10A #72-35, Comuna 17","area":"CIUDAD JARDÍN","zone":"Urbana","place_report_count":1,"evaluation_count":1,"nivel_dano_max":"bajo","severidad_max":"alto","habitabilidad":"r1","tipo_inmueble":"residencial","recomendaciones":"","rud_records":0,"rud_unique_docs":0,"rud_households":0,"rud_women":0,"rud_minors":0,"rud_older65":0,"rud_match_methods":"","rud_match_confidence":"","has_rud_match":false}},{"type":"Feature","geometry":{"type":"Point","coordinates":[-76.5539525,3.392084]},"properties":{"place_id":"Ej5DbC4gMWMgIzcxLTYwLCBMYXMgRmFyYWxsb25lcywgQ2FsaSwgVmFsbGUgZGVsIENhdWNhLCBDb2xvbWJpYSIwEi4KFAoSCfU1XZ3jozCOEUGVW3vJS-CbEDwqFAoSCUcPZpr8ozCOEZ6Ru2F8sBYb","address":"Cl 1C #71-60, Las Farallones","area":"Farallones","zone":"Urbana","place_report_count":1,"evaluation_count":1,"nivel_dano_max":"alto","severidad_max":"alto","habitabilidad":"i2","tipo_inmueble":"residencial","recomendaciones":"","rud_records":0,"rud_unique_docs":0,"rud_households":0,"rud_women":0,"rud_minors":0,"rud_older65":0,"rud_match_methods":"","rud_match_confidence":"","has_rud_match":false}},{"type":"Feature","geometry":{"type":"Point","coordinates":[-76.557351,3.392102]},"properties":{"place_id":"ChIJk5aEVOSjMI4RGOIUI0l4ArQ","address":"Cl 1A Oeste #70-68, Prados Del S","area":"LOURDES","zone":"Urbana","place_report_count":1,"evaluation_count":1,"nivel_dano_max":"sin_dano","severidad_max":"sin_dano","habitabilidad":"h","tipo_inmueble":"","recomendaciones":"","rud_records":0,"rud_unique_docs":0,"rud_households":0,"rud_women":0,"rud_minors":0,"rud_older65":0,"rud_match_methods":"","rud_match_confidence":"","has_rud_match":false}},{"type":"Feature","geometry":{"type":"Point","coordinates":[-76.548138,3.3924809]},"properties":{"place_id":"ChIJs7liiFihMI4RTK5p6aKzRFY","address":"Cl 3B #72-49, Buenos Aires","area":"CALDAS","zone":"Rural","place_report_count":4,"evaluation_count":0,"nivel_dano_max":null,"severidad_max":null,"habitabilidad":"","tipo_inmueble":"","recomendaciones":"","rud_records":136,"rud_unique_docs":136,"rud_households":61,"rud_women":79,"rud_minors":19,"rud_older65":16,"rud_match_methods":"road_key","rud_match_confidence":"alta","has_rud_match":true}},{"type":"Feature","geometry":{"type":"Point","coordinates":[-76.5407846,3.3924861]},"properties":{"place_id":"ChIJaVmXUVqhMI4R5ziC_ihW4yQ","address":"Cra 72 #10A-117, Comuna 17","area":"Capri","zone":"Urbana","place_report_count":1,"evaluation_count":1,"nivel_dano_max":"sin_dano","severidad_max":"sin_dano","habitabilidad":"h","tipo_inmueble":"","recomendaciones":"","rud_records":0,"rud_unique_docs":0,"rud_households":0,"rud_women":0,"rud_minors":0,"rud_older65":0,"rud_match_methods":"","rud_match_confidence":"","has_rud_match":false}},{"type":"Feature","geometry":{"type":"Point","coordinates":[-76.541552,3.392588]},"properties":{"place_id":"EklDcmEuIDcyICMgMTAgQklTIEEtMTAgdG9ycmUgYiwgQ29tdW5hIDE3LCBDYWxpLCBWYWxsZSBkZWwgQ2F1Y2EsIENvbG9tYmlhIiMaIQoWChQKEgkn_c9JWqEwjhHLjkIS1uIstRIHdG9ycmUgYg","address":"Cra 72 #10BI-21 Torre B, Comuna 17 Los Portales Nuevo Rey","area":"Limonar","zone":"Urbana","place_report_count":1,"evaluation_count":1,"nivel_dano_max":"alto","severidad_max":"alto","habitabilidad":"i2","tipo_inmueble":"residencial","recomendaciones":"","rud_records":0,"rud_unique_docs":0,"rud_households":0,"rud_women":0,"rud_minors":0,"rud_older65":0,"rud_match_methods":"","rud_match_confidence":"","has_rud_match":false}},{"type":"Feature","geometry":{"type":"Point","coordinates":[-76.5439713,3.3925908]},"properties":{"place_id":"EkJDcmEuIDcyICMgMTAtNDAgYXAgMjAyLCBDb211bmEgMTcsIENhbGksIFZhbGxlIGRlbCBDYXVjYSwgQ29sb21iaWEiIhogChYKFAoSCTHi8ZtZoTCOEX37rHirrNa7EgZhcCAyMDI","address":"Cra 72ap202 #10-40, Comuna 17","area":"Capri","zone":"Urbana","place_report_count":1,"evaluation_count":2,"nivel_dano_max":"alto","severidad_max":"alto","habitabilidad":"h, i2","tipo_inmueble":"residencial","recomendaciones":"","rud_records":0,"rud_unique_docs":0,"rud_households":0,"rud_women":0,"rud_minors":0,"rud_older65":0,"rud_match_methods":"","rud_match_confidence":"","has_rud_match":false}},{"type":"Feature","geometry":{"type":"Point","coordinates":[-76.5439713,3.3925908]},"properties":{"place_id":"ChIJMeLxm1mhMI4RffuseKus1rs","address":"Cra 72 #10-40, Comuna 17","area":"CAPRI EDIFICIO MADRIGAL","zone":"Urbana","place_report_count":1,"evaluation_count":0,"nivel_dano_max":null,"severidad_max":null,"habitabilidad":"","tipo_inmueble":"","recomendaciones":"","rud_records":35,"rud_unique_docs":35,"rud_households":16,"rud_women":21,"rud_minors":1,"rud_older65":10,"rud_match_methods":"road_key","rud_match_confidence":"alta","has_rud_match":true}},{"type":"Feature","geometry":{"type":"Point","coordinates":[-76.5334226,3.3926875]},"properties":{"place_id":"ChIJTRaCsEWhMI4Res-ZNcDUkuA","address":"Cl 13C #70-87, Quintas De Don Simon","area":"QUINTAS DE DON SIMON","zone":"Urbana","place_report_count":4,"evaluation_count":1,"nivel_dano_max":"alto","severidad_max":"medio_alto","habitabilidad":"i2","tipo_inmueble":"residencial","recomendaciones":"","rud_records":83,"rud_unique_docs":83,"rud_households":29,"rud_women":47,"rud_minors":10,"rud_older65":16,"rud_match_methods":"nomenclatura_sector","rud_match_confidence":"media","has_rud_match":true}},{"type":"Feature","geometry":{"type":"Point","coordinates":[-76.5438334,3.3928328]},"properties":{"place_id":"ChIJ5R0MkFmhMI4RCJ3nSR7d3IA","address":"Cra 72 #10-19, Comuna 17","area":"CAPRI-EDIFICIO LAS PALMAS","zone":"Rural","place_report_count":1,"evaluation_count":0,"nivel_dano_max":null,"severidad_max":null,"habitabilidad":"","tipo_inmueble":"","recomendaciones":"","rud_records":13,"rud_unique_docs":13,"rud_households":4,"rud_women":6,"rud_minors":4,"rud_older65":1,"rud_match_methods":"road_key","rud_match_confidence":"alta","has_rud_match":true}},{"type":"Feature","geometry":{"type":"Point","coordinates":[-76.549193,3.392927]},"properties":{"place_id":"ChIJcTBYm-KjMI4RuhRbSU1KV_c","address":"Cl 3 #71-25, Buenos Aires","area":"Buenos Aires","zone":"Urbana","place_report_count":1,"evaluation_count":1,"nivel_dano_max":"bajo","severidad_max":"bajo","habitabilidad":"h","tipo_inmueble":"residencial","recomendaciones":"seguimiento","rud_records":0,"rud_unique_docs":0,"rud_households":0,"rud_women":0,"rud_minors":0,"rud_older65":0,"rud_match_methods":"","rud_match_confidence":"","has_rud_match":false}},{"type":"Feature","geometry":{"type":"Point","coordinates":[-76.549176,3.392971]},"properties":{"place_id":"ChIJC7KfnOKjMI4RwriQ3BOIs20","address":"Cl 3 #71-15, Buenos Aires","area":"BUENOS AIRES","zone":"Urbana","place_report_count":1,"evaluation_count":1,"nivel_dano_max":"bajo","severidad_max":"bajo","habitabilidad":"i1","tipo_inmueble":"residencial","recomendaciones":"","rud_records":2,"rud_unique_docs":2,"rud_households":1,"rud_women":1,"rud_minors":0,"rud_older65":2,"rud_match_methods":"road_key","rud_match_confidence":"alta","has_rud_match":true}},{"type":"Feature","geometry":{"type":"Point","coordinates":[-76.5398221,3.3932506]},"properties":{"place_id":"ChIJs8-E9FqhMI4R92X4fAI-_J8","address":"Cl 11A #70-35, Comuna 17","area":"CAPRI","zone":"Urbana","place_report_count":5,"evaluation_count":0,"nivel_dano_max":null,"severidad_max":null,"habitabilidad":"","tipo_inmueble":"","recomendaciones":"","rud_records":1,"rud_unique_docs":1,"rud_households":1,"rud_women":1,"rud_minors":0,"rud_older65":0,"rud_match_methods":"road_key","rud_match_confidence":"alta","has_rud_match":true}},{"type":"Feature","geometry":{"type":"Point","coordinates":[-76.5436601,3.3932904]},"properties":{"place_id":"EkVDbC4gMTAgQmlzICM3MC0zNCB0b3JyZSBlLCBDb211bmEgMTcsIENhbGksIFZhbGxlIGRlbCBDYXVjYSwgQ29sb21iaWEiIxohChYKFAoSCSlkDI1ZoTCOEdwHdlGQEVukEgd0b3JyZSBl","address":"Cl 10 Bis #70-34 Torre E, Comuna 17","area":"CAPRI","zone":"Urbana","place_report_count":1,"evaluation_count":4,"nivel_dano_max":"alto","severidad_max":"alto","habitabilidad":"i2, r1","tipo_inmueble":"residencial","recomendaciones":"","rud_records":2,"rud_unique_docs":2,"rud_households":2,"rud_women":1,"rud_minors":0,"rud_older65":1,"rud_match_methods":"nomenclatura_sector","rud_match_confidence":"media","has_rud_match":true}},{"type":"Feature","geometry":{"type":"Point","coordinates":[-76.55292659999999,3.3933683]},"properties":{"place_id":"ChIJ-7dPFOOjMI4R5_LAukEAT70","address":"Cra 70 #1C-70, Barrio Caldas Torres De San Mitchel Caldas","area":"BUENOS AIRES","zone":"Urbana","place_report_count":3,"evaluation_count":0,"nivel_dano_max":null,"severidad_max":null,"habitabilidad":"","tipo_inmueble":"","recomendaciones":"","rud_records":65,"rud_unique_docs":65,"rud_households":34,"rud_women":38,"rud_minors":9,"rud_older65":9,"rud_match_methods":"road_key","rud_match_confidence":"alta","has_rud_match":true}},{"type":"Feature","geometry":{"type":"Point","coordinates":[-76.5496261,3.3944815]},"properties":{"place_id":"Ei1DbC4gMyAjNjktMTYsIENhbGksIFZhbGxlIGRlbCBDYXVjYSwgQ29sb21iaWEiMBIuChQKEgll0NOx4qMwjhFCzScYeKYfSxAQKhQKEgmv9lIE_qMwjhEwtFZqxgctqw","address":"Cl 3 #69-16","area":"SIN INFORMACIÓN","zone":"Urbana","place_report_count":1,"evaluation_count":1,"nivel_dano_max":"bajo","severidad_max":"bajo","habitabilidad":"h","tipo_inmueble":"residencial","recomendaciones":"seguimiento","rud_records":4,"rud_unique_docs":4,"rud_households":2,"rud_women":3,"rud_minors":0,"rud_older65":1,"rud_match_methods":"road_key","rud_match_confidence":"alta","has_rud_match":true}},{"type":"Feature","geometry":{"type":"Point","coordinates":[-76.54718799999999,3.394509]},"properties":{"place_id":"ChIJXdYHIVihMI4RzRCRTIELTC0","address":"Cl 3D #69-43","area":"CALDAS","zone":"Rural","place_report_count":1,"evaluation_count":0,"nivel_dano_max":null,"severidad_max":null,"habitabilidad":"","tipo_inmueble":"","recomendaciones":"","rud_records":4,"rud_unique_docs":4,"rud_households":1,"rud_women":2,"rud_minors":0,"rud_older65":1,"rud_match_methods":"road_key","rud_match_confidence":"alta","has_rud_match":true}},{"type":"Feature","geometry":{"type":"Point","coordinates":[-76.547781,3.394589]},"properties":{"place_id":"ChIJLRbQHVihMI4RgBQC0yAQuDU","address":"Cl 3C #69-27","area":"CALDAS","zone":"Rural","place_report_count":1,"evaluation_count":0,"nivel_dano_max":null,"severidad_max":null,"habitabilidad":"","tipo_inmueble":"","recomendaciones":"","rud_records":2,"rud_unique_docs":2,"rud_households":1,"rud_women":2,"rud_minors":0,"rud_older65":0,"rud_match_methods":"road_key","rud_match_confidence":"alta","has_rud_match":true}},{"type":"Feature","geometry":{"type":"Point","coordinates":[-76.5496218,3.3948073]},"properties":{"place_id":"ChIJ38dBTf2jMI4RIZpdHGws_a8","address":"Cl 3 #68-38","area":"EL REFUGIO","zone":"Urbana","place_report_count":1,"evaluation_count":0,"nivel_dano_max":null,"severidad_max":null,"habitabilidad":"","tipo_inmueble":"","recomendaciones":"","rud_records":2,"rud_unique_docs":2,"rud_households":1,"rud_women":2,"rud_minors":0,"rud_older65":1,"rud_match_methods":"road_key","rud_match_confidence":"alta","has_rud_match":true}},{"type":"Feature","geometry":{"type":"Point","coordinates":[-76.551597,3.394886]},"properties":{"place_id":"verified:3.39489,-76.55160","address":"Cra 68 #2A-26, Don Ramon Los Chorros","area":"CALDAS","zone":"Urbana","place_report_count":1,"evaluation_count":0,"nivel_dano_max":null,"severidad_max":null,"habitabilidad":"","tipo_inmueble":"","recomendaciones":"","rud_records":15,"rud_unique_docs":15,"rud_households":6,"rud_women":9,"rud_minors":2,"rud_older65":3,"rud_match_methods":"road_key","rud_match_confidence":"alta","has_rud_match":true}},{"type":"Feature","geometry":{"type":"Point","coordinates":[-76.54753730000002,3.3949374]},"properties":{"place_id":"ChIJwVaL9FehMI4RxUDkzfOgYfQ","address":"Cl 3D #68-46","area":"CALDAS","zone":"Rural","place_report_count":1,"evaluation_count":0,"nivel_dano_max":null,"severidad_max":null,"habitabilidad":"","tipo_inmueble":"","recomendaciones":"","rud_records":1,"rud_unique_docs":1,"rud_households":1,"rud_women":1,"rud_minors":0,"rud_older65":0,"rud_match_methods":"road_key","rud_match_confidence":"alta","has_rud_match":true}},{"type":"Feature","geometry":{"type":"Point","coordinates":[-76.5448493,3.3949746]},"properties":{"place_id":"ChIJ-a32YVehMI4RYopm7c8Waa0","address":"Autopista S 68 70 Comuna 17","area":"Limonar","zone":"Urbana","place_report_count":1,"evaluation_count":1,"nivel_dano_max":"bajo","severidad_max":"bajo","habitabilidad":"r1","tipo_inmueble":"comercial","recomendaciones":"","rud_records":0,"rud_unique_docs":0,"rud_households":0,"rud_women":0,"rud_minors":0,"rud_older65":0,"rud_match_methods":"","rud_match_confidence":"","has_rud_match":false}},{"type":"Feature","geometry":{"type":"Point","coordinates":[-76.5505591,3.3952123]},"properties":{"place_id":"ChIJvbAgN_2jMI4RaLXgMHuAt-c","address":"Cl 2C #67-41, La Cascada","area":"CALDAS","zone":"Rural","place_report_count":1,"evaluation_count":0,"nivel_dano_max":null,"severidad_max":null,"habitabilidad":"","tipo_inmueble":"","recomendaciones":"","rud_records":5,"rud_unique_docs":5,"rud_households":1,"rud_women":4,"rud_minors":0,"rud_older65":1,"rud_match_methods":"road_key","rud_match_confidence":"alta","has_rud_match":true}},{"type":"Feature","geometry":{"type":"Point","coordinates":[-76.536962,3.395653]},"properties":{"place_id":"ChIJZcPb4E-hMI4Rkv9Ccrm4w_g","address":"Cl 13A #68A-25, Quintas De Don Simon","area":"Limonar","zone":"Urbana","place_report_count":2,"evaluation_count":1,"nivel_dano_max":"medio","severidad_max":"medio_alto","habitabilidad":"r1","tipo_inmueble":"residencial","recomendaciones":"","rud_records":0,"rud_unique_docs":0,"rud_households":0,"rud_women":0,"rud_minors":0,"rud_older65":0,"rud_match_methods":"","rud_match_confidence":"","has_rud_match":false}},{"type":"Feature","geometry":{"type":"Point","coordinates":[-76.5523537,3.3958229]},"properties":{"place_id":"EjxDbC4gMmEgIzY2Yi0xMjAsIExhIENhc2NhZGEsIENhbGksIFZhbGxlIGRlbCBDYXVjYSwgQ29sb21iaWEiMBIuChQKEgnluHXd_KMwjhHPQz2IV5uv-hB4KhQKEgmtQwdV_qMwjhEeSHBf7I2org","address":"Cl 2A #66B-120, La Cascada","area":"EL REFUGIO","zone":"Urbana","place_report_count":1,"evaluation_count":0,"nivel_dano_max":null,"severidad_max":null,"habitabilidad":"","tipo_inmueble":"","recomendaciones":"","rud_records":5,"rud_unique_docs":5,"rud_households":1,"rud_women":3,"rud_minors":1,"rud_older65":2,"rud_match_methods":"road_key","rud_match_confidence":"alta","has_rud_match":true}},{"type":"Feature","geometry":{"type":"Point","coordinates":[-76.55240239999999,3.3958313]},"properties":{"place_id":"ChIJ19XW3PyjMI4RCfq-v7o4Kyk","address":"Cl 2A #66B-106, La Cascada","area":"EL REFUGIO","zone":"Urbana","place_report_count":1,"evaluation_count":0,"nivel_dano_max":null,"severidad_max":null,"habitabilidad":"","tipo_inmueble":"","recomendaciones":"","rud_records":4,"rud_unique_docs":4,"rud_households":1,"rud_women":1,"rud_minors":1,"rud_older65":0,"rud_match_methods":"road_key","rud_match_confidence":"alta","has_rud_match":true}},{"type":"Feature","geometry":{"type":"Point","coordinates":[-76.55280599999999,3.395921]},"properties":{"place_id":"ChIJ11CKwfyjMI4RzIdsnijk84Y","address":"Cl 2 Bis #66B-89, La Cascada","area":"EL REFUGIO","zone":"Urbana","place_report_count":1,"evaluation_count":0,"nivel_dano_max":null,"severidad_max":null,"habitabilidad":"","tipo_inmueble":"","recomendaciones":"","rud_records":79,"rud_unique_docs":79,"rud_households":26,"rud_women":44,"rud_minors":18,"rud_older65":13,"rud_match_methods":"road_key","rud_match_confidence":"alta","has_rud_match":true}},{"type":"Feature","geometry":{"type":"Point","coordinates":[-76.5523592,3.395926]},"properties":{"place_id":"ChIJ24JA3fyjMI4Re3b5Wm3BuPQ","address":"Cl 2A #66B-86, La Cascada","area":"EL REFUGIO","zone":"Urbana","place_report_count":10,"evaluation_count":2,"nivel_dano_max":"alto","severidad_max":"alto","habitabilidad":"i2","tipo_inmueble":"residencial","recomendaciones":"evacuar_total","rud_records":24,"rud_unique_docs":24,"rud_households":14,"rud_women":14,"rud_minors":3,"rud_older65":10,"rud_match_methods":"road_key","rud_match_confidence":"alta","has_rud_match":true}},{"type":"Feature","geometry":{"type":"Point","coordinates":[-76.552752,3.395985]},"properties":{"place_id":"ChIJ7_UFwvyjMI4Ri-fP49cxvpI","address":"Cl 2 Bis #66B, El Refugio","area":"Refugio","zone":"Urbana","place_report_count":1,"evaluation_count":1,"nivel_dano_max":"alto","severidad_max":"alto","habitabilidad":"i3","tipo_inmueble":"residencial","recomendaciones":"","rud_records":0,"rud_unique_docs":0,"rud_households":0,"rud_women":0,"rud_minors":0,"rud_older65":0,"rud_match_methods":"","rud_match_confidence":"","has_rud_match":false}},{"type":"Feature","geometry":{"type":"Point","coordinates":[-76.54814209999999,3.3960026]},"properties":{"place_id":"EjFDcmEuIDY3ICYgQ2wuIDNDLCBDYWxpLCBWYWxsZSBkZWwgQ2F1Y2EsIENvbG9tYmlhImYiZAoUChIJ674j3VehMI4RMBBQsVfY1mUSFAoSCeu-I91XoTCOETAQULFX2NZlGhQKEglBmjpG_aMwjhHbou7guHq-VRoUChIJnfdSnV-hMI4R4IwIMg-skw8iCg1aMAYCFTOuX9I","address":"Cl 3C, El Refugio","area":"El Refugio","zone":"Urbana","place_report_count":1,"evaluation_count":1,"nivel_dano_max":"alto","severidad_max":"alto","habitabilidad":"i2","tipo_inmueble":"residencial","recomendaciones":"","rud_records":0,"rud_unique_docs":0,"rud_households":0,"rud_women":0,"rud_minors":0,"rud_older65":0,"rud_match_methods":"","rud_match_confidence":"","has_rud_match":false}},{"type":"Feature","geometry":{"type":"Point","coordinates":[-76.5458967,3.3960121]},"properties":{"place_id":"ChIJFUiaClehMI4R58b05IlU6hI","address":"Cl 5 #66B-69, Comuna 17","area":"CONJUNTO LIMONAR EL CAPITOLIO","zone":"Urbana","place_report_count":6,"evaluation_count":0,"nivel_dano_max":null,"severidad_max":null,"habitabilidad":"","tipo_inmueble":"","recomendaciones":"","rud_records":3,"rud_unique_docs":3,"rud_households":2,"rud_women":3,"rud_minors":0,"rud_older65":2,"rud_match_methods":"road_key","rud_match_confidence":"alta","has_rud_match":true}},{"type":"Feature","geometry":{"type":"Point","coordinates":[-76.5479788,3.3961013]},"properties":{"place_id":"ChIJ10EHw1ehMI4RgszQG8fuUy4","address":"Cra 67 #3C-15","area":"EL REFUGIO","zone":"Urbana","place_report_count":3,"evaluation_count":2,"nivel_dano_max":"alto","severidad_max":"alto","habitabilidad":"i2","tipo_inmueble":"residencial","recomendaciones":"","rud_records":43,"rud_unique_docs":43,"rud_households":27,"rud_women":20,"rud_minors":3,"rud_older65":10,"rud_match_methods":"direccion_normalizada, road_key","rud_match_confidence":"alta","has_rud_match":true}},{"type":"Feature","geometry":{"type":"Point","coordinates":[-76.547494,3.396262]},"properties":{"place_id":"verified:3.39626,-76.54749","address":"Cl 3D #67, El Refugio","area":"El refugio","zone":"Urbana","place_report_count":1,"evaluation_count":1,"nivel_dano_max":"bajo","severidad_max":"bajo","habitabilidad":"i2","tipo_inmueble":"residencial","recomendaciones":"","rud_records":0,"rud_unique_docs":0,"rud_households":0,"rud_women":0,"rud_minors":0,"rud_older65":0,"rud_match_methods":"","rud_match_confidence":"","has_rud_match":false}},{"type":"Feature","geometry":{"type":"Point","coordinates":[-76.5448413,3.3962929]},"properties":{"place_id":"ChIJI4yvF1ehMI4R19yUZv4awh8","address":"Cl 9 #66B-62, Comuna 17","area":"RESERVA DEL LIMONAR","zone":"Urbana","place_report_count":2,"evaluation_count":0,"nivel_dano_max":null,"severidad_max":null,"habitabilidad":"","tipo_inmueble":"","recomendaciones":"","rud_records":1,"rud_unique_docs":1,"rud_households":1,"rud_women":0,"rud_minors":0,"rud_older65":1,"rud_match_methods":"road_key","rud_match_confidence":"alta","has_rud_match":true}},{"type":"Feature","geometry":{"type":"Point","coordinates":[-76.5531085,3.3964356]},"properties":{"place_id":"ChIJu7Ta7PyjMI4RENAduu4QzuA","address":"Cl 2LA #66B-19, Cascada","area":"Refugio","zone":"Urbana","place_report_count":1,"evaluation_count":1,"nivel_dano_max":"alto","severidad_max":"alto","habitabilidad":"i2","tipo_inmueble":"residencial","recomendaciones":"","rud_records":0,"rud_unique_docs":0,"rud_households":0,"rud_women":0,"rud_minors":0,"rud_older65":0,"rud_match_methods":"","rud_match_confidence":"","has_rud_match":false}},{"type":"Feature","geometry":{"type":"Point","coordinates":[-76.55241219999999,3.3964402]},"properties":{"place_id":"EjtDbC4gMmEgIzY2Yi01MCwgTGEgQ2FzY2FkYSwgQ2FsaSwgVmFsbGUgZGVsIENhdWNhLCBDb2xvbWJpYSIwEi4KFAoSCR_lAfD8ozCOEaBtgkde4kb-EDIqFAoSCa1DB1X-ozCOER5IcF_sjaiu","address":"Cl 2A #66B-50, La Cascada","area":"REFUGIO","zone":"Urbana","place_report_count":1,"evaluation_count":0,"nivel_dano_max":null,"severidad_max":null,"habitabilidad":"","tipo_inmueble":"","recomendaciones":"","rud_records":5,"rud_unique_docs":5,"rud_households":1,"rud_women":4,"rud_minors":1,"rud_older65":1,"rud_match_methods":"road_key","rud_match_confidence":"alta","has_rud_match":true}},{"type":"Feature","geometry":{"type":"Point","coordinates":[-76.5437098,3.3964956]},"properties":{"place_id":"ChIJ1eEaMFehMI4RDNdQemPBLSM","address":"Cl 10 #66B-50, Comuna 17","area":"LIMONAR","zone":"Urbana","place_report_count":5,"evaluation_count":3,"nivel_dano_max":"medio","severidad_max":"medio","habitabilidad":"i2, r1, r2","tipo_inmueble":"residencial","recomendaciones":"","rud_records":1,"rud_unique_docs":1,"rud_households":1,"rud_women":0,"rud_minors":0,"rud_older65":0,"rud_match_methods":"nomenclatura_sector","rud_match_confidence":"media","has_rud_match":true}},{"type":"Feature","geometry":{"type":"Point","coordinates":[-76.5479362,3.3965062]},"properties":{"place_id":"ChIJ1eF2xVehMI4RonKdC5IVvpU","address":"Cl 3D #66B-50","area":"REFUGIO","zone":"Urbana","place_report_count":1,"evaluation_count":1,"nivel_dano_max":"alto","severidad_max":"alto","habitabilidad":"i2","tipo_inmueble":"residencial","recomendaciones":"","rud_records":2,"rud_unique_docs":2,"rud_households":1,"rud_women":1,"rud_minors":0,"rud_older65":1,"rud_match_methods":"road_key","rud_match_confidence":"alta","has_rud_match":true}},{"type":"Feature","geometry":{"type":"Point","coordinates":[-76.5345528,3.3965184]},"properties":{"place_id":"EldDcmEuIDY4ICMxM2ItNjEgYXB0byA0MDMgdG9ycmUgYywgUXVpbnRhcyBEZSBEb24gU2ltb24sIENhbGksIFZhbGxlIGRlbCBDYXVjYSwgQ29sb21iaWEiLBoqChYKFAoSCacD1qlPoTCOERzzxvhvDwgaEhBhcHRvIDQwMyB0b3JyZSBj","address":"Cra 68 #13B-61 Torre C, Altos De Pinares La Hacienda","area":"La Hacienda","zone":"Urbana","place_report_count":1,"evaluation_count":1,"nivel_dano_max":"alto","severidad_max":"alto","habitabilidad":"i2","tipo_inmueble":"residencial","recomendaciones":"","rud_records":0,"rud_unique_docs":0,"rud_households":0,"rud_women":0,"rud_minors":0,"rud_older65":0,"rud_match_methods":"","rud_match_confidence":"","has_rud_match":false}},{"type":"Feature","geometry":{"type":"Point","coordinates":[-76.5372639,3.396525]},"properties":{"place_id":"ChIJKyQoKFChMI4R40ezar6nY9o","address":"Cl 13A #66B-60, Quintas De Don Simon","area":"EL LIMONAR","zone":"Rural","place_report_count":1,"evaluation_count":0,"nivel_dano_max":null,"severidad_max":null,"habitabilidad":"","tipo_inmueble":"","recomendaciones":"","rud_records":83,"rud_unique_docs":83,"rud_households":34,"rud_women":43,"rud_minors":3,"rud_older65":32,"rud_match_methods":"road_key","rud_match_confidence":"alta","has_rud_match":true}},{"type":"Feature","geometry":{"type":"Point","coordinates":[-76.54795320000001,3.3965816]},"properties":{"place_id":"ChIJcZl7xVehMI4R8HV-YZEPPKA","address":"Cl 3D #66B-42","area":"EL REFUGIO","zone":"Urbana","place_report_count":2,"evaluation_count":0,"nivel_dano_max":null,"severidad_max":null,"habitabilidad":"","tipo_inmueble":"","recomendaciones":"","rud_records":1,"rud_unique_docs":1,"rud_households":1,"rud_women":0,"rud_minors":0,"rud_older65":0,"rud_match_methods":"road_key","rud_match_confidence":"alta","has_rud_match":true}},{"type":"Feature","geometry":{"type":"Point","coordinates":[-76.54736,3.39666]},"properties":{"place_id":"ChIJHfjSTbOhMI4RIS2w3umIMbY","address":"Cl 4 #66B-52","area":"EL REFUGIO","zone":"Urbana","place_report_count":2,"evaluation_count":0,"nivel_dano_max":null,"severidad_max":null,"habitabilidad":"","tipo_inmueble":"","recomendaciones":"","rud_records":2,"rud_unique_docs":2,"rud_households":2,"rud_women":0,"rud_minors":0,"rud_older65":0,"rud_match_methods":"road_key","rud_match_confidence":"alta","has_rud_match":true}},{"type":"Feature","geometry":{"type":"Point","coordinates":[-76.547122,3.3968147]},"properties":{"place_id":"ChIJTcSZtlehMI4Rij49hhVUSek","address":"Cl 4 #66-49, Tel 3137938101 El Refugio","area":"EL REFUGIO","zone":"Urbana","place_report_count":1,"evaluation_count":0,"nivel_dano_max":null,"severidad_max":null,"habitabilidad":"","tipo_inmueble":"","recomendaciones":"","rud_records":1,"rud_unique_docs":1,"rud_households":1,"rud_women":1,"rud_minors":0,"rud_older65":1,"rud_match_methods":"nomenclatura_sector","rud_match_confidence":"media","has_rud_match":true}},{"type":"Feature","geometry":{"type":"Point","coordinates":[-76.5378905,3.396976]},"properties":{"place_id":"EjdDcmEuIDY2YiwgR3JhbiBMaW1vbmFyLCBDYWxpLCBWYWxsZSBkZWwgQ2F1Y2EsIENvbG9tYmlhIi4qLAoUChIJNWnF1VehMI4Rx4cTa82AEk0SFAoSCTU72AlRoTCOEUQPzomFoXtX","address":"Cra 66B, Gran Limonar","area":"Limonar","zone":"Urbana","place_report_count":1,"evaluation_count":1,"nivel_dano_max":"bajo","severidad_max":"bajo","habitabilidad":"r1","tipo_inmueble":"residencial","recomendaciones":"","rud_records":0,"rud_unique_docs":0,"rud_households":0,"rud_women":0,"rud_minors":0,"rud_older65":0,"rud_match_methods":"","rud_match_confidence":"","has_rud_match":false}},{"type":"Feature","geometry":{"type":"Point","coordinates":[-76.552346,3.397041]},"properties":{"place_id":"ChIJ4wLI-fyjMI4Rm7_nz00mNMg","address":"Cl 2A #66-72, La Cascada","area":"EL REFUGIO","zone":"Rural","place_report_count":1,"evaluation_count":0,"nivel_dano_max":null,"severidad_max":null,"habitabilidad":"","tipo_inmueble":"","recomendaciones":"","rud_records":18,"rud_unique_docs":18,"rud_households":6,"rud_women":7,"rud_minors":2,"rud_older65":1,"rud_match_methods":"road_key","rud_match_confidence":"alta","has_rud_match":true}},{"type":"Feature","geometry":{"type":"Point","coordinates":[-76.5483155,3.3970825]},"properties":{"place_id":"Ei5DbC4gM0MgIzY2Yi0zLCBDYWxpLCBWYWxsZSBkZWwgQ2F1Y2EsIENvbG9tYmlhIjASLgoUChIJz5503FehMI4RBi0hLmpk7PwQAyoUChIJnfdSnV-hMI4R4IwIMg-skw8","address":"Cl 3C #66B-3","area":"El refugio","zone":"Urbana","place_report_count":1,"evaluation_count":1,"nivel_dano_max":"bajo","severidad_max":"bajo","habitabilidad":"h","tipo_inmueble":"residencial","recomendaciones":"seguimiento","rud_records":0,"rud_unique_docs":0,"rud_households":0,"rud_women":0,"rud_minors":0,"rud_older65":0,"rud_match_methods":"","rud_match_confidence":"","has_rud_match":false}},{"type":"Feature","geometry":{"type":"Point","coordinates":[-76.5505163,3.3971449]},"properties":{"place_id":"ChIJE1hpCv2jMI4Rd8HqqgwDbno","address":"Cl 2C #66A-73, El Refugio","area":"EL REFUGIO","zone":"Urbana","place_report_count":1,"evaluation_count":0,"nivel_dano_max":null,"severidad_max":null,"habitabilidad":"","tipo_inmueble":"","recomendaciones":"","rud_records":28,"rud_unique_docs":28,"rud_households":22,"rud_women":12,"rud_minors":1,"rud_older65":8,"rud_match_methods":"road_key","rud_match_confidence":"alta","has_rud_match":true}},{"type":"Feature","geometry":{"type":"Point","coordinates":[-76.549758,3.3971688]},"properties":{"place_id":"ChIJTeQudv2jMI4Rpdo8hTMmNXI","address":"Cl 3 #66-87","area":"REFUGIO","zone":"Urbana","place_report_count":1,"evaluation_count":0,"nivel_dano_max":null,"severidad_max":null,"habitabilidad":"","tipo_inmueble":"","recomendaciones":"","rud_records":16,"rud_unique_docs":16,"rud_households":6,"rud_women":8,"rud_minors":3,"rud_older65":1,"rud_match_methods":"road_key","rud_match_confidence":"alta","has_rud_match":true}},{"type":"Feature","geometry":{"type":"Point","coordinates":[-76.55331559999999,3.3971953]},"properties":{"place_id":"ChIJzTowYPyjMI4ReQayGYyknV4","address":"Cl 2 #66A, El Refugio","area":"El refugio","zone":"Urbana","place_report_count":1,"evaluation_count":1,"nivel_dano_max":"alto","severidad_max":"alto","habitabilidad":"i2","tipo_inmueble":"residencial","recomendaciones":"","rud_records":0,"rud_unique_docs":0,"rud_households":0,"rud_women":0,"rud_minors":0,"rud_older65":0,"rud_match_methods":"","rud_match_confidence":"","has_rud_match":false}},{"type":"Feature","geometry":{"type":"Point","coordinates":[-76.54964199999999,3.397231]},"properties":{"place_id":"ChIJ7cYydv2jMI4RgETY9e_3zdM","address":"Cl 3 #66-109","area":"EL REFUGIO","zone":"Rural","place_report_count":1,"evaluation_count":0,"nivel_dano_max":null,"severidad_max":null,"habitabilidad":"","tipo_inmueble":"","recomendaciones":"","rud_records":4,"rud_unique_docs":4,"rud_households":3,"rud_women":2,"rud_minors":0,"rud_older65":1,"rud_match_methods":"direccion_normalizada, road_key","rud_match_confidence":"alta","has_rud_match":true}},{"type":"Feature","geometry":{"type":"Point","coordinates":[-76.5496405,3.397359]},"properties":{"place_id":"ChIJH5rinP2jMI4R7ciuZ5d2Srk","address":"Cl 3 #66-75","area":"REFUGIO","zone":"Rural","place_report_count":1,"evaluation_count":0,"nivel_dano_max":null,"severidad_max":null,"habitabilidad":"","tipo_inmueble":"","recomendaciones":"","rud_records":4,"rud_unique_docs":4,"rud_households":1,"rud_women":3,"rud_minors":1,"rud_older65":0,"rud_match_methods":"direccion_normalizada","rud_match_confidence":"alta","has_rud_match":true}},{"type":"Feature","geometry":{"type":"Point","coordinates":[-76.5531891,3.3975389]},"properties":{"place_id":"EkJDbC4gMiAjNjYtODkgYXB0byA0MDEsIExhIENhc2NhZGEsIENhbGksIFZhbGxlIGRlbCBDYXVjYSwgQ29sb21iaWEiPho8CjASLgoUChIJT_9vaPyjMI4RlWHseJt8aSkQWSoUChIJhZ45feSjMI4RLNUbkIvdnFUSCGFwdG8gNDAx","address":"Cl 2 #66-89, La Cascada","area":"REFUGIO","zone":"Urbana","place_report_count":1,"evaluation_count":0,"nivel_dano_max":null,"severidad_max":null,"habitabilidad":"","tipo_inmueble":"","recomendaciones":"","rud_records":42,"rud_unique_docs":42,"rud_households":24,"rud_women":24,"rud_minors":2,"rud_older65":11,"rud_match_methods":"road_key","rud_match_confidence":"alta","has_rud_match":true}},{"type":"Feature","geometry":{"type":"Point","coordinates":[-76.5524258,3.3975759]},"properties":{"place_id":"ChIJfXuoUPyjMI4RMK0EPkOqJq0","address":"Cl 2A #66-56, El Refugio","area":"EL REFUGIO","zone":"Urbana","place_report_count":5,"evaluation_count":0,"nivel_dano_max":null,"severidad_max":null,"habitabilidad":"","tipo_inmueble":"","recomendaciones":"","rud_records":5,"rud_unique_docs":5,"rud_households":2,"rud_women":2,"rud_minors":1,"rud_older65":0,"rud_match_methods":"road_key","rud_match_confidence":"alta","has_rud_match":true}},{"type":"Feature","geometry":{"type":"Point","coordinates":[-76.5496932,3.3976181]},"properties":{"place_id":"ChIJcw-om_2jMI4RgTiikXhTW9I","address":"Cl 3 #66-41","area":"EL REFUGIO","zone":"Urbana","place_report_count":1,"evaluation_count":0,"nivel_dano_max":null,"severidad_max":null,"habitabilidad":"","tipo_inmueble":"","recomendaciones":"","rud_records":2,"rud_unique_docs":2,"rud_households":1,"rud_women":2,"rud_minors":1,"rud_older65":0,"rud_match_methods":"road_key","rud_match_confidence":"alta","has_rud_match":true}},{"type":"Feature","geometry":{"type":"Point","coordinates":[-76.5524712,3.3976808]},"properties":{"place_id":"ChIJY9R3UPyjMI4Rf8CeWnlShxk","address":"Cl 2A #66-46, El Refugio","area":"EL REFUGIO","zone":"Urbana","place_report_count":2,"evaluation_count":0,"nivel_dano_max":null,"severidad_max":null,"habitabilidad":"","tipo_inmueble":"","recomendaciones":"","rud_records":5,"rud_unique_docs":5,"rud_households":1,"rud_women":2,"rud_minors":0,"rud_older65":1,"rud_match_methods":"road_key","rud_match_confidence":"alta","has_rud_match":true}},{"type":"Feature","geometry":{"type":"Point","coordinates":[-76.55286319999999,3.3976856]},"properties":{"place_id":"ChIJnZ-0XfyjMI4RYD6BAQ02T1w","address":"Cl 2 #66-69, El Refugio","area":"El Refugio","zone":"Urbana","place_report_count":2,"evaluation_count":1,"nivel_dano_max":"alto","severidad_max":"alto","habitabilidad":"i2","tipo_inmueble":"residencial","recomendaciones":"","rud_records":0,"rud_unique_docs":0,"rud_households":0,"rud_women":0,"rud_minors":0,"rud_older65":0,"rud_match_methods":"","rud_match_confidence":"","has_rud_match":false}},{"type":"Feature","geometry":{"type":"Point","coordinates":[-76.5499588,3.3976988]},"properties":{"place_id":"ChIJcXKQmf2jMI4RR1mwVF0n0Qk","address":"Cl 3EL #66-38, Refugio","area":"Refugio","zone":"Urbana","place_report_count":3,"evaluation_count":3,"nivel_dano_max":"alto","severidad_max":"alto","habitabilidad":"i2","tipo_inmueble":"educativo, residencial","recomendaciones":"evacuar_total","rud_records":0,"rud_unique_docs":0,"rud_households":0,"rud_women":0,"rud_minors":0,"rud_older65":0,"rud_match_methods":"","rud_match_confidence":"","has_rud_match":false}},{"type":"Feature","geometry":{"type":"Point","coordinates":[-76.5499588,3.3976988]},"properties":{"place_id":"EkJDbC4gMyAjNjYtMzggYXB0byAyMDEsIEVsIFJlZnVnaW8sIENhbGksIFZhbGxlIGRlbCBDYXVjYSwgQ29sb21iaWEiJBoiChYKFAoSCXFykJn9ozCOEUdZsFRdJ9EJEghhcHRvIDIwMQ","address":"Cl 3 #66-38, El Refugio","area":"REFUGIO","zone":"Urbana","place_report_count":1,"evaluation_count":0,"nivel_dano_max":null,"severidad_max":null,"habitabilidad":"","tipo_inmueble":"","recomendaciones":"","rud_records":50,"rud_unique_docs":50,"rud_households":22,"rud_women":26,"rud_minors":2,"rud_older65":20,"rud_match_methods":"road_key","rud_match_confidence":"alta","has_rud_match":true}},{"type":"Feature","geometry":{"type":"Point","coordinates":[-76.5499877,3.3977328]},"properties":{"place_id":"Ei1DbC4gMyAjNjYtNTQsIENhbGksIFZhbGxlIGRlbCBDYXVjYSwgQ29sb21iaWEiMBIuChQKEgkFYm2Z_aMwjhETif6EG49jMxA2KhQKEgmv9lIE_qMwjhEwtFZqxgctqw","address":"Cl 3 #66-54","area":"EL REFUGIO","zone":"Urbana","place_report_count":1,"evaluation_count":0,"nivel_dano_max":null,"severidad_max":null,"habitabilidad":"","tipo_inmueble":"","recomendaciones":"","rud_records":4,"rud_unique_docs":4,"rud_households":2,"rud_women":2,"rud_minors":0,"rud_older65":1,"rud_match_methods":"road_key","rud_match_confidence":"alta","has_rud_match":true}},{"type":"Feature","geometry":{"type":"Point","coordinates":[-76.5347546,3.3977533]},"properties":{"place_id":"ChIJ_arUW06hMI4RObMX6JffE_k","address":"Cra 66 #13B-64, Quintas De Don Simon","area":"La Hacienda","zone":"Urbana","place_report_count":1,"evaluation_count":1,"nivel_dano_max":"bajo","severidad_max":"bajo","habitabilidad":"h","tipo_inmueble":"residencial","recomendaciones":"seguimiento","rud_records":0,"rud_unique_docs":0,"rud_households":0,"rud_women":0,"rud_minors":0,"rud_older65":0,"rud_match_methods":"","rud_match_confidence":"","has_rud_match":false}},{"type":"Feature","geometry":{"type":"Point","coordinates":[-76.53696889999999,3.3977622]},"properties":{"place_id":"ChIJXx9hJk6hMI4RsOzR6xLCZC8","address":"Cl 13A #66B-16, Quintas De Don Simon","area":"BOSQUES DEL LIMONAR","zone":"Urbana","place_report_count":1,"evaluation_count":0,"nivel_dano_max":null,"severidad_max":null,"habitabilidad":"","tipo_inmueble":"","recomendaciones":"","rud_records":9,"rud_unique_docs":9,"rud_households":4,"rud_women":5,"rud_minors":0,"rud_older65":5,"rud_match_methods":"road_key","rud_match_confidence":"alta","has_rud_match":true}},{"type":"Feature","geometry":{"type":"Point","coordinates":[-76.551667,3.397801]},"properties":{"place_id":"verified:3.39780,-76.55167","address":"Cl 2B #66-52, Arboleda 1 El Refugio","area":"LA CASCADA","zone":"Urbana","place_report_count":2,"evaluation_count":0,"nivel_dano_max":null,"severidad_max":null,"habitabilidad":"","tipo_inmueble":"","recomendaciones":"","rud_records":2,"rud_unique_docs":2,"rud_households":2,"rud_women":2,"rud_minors":0,"rud_older65":1,"rud_match_methods":"road_key","rud_match_confidence":"alta","has_rud_match":true}},{"type":"Feature","geometry":{"type":"Point","coordinates":[-76.5525601,3.3978376]},"properties":{"place_id":"ChIJbcu1WvyjMI4RqmqjqsekLSQ","address":"Cl 2A #66-40, La Cascada","area":"EL REFUGIO","zone":"Urbana","place_report_count":1,"evaluation_count":0,"nivel_dano_max":null,"severidad_max":null,"habitabilidad":"","tipo_inmueble":"","recomendaciones":"","rud_records":1,"rud_unique_docs":1,"rud_households":1,"rud_women":1,"rud_minors":0,"rud_older65":0,"rud_match_methods":"road_key","rud_match_confidence":"alta","has_rud_match":true}},{"type":"Feature","geometry":{"type":"Point","coordinates":[-76.5340353,3.3978391]},"properties":{"place_id":"ChIJuVux9k6hMI4RkyRpM5kTZKo","address":"Cra 66 #13B-78, Quintas De Don Simon","area":"Hacienda","zone":"Urbana","place_report_count":1,"evaluation_count":1,"nivel_dano_max":"bajo","severidad_max":"bajo","habitabilidad":"h","tipo_inmueble":"residencial","recomendaciones":"","rud_records":0,"rud_unique_docs":0,"rud_households":0,"rud_women":0,"rud_minors":0,"rud_older65":0,"rud_match_methods":"","rud_match_confidence":"","has_rud_match":false}},{"type":"Feature","geometry":{"type":"Point","coordinates":[-76.54608309999999,3.3979564]},"properties":{"place_id":"ChIJQfDkWFahMI4Rb7-5DD0Nudk","address":"Cl 5 #66-09, Comuna 17","area":"Limonar","zone":"Urbana","place_report_count":2,"evaluation_count":1,"nivel_dano_max":"medio","severidad_max":"bajo","habitabilidad":"i1","tipo_inmueble":"residencial","recomendaciones":"","rud_records":0,"rud_unique_docs":0,"rud_households":0,"rud_women":0,"rud_minors":0,"rud_older65":0,"rud_match_methods":"","rud_match_confidence":"","has_rud_match":false}},{"type":"Feature","geometry":{"type":"Point","coordinates":[-76.53467739999999,3.3980156]},"properties":{"place_id":"EkZDcmEuIDY2ICMxM2ItMjksIFF1aW50YXMgRGUgRG9uIFNpbW9uLCBDYWxpLCBWYWxsZSBkZWwgQ2F1Y2EsIENvbG9tYmlhIjASLgoUChIJFZPLXU6hMI4RAZo2yOChkqgQHSoUChIJkSweBlGhMI4R0mvpRL5pGh4","address":"Cra 66 #13B-29, Quintas De Don Simon","area":"Limonar","zone":"Urbana","place_report_count":1,"evaluation_count":2,"nivel_dano_max":"alto","severidad_max":"alto","habitabilidad":"i2","tipo_inmueble":"residencial","recomendaciones":"","rud_records":0,"rud_unique_docs":0,"rud_households":0,"rud_women":0,"rud_minors":0,"rud_older65":0,"rud_match_methods":"","rud_match_confidence":"","has_rud_match":false}},{"type":"Feature","geometry":{"type":"Point","coordinates":[-76.5491261,3.3984905]},"properties":{"place_id":"ChIJNVic9P2jMI4RYUiTT5o6c2A","address":"Cl 3A #65-107, El Refugio","area":"REFUGIO","zone":"Urbana","place_report_count":1,"evaluation_count":0,"nivel_dano_max":null,"severidad_max":null,"habitabilidad":"","tipo_inmueble":"","recomendaciones":"","rud_records":2,"rud_unique_docs":2,"rud_households":1,"rud_women":1,"rud_minors":0,"rud_older65":1,"rud_match_methods":"road_key","rud_match_confidence":"alta","has_rud_match":true}},{"type":"Feature","geometry":{"type":"Point","coordinates":[-76.550512,3.399169]},"properties":{"place_id":"ChIJYZTx3P2jMI4Rxr-nRPDSiwQ","address":"Cl 2C #65A-59, La Cascada","area":"EL REFUGIO","zone":"Rural","place_report_count":2,"evaluation_count":0,"nivel_dano_max":null,"severidad_max":null,"habitabilidad":"","tipo_inmueble":"","recomendaciones":"","rud_records":25,"rud_unique_docs":25,"rud_households":15,"rud_women":18,"rud_minors":2,"rud_older65":5,"rud_match_methods":"road_key","rud_match_confidence":"alta","has_rud_match":true}},{"type":"Feature","geometry":{"type":"Point","coordinates":[-76.55076079999999,3.3992542]},"properties":{"place_id":"ChIJ4xw68gmjMI4R0xqXPp2MQX8","address":"Cl 2C #65-48, Apat 102 El Refugio","area":"BARRIO EL REFUGIO","zone":"Rural","place_report_count":2,"evaluation_count":1,"nivel_dano_max":"alto","severidad_max":"alto","habitabilidad":"i2","tipo_inmueble":"residencial","recomendaciones":"evacuar_total","rud_records":46,"rud_unique_docs":46,"rud_households":19,"rud_women":27,"rud_minors":3,"rud_older65":16,"rud_match_methods":"road_key","rud_match_confidence":"alta","has_rud_match":true}},{"type":"Feature","geometry":{"type":"Point","coordinates":[-76.55076749999999,3.3996193]},"properties":{"place_id":"ChIJB5WP2P2jMI4RaUPYhuf-XjA","address":"Cl 2C #65-22, La Cascada La Cascada","area":"REFUGIO","zone":"Urbana","place_report_count":3,"evaluation_count":1,"nivel_dano_max":"medio","severidad_max":"medio_alto","habitabilidad":"r1","tipo_inmueble":"residencial","recomendaciones":"seguimiento","rud_records":34,"rud_unique_docs":34,"rud_households":14,"rud_women":25,"rud_minors":4,"rud_older65":12,"rud_match_methods":"road_key","rud_match_confidence":"alta","has_rud_match":true}},{"type":"Feature","geometry":{"type":"Point","coordinates":[-76.55127,3.3997196]},"properties":{"place_id":"EkRDcmEuIDY1ICMyYi0xNCBhcHRvIDQwMSwgTGEgQ2FzY2FkYSwgQ2FsaSwgVmFsbGUgZGVsIENhdWNhLCBDb2xvbWJpYSIkGiIKFgoUChIJhw-9eP6jMI4R7qkxDuRSyFISCGFwdG8gNDAx","address":"Cra 65 #2, B 14 401 La Cascada","area":"Refugio","zone":"Urbana","place_report_count":1,"evaluation_count":2,"nivel_dano_max":"alto","severidad_max":"medio_alto","habitabilidad":"i2","tipo_inmueble":"residencial","recomendaciones":"restringir_peatones","rud_records":0,"rud_unique_docs":0,"rud_households":0,"rud_women":0,"rud_minors":0,"rud_older65":0,"rud_match_methods":"","rud_match_confidence":"","has_rud_match":false}},{"type":"Feature","geometry":{"type":"Point","coordinates":[-76.55127,3.3997196]},"properties":{"place_id":"EkRDcmEuIDY1ICMyYi0xNCBhcHRvIDgwMSwgTGEgQ2FzY2FkYSwgQ2FsaSwgVmFsbGUgZGVsIENhdWNhLCBDb2xvbWJpYSIkGiIKFgoUChIJhw-9eP6jMI4R7qkxDuRSyFISCGFwdG8gODAx","address":"Cra 65 #2B-14, La Cascada","area":"EL REFUGIO","zone":"Rural","place_report_count":1,"evaluation_count":0,"nivel_dano_max":null,"severidad_max":null,"habitabilidad":"","tipo_inmueble":"","recomendaciones":"","rud_records":16,"rud_unique_docs":16,"rud_households":7,"rud_women":8,"rud_minors":3,"rud_older65":5,"rud_match_methods":"road_key","rud_match_confidence":"alta","has_rud_match":true}},{"type":"Feature","geometry":{"type":"Point","coordinates":[-76.54996153046113,3.39998]},"properties":{"place_id":"verified:3.39998,-76.54996","address":"Cl 3 #64-100","area":"EL REFUGIO","zone":"Urbana","place_report_count":1,"evaluation_count":0,"nivel_dano_max":null,"severidad_max":null,"habitabilidad":"","tipo_inmueble":"","recomendaciones":"","rud_records":11,"rud_unique_docs":11,"rud_households":4,"rud_women":7,"rud_minors":0,"rud_older65":2,"rud_match_methods":"road_key","rud_match_confidence":"alta","has_rud_match":true}},{"type":"Feature","geometry":{"type":"Point","coordinates":[-76.550853,3.3999942]},"properties":{"place_id":"ChIJxaVGd_6jMI4RFGRAACIpaxo","address":"Cra 65LA #2B-65, Cascada","area":"El refugio","zone":"Urbana","place_report_count":1,"evaluation_count":1,"nivel_dano_max":"sin_dano","severidad_max":"sin_dano","habitabilidad":"h","tipo_inmueble":"residencial","recomendaciones":"","rud_records":0,"rud_unique_docs":0,"rud_households":0,"rud_women":0,"rud_minors":0,"rud_older65":0,"rud_match_methods":"","rud_match_confidence":"","has_rud_match":false}},{"type":"Feature","geometry":{"type":"Point","coordinates":[-76.5699794,3.4000438]},"properties":{"place_id":"EkFDasOzbi4gTGEgQ29saW5hICM1LCBCZWxsYSBTdWl6YSwgQ2FsaSwgVmFsbGUgZGVsIENhdWNhLCBDb2xvbWJpYSIwEi4KFAoSCSnOJZz0ozCOEWFKp06XKwo4EAUqFAoSCSMqG1j0ozCOEXIH-l7sVKAz","address":"Cjon La Colina 5 Bella Suiza","area":"Buitrera","zone":"Urbana","place_report_count":1,"evaluation_count":1,"nivel_dano_max":"alto","severidad_max":"alto","habitabilidad":"i2","tipo_inmueble":"residencial","recomendaciones":"","rud_records":0,"rud_unique_docs":0,"rud_households":0,"rud_women":0,"rud_minors":0,"rud_older65":0,"rud_match_methods":"","rud_match_confidence":"","has_rud_match":false}},{"type":"Feature","geometry":{"type":"Point","coordinates":[-76.5482687,3.4001318]},"properties":{"place_id":"EjNDbC4gM0MsIEVsIFJlZnVnaW8sIENhbGksIFZhbGxlIGRlbCBDYXVjYSwgQ29sb21iaWEiLiosChQKEgmd91KdX6EwjhHgjAgyD6yTDxIUChIJd31D_FWhMI4R9OJ0_vucYl4","address":"Cl 3C, El Refugio","area":"Refugio","zone":"Urbana","place_report_count":1,"evaluation_count":1,"nivel_dano_max":"alto","severidad_max":"medio_alto","habitabilidad":"i2","tipo_inmueble":"residencial","recomendaciones":"","rud_records":0,"rud_unique_docs":0,"rud_households":0,"rud_women":0,"rud_minors":0,"rud_older65":0,"rud_match_methods":"","rud_match_confidence":"","has_rud_match":false}},{"type":"Feature","geometry":{"type":"Point","coordinates":[-76.521502,3.4003944]},"properties":{"place_id":"ChIJK8crFTShMI4RajK3gk2gSZM","address":"Cra 61 #26-54, Ciudad 2000","area":"LA ALBORADA","zone":"Urbana","place_report_count":6,"evaluation_count":0,"nivel_dano_max":null,"severidad_max":null,"habitabilidad":"","tipo_inmueble":"","recomendaciones":"","rud_records":3,"rud_unique_docs":3,"rud_households":1,"rud_women":1,"rud_minors":1,"rud_older65":0,"rud_match_methods":"road_key","rud_match_confidence":"alta","has_rud_match":true}},{"type":"Feature","geometry":{"type":"Point","coordinates":[-76.55406239999999,3.4006082]},"properties":{"place_id":"ChIJsX3SsP6jMI4RsZZgrn5ONv8","address":"Cra 64A #1B-28, La Cascada","area":"LA CASCADA","zone":"Urbana","place_report_count":1,"evaluation_count":0,"nivel_dano_max":null,"severidad_max":null,"habitabilidad":"","tipo_inmueble":"","recomendaciones":"","rud_records":2,"rud_unique_docs":2,"rud_households":1,"rud_women":1,"rud_minors":0,"rud_older65":0,"rud_match_methods":"road_key","rud_match_confidence":"alta","has_rud_match":true}},{"type":"Feature","geometry":{"type":"Point","coordinates":[-76.5288782,3.4006895]},"properties":{"place_id":"ChIJrWrMTgChMI4RyVQIw0JYgI4","address":"Comuna 17","area":"Chiminango","zone":"Urbana","place_report_count":1,"evaluation_count":1,"nivel_dano_max":"medio","severidad_max":"medio_alto","habitabilidad":"r2","tipo_inmueble":"residencial","recomendaciones":"","rud_records":0,"rud_unique_docs":0,"rud_households":0,"rud_women":0,"rud_minors":0,"rud_older65":0,"rud_match_methods":"","rud_match_confidence":"","has_rud_match":false}},{"type":"Feature","geometry":{"type":"Point","coordinates":[-76.5470978,3.4008039]},"properties":{"place_id":"ChIJydlgv1WhMI4RCpvijAQfKOg","address":"Cra 63A #3C-76, El Refugio","area":"EL REFUGIO","zone":"Urbana","place_report_count":7,"evaluation_count":0,"nivel_dano_max":null,"severidad_max":null,"habitabilidad":"","tipo_inmueble":"","recomendaciones":"","rud_records":137,"rud_unique_docs":136,"rud_households":75,"rud_women":81,"rud_minors":11,"rud_older65":41,"rud_match_methods":"road_key","rud_match_confidence":"alta","has_rud_match":true}},{"type":"Feature","geometry":{"type":"Point","coordinates":[-76.52494999999999,3.400881]},"properties":{"place_id":"ChIJV5PkkTWhMI4RjbN26ZMDqmE","address":"Cl 18A #56-20, Comuna 17","area":"Guadalupe","zone":"Urbana","place_report_count":1,"evaluation_count":1,"nivel_dano_max":"alto","severidad_max":"alto","habitabilidad":"i2","tipo_inmueble":"residencial","recomendaciones":"restringir_peatones","rud_records":0,"rud_unique_docs":0,"rud_households":0,"rud_women":0,"rud_minors":0,"rud_older65":0,"rud_match_methods":"","rud_match_confidence":"","has_rud_match":false}},{"type":"Feature","geometry":{"type":"Point","coordinates":[-76.552276,3.400989]},"properties":{"place_id":"verified:3.40099,-76.55228","address":"Cl 2A #64-01, Apat 401 La Cascada","area":"PAMPALINDA","zone":"Urbana","place_report_count":1,"evaluation_count":0,"nivel_dano_max":null,"severidad_max":null,"habitabilidad":"","tipo_inmueble":"","recomendaciones":"","rud_records":29,"rud_unique_docs":29,"rud_households":8,"rud_women":14,"rud_minors":2,"rud_older65":8,"rud_match_methods":"road_key","rud_match_confidence":"alta","has_rud_match":true}},{"type":"Feature","geometry":{"type":"Point","coordinates":[-76.536169,3.401007]},"properties":{"place_id":"verified:3.40101,-76.53617","address":"Cl 13A #64-50, La Hacienda","area":"EL LIMONAR, UNIDAD RESIDENCIAL LOS YARUMOS  APARTAMENTO 101","zone":"Urbana","place_report_count":1,"evaluation_count":0,"nivel_dano_max":null,"severidad_max":null,"habitabilidad":"","tipo_inmueble":"","recomendaciones":"","rud_records":2,"rud_unique_docs":2,"rud_households":1,"rud_women":1,"rud_minors":0,"rud_older65":2,"rud_match_methods":"road_key","rud_match_confidence":"alta","has_rud_match":true}},{"type":"Feature","geometry":{"type":"Point","coordinates":[-76.548144,3.4010275]},"properties":{"place_id":"ChIJLSWajVWhMI4RqnX_ChYjAn8","address":"Cl 3C #63A-45, El Refugio","area":"PAMPALINDA","zone":"Urbana","place_report_count":1,"evaluation_count":1,"nivel_dano_max":"bajo","severidad_max":"medio","habitabilidad":"h","tipo_inmueble":"residencial","recomendaciones":"demoler","rud_records":5,"rud_unique_docs":5,"rud_households":1,"rud_women":2,"rud_minors":1,"rud_older65":0,"rud_match_methods":"road_key","rud_match_confidence":"alta","has_rud_match":true}},{"type":"Feature","geometry":{"type":"Point","coordinates":[-76.55004679999999,3.4010971]},"properties":{"place_id":"Ei5DbC4gMyAjNjNhLTQ2LCBDYWxpLCBWYWxsZSBkZWwgQ2F1Y2EsIENvbG9tYmlhIjASLgoUChIJC0C-O_6jMI4Re3qtLzCLli4QLioUChIJr_ZSBP6jMI4RMLRWasYHLas","address":"Cl 3 #63A-46","area":"REFUGIO","zone":"Urbana","place_report_count":1,"evaluation_count":0,"nivel_dano_max":null,"severidad_max":null,"habitabilidad":"","tipo_inmueble":"","recomendaciones":"","rud_records":63,"rud_unique_docs":63,"rud_households":32,"rud_women":35,"rud_minors":3,"rud_older65":24,"rud_match_methods":"direccion_normalizada, road_key","rud_match_confidence":"alta","has_rud_match":true}},{"type":"Feature","geometry":{"type":"Point","coordinates":[-76.51543989999999,3.4011355]},"properties":{"place_id":"ChIJMZ42ZjKhMI4RfzwaDxuSnTM","address":"Cra 48 #45-14, Mariano Ramos","area":"Siloe","zone":"Urbana","place_report_count":1,"evaluation_count":1,"nivel_dano_max":"bajo","severidad_max":"bajo","habitabilidad":"h","tipo_inmueble":"educativo","recomendaciones":"seguimiento","rud_records":0,"rud_unique_docs":0,"rud_households":0,"rud_women":0,"rud_minors":0,"rud_older65":0,"rud_match_methods":"","rud_match_confidence":"","has_rud_match":false}},{"type":"Feature","geometry":{"type":"Point","coordinates":[-76.5459589,3.4011935]},"properties":{"place_id":"ChIJxYBGs1WhMI4Rb8QjteBBZEs","address":"Cra 63A #5-28, Pampa Linda","area":"Cañaveralejo","zone":"Urbana","place_report_count":1,"evaluation_count":1,"nivel_dano_max":"bajo","severidad_max":"bajo","habitabilidad":"r1","tipo_inmueble":"comercial","recomendaciones":"","rud_records":0,"rud_unique_docs":0,"rud_households":0,"rud_women":0,"rud_minors":0,"rud_older65":0,"rud_match_methods":"","rud_match_confidence":"","has_rud_match":false}},{"type":"Feature","geometry":{"type":"Point","coordinates":[-76.5460377,3.4014579]},"properties":{"place_id":"ChIJ2zxhrVWhMI4RC9LlI6_tsxc","address":"Cra 63A #5-11, Pampa Linda","area":"SIN INFORMACIÓN","zone":"Urbana","place_report_count":1,"evaluation_count":0,"nivel_dano_max":null,"severidad_max":null,"habitabilidad":"","tipo_inmueble":"","recomendaciones":"","rud_records":12,"rud_unique_docs":12,"rud_households":6,"rud_women":7,"rud_minors":0,"rud_older65":2,"rud_match_methods":"road_key","rud_match_confidence":"alta","has_rud_match":true}},{"type":"Feature","geometry":{"type":"Point","coordinates":[-76.55230449999999,3.4015715]},"properties":{"place_id":"EjtDbC4gMmEgIzYzYS0yNiwgTGEgQ2FzY2FkYSwgQ2FsaSwgVmFsbGUgZGVsIENhdWNhLCBDb2xvbWJpYSIwEi4KFAoSCccmtPH-ozCOEUAH8LBzB2V2EBoqFAoSCa1DB1X-ozCOER5IcF_sjaiu","address":"Cl 2A #63A-26, La Cascada","area":"PAMPALINDA","zone":"Urbana","place_report_count":1,"evaluation_count":0,"nivel_dano_max":null,"severidad_max":null,"habitabilidad":"","tipo_inmueble":"","recomendaciones":"","rud_records":1,"rud_unique_docs":1,"rud_households":1,"rud_women":1,"rud_minors":0,"rud_older65":0,"rud_match_methods":"road_key","rud_match_confidence":"alta","has_rud_match":true}},{"type":"Feature","geometry":{"type":"Point","coordinates":[-76.538781,3.401731]},"properties":{"place_id":"ChIJp0I-XlKhMI4RW5vknFIGZ14","address":"Cra 60A #11B-40, Santa Anita","area":"NIDAD RESIDENCIAL RINCÓN DEL VIENTO, CALI, VALLE DEL CAUCA.","zone":"Urbana","place_report_count":3,"evaluation_count":0,"nivel_dano_max":null,"severidad_max":null,"habitabilidad":"","tipo_inmueble":"","recomendaciones":"","rud_records":3,"rud_unique_docs":3,"rud_households":3,"rud_women":2,"rud_minors":0,"rud_older65":1,"rud_match_methods":"road_key","rud_match_confidence":"alta","has_rud_match":true}},{"type":"Feature","geometry":{"type":"Point","coordinates":[-76.5461005,3.4018511]},"properties":{"place_id":"EjtDbC4gNSAjNjJjLTUzLCBQYW1wYSBMaW5kYSwgQ2FsaSwgVmFsbGUgZGVsIENhdWNhLCBDb2xvbWJpYSIwEi4KFAoSCX2OZKlVoTCOEWbDjuDloEJYEDUqFAoSCftwGbxhoTCOEXhDhqJIFQPe","address":"Cl 5 #62C-53, Pampa Linda","area":"CAÑAVERALEJO","zone":"Urbana","place_report_count":2,"evaluation_count":0,"nivel_dano_max":null,"severidad_max":null,"habitabilidad":"","tipo_inmueble":"","recomendaciones":"","rud_records":9,"rud_unique_docs":9,"rud_households":4,"rud_women":5,"rud_minors":1,"rud_older65":3,"rud_match_methods":"road_key","rud_match_confidence":"alta","has_rud_match":true}},{"type":"Feature","geometry":{"type":"Point","coordinates":[-76.55189,3.401862]},"properties":{"place_id":"verified:3.40186,-76.55189","address":"Cra 63A #2A-17, Cuarto De Legua","area":"PAMPALINDA","zone":"Rural","place_report_count":1,"evaluation_count":0,"nivel_dano_max":null,"severidad_max":null,"habitabilidad":"","tipo_inmueble":"","recomendaciones":"","rud_records":4,"rud_unique_docs":4,"rud_households":1,"rud_women":3,"rud_minors":0,"rud_older65":1,"rud_match_methods":"road_key","rud_match_confidence":"alta","has_rud_match":true}},{"type":"Feature","geometry":{"type":"Point","coordinates":[-76.5240188,3.4020644]},"properties":{"place_id":"ChIJM7qJCzWhMI4R69Macsltab8","address":"Cl 18A #55-105, Samanes De Guadalupe Canaverales Los Samanes","area":"Samanes de guadalupe","zone":"Urbana","place_report_count":1,"evaluation_count":1,"nivel_dano_max":"medio","severidad_max":"medio_alto","habitabilidad":"r1","tipo_inmueble":"residencial","recomendaciones":"evacuar_parcial","rud_records":0,"rud_unique_docs":0,"rud_households":0,"rud_women":0,"rud_minors":0,"rud_older65":0,"rud_match_methods":"","rud_match_confidence":"","has_rud_match":false}},{"type":"Feature","geometry":{"type":"Point","coordinates":[-76.5278799,3.4021166]},"properties":{"place_id":"ChIJq7YA-kqhMI4RL7uaxDsw0iQ","address":"Cl 16 #56-90, Comuna 17","area":"Limonar","zone":"Urbana","place_report_count":1,"evaluation_count":1,"nivel_dano_max":"bajo","severidad_max":"bajo","habitabilidad":"r1","tipo_inmueble":"residencial","recomendaciones":"monitoreo","rud_records":0,"rud_unique_docs":0,"rud_households":0,"rud_women":0,"rud_minors":0,"rud_older65":0,"rud_match_methods":"","rud_match_confidence":"","has_rud_match":false}},{"type":"Feature","geometry":{"type":"Point","coordinates":[-76.52682039999999,3.4021666]},"properties":{"place_id":"ChIJ70Pa9CuhMI4Rjnjl8m8miq8","address":"Cra 56 #16-50, Comuna 17","area":"La paz","zone":"Urbana","place_report_count":1,"evaluation_count":1,"nivel_dano_max":"alto","severidad_max":"alto","habitabilidad":"i2","tipo_inmueble":"residencial","recomendaciones":"","rud_records":0,"rud_unique_docs":0,"rud_households":0,"rud_women":0,"rud_minors":0,"rud_older65":0,"rud_match_methods":"","rud_match_confidence":"","has_rud_match":false}},{"type":"Feature","geometry":{"type":"Point","coordinates":[-76.5022128,3.4023567]},"properties":{"place_id":"ChIJZx0fYdWgMI4RVWxFlYdwhFE","address":"Sector 1 Ciudad Cordoba","area":"Chiminango","zone":"Urbana","place_report_count":1,"evaluation_count":3,"nivel_dano_max":"alto","severidad_max":"alto","habitabilidad":"i1, i2","tipo_inmueble":"residencial","recomendaciones":"evacuar_total","rud_records":0,"rud_unique_docs":0,"rud_households":0,"rud_women":0,"rud_minors":0,"rud_older65":0,"rud_match_methods":"","rud_match_confidence":"","has_rud_match":false}},{"type":"Feature","geometry":{"type":"Point","coordinates":[-76.532134,3.402359]},"properties":{"place_id":"ChIJwwdyhUyhMI4RQJwr_Qdxm0k","address":"Cra 64A #13C-65, Comuna 17","area":"BOSQUES DE LIMONAR","zone":"Urbana","place_report_count":4,"evaluation_count":0,"nivel_dano_max":null,"severidad_max":null,"habitabilidad":"","tipo_inmueble":"","recomendaciones":"","rud_records":70,"rud_unique_docs":70,"rud_households":37,"rud_women":39,"rud_minors":7,"rud_older65":20,"rud_match_methods":"road_key","rud_match_confidence":"alta","has_rud_match":true}},{"type":"Feature","geometry":{"type":"Point","coordinates":[-76.53218129999999,3.4023774]},"properties":{"place_id":"ChIJG4RmhUyhMI4Rt3dxu09pnsc","address":"Cra 64a65 #13C, Bosques Del Limonar","area":"Bosqies de limonar","zone":"Urbana","place_report_count":1,"evaluation_count":1,"nivel_dano_max":"alto","severidad_max":"medio_alto","habitabilidad":"i2","tipo_inmueble":"","recomendaciones":"","rud_records":0,"rud_unique_docs":0,"rud_households":0,"rud_women":0,"rud_minors":0,"rud_older65":0,"rud_match_methods":"","rud_match_confidence":"","has_rud_match":false}},{"type":"Feature","geometry":{"type":"Point","coordinates":[-76.54988759999999,3.4024083]},"properties":{"place_id":"ChIJO3cBzP-jMI4RHtJ1nTtjn8E","address":"Cl 3 #63-34, Puente Blanco Lv Cuarto De Legua","area":"PAMPALINDA","zone":"Urbana","place_report_count":6,"evaluation_count":0,"nivel_dano_max":null,"severidad_max":null,"habitabilidad":"","tipo_inmueble":"","recomendaciones":"","rud_records":60,"rud_unique_docs":60,"rud_households":29,"rud_women":37,"rud_minors":8,"rud_older65":14,"rud_match_methods":"nomenclatura_sector","rud_match_confidence":"media","has_rud_match":true}},{"type":"Feature","geometry":{"type":"Point","coordinates":[-76.5416666,3.4024768]},"properties":{"place_id":"ChIJUVrHclOhMI4Rb_Rh3gD_hxg","address":"Cl 10 #62B-42, Pampa Linda","area":"Calle 10 no. 42a 02","zone":"Urbana","place_report_count":1,"evaluation_count":1,"nivel_dano_max":"alto","severidad_max":"medio_alto","habitabilidad":"r2","tipo_inmueble":"serv_publicos","recomendaciones":"evacuar_total","rud_records":0,"rud_unique_docs":0,"rud_households":0,"rud_women":0,"rud_minors":0,"rud_older65":0,"rud_match_methods":"","rud_match_confidence":"","has_rud_match":false}},{"type":"Feature","geometry":{"type":"Point","coordinates":[-76.551153,3.4026379]},"properties":{"place_id":"ChIJxXCur_-jMI4Ro84C1Nh4XyQ","address":"Cra 63 #2A-94, Cuarto De Legua","area":"PAMPALINDA","zone":"Urbana","place_report_count":1,"evaluation_count":0,"nivel_dano_max":null,"severidad_max":null,"habitabilidad":"","tipo_inmueble":"","recomendaciones":"","rud_records":3,"rud_unique_docs":3,"rud_households":1,"rud_women":2,"rud_minors":1,"rud_older65":0,"rud_match_methods":"road_key","rud_match_confidence":"alta","has_rud_match":true}},{"type":"Feature","geometry":{"type":"Point","coordinates":[-76.5514487,3.4027515]},"properties":{"place_id":"ChIJidofpv-jMI4RAlcPTgE5rjo","address":"Cra 63 #2A-62, Cuarto De Legua","area":"PAMPALINDA","zone":"Urbana","place_report_count":1,"evaluation_count":0,"nivel_dano_max":null,"severidad_max":null,"habitabilidad":"","tipo_inmueble":"","recomendaciones":"","rud_records":4,"rud_unique_docs":4,"rud_households":1,"rud_women":1,"rud_minors":0,"rud_older65":4,"rud_match_methods":"road_key","rud_match_confidence":"alta","has_rud_match":true}},{"type":"Feature","geometry":{"type":"Point","coordinates":[-76.5519056,3.4029529]},"properties":{"place_id":"ChIJVVUQCf-jMI4RQOviRkzn9bs","address":"Cra 63 #2A-03, Antonella Cuarto De Legua","area":"CUARTO DE LEGUA","zone":"Urbana","place_report_count":2,"evaluation_count":1,"nivel_dano_max":"alto","severidad_max":"alto","habitabilidad":"i2","tipo_inmueble":"residencial","recomendaciones":"","rud_records":3,"rud_unique_docs":3,"rud_households":3,"rud_women":2,"rud_minors":0,"rud_older65":0,"rud_match_methods":"road_key","rud_match_confidence":"alta","has_rud_match":true}},{"type":"Feature","geometry":{"type":"Point","coordinates":[-76.5511187,3.4029872]},"properties":{"place_id":"ChIJzWXtpP-jMI4RcUjI6gthxIc","address":"Cra 63 #2A-91, Cuarto De Legua","area":"PAMPALINDA","zone":"Urbana","place_report_count":1,"evaluation_count":0,"nivel_dano_max":null,"severidad_max":null,"habitabilidad":"","tipo_inmueble":"","recomendaciones":"","rud_records":2,"rud_unique_docs":2,"rud_households":1,"rud_women":2,"rud_minors":0,"rud_older65":1,"rud_match_methods":"road_key","rud_match_confidence":"alta","has_rud_match":true}},{"type":"Feature","geometry":{"type":"Point","coordinates":[-76.5385414,3.4030942]},"properties":{"place_id":"Ej5DcmEuIDU5YSAjMTFiLTI1LCBTYW50YSBBbml0YSwgQ2FsaSwgVmFsbGUgZGVsIENhdWNhLCBDb2xvbWJpYSIwEi4KFAoSCZupk5RSoTCOEeV4wbJXSZ3FEBkqFAoSCZ0MNOtSoTCOEcFRvkY795cA","address":"Cra 59A #11B-25, Santa Anita","area":"SANTA ANITA HOGAR GERIATRICO","zone":"Rural","place_report_count":1,"evaluation_count":0,"nivel_dano_max":null,"severidad_max":null,"habitabilidad":"","tipo_inmueble":"","recomendaciones":"","rud_records":1,"rud_unique_docs":1,"rud_households":1,"rud_women":1,"rud_minors":0,"rud_older65":0,"rud_match_methods":"road_key","rud_match_confidence":"alta","has_rud_match":true}},{"type":"Feature","geometry":{"type":"Point","coordinates":[-76.55012,3.4032451]},"properties":{"place_id":"ChIJjdTH6v-jMI4RylHlD5kPFD4","address":"Cl 2C #62A-45, Cuarto De Legua","area":"PAMPALINDA","zone":"Urbana","place_report_count":4,"evaluation_count":0,"nivel_dano_max":null,"severidad_max":null,"habitabilidad":"","tipo_inmueble":"","recomendaciones":"","rud_records":11,"rud_unique_docs":11,"rud_households":6,"rud_women":8,"rud_minors":0,"rud_older65":6,"rud_match_methods":"road_key","rud_match_confidence":"alta","has_rud_match":true}},{"type":"Feature","geometry":{"type":"Point","coordinates":[-76.55893789999999,3.403469]},"properties":{"place_id":"ChIJd0XTgfejMI4Rpe3uETAz7R8","address":"Guadalupe","area":"Guadalupe","zone":"Urbana","place_report_count":1,"evaluation_count":3,"nivel_dano_max":"bajo","severidad_max":"medio","habitabilidad":"h, r1","tipo_inmueble":"residencial","recomendaciones":"","rud_records":0,"rud_unique_docs":0,"rud_households":0,"rud_women":0,"rud_minors":0,"rud_older65":0,"rud_match_methods":"","rud_match_confidence":"","has_rud_match":false}},{"type":"Feature","geometry":{"type":"Point","coordinates":[-76.531685,3.4035626]},"properties":{"place_id":"ChIJERVWpkyhMI4RIgDQ4d4FOHc","address":"Cl 14 #54-15, Primero De Mayo","area":"PRIMERO DE MAYO","zone":"Urbana","place_report_count":2,"evaluation_count":1,"nivel_dano_max":"alto","severidad_max":"alto","habitabilidad":"i2","tipo_inmueble":"residencial","recomendaciones":"","rud_records":46,"rud_unique_docs":46,"rud_households":22,"rud_women":27,"rud_minors":4,"rud_older65":14,"rud_match_methods":"nomenclatura_sector","rud_match_confidence":"media","has_rud_match":true}},{"type":"Feature","geometry":{"type":"Point","coordinates":[-76.5122032,3.4035788]},"properties":{"place_id":"ChIJMxMdMS2hMI4Rhs5roX9d7AE","address":"Cl 46 #45-53, Republica De Israel","area":"DEPARTAMENTAL","zone":"Urbana","place_report_count":1,"evaluation_count":1,"nivel_dano_max":"sin_dano","severidad_max":"sin_dano","habitabilidad":"h","tipo_inmueble":"educativo","recomendaciones":"","rud_records":0,"rud_unique_docs":0,"rud_households":0,"rud_women":0,"rud_minors":0,"rud_older65":0,"rud_match_methods":"","rud_match_confidence":"","has_rud_match":false}},{"type":"Feature","geometry":{"type":"Point","coordinates":[-76.5453686,3.404064]},"properties":{"place_id":"ChIJ__-r0VShMI4RcT6cTe7h134","address":"Cl 6A #61-120, Pampa Linda","area":"CAÑAVERALEJO","zone":"Urbana","place_report_count":1,"evaluation_count":0,"nivel_dano_max":null,"severidad_max":null,"habitabilidad":"","tipo_inmueble":"","recomendaciones":"","rud_records":4,"rud_unique_docs":4,"rud_households":1,"rud_women":1,"rud_minors":0,"rud_older65":0,"rud_match_methods":"road_key","rud_match_confidence":"alta","has_rud_match":true}},{"type":"Feature","geometry":{"type":"Point","coordinates":[-76.53013,3.4042]},"properties":{"place_id":"ChIJqTE0S0uhMI4RlaM3Mslmu6o","address":"Cl 14b120 #53, Comuna 17","area":"El Limonar","zone":"Urbana","place_report_count":2,"evaluation_count":1,"nivel_dano_max":"bajo","severidad_max":"medio","habitabilidad":"h","tipo_inmueble":"residencial","recomendaciones":"","rud_records":0,"rud_unique_docs":0,"rud_households":0,"rud_women":0,"rud_minors":0,"rud_older65":0,"rud_match_methods":"","rud_match_confidence":"","has_rud_match":false}},{"type":"Feature","geometry":{"type":"Point","coordinates":[-76.550952,3.404244]},"properties":{"place_id":"ChIJ4cP9hf-jMI4R3DvC-pVeeOQ","address":"Cra 62 #2A-96, Cuarto De Legua Guadalupe","area":"PAMPALINDA","zone":"Rural","place_report_count":2,"evaluation_count":0,"nivel_dano_max":null,"severidad_max":null,"habitabilidad":"","tipo_inmueble":"","recomendaciones":"","rud_records":3,"rud_unique_docs":3,"rud_households":1,"rud_women":2,"rud_minors":0,"rud_older65":1,"rud_match_methods":"road_key","rud_match_confidence":"alta","has_rud_match":true}},{"type":"Feature","geometry":{"type":"Point","coordinates":[-76.547579,3.404391]},"properties":{"place_id":"ChIJRdAAS1WhMI4RVjkRStvz6lM","address":"Cra 62 #4-29, Cuarto De Legua","area":"PAMPALINDA","zone":"Urbana","place_report_count":1,"evaluation_count":0,"nivel_dano_max":null,"severidad_max":null,"habitabilidad":"","tipo_inmueble":"","recomendaciones":"","rud_records":3,"rud_unique_docs":3,"rud_households":2,"rud_women":3,"rud_minors":0,"rud_older65":0,"rud_match_methods":"road_key","rud_match_confidence":"alta","has_rud_match":true}},{"type":"Feature","geometry":{"type":"Point","coordinates":[-76.54742999999999,3.404443]},"properties":{"place_id":"ChIJjT6XSlWhMI4RNtADRyZnPBo","address":"Cl 5 #61-82, Pampalinda","area":"PAMPALINDA","zone":"Urbana","place_report_count":3,"evaluation_count":1,"nivel_dano_max":"alto","severidad_max":"alto","habitabilidad":"i2","tipo_inmueble":"","recomendaciones":"","rud_records":68,"rud_unique_docs":68,"rud_households":30,"rud_women":43,"rud_minors":3,"rud_older65":19,"rud_match_methods":"nomenclatura_sector","rud_match_confidence":"media","has_rud_match":true}},{"type":"Feature","geometry":{"type":"Point","coordinates":[-76.5483083,3.4044508]},"properties":{"place_id":"ChIJneEbU1WhMI4RdH9gJviKM50","address":"Cra 62 #3-145, Cuarto De Legua","area":"PAMPA LINDA","zone":"Urbana","place_report_count":1,"evaluation_count":0,"nivel_dano_max":null,"severidad_max":null,"habitabilidad":"","tipo_inmueble":"","recomendaciones":"","rud_records":3,"rud_unique_docs":3,"rud_households":1,"rud_women":2,"rud_minors":0,"rud_older65":0,"rud_match_methods":"road_key","rud_match_confidence":"alta","has_rud_match":true}},{"type":"Feature","geometry":{"type":"Point","coordinates":[-76.5412983,3.4044717]},"properties":{"place_id":"ChIJH0A0y6ymMI4Rsgo7C-Y7T2o","address":"Cra 62 #9-280, Pampalinda","area":"CAMINO REAL","zone":"Urbana","place_report_count":3,"evaluation_count":2,"nivel_dano_max":"medio","severidad_max":"medio","habitabilidad":"i2, r1","tipo_inmueble":"residencial","recomendaciones":"","rud_records":29,"rud_unique_docs":29,"rud_households":17,"rud_women":16,"rud_minors":1,"rud_older65":14,"rud_match_methods":"road_key","rud_match_confidence":"alta","has_rud_match":true}},{"type":"Feature","geometry":{"type":"Point","coordinates":[-76.54971,3.404512]},"properties":{"place_id":"ChIJKYSFCQCkMI4Rz0U1rbbJtSA","address":"Cl 3 #61A-12, Cuarto De Legua Guadalupe","area":"CUARTO DE LEGUA","zone":"Urbana","place_report_count":2,"evaluation_count":0,"nivel_dano_max":null,"severidad_max":null,"habitabilidad":"","tipo_inmueble":"","recomendaciones":"","rud_records":3,"rud_unique_docs":3,"rud_households":2,"rud_women":1,"rud_minors":0,"rud_older65":0,"rud_match_methods":"road_key","rud_match_confidence":"alta","has_rud_match":true}},{"type":"Feature","geometry":{"type":"Point","coordinates":[-76.537271,3.404525]},"properties":{"place_id":"ChIJw_gsVU2hMI4RMJ7APxIroFY","address":"Cl 12A #57-21, Santa Anita La Selva","area":"SANTA ANITA","zone":"Urbana","place_report_count":3,"evaluation_count":0,"nivel_dano_max":null,"severidad_max":null,"habitabilidad":"","tipo_inmueble":"","recomendaciones":"","rud_records":94,"rud_unique_docs":94,"rud_households":49,"rud_women":57,"rud_minors":2,"rud_older65":52,"rud_match_methods":"road_key","rud_match_confidence":"alta","has_rud_match":true}},{"type":"Feature","geometry":{"type":"Point","coordinates":[-76.549162,3.404622]},"properties":{"place_id":"ChIJBSC0AACkMI4RYKA-vYBwrek","address":"Cra 62 #3-49, Cuarto De Legua","area":"CUARTO DE LEGUA","zone":"Urbana","place_report_count":2,"evaluation_count":0,"nivel_dano_max":null,"severidad_max":null,"habitabilidad":"","tipo_inmueble":"","recomendaciones":"","rud_records":1,"rud_unique_docs":1,"rud_households":1,"rud_women":0,"rud_minors":0,"rud_older65":0,"rud_match_methods":"road_key","rud_match_confidence":"alta","has_rud_match":true}},{"type":"Feature","geometry":{"type":"Point","coordinates":[-76.5499253,3.404666]},"properties":{"place_id":"ChIJoUwhCgCkMI4ReWYlAAoheeY","address":"Cra 62 #2A-197, Cuarto De Legua","area":"PAMPALINDA","zone":"Rural","place_report_count":1,"evaluation_count":0,"nivel_dano_max":null,"severidad_max":null,"habitabilidad":"","tipo_inmueble":"","recomendaciones":"","rud_records":3,"rud_unique_docs":3,"rud_households":3,"rud_women":1,"rud_minors":0,"rud_older65":0,"rud_match_methods":"road_key","rud_match_confidence":"alta","has_rud_match":true}},{"type":"Feature","geometry":{"type":"Point","coordinates":[-76.5503682,3.4047136]},"properties":{"place_id":"ChIJza_ZdACkMI4RoEE_093wGgY","address":"Cra 62 #2A-157, Cuarto De Legua","area":"PAMPALINDA","zone":"Urbana","place_report_count":1,"evaluation_count":0,"nivel_dano_max":null,"severidad_max":null,"habitabilidad":"","tipo_inmueble":"","recomendaciones":"","rud_records":5,"rud_unique_docs":5,"rud_households":1,"rud_women":2,"rud_minors":0,"rud_older65":2,"rud_match_methods":"road_key","rud_match_confidence":"alta","has_rud_match":true}},{"type":"Feature","geometry":{"type":"Point","coordinates":[-76.5464582,3.4047245]},"properties":{"place_id":"ChIJnxlb0qqmMI4Rc4CZ3l3SeY4","address":"Cra 61 #5-05, Pampa Linda","area":"JOAQUIN PAZ BORRERO","zone":"Urbana","place_report_count":1,"evaluation_count":0,"nivel_dano_max":null,"severidad_max":null,"habitabilidad":"","tipo_inmueble":"","recomendaciones":"","rud_records":1,"rud_unique_docs":1,"rud_households":1,"rud_women":1,"rud_minors":0,"rud_older65":1,"rud_match_methods":"road_key","rud_match_confidence":"alta","has_rud_match":true}},{"type":"Feature","geometry":{"type":"Point","coordinates":[-76.5518204,3.4047519]},"properties":{"place_id":"EkJDbC4gMmEgJiBDcmEuIDYyLCBDdWFydG8gZGUgTGVndWEsIENhbGksIFZhbGxlIGRlbCBDYXVjYSwgQ29sb21iaWEiZiJkChQKEglvxe6AAKQwjhEk7E6GS_pu-RIUChIJb8XugACkMI4RJOxOhkv6bvkaFAoSCa1DB1X-ozCOER5IcF_sjaiuGhQKEgkzmHoKAKQwjhFshnlJyTCu8CIKDR-GBwIVhB5f0g","address":"Cl 2A, Cra 62 Cuarto De Legua","area":"Pampalinda","zone":"Urbana","place_report_count":1,"evaluation_count":1,"nivel_dano_max":"medio","severidad_max":"medio","habitabilidad":"i1","tipo_inmueble":"otro","recomendaciones":"","rud_records":0,"rud_unique_docs":0,"rud_households":0,"rud_women":0,"rud_minors":0,"rud_older65":0,"rud_match_methods":"","rud_match_confidence":"","has_rud_match":false}},{"type":"Feature","geometry":{"type":"Point","coordinates":[-76.5503414,3.4049334]},"properties":{"place_id":"ChIJXZ9DcwCkMI4RP4jIV1aPiHQ","address":"Cra 61A #2A-152, Cuarto De Legua","area":"PAMPALINDA","zone":"Urbana","place_report_count":1,"evaluation_count":0,"nivel_dano_max":null,"severidad_max":null,"habitabilidad":"","tipo_inmueble":"","recomendaciones":"","rud_records":1,"rud_unique_docs":1,"rud_households":1,"rud_women":0,"rud_minors":0,"rud_older65":1,"rud_match_methods":"road_key","rud_match_confidence":"alta","has_rud_match":true}},{"type":"Feature","geometry":{"type":"Point","coordinates":[-76.5506809,3.4049825]},"properties":{"place_id":"ChIJF3ATcQCkMI4RpWngmDyu0B8","address":"Cra 61A #2A-136, Cuarto De Legua","area":"PAMPALINDA","zone":"Urbana","place_report_count":1,"evaluation_count":0,"nivel_dano_max":null,"severidad_max":null,"habitabilidad":"","tipo_inmueble":"","recomendaciones":"","rud_records":2,"rud_unique_docs":2,"rud_households":1,"rud_women":1,"rud_minors":0,"rud_older65":1,"rud_match_methods":"road_key","rud_match_confidence":"alta","has_rud_match":true}},{"type":"Feature","geometry":{"type":"Point","coordinates":[-76.5462979,3.405007]},"properties":{"place_id":"ChIJSyTT0KqmMI4RQQj3W3WtYPo","address":"Cl 6 #60-62, Pampa Linda","area":"CAMINO REAL - JOAQUÍN BORRERO SINISTERRA","zone":"Urbana","place_report_count":1,"evaluation_count":0,"nivel_dano_max":null,"severidad_max":null,"habitabilidad":"","tipo_inmueble":"","recomendaciones":"","rud_records":5,"rud_unique_docs":5,"rud_households":3,"rud_women":3,"rud_minors":1,"rud_older65":0,"rud_match_methods":"nomenclatura_sector","rud_match_confidence":"media","has_rud_match":true}},{"type":"Feature","geometry":{"type":"Point","coordinates":[-76.5409593,3.4050089]},"properties":{"place_id":"ChIJ_eDsz6ymMI4R65ycMb1awfE","address":"Cra 61A #9-266, Pampa Linda","area":"CAMINO REAL","zone":"Urbana","place_report_count":5,"evaluation_count":1,"nivel_dano_max":"alto","severidad_max":"medio_alto","habitabilidad":"i2","tipo_inmueble":"residencial","recomendaciones":"","rud_records":21,"rud_unique_docs":21,"rud_households":9,"rud_women":12,"rud_minors":3,"rud_older65":5,"rud_match_methods":"road_key","rud_match_confidence":"alta","has_rud_match":true}},{"type":"Feature","geometry":{"type":"Point","coordinates":[-76.5507885,3.4050124]},"properties":{"place_id":"EkJDcmEuIDYxYSAjMmEtMTIwLCBDdWFydG8gZGUgTGVndWEsIENhbGksIFZhbGxlIGRlbCBDYXVjYSwgQ29sb21iaWEiMBIuChQKEglT0DpwAKQwjhFskT4BhknQUBB4KhQKEgmlWR5wAKQwjhEIr_CTnGWUTw","address":"Cra 61A #2A-120, Cuarto De Legua","area":"PAMPALINDA","zone":"Urbana","place_report_count":1,"evaluation_count":0,"nivel_dano_max":null,"severidad_max":null,"habitabilidad":"","tipo_inmueble":"","recomendaciones":"","rud_records":2,"rud_unique_docs":2,"rud_households":1,"rud_women":1,"rud_minors":0,"rud_older65":0,"rud_match_methods":"road_key","rud_match_confidence":"alta","has_rud_match":true}},{"type":"Feature","geometry":{"type":"Point","coordinates":[-76.5517881,3.405015]},"properties":{"place_id":"EjhDbC4gMmEsIEN1YXJ0byBkZSBMZWd1YSwgQ2FsaSwgVmFsbGUgZGVsIENhdWNhLCBDb2xvbWJpYSIuKiwKFAoSCa1DB1X-ozCOER5IcF_sjaiuEhQKEglJu8-dAaQwjhGWWqs2RuItqA","address":"Cl 2A, Cuarto De Legua","area":"Cuarto de legua","zone":"Urbana","place_report_count":1,"evaluation_count":1,"nivel_dano_max":"medio","severidad_max":"medio_alto","habitabilidad":"i3","tipo_inmueble":"reunion","recomendaciones":"","rud_records":0,"rud_unique_docs":0,"rud_households":0,"rud_women":0,"rud_minors":0,"rud_older65":0,"rud_match_methods":"","rud_match_confidence":"","has_rud_match":false}},{"type":"Feature","geometry":{"type":"Point","coordinates":[-76.5373559,3.4050491]},"properties":{"place_id":"ChIJ09c8WK2mMI4Rzi5axjMkGmk","address":"Cra 57 #11A-49, Santa Anita","area":"SANTA ANITA","zone":"Urbana","place_report_count":1,"evaluation_count":0,"nivel_dano_max":null,"severidad_max":null,"habitabilidad":"","tipo_inmueble":"","recomendaciones":"","rud_records":51,"rud_unique_docs":51,"rud_households":19,"rud_women":24,"rud_minors":2,"rud_older65":13,"rud_match_methods":"road_key","rud_match_confidence":"alta","has_rud_match":true}},{"type":"Feature","geometry":{"type":"Point","coordinates":[-76.546628,3.4050652]},"properties":{"place_id":"ChIJ62gf0KqmMI4RBQpk4Muy2Dk","address":"Cl 5 #59A-55, Pampa Linda","area":"SIN INFORMACIÓN","zone":"Urbana","place_report_count":1,"evaluation_count":0,"nivel_dano_max":null,"severidad_max":null,"habitabilidad":"","tipo_inmueble":"","recomendaciones":"","rud_records":2,"rud_unique_docs":2,"rud_households":1,"rud_women":1,"rud_minors":0,"rud_older65":1,"rud_match_methods":"road_key","rud_match_confidence":"alta","has_rud_match":true}},{"type":"Feature","geometry":{"type":"Point","coordinates":[-76.5516236,3.405081]},"properties":{"place_id":"ChIJPQlafQCkMI4RJk1XveGnGrk","address":"Cra 61a06 #2A, Cuarto De Legua","area":"Pampalinda","zone":"Urbana","place_report_count":1,"evaluation_count":1,"nivel_dano_max":"bajo","severidad_max":"bajo","habitabilidad":"h","tipo_inmueble":"otro","recomendaciones":"","rud_records":0,"rud_unique_docs":0,"rud_households":0,"rud_women":0,"rud_minors":0,"rud_older65":0,"rud_match_methods":"","rud_match_confidence":"","has_rud_match":false}},{"type":"Feature","geometry":{"type":"Point","coordinates":[-76.5428278,3.4050831]},"properties":{"place_id":"ChIJZ2Y5pqymMI4R_6C3RNgGg2M","address":"Cra 61 #9-90, Pampa Linda","area":"CAÑAVERALEJO","zone":"Urbana","place_report_count":5,"evaluation_count":0,"nivel_dano_max":null,"severidad_max":null,"habitabilidad":"","tipo_inmueble":"","recomendaciones":"","rud_records":10,"rud_unique_docs":10,"rud_households":6,"rud_women":6,"rud_minors":0,"rud_older65":5,"rud_match_methods":"road_key","rud_match_confidence":"alta","has_rud_match":true}},{"type":"Feature","geometry":{"type":"Point","coordinates":[-76.5381068,3.4050865]},"properties":{"place_id":"EjVDcmEuIDU3LCBTYW50YSBBbml0YSwgQ2FsaSwgVmFsbGUgZGVsIENhdWNhLCBDb2xvbWJpYSIuKiwKFAoSCQnS7kxNoTCOEUK8XcNjlDZrEhQKEgmLH8vJTaEwjhH8YvdyLSPYDw","address":"Cra 57, Santa Anita","area":"Santa anita","zone":"Urbana","place_report_count":1,"evaluation_count":1,"nivel_dano_max":"medio","severidad_max":"medio","habitabilidad":"r1","tipo_inmueble":"residencial","recomendaciones":"","rud_records":0,"rud_unique_docs":0,"rud_households":0,"rud_women":0,"rud_minors":0,"rud_older65":0,"rud_match_methods":"","rud_match_confidence":"","has_rud_match":false}},{"type":"Feature","geometry":{"type":"Point","coordinates":[-76.54259019999999,3.4051356]},"properties":{"place_id":"ChIJDSUfvz6nMI4RBQrIRYBNJqU","address":"Cra 61 #9-92, Pampa Linda","area":"BARRIO CAÑAVERALEJO","zone":"Urbana","place_report_count":3,"evaluation_count":0,"nivel_dano_max":null,"severidad_max":null,"habitabilidad":"","tipo_inmueble":"","recomendaciones":"","rud_records":5,"rud_unique_docs":5,"rud_households":2,"rud_women":3,"rud_minors":2,"rud_older65":1,"rud_match_methods":"road_key","rud_match_confidence":"alta","has_rud_match":true}},{"type":"Feature","geometry":{"type":"Point","coordinates":[-76.54987,3.405236]},"properties":{"place_id":"ChIJnceVwqqmMI4RqQxY1PnuTS4","address":"Cra 61A #2A-197, Cuarto De Legua Guadalupe","area":"CUARTO DE LEGUA","zone":"Urbana","place_report_count":3,"evaluation_count":0,"nivel_dano_max":null,"severidad_max":null,"habitabilidad":"","tipo_inmueble":"","recomendaciones":"","rud_records":19,"rud_unique_docs":19,"rud_households":11,"rud_women":7,"rud_minors":0,"rud_older65":3,"rud_match_methods":"road_key","rud_match_confidence":"alta","has_rud_match":true}},{"type":"Feature","geometry":{"type":"Point","coordinates":[-76.5453162,3.4052397]},"properties":{"place_id":"ChIJLcShJaumMI4RiwM_YJZgguQ","address":"Cl 6A #60-41, Pampa Linda","area":"JOAQUÍN BORRERO","zone":"Urbana","place_report_count":1,"evaluation_count":0,"nivel_dano_max":null,"severidad_max":null,"habitabilidad":"","tipo_inmueble":"","recomendaciones":"","rud_records":3,"rud_unique_docs":3,"rud_households":1,"rud_women":2,"rud_minors":0,"rud_older65":1,"rud_match_methods":"road_key","rud_match_confidence":"alta","has_rud_match":true}},{"type":"Feature","geometry":{"type":"Point","coordinates":[-76.53718959999999,3.4052582]},"properties":{"place_id":"ChIJuYlBp7KmMI4R58tEs5tyEGc","address":"Cl 12A #56-60, Santa Anita La Selva","area":"SANTA ANITA","zone":"Urbana","place_report_count":3,"evaluation_count":1,"nivel_dano_max":"alto","severidad_max":"medio_alto","habitabilidad":"i1","tipo_inmueble":"residencial","recomendaciones":"","rud_records":38,"rud_unique_docs":38,"rud_households":17,"rud_women":19,"rud_minors":3,"rud_older65":13,"rud_match_methods":"road_key","rud_match_confidence":"alta","has_rud_match":true}},{"type":"Feature","geometry":{"type":"Point","coordinates":[-76.54272499999999,3.4052859]},"properties":{"place_id":"ChIJtx1WIwCnMI4RXCYUTZGwTrA","address":"Pampa Linda","area":"CALLE 3C # 63A - 44","zone":"Urbana","place_report_count":1,"evaluation_count":0,"nivel_dano_max":null,"severidad_max":null,"habitabilidad":"","tipo_inmueble":"","recomendaciones":"","rud_records":2,"rud_unique_docs":2,"rud_households":1,"rud_women":1,"rud_minors":0,"rud_older65":2,"rud_match_methods":"direccion_normalizada","rud_match_confidence":"alta","has_rud_match":true}},{"type":"Feature","geometry":{"type":"Point","coordinates":[-76.55062099999999,3.405296]},"properties":{"place_id":"ChIJf-jYbQCkMI4RCBU5-52G9is","address":"Cra 61A #2A-127, Cuarto De Legua","area":"PAMPALINDA","zone":"Urbana","place_report_count":1,"evaluation_count":0,"nivel_dano_max":null,"severidad_max":null,"habitabilidad":"","tipo_inmueble":"","recomendaciones":"","rud_records":2,"rud_unique_docs":2,"rud_households":1,"rud_women":2,"rud_minors":0,"rud_older65":1,"rud_match_methods":"road_key","rud_match_confidence":"alta","has_rud_match":true}},{"type":"Feature","geometry":{"type":"Point","coordinates":[-76.5509239,3.4053081]},"properties":{"place_id":"ChIJlfOYbwCkMI4RY3bxlEFVPdA","address":"Cra 61A #2A-95, Cuarto De Legua","area":"Pampalinda","zone":"Urbana","place_report_count":1,"evaluation_count":1,"nivel_dano_max":"bajo","severidad_max":"bajo","habitabilidad":"h","tipo_inmueble":"residencial","recomendaciones":"seguimiento","rud_records":0,"rud_unique_docs":0,"rud_households":0,"rud_women":0,"rud_minors":0,"rud_older65":0,"rud_match_methods":"","rud_match_confidence":"","has_rud_match":false}},{"type":"Feature","geometry":{"type":"Point","coordinates":[-76.5490031,3.4053305]},"properties":{"place_id":"ChIJHVH2HACkMI4RoC_nNkAD8sY","address":"Cra 61 #3-72, Cuarto De Legua","area":"PAMPALINDA","zone":"Urbana","place_report_count":1,"evaluation_count":0,"nivel_dano_max":null,"severidad_max":null,"habitabilidad":"","tipo_inmueble":"","recomendaciones":"","rud_records":3,"rud_unique_docs":3,"rud_households":1,"rud_women":2,"rud_minors":0,"rud_older65":2,"rud_match_methods":"road_key","rud_match_confidence":"alta","has_rud_match":true}},{"type":"Feature","geometry":{"type":"Point","coordinates":[-76.5491302,3.4053406]},"properties":{"place_id":"ChIJByh7HACkMI4RUet4Zzhvavc","address":"Cra 61 #3-66, Cuarto De Legua","area":"PAMPALINDA","zone":"Rural","place_report_count":1,"evaluation_count":0,"nivel_dano_max":null,"severidad_max":null,"habitabilidad":"","tipo_inmueble":"","recomendaciones":"","rud_records":5,"rud_unique_docs":5,"rud_households":1,"rud_women":3,"rud_minors":0,"rud_older65":2,"rud_match_methods":"road_key","rud_match_confidence":"alta","has_rud_match":true}},{"type":"Feature","geometry":{"type":"Point","coordinates":[-76.5491555,3.405343]},"properties":{"place_id":"ChIJQ50SHACkMI4RjLkyKt0S2aM","address":"Cra 61 #3-56, Cuarto De Legua","area":"PAMPALINDA","zone":"Rural","place_report_count":1,"evaluation_count":0,"nivel_dano_max":null,"severidad_max":null,"habitabilidad":"","tipo_inmueble":"","recomendaciones":"","rud_records":3,"rud_unique_docs":3,"rud_households":1,"rud_women":2,"rud_minors":0,"rud_older65":1,"rud_match_methods":"road_key","rud_match_confidence":"alta","has_rud_match":true}},{"type":"Feature","geometry":{"type":"Point","coordinates":[-76.5492819,3.4053555]},"properties":{"place_id":"ChIJ4fXBGwCkMI4RGcZcFOQcq-g","address":"Cra 61 #3-40, Cuarto De Legua","area":"PAMPALINDA","zone":"Urbana","place_report_count":1,"evaluation_count":0,"nivel_dano_max":null,"severidad_max":null,"habitabilidad":"","tipo_inmueble":"","recomendaciones":"","rud_records":3,"rud_unique_docs":3,"rud_households":1,"rud_women":1,"rud_minors":0,"rud_older65":1,"rud_match_methods":"road_key","rud_match_confidence":"alta","has_rud_match":true}},{"type":"Feature","geometry":{"type":"Point","coordinates":[-76.5499318,3.4054033]},"properties":{"place_id":"ChIJm69SEQCkMI4RXYzKKXi4N6c","address":"Cra 61 #2A-198, Cuarto De Legua","area":"PAMPALINDA","zone":"Urbana","place_report_count":1,"evaluation_count":0,"nivel_dano_max":null,"severidad_max":null,"habitabilidad":"","tipo_inmueble":"","recomendaciones":"","rud_records":1,"rud_unique_docs":1,"rud_households":1,"rud_women":0,"rud_minors":0,"rud_older65":0,"rud_match_methods":"road_key","rud_match_confidence":"alta","has_rud_match":true}},{"type":"Feature","geometry":{"type":"Point","coordinates":[-76.5460008,3.4054172]},"properties":{"place_id":"ChIJkx222KqmMI4RvP2aTK6vH84","address":"Cl 6 #60-23, Pampa Linda","area":"JUAQUIN BORRERO","zone":"Urbana","place_report_count":1,"evaluation_count":0,"nivel_dano_max":null,"severidad_max":null,"habitabilidad":"","tipo_inmueble":"","recomendaciones":"","rud_records":4,"rud_unique_docs":4,"rud_households":1,"rud_women":4,"rud_minors":0,"rud_older65":3,"rud_match_methods":"road_key","rud_match_confidence":"alta","has_rud_match":true}},{"type":"Feature","geometry":{"type":"Point","coordinates":[-76.5372173,3.405427]},"properties":{"place_id":"ChIJVVWFoLKmMI4RXcLTPW2u-Cs","address":"Cl 12A #56-04, Santa Anita","area":"SANTA ANITA","zone":"Urbana","place_report_count":4,"evaluation_count":0,"nivel_dano_max":null,"severidad_max":null,"habitabilidad":"","tipo_inmueble":"","recomendaciones":"","rud_records":51,"rud_unique_docs":51,"rud_households":22,"rud_women":26,"rud_minors":1,"rud_older65":16,"rud_match_methods":"road_key","rud_match_confidence":"alta","has_rud_match":true}},{"type":"Feature","geometry":{"type":"Point","coordinates":[-76.5372173,3.405427]},"properties":{"place_id":"ChIJIVmDoLKmMI4RyoufhHGBxYA","address":"Cl 12A #56-4, Santa Anita","area":"SANTA ANITA  - EDIFICIO LAVERDY","zone":"Urbana","place_report_count":2,"evaluation_count":0,"nivel_dano_max":null,"severidad_max":null,"habitabilidad":"","tipo_inmueble":"","recomendaciones":"","rud_records":2,"rud_unique_docs":2,"rud_households":1,"rud_women":1,"rud_minors":0,"rud_older65":0,"rud_match_methods":"road_key","rud_match_confidence":"alta","has_rud_match":true}},{"type":"Feature","geometry":{"type":"Point","coordinates":[-76.5500876,3.4054278]},"properties":{"place_id":"ChIJXfV2EwCkMI4RG4twI_UQgfs","address":"Cra 61 #2A-174, Cuarto De Legua","area":"PAMPALINDA","zone":"Urbana","place_report_count":1,"evaluation_count":0,"nivel_dano_max":null,"severidad_max":null,"habitabilidad":"","tipo_inmueble":"","recomendaciones":"","rud_records":5,"rud_unique_docs":5,"rud_households":1,"rud_women":3,"rud_minors":0,"rud_older65":3,"rud_match_methods":"road_key","rud_match_confidence":"alta","has_rud_match":true}},{"type":"Feature","geometry":{"type":"Point","coordinates":[-76.5529597,3.4054584]},"properties":{"place_id":"ChIJL8yqt7elMI4Ru_s0-AtgE1U","address":"Cra 61A #1D-81, Cuarto De Legua","area":"PAMPALINDA","zone":"Urbana","place_report_count":1,"evaluation_count":0,"nivel_dano_max":null,"severidad_max":null,"habitabilidad":"","tipo_inmueble":"","recomendaciones":"","rud_records":3,"rud_unique_docs":3,"rud_households":1,"rud_women":1,"rud_minors":0,"rud_older65":2,"rud_match_methods":"road_key","rud_match_confidence":"alta","has_rud_match":true}},{"type":"Feature","geometry":{"type":"Point","coordinates":[-76.5511111,3.4055419]},"properties":{"place_id":"ChIJ5bhxZgCkMI4RZevaED04h5w","address":"Cra 61 #2A-56, Cuarto De Legua","area":"PAMPALINDA","zone":"Urbana","place_report_count":1,"evaluation_count":0,"nivel_dano_max":null,"severidad_max":null,"habitabilidad":"","tipo_inmueble":"","recomendaciones":"","rud_records":3,"rud_unique_docs":3,"rud_households":1,"rud_women":3,"rud_minors":0,"rud_older65":1,"rud_match_methods":"road_key","rud_match_confidence":"alta","has_rud_match":true}},{"type":"Feature","geometry":{"type":"Point","coordinates":[-76.5482651,3.4055816]},"properties":{"place_id":"ChIJz4qgo6qmMI4RAmUOxJe47B8","address":"Cra 61 #3-161, Pampalinda","area":"CUARTO DE LENGUA","zone":"Urbana","place_report_count":1,"evaluation_count":0,"nivel_dano_max":null,"severidad_max":null,"habitabilidad":"","tipo_inmueble":"","recomendaciones":"","rud_records":2,"rud_unique_docs":2,"rud_households":1,"rud_women":1,"rud_minors":0,"rud_older65":0,"rud_match_methods":"road_key","rud_match_confidence":"alta","has_rud_match":true}},{"type":"Feature","geometry":{"type":"Point","coordinates":[-76.55132,3.40559]},"properties":{"place_id":"verified:3.40559,-76.55132","address":"Cra 61a2, A 39","area":"PAMPALINDA","zone":"Urbana","place_report_count":1,"evaluation_count":0,"nivel_dano_max":null,"severidad_max":null,"habitabilidad":"","tipo_inmueble":"","recomendaciones":"","rud_records":4,"rud_unique_docs":4,"rud_households":1,"rud_women":1,"rud_minors":0,"rud_older65":0,"rud_match_methods":"direccion_normalizada","rud_match_confidence":"alta","has_rud_match":true}},{"type":"Feature","geometry":{"type":"Point","coordinates":[-76.54375449999999,3.4056245]},"properties":{"place_id":"ChIJa_80XaumMI4RmuCVutlSLX0","address":"Cra 61 #7-65, Pampa Linda","area":"Pampa Linda","zone":"Urbana","place_report_count":1,"evaluation_count":1,"nivel_dano_max":"medio","severidad_max":"medio_alto","habitabilidad":"r1","tipo_inmueble":"residencial","recomendaciones":"","rud_records":0,"rud_unique_docs":0,"rud_households":0,"rud_women":0,"rud_minors":0,"rud_older65":0,"rud_match_methods":"","rud_match_confidence":"","has_rud_match":false}},{"type":"Feature","geometry":{"type":"Point","coordinates":[-76.5488455,3.4056254]},"properties":{"place_id":"ChIJuTigoKqmMI4RXDuyd6NgjwI","address":"Cra 61 #3-93, Cuarto De Legua","area":"CUARTO DE LEGUA","zone":"Urbana","place_report_count":1,"evaluation_count":0,"nivel_dano_max":null,"severidad_max":null,"habitabilidad":"","tipo_inmueble":"","recomendaciones":"","rud_records":1,"rud_unique_docs":1,"rud_households":1,"rud_women":0,"rud_minors":0,"rud_older65":0,"rud_match_methods":"road_key","rud_match_confidence":"alta","has_rud_match":true}},{"type":"Feature","geometry":{"type":"Point","coordinates":[-76.552448,3.405653]},"properties":{"place_id":"ChIJ6wB5kgCkMI4RI9YVo76fcNQ","address":"Cra 61 #1D-130, Cuarto De Legua","area":"Pampalinda","zone":"Urbana","place_report_count":1,"evaluation_count":1,"nivel_dano_max":"medio","severidad_max":"medio","habitabilidad":"h","tipo_inmueble":"residencial","recomendaciones":"","rud_records":0,"rud_unique_docs":0,"rud_households":0,"rud_women":0,"rud_minors":0,"rud_older65":0,"rud_match_methods":"","rud_match_confidence":"","has_rud_match":false}},{"type":"Feature","geometry":{"type":"Point","coordinates":[-76.5491997,3.4056668]},"properties":{"place_id":"Ej9DcmEuIDYxICMzLTYxLCBDdWFydG8gZGUgTGVndWEsIENhbGksIFZhbGxlIGRlbCBDYXVjYSwgQ29sb21iaWEiMBIuChQKEgl713ceAKQwjhFNZp1o8z9I_xA9KhQKEgk7oYA4VaEwjhH75iREBGWsnw","address":"Cra 61 #3-61, Cuarto De Legua","area":"PAMPALINDA","zone":"Urbana","place_report_count":1,"evaluation_count":0,"nivel_dano_max":null,"severidad_max":null,"habitabilidad":"","tipo_inmueble":"","recomendaciones":"","rud_records":3,"rud_unique_docs":3,"rud_households":1,"rud_women":2,"rud_minors":0,"rud_older65":2,"rud_match_methods":"road_key","rud_match_confidence":"alta","has_rud_match":true}},{"type":"Feature","geometry":{"type":"Point","coordinates":[-76.5481069,3.4056779]},"properties":{"place_id":"ChIJzyKzoqqmMI4RD1kFFVFXGyU","address":"Cl 4 #60-61, Cuarto De Legua","area":"CUARTO DE LEGUA","zone":"Urbana","place_report_count":3,"evaluation_count":0,"nivel_dano_max":null,"severidad_max":null,"habitabilidad":"","tipo_inmueble":"","recomendaciones":"","rud_records":14,"rud_unique_docs":14,"rud_households":6,"rud_women":7,"rud_minors":3,"rud_older65":1,"rud_match_methods":"road_key","rud_match_confidence":"alta","has_rud_match":true}},{"type":"Feature","geometry":{"type":"Point","coordinates":[-76.54942129999999,3.4056849]},"properties":{"place_id":"ChIJv4NLGACkMI4RTixzF7pFrFE","address":"Cra 61 #3-21, Cuarto De Legua","area":"PAMPA LINDA CASA","zone":"Urbana","place_report_count":1,"evaluation_count":0,"nivel_dano_max":null,"severidad_max":null,"habitabilidad":"","tipo_inmueble":"","recomendaciones":"","rud_records":2,"rud_unique_docs":2,"rud_households":1,"rud_women":1,"rud_minors":0,"rud_older65":2,"rud_match_methods":"road_key","rud_match_confidence":"alta","has_rud_match":true}},{"type":"Feature","geometry":{"type":"Point","coordinates":[-76.55003040000001,3.4057145]},"properties":{"place_id":"ChIJUWiXFQCkMI4R1TtWiqeFAcc","address":"Cra 61 #2A-173, Cuarto De Legua","area":"PAMPALINDA","zone":"Urbana","place_report_count":1,"evaluation_count":0,"nivel_dano_max":null,"severidad_max":null,"habitabilidad":"","tipo_inmueble":"","recomendaciones":"","rud_records":2,"rud_unique_docs":2,"rud_households":1,"rud_women":0,"rud_minors":0,"rud_older65":0,"rud_match_methods":"road_key","rud_match_confidence":"alta","has_rud_match":true}},{"type":"Feature","geometry":{"type":"Point","coordinates":[-76.54739359999999,3.4057477]},"properties":{"place_id":"ChIJf3lJlaqmMI4RJOZfGa9d724","address":"Cl 5 #60, Cuarto De Legua","area":"Pampalinda","zone":"Urbana","place_report_count":1,"evaluation_count":2,"nivel_dano_max":"alto","severidad_max":"alto","habitabilidad":"i2","tipo_inmueble":"residencial","recomendaciones":"","rud_records":0,"rud_unique_docs":0,"rud_households":0,"rud_women":0,"rud_minors":0,"rud_older65":0,"rud_match_methods":"","rud_match_confidence":"","has_rud_match":false}},{"type":"Feature","geometry":{"type":"Point","coordinates":[-76.5447423,3.4059761]},"properties":{"place_id":"ChIJCZ8VFKumMI4RHhjSh15IekQ","address":"Cl 7 #59A-39, Pampa Linda","area":"JOAQUIN BORRERO SINISTERRA","zone":"Urbana","place_report_count":1,"evaluation_count":0,"nivel_dano_max":null,"severidad_max":null,"habitabilidad":"","tipo_inmueble":"","recomendaciones":"","rud_records":4,"rud_unique_docs":4,"rud_households":1,"rud_women":3,"rud_minors":1,"rud_older65":1,"rud_match_methods":"road_key","rud_match_confidence":"alta","has_rud_match":true}},{"type":"Feature","geometry":{"type":"Point","coordinates":[-76.5474144,3.4059838]},"properties":{"place_id":"EjpDbC4gNSAjNjAtNjQsIFBhbXBhIExpbmRhLCBDYWxpLCBWYWxsZSBkZWwgQ2F1Y2EsIENvbG9tYmlhIjASLgoUChIJD-Ax66qmMI4Rqu-4LVJyfL4QQCoUChIJ-3AZvGGhMI4ReEOGokgVA94","address":"Cl 5 #60-64, Pampa Linda","area":"PAMPALINDA","zone":"Urbana","place_report_count":20,"evaluation_count":0,"nivel_dano_max":null,"severidad_max":null,"habitabilidad":"","tipo_inmueble":"","recomendaciones":"","rud_records":172,"rud_unique_docs":171,"rud_households":83,"rud_women":103,"rud_minors":16,"rud_older65":51,"rud_match_methods":"road_key","rud_match_confidence":"alta","has_rud_match":true}},{"type":"Feature","geometry":{"type":"Point","coordinates":[-76.529917,3.4059913]},"properties":{"place_id":"ChIJR3Ub7bSmMI4Rx5zq9AWXOE0","address":"Cl 14A #50A-22, Comuna 17","area":"EL LIMONAR","zone":"Rural","place_report_count":4,"evaluation_count":0,"nivel_dano_max":null,"severidad_max":null,"habitabilidad":"","tipo_inmueble":"","recomendaciones":"","rud_records":3,"rud_unique_docs":3,"rud_households":2,"rud_women":3,"rud_minors":0,"rud_older65":0,"rud_match_methods":"road_key","rud_match_confidence":"alta","has_rud_match":true}},{"type":"Feature","geometry":{"type":"Point","coordinates":[-76.5472395,3.4060211]},"properties":{"place_id":"EjpDbC4gNSAjNjAtNjEsIFBhbXBhIExpbmRhLCBDYWxpLCBWYWxsZSBkZWwgQ2F1Y2EsIENvbG9tYmlhIjASLgoUChIJD-Ax66qmMI4Rq--4LVJyfL4QPSoUChIJ-3AZvGGhMI4ReEOGokgVA94","address":"Cl 5 #60-61, Pampa Linda","area":"PAMPALINDA","zone":"Urbana","place_report_count":2,"evaluation_count":0,"nivel_dano_max":null,"severidad_max":null,"habitabilidad":"","tipo_inmueble":"","recomendaciones":"","rud_records":3,"rud_unique_docs":3,"rud_households":2,"rud_women":3,"rud_minors":0,"rud_older65":1,"rud_match_methods":"road_key","rud_match_confidence":"alta","has_rud_match":true}},{"type":"Feature","geometry":{"type":"Point","coordinates":[-76.54875539999999,3.4061476]},"properties":{"place_id":"ChIJabvunaqmMI4RELRh70O35h0","address":"Cra 60A #3-95, Cuarto De Legua","area":"PAMPALINDA","zone":"Urbana","place_report_count":1,"evaluation_count":0,"nivel_dano_max":null,"severidad_max":null,"habitabilidad":"","tipo_inmueble":"","recomendaciones":"","rud_records":5,"rud_unique_docs":5,"rud_households":1,"rud_women":4,"rud_minors":0,"rud_older65":0,"rud_match_methods":"road_key","rud_match_confidence":"alta","has_rud_match":true}},{"type":"Feature","geometry":{"type":"Point","coordinates":[-76.5447573,3.4062069]},"properties":{"place_id":"EjtDbC4gNyAjNTlhLTE1LCBQYW1wYSBMaW5kYSwgQ2FsaSwgVmFsbGUgZGVsIENhdWNhLCBDb2xvbWJpYSIwEi4KFAoSCS01BT2rpjCOEYq-unhk200BEA8qFAoSCdVRb6iZpjCOEaeRHO-SRQ3O","address":"Cl 7 #59A-15, Pampa Linda","area":"SIN INFORMACIÓN","zone":"Urbana","place_report_count":1,"evaluation_count":0,"nivel_dano_max":null,"severidad_max":null,"habitabilidad":"","tipo_inmueble":"","recomendaciones":"","rud_records":3,"rud_unique_docs":3,"rud_households":1,"rud_women":1,"rud_minors":0,"rud_older65":0,"rud_match_methods":"road_key","rud_match_confidence":"alta","has_rud_match":true}},{"type":"Feature","geometry":{"type":"Point","coordinates":[-76.54648949999999,3.40643]},"properties":{"place_id":"ChIJI_De-qqmMI4RQu5c7bMU_Ho","address":"Cra 59A #5-41, Camino Real Joaquin Borrero Sinisterra","area":"SIN INFORMACIÓN","zone":"Urbana","place_report_count":5,"evaluation_count":0,"nivel_dano_max":null,"severidad_max":null,"habitabilidad":"","tipo_inmueble":"","recomendaciones":"","rud_records":38,"rud_unique_docs":38,"rud_households":16,"rud_women":16,"rud_minors":4,"rud_older65":5,"rud_match_methods":"road_key","rud_match_confidence":"alta","has_rud_match":true}},{"type":"Feature","geometry":{"type":"Point","coordinates":[-76.54893,3.406456]},"properties":{"place_id":"ChIJZ3NsKACkMI4Rhsyo4_IC-1Y","address":"Cra 60 #3-76, Cuarto De Legua","area":"PAMPALINDA CASA 2 PISOS","zone":"Urbana","place_report_count":1,"evaluation_count":0,"nivel_dano_max":null,"severidad_max":null,"habitabilidad":"","tipo_inmueble":"","recomendaciones":"","rud_records":4,"rud_unique_docs":4,"rud_households":1,"rud_women":2,"rud_minors":0,"rud_older65":0,"rud_match_methods":"road_key","rud_match_confidence":"alta","has_rud_match":true}},{"type":"Feature","geometry":{"type":"Point","coordinates":[-76.54999509999999,3.4064808]},"properties":{"place_id":"ChIJgdFBNwCkMI4RhNIpXME6uyE","address":"Cra 60 #2A-168, Cuarto De Legua","area":"PAMPALINDA","zone":"Urbana","place_report_count":1,"evaluation_count":0,"nivel_dano_max":null,"severidad_max":null,"habitabilidad":"","tipo_inmueble":"","recomendaciones":"","rud_records":5,"rud_unique_docs":5,"rud_households":1,"rud_women":3,"rud_minors":1,"rud_older65":2,"rud_match_methods":"road_key","rud_match_confidence":"alta","has_rud_match":true}},{"type":"Feature","geometry":{"type":"Point","coordinates":[-76.55502299999999,3.406481]},"properties":{"place_id":"ChIJNfjiMQekMI4R-En22CB4bYA","address":"Cl 1A #60-61, Cuarto De Legua","area":"PAMPA LINDA","zone":"Urbana","place_report_count":2,"evaluation_count":0,"nivel_dano_max":null,"severidad_max":null,"habitabilidad":"","tipo_inmueble":"","recomendaciones":"","rud_records":10,"rud_unique_docs":10,"rud_households":5,"rud_women":6,"rud_minors":0,"rud_older65":4,"rud_match_methods":"road_key","rud_match_confidence":"alta","has_rud_match":true}},{"type":"Feature","geometry":{"type":"Point","coordinates":[-76.52996399999999,3.406494]},"properties":{"place_id":"ChIJMRm89LSmMI4REgqugRj-2z8","address":"Cl 14A #50-68, Comuna 17","area":"PRIMERO DE MAYO","zone":"Urbana","place_report_count":1,"evaluation_count":0,"nivel_dano_max":null,"severidad_max":null,"habitabilidad":"","tipo_inmueble":"","recomendaciones":"","rud_records":6,"rud_unique_docs":6,"rud_households":3,"rud_women":3,"rud_minors":1,"rud_older65":1,"rud_match_methods":"road_key","rud_match_confidence":"alta","has_rud_match":true}},{"type":"Feature","geometry":{"type":"Point","coordinates":[-76.5331241,3.4065128]},"properties":{"place_id":"ChIJvY2OC7OmMI4RrxFEtjaj8UE","address":"Cra 53 #13A-155, De Mayo","area":"PRIMERO DE MAYO","zone":"Urbana","place_report_count":3,"evaluation_count":0,"nivel_dano_max":null,"severidad_max":null,"habitabilidad":"","tipo_inmueble":"","recomendaciones":"","rud_records":49,"rud_unique_docs":49,"rud_households":17,"rud_women":24,"rud_minors":8,"rud_older65":5,"rud_match_methods":"road_key","rud_match_confidence":"alta","has_rud_match":true}},{"type":"Feature","geometry":{"type":"Point","coordinates":[-76.536646,3.4065358]},"properties":{"place_id":"EjVDbC4gMTJhLCBTYW50YSBBbml0YSwgQ2FsaSwgVmFsbGUgZGVsIENhdWNhLCBDb2xvbWJpYSIuKiwKFAoSCWXsr4aypjCOESbtlAhIQ0e8EhQKEgmLH8vJTaEwjhH8YvdyLSPYDw","address":"Cl 12A, Santa Anita","area":"Santa Anita","zone":"Urbana","place_report_count":1,"evaluation_count":3,"nivel_dano_max":"alto","severidad_max":"alto","habitabilidad":"i2","tipo_inmueble":"","recomendaciones":"","rud_records":0,"rud_unique_docs":0,"rud_households":0,"rud_women":0,"rud_minors":0,"rud_older65":0,"rud_match_methods":"","rud_match_confidence":"","has_rud_match":false}},{"type":"Feature","geometry":{"type":"Point","coordinates":[-76.5465138,3.4065646]},"properties":{"place_id":"ChIJ2aRP-qqmMI4R67pvVQWg21k","address":"Cl 6 #59-58, Pampa Linda","area":"JOAQUIN BORRERO SINISTERRA","zone":"Urbana","place_report_count":1,"evaluation_count":0,"nivel_dano_max":null,"severidad_max":null,"habitabilidad":"","tipo_inmueble":"","recomendaciones":"","rud_records":1,"rud_unique_docs":1,"rud_households":1,"rud_women":0,"rud_minors":0,"rud_older65":0,"rud_match_methods":"road_key","rud_match_confidence":"alta","has_rud_match":true}},{"type":"Feature","geometry":{"type":"Point","coordinates":[-76.547526,3.4066223]},"properties":{"place_id":"ChIJC-nOjaqmMI4RKTA72SRMlXw","address":"Cra 60 #4-49, Cuarto De Legua","area":"CUARTO DE LEGUA","zone":"Urbana","place_report_count":11,"evaluation_count":0,"nivel_dano_max":null,"severidad_max":null,"habitabilidad":"","tipo_inmueble":"","recomendaciones":"","rud_records":97,"rud_unique_docs":97,"rud_households":53,"rud_women":68,"rud_minors":5,"rud_older65":42,"rud_match_methods":"road_key","rud_match_confidence":"alta","has_rud_match":true}},{"type":"Feature","geometry":{"type":"Point","coordinates":[-76.5512162,3.4066313]},"properties":{"place_id":"ChIJGdgPUQCkMI4Ru5_wQI-6Dmw","address":"Cra 60 #2A-34, Cuarto De Legua","area":"PAMPALINDA","zone":"Urbana","place_report_count":1,"evaluation_count":0,"nivel_dano_max":null,"severidad_max":null,"habitabilidad":"","tipo_inmueble":"","recomendaciones":"","rud_records":4,"rud_unique_docs":4,"rud_households":1,"rud_women":2,"rud_minors":0,"rud_older65":0,"rud_match_methods":"road_key","rud_match_confidence":"alta","has_rud_match":true}},{"type":"Feature","geometry":{"type":"Point","coordinates":[-76.5378868,3.4066353]},"properties":{"place_id":"ChIJcbbEea2mMI4RLrthbBlaP7Y","address":"Cl 11A #55A-55, Santa Anita La Selva","area":"SANTA ANITA","zone":"Rural","place_report_count":1,"evaluation_count":0,"nivel_dano_max":null,"severidad_max":null,"habitabilidad":"","tipo_inmueble":"","recomendaciones":"","rud_records":133,"rud_unique_docs":132,"rud_households":64,"rud_women":63,"rud_minors":16,"rud_older65":23,"rud_match_methods":"road_key","rud_match_confidence":"alta","has_rud_match":true}},{"type":"Feature","geometry":{"type":"Point","coordinates":[-76.5513326,3.4067016]},"properties":{"place_id":"ChIJR_dNUQCkMI4RM6gZW6qq054","address":"Cra 60 #2A-26, Cuarto De Legua","area":"PAMPALINDA","zone":"Rural","place_report_count":1,"evaluation_count":0,"nivel_dano_max":null,"severidad_max":null,"habitabilidad":"","tipo_inmueble":"","recomendaciones":"","rud_records":3,"rud_unique_docs":3,"rud_households":1,"rud_women":2,"rud_minors":0,"rud_older65":1,"rud_match_methods":"road_key","rud_match_confidence":"alta","has_rud_match":true}},{"type":"Feature","geometry":{"type":"Point","coordinates":[-76.551166,3.406707]},"properties":{"place_id":"ChIJ55KCUQCkMI4RFK5L9UNMzQg","address":"Cra 60 #2A-42, Cuarto De Legua","area":"PAMPALINDA","zone":"Urbana","place_report_count":1,"evaluation_count":0,"nivel_dano_max":null,"severidad_max":null,"habitabilidad":"","tipo_inmueble":"","recomendaciones":"","rud_records":1,"rud_unique_docs":1,"rud_households":1,"rud_women":1,"rud_minors":0,"rud_older65":1,"rud_match_methods":"road_key","rud_match_confidence":"alta","has_rud_match":true}},{"type":"Feature","geometry":{"type":"Point","coordinates":[-76.5463805,3.4067088]},"properties":{"place_id":"ChIJcxpC-aqmMI4RAgtyn9DKLjY","address":"Cl 6 #59-42, Pampa Linda","area":"BARRIO JOAQUÍN BORRERO SINISTERRA","zone":"Urbana","place_report_count":1,"evaluation_count":0,"nivel_dano_max":null,"severidad_max":null,"habitabilidad":"","tipo_inmueble":"","recomendaciones":"","rud_records":15,"rud_unique_docs":15,"rud_households":6,"rud_women":10,"rud_minors":1,"rud_older65":1,"rud_match_methods":"road_key","rud_match_confidence":"alta","has_rud_match":true}},{"type":"Feature","geometry":{"type":"Point","coordinates":[-76.54536879999999,3.4067546]},"properties":{"place_id":"ChIJUdryBqumMI4RQvB9DQnCqJ8","address":"Cl 6A #59-43, Pampa Linda","area":"CAMINO REAL","zone":"Rural","place_report_count":1,"evaluation_count":0,"nivel_dano_max":null,"severidad_max":null,"habitabilidad":"","tipo_inmueble":"","recomendaciones":"","rud_records":1,"rud_unique_docs":1,"rud_households":1,"rud_women":1,"rud_minors":0,"rud_older65":1,"rud_match_methods":"road_key","rud_match_confidence":"alta","has_rud_match":true}},{"type":"Feature","geometry":{"type":"Point","coordinates":[-76.53449959999999,3.4068788]},"properties":{"place_id":"EjpDcmEuIDUzICMxMy02NSwgMSBkZSBNYXlvLCBDYWxpLCBWYWxsZSBkZWwgQ2F1Y2EsIENvbG9tYmlhIjASLgoUChIJJW_4ALOmMI4RFzKFMqO_YQYQQSoUChIJh_70ObKmMI4RzoZv3rQrrXo","address":"Cra 53 #13-65, De Mayo","area":"PRIMERO DE MAYO","zone":"Urbana","place_report_count":2,"evaluation_count":0,"nivel_dano_max":null,"severidad_max":null,"habitabilidad":"","tipo_inmueble":"","recomendaciones":"","rud_records":3,"rud_unique_docs":3,"rud_households":2,"rud_women":1,"rud_minors":0,"rud_older65":0,"rud_match_methods":"nomenclatura_sector","rud_match_confidence":"media","has_rud_match":true}},{"type":"Feature","geometry":{"type":"Point","coordinates":[-76.5451021,3.4068966]},"properties":{"place_id":"ChIJR2IWCKumMI4RBHgjI6wspZM","address":"Cl 7 #59-20, Pampa Linda","area":"JOAQUIN BORRERO SINISTERRA","zone":"Urbana","place_report_count":1,"evaluation_count":0,"nivel_dano_max":null,"severidad_max":null,"habitabilidad":"","tipo_inmueble":"","recomendaciones":"","rud_records":5,"rud_unique_docs":5,"rud_households":1,"rud_women":2,"rud_minors":0,"rud_older65":1,"rud_match_methods":"road_key","rud_match_confidence":"alta","has_rud_match":true}},{"type":"Feature","geometry":{"type":"Point","coordinates":[-76.5434719,3.4069056]},"properties":{"place_id":"ChIJfSm7eKumMI4ROAJ9MR-sHvo","address":"Cl 7A #56-136, Pampa Linda","area":"CAMINO REAL","zone":"Urbana","place_report_count":2,"evaluation_count":0,"nivel_dano_max":null,"severidad_max":null,"habitabilidad":"","tipo_inmueble":"","recomendaciones":"","rud_records":9,"rud_unique_docs":9,"rud_households":3,"rud_women":4,"rud_minors":1,"rud_older65":1,"rud_match_methods":"road_key","rud_match_confidence":"alta","has_rud_match":true}},{"type":"Feature","geometry":{"type":"Point","coordinates":[-76.55059140000002,3.4069119]},"properties":{"place_id":"ChIJMet6SwCkMI4R0ttFwBChKCg","address":"Cra 60 #2A-99, Cuarto De Legua","area":"SIN INFORMACIÓN","zone":"Urbana","place_report_count":1,"evaluation_count":0,"nivel_dano_max":null,"severidad_max":null,"habitabilidad":"","tipo_inmueble":"","recomendaciones":"","rud_records":4,"rud_unique_docs":4,"rud_households":1,"rud_women":2,"rud_minors":0,"rud_older65":3,"rud_match_methods":"road_key","rud_match_confidence":"alta","has_rud_match":true}},{"type":"Feature","geometry":{"type":"Point","coordinates":[-76.5508768,3.4069312]},"properties":{"place_id":"ChIJ5-8UTQCkMI4RchHThArlJGY","address":"Cra 60 #2A-67, Cuarto De Legua","area":"CUARTO DE LEGUA","zone":"Rural","place_report_count":1,"evaluation_count":0,"nivel_dano_max":null,"severidad_max":null,"habitabilidad":"","tipo_inmueble":"","recomendaciones":"","rud_records":2,"rud_unique_docs":2,"rud_households":2,"rud_women":2,"rud_minors":0,"rud_older65":0,"rud_match_methods":"road_key","rud_match_confidence":"alta","has_rud_match":true}},{"type":"Feature","geometry":{"type":"Point","coordinates":[-76.55143699999999,3.406967]},"properties":{"place_id":"ChIJdT6VVACkMI4RRrlx2sUWBXA","address":"Cl 2A #58-51, Cuarto De Legua","area":"CUARTO DE LEGUA","zone":"Rural","place_report_count":1,"evaluation_count":0,"nivel_dano_max":null,"severidad_max":null,"habitabilidad":"","tipo_inmueble":"","recomendaciones":"","rud_records":2,"rud_unique_docs":2,"rud_households":2,"rud_women":0,"rud_minors":0,"rud_older65":0,"rud_match_methods":"road_key","rud_match_confidence":"alta","has_rud_match":true}},{"type":"Feature","geometry":{"type":"Point","coordinates":[-76.5484139,3.407064]},"properties":{"place_id":"ChIJf03vfaqmMI4R2Rg9_2j5gSY","address":"Cl 4 #58-30, Cuarto De Legua","area":"CUARTO DE LEGUA","zone":"Urbana","place_report_count":1,"evaluation_count":0,"nivel_dano_max":null,"severidad_max":null,"habitabilidad":"","tipo_inmueble":"","recomendaciones":"","rud_records":2,"rud_unique_docs":2,"rud_households":1,"rud_women":1,"rud_minors":0,"rud_older65":1,"rud_match_methods":"road_key","rud_match_confidence":"alta","has_rud_match":true}},{"type":"Feature","geometry":{"type":"Point","coordinates":[-76.54659319999999,3.4070659]},"properties":{"place_id":"ChIJqy-aV6qmMI4ReT_XNrYoW6E","address":"Cra 59 #5-36, Pampa Linda","area":"JOAQUÍN BORRERO SINISTERRA","zone":"Urbana","place_report_count":1,"evaluation_count":0,"nivel_dano_max":null,"severidad_max":null,"habitabilidad":"","tipo_inmueble":"","recomendaciones":"","rud_records":1,"rud_unique_docs":1,"rud_households":1,"rud_women":0,"rud_minors":0,"rud_older65":0,"rud_match_methods":"road_key","rud_match_confidence":"alta","has_rud_match":true}},{"type":"Feature","geometry":{"type":"Point","coordinates":[-76.5464177,3.4070739]},"properties":{"place_id":"ChIJZ6-zV6qmMI4RjYd3uqA8m5Q","address":"Cra 59 #5-42, Camino Real Joaquin Borrero Sinisterra","area":"JOAQUIN BORRERO SINISTERRA","zone":"Urbana","place_report_count":6,"evaluation_count":1,"nivel_dano_max":"medio","severidad_max":"medio_alto","habitabilidad":"r1","tipo_inmueble":"residencial","recomendaciones":"","rud_records":10,"rud_unique_docs":10,"rud_households":5,"rud_women":6,"rud_minors":2,"rud_older65":2,"rud_match_methods":"road_key","rud_match_confidence":"alta","has_rud_match":true}},{"type":"Feature","geometry":{"type":"Point","coordinates":[-76.5506285,3.4070857]},"properties":{"place_id":"ChIJCYGntAGkMI4RU1zt2SpOTT4","address":"Cra 60 #2A-115, Cuarto De Legua","area":"CUARTO DE LEGUA","zone":"Urbana","place_report_count":1,"evaluation_count":0,"nivel_dano_max":null,"severidad_max":null,"habitabilidad":"","tipo_inmueble":"","recomendaciones":"","rud_records":5,"rud_unique_docs":5,"rud_households":2,"rud_women":2,"rud_minors":0,"rud_older65":1,"rud_match_methods":"road_key","rud_match_confidence":"alta","has_rud_match":true}},{"type":"Feature","geometry":{"type":"Point","coordinates":[-76.54830749999999,3.4071134]},"properties":{"place_id":"ChIJWS2gfaqmMI4Rw29EAOYXVf4","address":"Cl 4 #58-26, Cuarto De Legua","area":"Cuarto de legua","zone":"Urbana","place_report_count":1,"evaluation_count":1,"nivel_dano_max":"alto","severidad_max":"alto","habitabilidad":"i2","tipo_inmueble":"residencial","recomendaciones":"","rud_records":0,"rud_unique_docs":0,"rud_households":0,"rud_women":0,"rud_minors":0,"rud_older65":0,"rud_match_methods":"","rud_match_confidence":"","has_rud_match":false}},{"type":"Feature","geometry":{"type":"Point","coordinates":[-76.55247899999999,3.407146]},"properties":{"place_id":"ChIJsQIyHQGkMI4RIZZ5YTWWXRg","address":"Cra 59 #1F-26, Cuarto De Legua","area":"EDIFICIO MARIA JOSETA","zone":"Urbana","place_report_count":3,"evaluation_count":0,"nivel_dano_max":null,"severidad_max":null,"habitabilidad":"","tipo_inmueble":"","recomendaciones":"","rud_records":4,"rud_unique_docs":4,"rud_households":2,"rud_women":2,"rud_minors":0,"rud_older65":0,"rud_match_methods":"road_key","rud_match_confidence":"alta","has_rud_match":true}},{"type":"Feature","geometry":{"type":"Point","coordinates":[-76.54952810000002,3.4071466]},"properties":{"place_id":"ChIJi3SD0gGkMI4RlSapcB2d3Eo","address":"Cl 3 #58-27, Cuarto De Legua","area":"CUARTO DE LEGUA","zone":"Urbana","place_report_count":1,"evaluation_count":0,"nivel_dano_max":null,"severidad_max":null,"habitabilidad":"","tipo_inmueble":"","recomendaciones":"","rud_records":6,"rud_unique_docs":6,"rud_households":1,"rud_women":4,"rud_minors":0,"rud_older65":3,"rud_match_methods":"road_key","rud_match_confidence":"alta","has_rud_match":true}},{"type":"Feature","geometry":{"type":"Point","coordinates":[-76.5485003,3.4071695]},"properties":{"place_id":"ChIJvfOAfqqmMI4RgP4gaFkfLLI","address":"Cl 4 #58-70, Cuarto De Legua","area":"CUARTO DE LEGUA","zone":"Urbana","place_report_count":5,"evaluation_count":1,"nivel_dano_max":"alto","severidad_max":"alto","habitabilidad":"i2","tipo_inmueble":"residencial","recomendaciones":"","rud_records":8,"rud_unique_docs":8,"rud_households":7,"rud_women":5,"rud_minors":0,"rud_older65":1,"rud_match_methods":"road_key","rud_match_confidence":"alta","has_rud_match":true}},{"type":"Feature","geometry":{"type":"Point","coordinates":[-76.55280909999999,3.4072052]},"properties":{"place_id":"EkBDcmEuIDU5ICMxZS0zNiwgQ3VhcnRvIGRlIExlZ3VhLCBDYWxpLCBWYWxsZSBkZWwgQ2F1Y2EsIENvbG9tYmlhIjASLgoUChIJJRGzGAGkMI4Rixc6pKRJ2KAQJCoUChIJc_MgLwGkMI4RX19ADfw8XP4","address":"Cra 59 #1E-36, Cuarto De Legua","area":"CUARTO DE LEGUA","zone":"Urbana","place_report_count":1,"evaluation_count":0,"nivel_dano_max":null,"severidad_max":null,"habitabilidad":"","tipo_inmueble":"","recomendaciones":"","rud_records":3,"rud_unique_docs":3,"rud_households":1,"rud_women":1,"rud_minors":0,"rud_older65":2,"rud_match_methods":"road_key","rud_match_confidence":"alta","has_rud_match":true}},{"type":"Feature","geometry":{"type":"Point","coordinates":[-76.548709,3.40723]},"properties":{"place_id":"ChIJZYMWf6qmMI4RHcHOHsUqL90","address":"Cra 58 #3-110, Cuarto De Legua Cuarto De Legua Guadalupe","area":"CUARTO DE LEGUA","zone":"Urbana","place_report_count":1,"evaluation_count":0,"nivel_dano_max":null,"severidad_max":null,"habitabilidad":"","tipo_inmueble":"","recomendaciones":"","rud_records":3,"rud_unique_docs":3,"rud_households":1,"rud_women":1,"rud_minors":0,"rud_older65":1,"rud_match_methods":"road_key","rud_match_confidence":"alta","has_rud_match":true}},{"type":"Feature","geometry":{"type":"Point","coordinates":[-76.5365468,3.40723]},"properties":{"place_id":"ChIJxcuFkbKmMI4RB7haFbDhGgM","address":"Cl 12A #53-16, Santa Anita","area":"SANTA ANITA","zone":"Urbana","place_report_count":2,"evaluation_count":0,"nivel_dano_max":null,"severidad_max":null,"habitabilidad":"","tipo_inmueble":"","recomendaciones":"","rud_records":5,"rud_unique_docs":5,"rud_households":1,"rud_women":2,"rud_minors":1,"rud_older65":2,"rud_match_methods":"road_key","rud_match_confidence":"alta","has_rud_match":true}},{"type":"Feature","geometry":{"type":"Point","coordinates":[-76.54879559999999,3.4072433]},"properties":{"place_id":"ChIJmzX11QGkMI4RfGO-ExgvG3Y","address":"Cra 58 #3-96, Cuarto De Legua","area":"CUARTO DE LEGUA","zone":"Urbana","place_report_count":1,"evaluation_count":0,"nivel_dano_max":null,"severidad_max":null,"habitabilidad":"","tipo_inmueble":"","recomendaciones":"","rud_records":2,"rud_unique_docs":2,"rud_households":1,"rud_women":2,"rud_minors":0,"rud_older65":1,"rud_match_methods":"road_key","rud_match_confidence":"alta","has_rud_match":true}},{"type":"Feature","geometry":{"type":"Point","coordinates":[-76.549296,3.407294]},"properties":{"place_id":"EklDcmEuIDU4ICMgMy00MiBhcHRvIDMwMiwgQ3VhcnRvIGRlIExlZ3VhLCBDYWxpLCBWYWxsZSBkZWwgQ2F1Y2EsIENvbG9tYmlhIiQaIgoWChQKEgm3ntzTAaQwjhHPYMrkV_JmRRIIYXB0byAzMDI","address":"Cra 58 #3-42, Cuarto De Legua","area":"CUARTO DE LEGUA","zone":"Urbana","place_report_count":2,"evaluation_count":0,"nivel_dano_max":null,"severidad_max":null,"habitabilidad":"","tipo_inmueble":"","recomendaciones":"","rud_records":9,"rud_unique_docs":9,"rud_households":6,"rud_women":7,"rud_minors":0,"rud_older65":6,"rud_match_methods":"road_key","rud_match_confidence":"alta","has_rud_match":true}},{"type":"Feature","geometry":{"type":"Point","coordinates":[-76.55156735071215,3.4073004735980676]},"properties":{"place_id":"verified:3.40730,-76.55157","address":"Cl 2A #58-67, Cuarto De Legua","area":"CUARTO DE LEGUA","zone":"Rural","place_report_count":1,"evaluation_count":0,"nivel_dano_max":null,"severidad_max":null,"habitabilidad":"","tipo_inmueble":"","recomendaciones":"","rud_records":6,"rud_unique_docs":6,"rud_households":1,"rud_women":4,"rud_minors":2,"rud_older65":2,"rud_match_methods":"road_key","rud_match_confidence":"alta","has_rud_match":true}},{"type":"Feature","geometry":{"type":"Point","coordinates":[-76.5459869,3.4073038]},"properties":{"place_id":"ChIJRdzl4pmnMI4R-EUSVmDwtAU","address":"Cra 59A #6A-33, Pampa Linda","area":"Joaquin Borrero Sinisterra","zone":"Urbana","place_report_count":1,"evaluation_count":1,"nivel_dano_max":"alto","severidad_max":"alto","habitabilidad":"i2","tipo_inmueble":"residencial","recomendaciones":"","rud_records":0,"rud_unique_docs":0,"rud_households":0,"rud_women":0,"rud_minors":0,"rud_older65":0,"rud_match_methods":"","rud_match_confidence":"","has_rud_match":false}},{"type":"Feature","geometry":{"type":"Point","coordinates":[-76.54636839999999,3.4073294]},"properties":{"place_id":"ChIJnUFGUaqmMI4RDAbEzQISP-E","address":"Cra 59 #5-47, Pampa Linda","area":"SIN INFORMACIÓN","zone":"Urbana","place_report_count":1,"evaluation_count":0,"nivel_dano_max":null,"severidad_max":null,"habitabilidad":"","tipo_inmueble":"","recomendaciones":"","rud_records":2,"rud_unique_docs":2,"rud_households":1,"rud_women":0,"rud_minors":0,"rud_older65":1,"rud_match_methods":"road_key","rud_match_confidence":"alta","has_rud_match":true}},{"type":"Feature","geometry":{"type":"Point","coordinates":[-76.55329569999999,3.4073302]},"properties":{"place_id":"ChIJIb_VIwGkMI4R6TJeDDA-9Tw","address":"Cra 59 #1D-56, Cuarto De Legua","area":"CUARTO DE LEGUA","zone":"Urbana","place_report_count":1,"evaluation_count":1,"nivel_dano_max":"medio","severidad_max":"medio","habitabilidad":"i3","tipo_inmueble":"residencial","recomendaciones":"","rud_records":10,"rud_unique_docs":10,"rud_households":5,"rud_women":6,"rud_minors":1,"rud_older65":1,"rud_match_methods":"road_key","rud_match_confidence":"alta","has_rud_match":true}},{"type":"Feature","geometry":{"type":"Point","coordinates":[-76.5466986,3.4073506]},"properties":{"place_id":"ChIJr_ENWqqmMI4RyciCZGDEmXc","address":"Cra 59 #5-39, Joaquin Borrero Canaveralejo Urbanizacion San Joaquin","area":"JOAQUIN BORRERO","zone":"Rural","place_report_count":1,"evaluation_count":1,"nivel_dano_max":"alto","severidad_max":"alto","habitabilidad":"i2","tipo_inmueble":"","recomendaciones":"demoler","rud_records":2,"rud_unique_docs":2,"rud_households":2,"rud_women":0,"rud_minors":0,"rud_older65":0,"rud_match_methods":"road_key","rud_match_confidence":"alta","has_rud_match":true}},{"type":"Feature","geometry":{"type":"Point","coordinates":[-76.52841579999999,3.4073791]},"properties":{"place_id":"EjtDbC4gMTRjICM0OWEtMjksIENvbXVuYSAxMCwgQ2FsaSwgVmFsbGUgZGVsIENhdWNhLCBDb2xvbWJpYSIwEi4KFAoSCTvEzEy0pjCOERbHW0Yu0poEEB0qFAoSCcUd6YO3pjCOEVgWqj3_lMo8","address":"Cl 14C #49A-29, Comuna 10","area":"LAS GRANJAS","zone":"Urbana","place_report_count":2,"evaluation_count":0,"nivel_dano_max":null,"severidad_max":null,"habitabilidad":"","tipo_inmueble":"","recomendaciones":"","rud_records":55,"rud_unique_docs":55,"rud_households":27,"rud_women":31,"rud_minors":4,"rud_older65":13,"rud_match_methods":"road_key","rud_match_confidence":"alta","has_rud_match":true}},{"type":"Feature","geometry":{"type":"Point","coordinates":[-76.5493858,3.4073831]},"properties":{"place_id":"ChIJJemh0QGkMI4RNFvCrE2cbX8","address":"Cra 58 #3-36, Cuarto De Legua","area":"CUARTO DE LEGUA","zone":"Urbana","place_report_count":1,"evaluation_count":0,"nivel_dano_max":null,"severidad_max":null,"habitabilidad":"","tipo_inmueble":"","recomendaciones":"","rud_records":6,"rud_unique_docs":6,"rud_households":1,"rud_women":3,"rud_minors":0,"rud_older65":1,"rud_match_methods":"road_key","rud_match_confidence":"alta","has_rud_match":true}},{"type":"Feature","geometry":{"type":"Point","coordinates":[-76.550162,3.407385]},"properties":{"place_id":"ChIJw0iSyQGkMI4RZFs8mJ1wDnw","address":"Cra 58 #2A-142, Cuarto De Legua","area":"CUARTO DE LEGUA","zone":"Urbana","place_report_count":1,"evaluation_count":0,"nivel_dano_max":null,"severidad_max":null,"habitabilidad":"","tipo_inmueble":"","recomendaciones":"","rud_records":3,"rud_unique_docs":3,"rud_households":1,"rud_women":2,"rud_minors":0,"rud_older65":0,"rud_match_methods":"road_key","rud_match_confidence":"alta","has_rud_match":true}},{"type":"Feature","geometry":{"type":"Point","coordinates":[-76.5536738,3.4073886]},"properties":{"place_id":"ChIJzwmCJgGkMI4R6NgWwCKjJS0","address":"Cra 59 #1D-26, Cuarto De Legua","area":"EDIFICIO LIGIA APTO 101 - PAMPALINDA","zone":"Urbana","place_report_count":1,"evaluation_count":0,"nivel_dano_max":null,"severidad_max":null,"habitabilidad":"","tipo_inmueble":"","recomendaciones":"","rud_records":2,"rud_unique_docs":2,"rud_households":1,"rud_women":1,"rud_minors":0,"rud_older65":1,"rud_match_methods":"road_key","rud_match_confidence":"alta","has_rud_match":true}},{"type":"Feature","geometry":{"type":"Point","coordinates":[-76.5539076,3.4074108]},"properties":{"place_id":"ChIJ6U6qKAGkMI4RfdftJ29CgCM","address":"Cra 59 #1-196, Cuarto De Legua","area":"CUARTO DE LEGUA","zone":"Rural","place_report_count":1,"evaluation_count":0,"nivel_dano_max":null,"severidad_max":null,"habitabilidad":"","tipo_inmueble":"","recomendaciones":"","rud_records":2,"rud_unique_docs":2,"rud_households":2,"rud_women":1,"rud_minors":0,"rud_older65":1,"rud_match_methods":"road_key","rud_match_confidence":"alta","has_rud_match":true}},{"type":"Feature","geometry":{"type":"Point","coordinates":[-76.55278510000001,3.4075]},"properties":{"place_id":"ChIJxQDXGwGkMI4RZH2tclRomXk","address":"Cra 59 #1E-45, Cuarto De Legua","area":"CUARTO DE LEGUA","zone":"Urbana","place_report_count":4,"evaluation_count":0,"nivel_dano_max":null,"severidad_max":null,"habitabilidad":"","tipo_inmueble":"","recomendaciones":"","rud_records":2,"rud_unique_docs":2,"rud_households":1,"rud_women":1,"rud_minors":0,"rud_older65":0,"rud_match_methods":"road_key","rud_match_confidence":"alta","has_rud_match":true}},{"type":"Feature","geometry":{"type":"Point","coordinates":[-76.54895,3.4075]},"properties":{"place_id":"verified:3.40750,-76.54895","address":"Cra 58 #3-77, Barrio Cuarto De Legua","area":"CUARTO DE LEGUA","zone":"Urbana","place_report_count":1,"evaluation_count":0,"nivel_dano_max":null,"severidad_max":null,"habitabilidad":"","tipo_inmueble":"","recomendaciones":"","rud_records":1,"rud_unique_docs":1,"rud_households":1,"rud_women":1,"rud_minors":0,"rud_older65":0,"rud_match_methods":"road_key","rud_match_confidence":"alta","has_rud_match":true}},{"type":"Feature","geometry":{"type":"Point","coordinates":[-76.5497105,3.4075191]},"properties":{"place_id":"ChIJi-RGzwGkMI4R1ZFVXw4HuKQ","address":"Cra 58, Cuarto De Legua","area":"Cuarto de Legua_Guadalupe","zone":"Urbana","place_report_count":1,"evaluation_count":1,"nivel_dano_max":"alto","severidad_max":"alto","habitabilidad":"i3","tipo_inmueble":"residencial","recomendaciones":"aislamiento","rud_records":0,"rud_unique_docs":0,"rud_households":0,"rud_women":0,"rud_minors":0,"rud_older65":0,"rud_match_methods":"","rud_match_confidence":"","has_rud_match":false}},{"type":"Feature","geometry":{"type":"Point","coordinates":[-76.553448,3.4075299]},"properties":{"place_id":"ChIJ_ZgMsk2lMI4RwxAphlombps","address":"Cra 59 #1D-29, Maria Lucia Cuarto De Legua Guadalupe","area":"CUARTO DE LENGUA","zone":"Rural","place_report_count":2,"evaluation_count":0,"nivel_dano_max":null,"severidad_max":null,"habitabilidad":"","tipo_inmueble":"","recomendaciones":"","rud_records":2,"rud_unique_docs":2,"rud_households":2,"rud_women":0,"rud_minors":0,"rud_older65":1,"rud_match_methods":"road_key","rud_match_confidence":"alta","has_rud_match":true}},{"type":"Feature","geometry":{"type":"Point","coordinates":[-76.5487699,3.4075373]},"properties":{"place_id":"ChIJ7bpteKqmMI4RgYYqp-CCNHc","address":"Cra 58 #3-97, Cuarto De Legua","area":"CUARTO DE LEGUA","zone":"Urbana","place_report_count":1,"evaluation_count":0,"nivel_dano_max":null,"severidad_max":null,"habitabilidad":"","tipo_inmueble":"","recomendaciones":"","rud_records":3,"rud_unique_docs":3,"rud_households":1,"rud_women":1,"rud_minors":0,"rud_older65":2,"rud_match_methods":"road_key","rud_match_confidence":"alta","has_rud_match":true}},{"type":"Feature","geometry":{"type":"Point","coordinates":[-76.5485898,3.407554]},"properties":{"place_id":"EkBDcmEuIDU4ICMzLTEzNSwgQ3VhcnRvIGRlIExlZ3VhLCBDYWxpLCBWYWxsZSBkZWwgQ2F1Y2EsIENvbG9tYmlhIjESLwoUChIJBfhZeaqmMI4R3bVwDlrFFtoQhwEqFAoSCYvkRs8BpDCOEdWRVV8OB7ik","address":"Cra 58 #3-135, Cuarto De Legua","area":"CUARTO DE LEGUA","zone":"Rural","place_report_count":1,"evaluation_count":0,"nivel_dano_max":null,"severidad_max":null,"habitabilidad":"","tipo_inmueble":"","recomendaciones":"","rud_records":17,"rud_unique_docs":17,"rud_households":13,"rud_women":12,"rud_minors":0,"rud_older65":8,"rud_match_methods":"road_key","rud_match_confidence":"alta","has_rud_match":true}},{"type":"Feature","geometry":{"type":"Point","coordinates":[-76.54869599999999,3.407563]},"properties":{"place_id":"ChIJV705eKqmMI4RAdJEdACicTM","address":"Cra 58 #3-107, Cuarto De Legua Guadalupe","area":"CUARTO DE LEGUA","zone":"Urbana","place_report_count":2,"evaluation_count":0,"nivel_dano_max":null,"severidad_max":null,"habitabilidad":"","tipo_inmueble":"","recomendaciones":"","rud_records":2,"rud_unique_docs":2,"rud_households":1,"rud_women":1,"rud_minors":0,"rud_older65":1,"rud_match_methods":"road_key","rud_match_confidence":"alta","has_rud_match":true}},{"type":"Feature","geometry":{"type":"Point","coordinates":[-76.552294,3.407586]},"properties":{"place_id":"ChIJ6_-dBQGkMI4RWRN7el1S7AU","address":"Cl 2 #57-130, Cuarto De Legua","area":"CUARTO DE LEGUA","zone":"Urbana","place_report_count":3,"evaluation_count":0,"nivel_dano_max":null,"severidad_max":null,"habitabilidad":"","tipo_inmueble":"","recomendaciones":"","rud_records":17,"rud_unique_docs":17,"rud_households":7,"rud_women":9,"rud_minors":0,"rud_older65":3,"rud_match_methods":"road_key","rud_match_confidence":"alta","has_rud_match":true}},{"type":"Feature","geometry":{"type":"Point","coordinates":[-76.5526628,3.4076054]},"properties":{"place_id":"ChIJxdOhEAGkMI4R_EvnFt7Ca3I","address":"Cl 1F, Cuarto De Legua","area":"Cuarto de legua","zone":"Urbana","place_report_count":1,"evaluation_count":1,"nivel_dano_max":"alto","severidad_max":"alto","habitabilidad":"i2","tipo_inmueble":"residencial","recomendaciones":"evacuar_total","rud_records":0,"rud_unique_docs":0,"rud_households":0,"rud_women":0,"rud_minors":0,"rud_older65":0,"rud_match_methods":"","rud_match_confidence":"","has_rud_match":false}},{"type":"Feature","geometry":{"type":"Point","coordinates":[-76.548684,3.407606]},"properties":{"place_id":"ChIJQaQveKqmMI4Rbp6iScxa0N0","address":"Cra 58 #3-125, Cuarto De Legua Guadalupe","area":"CUARTO DE LEGUA","zone":"Urbana","place_report_count":10,"evaluation_count":0,"nivel_dano_max":null,"severidad_max":null,"habitabilidad":"","tipo_inmueble":"","recomendaciones":"","rud_records":27,"rud_unique_docs":27,"rud_households":11,"rud_women":13,"rud_minors":4,"rud_older65":12,"rud_match_methods":"road_key","rud_match_confidence":"alta","has_rud_match":true}},{"type":"Feature","geometry":{"type":"Point","coordinates":[-76.54923099999999,3.407622]},"properties":{"place_id":"ChIJtS6m0AGkMI4Rb6Bpg_RMr78","address":"Cra 58 #3-47, Cuarto De Legua","area":"CUARTO DE LEGUA","zone":"Rural","place_report_count":1,"evaluation_count":0,"nivel_dano_max":null,"severidad_max":null,"habitabilidad":"","tipo_inmueble":"","recomendaciones":"","rud_records":2,"rud_unique_docs":2,"rud_households":1,"rud_women":1,"rud_minors":1,"rud_older65":0,"rud_match_methods":"road_key","rud_match_confidence":"alta","has_rud_match":true}},{"type":"Feature","geometry":{"type":"Point","coordinates":[-76.552631,3.407631]},"properties":{"place_id":"verified:3.40763,-76.55263","address":"Cl 1F #56-206, Cuarto De Legua Guadalupe","area":"CUARTO DE LEGUA","zone":"Rural","place_report_count":1,"evaluation_count":0,"nivel_dano_max":null,"severidad_max":null,"habitabilidad":"","tipo_inmueble":"","recomendaciones":"","rud_records":2,"rud_unique_docs":2,"rud_households":1,"rud_women":1,"rud_minors":0,"rud_older65":0,"rud_match_methods":"road_key","rud_match_confidence":"alta","has_rud_match":true}},{"type":"Feature","geometry":{"type":"Point","coordinates":[-76.5532173,3.4076522]},"properties":{"place_id":"ChIJhzxIPQGkMI4RswsU8BGiRIs","address":"Cl 1 Este, Cuarto De Legua","area":"Cuarto de Legua","zone":"Urbana","place_report_count":1,"evaluation_count":1,"nivel_dano_max":"alto","severidad_max":"alto","habitabilidad":"i2","tipo_inmueble":"residencial","recomendaciones":"evacuar_total","rud_records":0,"rud_unique_docs":0,"rud_households":0,"rud_women":0,"rud_minors":0,"rud_older65":0,"rud_match_methods":"","rud_match_confidence":"","has_rud_match":false}},{"type":"Feature","geometry":{"type":"Point","coordinates":[-76.553169,3.407672]},"properties":{"place_id":"verified:3.40767,-76.55317","address":"Cl 1 Este #56-205, Cuarto De Legua Guadalupe","area":"ELVER 1","zone":"Urbana","place_report_count":1,"evaluation_count":0,"nivel_dano_max":null,"severidad_max":null,"habitabilidad":"","tipo_inmueble":"","recomendaciones":"","rud_records":4,"rud_unique_docs":4,"rud_households":1,"rud_women":2,"rud_minors":1,"rud_older65":2,"rud_match_methods":"road_key","rud_match_confidence":"alta","has_rud_match":true}},{"type":"Feature","geometry":{"type":"Point","coordinates":[-76.55333279999999,3.4077024]},"properties":{"place_id":"ChIJv10qPQGkMI4RyygLcqER_nI","address":"Cl 1 Este #56-202, Cuarto De Legua","area":"Cuarto de legua","zone":"Urbana","place_report_count":1,"evaluation_count":1,"nivel_dano_max":"sin_dano","severidad_max":"sin_dano","habitabilidad":"h","tipo_inmueble":"residencial","recomendaciones":"","rud_records":0,"rud_unique_docs":0,"rud_households":0,"rud_women":0,"rud_minors":0,"rud_older65":0,"rud_match_methods":"","rud_match_confidence":"","has_rud_match":false}},{"type":"Feature","geometry":{"type":"Point","coordinates":[-76.5525107,3.4077206]},"properties":{"place_id":"ChIJbW4SEAGkMI4RXiQzMX2pkRU","address":"Cl 1F #56-199, Cuarto De Legua","area":"CUARTO DE LEGUA","zone":"Urbana","place_report_count":3,"evaluation_count":1,"nivel_dano_max":"alto","severidad_max":"alto","habitabilidad":"i2","tipo_inmueble":"residencial","recomendaciones":"evacuar_total","rud_records":31,"rud_unique_docs":31,"rud_households":11,"rud_women":16,"rud_minors":3,"rud_older65":10,"rud_match_methods":"road_key","rud_match_confidence":"alta","has_rud_match":true}},{"type":"Feature","geometry":{"type":"Point","coordinates":[-76.5554537,3.4077719]},"properties":{"place_id":"ChIJIceh2wakMI4RUe6vq90sBQg","address":"Cra 59 #1-09, Cuarto De Legua","area":"PAMPALINDA","zone":"Urbana","place_report_count":1,"evaluation_count":0,"nivel_dano_max":null,"severidad_max":null,"habitabilidad":"","tipo_inmueble":"","recomendaciones":"","rud_records":16,"rud_unique_docs":16,"rud_households":7,"rud_women":10,"rud_minors":0,"rud_older65":9,"rud_match_methods":"road_key","rud_match_confidence":"alta","has_rud_match":true}},{"type":"Feature","geometry":{"type":"Point","coordinates":[-76.53639419999999,3.4077742]},"properties":{"place_id":"ChIJUVrberKmMI4RG9JdomT6FmQ","address":"Cl 12, Santa Anita","area":"Santa Anita","zone":"Urbana","place_report_count":1,"evaluation_count":1,"nivel_dano_max":"alto","severidad_max":"medio_alto","habitabilidad":"i2","tipo_inmueble":"residencial","recomendaciones":"","rud_records":0,"rud_unique_docs":0,"rud_households":0,"rud_women":0,"rud_minors":0,"rud_older65":0,"rud_match_methods":"","rud_match_confidence":"","has_rud_match":false}},{"type":"Feature","geometry":{"type":"Point","coordinates":[-76.5365659,3.407775]},"properties":{"place_id":"ChIJL-gDcrKmMI4Rx1GRwT3402Y","address":"Cl 12A #52-60, Santa Anita","area":"SANTA ANITA","zone":"Urbana","place_report_count":4,"evaluation_count":0,"nivel_dano_max":null,"severidad_max":null,"habitabilidad":"","tipo_inmueble":"","recomendaciones":"","rud_records":97,"rud_unique_docs":97,"rud_households":48,"rud_women":57,"rud_minors":7,"rud_older65":35,"rud_match_methods":"road_key","rud_match_confidence":"alta","has_rud_match":true}},{"type":"Feature","geometry":{"type":"Point","coordinates":[-76.5508569,3.407798]},"properties":{"place_id":"ChIJFS7jugGkMI4RtBTbDUI8YxM","address":"Cra 58 #2A-63, Cuarto De Legua","area":"CUARTO DE LEGUA","zone":"Urbana","place_report_count":1,"evaluation_count":0,"nivel_dano_max":null,"severidad_max":null,"habitabilidad":"","tipo_inmueble":"","recomendaciones":"","rud_records":3,"rud_unique_docs":3,"rud_households":1,"rud_women":3,"rud_minors":0,"rud_older65":3,"rud_match_methods":"road_key","rud_match_confidence":"alta","has_rud_match":true}},{"type":"Feature","geometry":{"type":"Point","coordinates":[-76.5505503,3.4078246]},"properties":{"place_id":"ChIJHYB0uQGkMI4RJH5lD_pHBHE","address":"Cra 58 #2A-93, Cuarto De Legua","area":"CUARTO DE LEGUA","zone":"Urbana","place_report_count":1,"evaluation_count":0,"nivel_dano_max":null,"severidad_max":null,"habitabilidad":"","tipo_inmueble":"","recomendaciones":"","rud_records":3,"rud_unique_docs":3,"rud_households":1,"rud_women":2,"rud_minors":0,"rud_older65":1,"rud_match_methods":"road_key","rud_match_confidence":"alta","has_rud_match":true}},{"type":"Feature","geometry":{"type":"Point","coordinates":[-76.5499305,3.4078401]},"properties":{"place_id":"Ej5DbC4gMyAjNTctNjgsIEN1YXJ0byBkZSBMZWd1YSwgQ2FsaSwgVmFsbGUgZGVsIENhdWNhLCBDb2xvbWJpYSIwEi4KFAoSCe0z8cMBpDCOERL7EjV7Bj6fEEQqFAoSCa_2UgT-ozCOETC0VmrGBy2r","address":"Cl 3 #57-68, Cuarto De Legua","area":"Cuarto de Legua","zone":"Urbana","place_report_count":1,"evaluation_count":1,"nivel_dano_max":"medio","severidad_max":"medio","habitabilidad":"r1","tipo_inmueble":"residencial","recomendaciones":"","rud_records":0,"rud_unique_docs":0,"rud_households":0,"rud_women":0,"rud_minors":0,"rud_older65":0,"rud_match_methods":"","rud_match_confidence":"","has_rud_match":false}},{"type":"Feature","geometry":{"type":"Point","coordinates":[-76.5483083,3.4078577]},"properties":{"place_id":"ChIJuRB1caqmMI4RtZEVI0XXXa4","address":"Cl 4 #57-34, Cuarto De Legua","area":"CUARTO DE LEGUA","zone":"Urbana","place_report_count":2,"evaluation_count":0,"nivel_dano_max":null,"severidad_max":null,"habitabilidad":"","tipo_inmueble":"","recomendaciones":"","rud_records":18,"rud_unique_docs":18,"rud_households":4,"rud_women":11,"rud_minors":3,"rud_older65":2,"rud_match_methods":"road_key","rud_match_confidence":"alta","has_rud_match":true}},{"type":"Feature","geometry":{"type":"Point","coordinates":[-76.55510340000001,3.407867]},"properties":{"place_id":"ChIJnyVIzgakMI4RPMLxStBAeCM","address":"Cra 59 #1-13, Cuarto De Legua","area":"CUARTO DE LEGUA","zone":"Urbana","place_report_count":1,"evaluation_count":0,"nivel_dano_max":null,"severidad_max":null,"habitabilidad":"","tipo_inmueble":"","recomendaciones":"","rud_records":15,"rud_unique_docs":15,"rud_households":7,"rud_women":11,"rud_minors":0,"rud_older65":8,"rud_match_methods":"road_key","rud_match_confidence":"alta","has_rud_match":true}},{"type":"Feature","geometry":{"type":"Point","coordinates":[-76.5482933,3.4079474]},"properties":{"place_id":"ChIJf4HTc6qmMI4RJY9KnFHUGSM","address":"Cl 4 #57-08, Cuarto De Legua","area":"CUARTO DE LEGUA","zone":"Urbana","place_report_count":1,"evaluation_count":0,"nivel_dano_max":null,"severidad_max":null,"habitabilidad":"","tipo_inmueble":"","recomendaciones":"","rud_records":2,"rud_unique_docs":2,"rud_households":2,"rud_women":0,"rud_minors":0,"rud_older65":1,"rud_match_methods":"road_key","rud_match_confidence":"alta","has_rud_match":true}},{"type":"Feature","geometry":{"type":"Point","coordinates":[-76.548889,3.4080444]},"properties":{"place_id":"ChIJD3Fu3wGkMI4RwwNCNzGAQgg","address":"Cra 57 #3-84, Cuarto De Legua","area":"CUARTO DE LEGUA","zone":"Urbana","place_report_count":1,"evaluation_count":0,"nivel_dano_max":null,"severidad_max":null,"habitabilidad":"","tipo_inmueble":"","recomendaciones":"","rud_records":4,"rud_unique_docs":4,"rud_households":1,"rud_women":2,"rud_minors":1,"rud_older65":2,"rud_match_methods":"road_key","rud_match_confidence":"alta","has_rud_match":true}},{"type":"Feature","geometry":{"type":"Point","coordinates":[-76.54881259999999,3.4080461]},"properties":{"place_id":"ChIJ02OIdaqmMI4RmT0fmrtO7Xg","address":"Cra 57 #3-94, Cuarto De Legua","area":"CUARTO DE LEGUA","zone":"Urbana","place_report_count":1,"evaluation_count":0,"nivel_dano_max":null,"severidad_max":null,"habitabilidad":"","tipo_inmueble":"","recomendaciones":"","rud_records":2,"rud_unique_docs":2,"rud_households":1,"rud_women":1,"rud_minors":0,"rud_older65":2,"rud_match_methods":"road_key","rud_match_confidence":"alta","has_rud_match":true}},{"type":"Feature","geometry":{"type":"Point","coordinates":[-76.5490105,3.4080885]},"properties":{"place_id":"ChIJR3FS3gGkMI4RYd44zncYglA","address":"Cra 57 #3-74, Cuarto De Legua","area":"Cuarto de legua","zone":"Urbana","place_report_count":1,"evaluation_count":2,"nivel_dano_max":"medio","severidad_max":"medio","habitabilidad":"i2, r1","tipo_inmueble":"residencial","recomendaciones":"","rud_records":0,"rud_unique_docs":0,"rud_households":0,"rud_women":0,"rud_minors":0,"rud_older65":0,"rud_match_methods":"","rud_match_confidence":"","has_rud_match":false}},{"type":"Feature","geometry":{"type":"Point","coordinates":[-76.5484845,3.4081026]},"properties":{"place_id":"ChIJOd2AdKqmMI4RifsPigbmfwM","address":"Cra 57 #3-130, Cuarto De Legua","area":"CUARTO DE LEGUA","zone":"Urbana","place_report_count":2,"evaluation_count":1,"nivel_dano_max":"alto","severidad_max":"alto","habitabilidad":"i2","tipo_inmueble":"residencial","recomendaciones":"","rud_records":31,"rud_unique_docs":31,"rud_households":19,"rud_women":16,"rud_minors":0,"rud_older65":13,"rud_match_methods":"road_key","rud_match_confidence":"alta","has_rud_match":true}},{"type":"Feature","geometry":{"type":"Point","coordinates":[-76.549263,3.408145]},"properties":{"place_id":"ChIJx-LG3QGkMI4Rd9q0RGL4DsQ","address":"Cra 57 #3-44, Cuarto De Legua","area":"CUARTO DE LEGUA","zone":"Rural","place_report_count":1,"evaluation_count":0,"nivel_dano_max":null,"severidad_max":null,"habitabilidad":"","tipo_inmueble":"","recomendaciones":"","rud_records":3,"rud_unique_docs":3,"rud_households":1,"rud_women":1,"rud_minors":0,"rud_older65":3,"rud_match_methods":"road_key","rud_match_confidence":"alta","has_rud_match":true}},{"type":"Feature","geometry":{"type":"Point","coordinates":[-76.5487854,3.4081927]},"properties":{"place_id":"recovered-from-arcgis-merge:48ac8558-4183-45cc-8b33-600bfc550d09","address":"Cra 57 #4-46, Cuarto De Legua Guadalupe","area":"CUARTO DE LEGUA","zone":"Urbana","place_report_count":2,"evaluation_count":1,"nivel_dano_max":"alto","severidad_max":"medio_alto","habitabilidad":"i2","tipo_inmueble":"residencial","recomendaciones":"","rud_records":64,"rud_unique_docs":64,"rud_households":37,"rud_women":41,"rud_minors":3,"rud_older65":22,"rud_match_methods":"nomenclatura_sector","rud_match_confidence":"media","has_rud_match":true}},{"type":"Feature","geometry":{"type":"Point","coordinates":[-76.549358,3.408223]},"properties":{"place_id":"ChIJVUOC3QGkMI4R_wgiTKLR86s","address":"Cra 57 #3-34, Cuarto De Legua","area":"CUARTO DE LEGUA","zone":"Urbana","place_report_count":1,"evaluation_count":0,"nivel_dano_max":null,"severidad_max":null,"habitabilidad":"","tipo_inmueble":"","recomendaciones":"","rud_records":3,"rud_unique_docs":3,"rud_households":1,"rud_women":2,"rud_minors":1,"rud_older65":0,"rud_match_methods":"road_key","rud_match_confidence":"alta","has_rud_match":true}},{"type":"Feature","geometry":{"type":"Point","coordinates":[-76.55034719999999,3.4082538]},"properties":{"place_id":"ChIJwzXnvwGkMI4R82Nbte48ViA","address":"Cra 57 #2A-110, Cuarto De Legua","area":"CUARTO DE LEGUA","zone":"Urbana","place_report_count":1,"evaluation_count":0,"nivel_dano_max":null,"severidad_max":null,"habitabilidad":"","tipo_inmueble":"","recomendaciones":"","rud_records":2,"rud_unique_docs":2,"rud_households":1,"rud_women":1,"rud_minors":0,"rud_older65":2,"rud_match_methods":"road_key","rud_match_confidence":"alta","has_rud_match":true}},{"type":"Feature","geometry":{"type":"Point","coordinates":[-76.5490731,3.4083119]},"properties":{"place_id":"Ej9DcmEuIDU3ICMzLTc3LCBDdWFydG8gZGUgTGVndWEsIENhbGksIFZhbGxlIGRlbCBDYXVjYSwgQ29sb21iaWEiMBIuChQKEgn9Y7PnAaQwjhEiJ3ytzaarvxBNKhQKEgn5B-2UAaQwjhGoGxSv4BFRNg","address":"Cra 57 #3-77, Cuarto De Legua","area":"CUARTO DE LEGUA","zone":"Urbana","place_report_count":1,"evaluation_count":0,"nivel_dano_max":null,"severidad_max":null,"habitabilidad":"","tipo_inmueble":"","recomendaciones":"","rud_records":2,"rud_unique_docs":2,"rud_households":1,"rud_women":1,"rud_minors":0,"rud_older65":0,"rud_match_methods":"road_key","rud_match_confidence":"alta","has_rud_match":true}},{"type":"Feature","geometry":{"type":"Point","coordinates":[-76.5486403,3.4083392]},"properties":{"place_id":"ChIJlSrkCqqmMI4RH9MwWxaqRT8","address":"Cra 57 #3-125, Cuarto De Legua Guadalupe","area":"CUARTO DE LEGUA","zone":"Urbana","place_report_count":2,"evaluation_count":0,"nivel_dano_max":null,"severidad_max":null,"habitabilidad":"","tipo_inmueble":"","recomendaciones":"","rud_records":43,"rud_unique_docs":43,"rud_households":21,"rud_women":27,"rud_minors":4,"rud_older65":18,"rud_match_methods":"road_key","rud_match_confidence":"alta","has_rud_match":true}},{"type":"Feature","geometry":{"type":"Point","coordinates":[-76.5475955,3.4083495]},"properties":{"place_id":"ChIJH1j6FKqmMI4R66G9QGn63nw","address":"Cra 57 #4-49, Cuarto De Legua Guadalupe","area":"CUARTO DE LEGUA","zone":"Rural","place_report_count":3,"evaluation_count":2,"nivel_dano_max":"alto","severidad_max":"alto","habitabilidad":"i2","tipo_inmueble":"residencial","recomendaciones":"","rud_records":98,"rud_unique_docs":98,"rud_households":47,"rud_women":60,"rud_minors":6,"rud_older65":37,"rud_match_methods":"nomenclatura_sector","rud_match_confidence":"media","has_rud_match":true}},{"type":"Feature","geometry":{"type":"Point","coordinates":[-76.5426692,3.4083622]},"properties":{"place_id":"ChIJW4l2DKymMI4Rmqq--BXZw_k","address":"Cl 9 #52, Panamericano","area":"Junon","zone":"Urbana","place_report_count":1,"evaluation_count":1,"nivel_dano_max":"alto","severidad_max":"alto","habitabilidad":"i2","tipo_inmueble":"residencial","recomendaciones":"demoler","rud_records":0,"rud_unique_docs":0,"rud_households":0,"rud_women":0,"rud_minors":0,"rud_older65":0,"rud_match_methods":"","rud_match_confidence":"","has_rud_match":false}},{"type":"Feature","geometry":{"type":"Point","coordinates":[-76.54862899999999,3.408386]},"properties":{"place_id":"ChIJUfAAC6qmMI4RX2t35FbEqNs","address":"Cra 57 #4-15, Cuarto De Legua","area":"PAMPALINDA","zone":"Rural","place_report_count":1,"evaluation_count":0,"nivel_dano_max":null,"severidad_max":null,"habitabilidad":"","tipo_inmueble":"","recomendaciones":"","rud_records":17,"rud_unique_docs":17,"rud_households":6,"rud_women":8,"rud_minors":0,"rud_older65":5,"rud_match_methods":"road_key","rud_match_confidence":"alta","has_rud_match":true}},{"type":"Feature","geometry":{"type":"Point","coordinates":[-76.5494712,3.4084768]},"properties":{"place_id":"recovered-from-arcgis-merge:bf6d56e7-7cac-4975-a854-71bb25720aaa","address":"Cra 57 #3-15, Cuarto De Legua Guadalupe","area":"SIN INFORMACIÓN","zone":"Urbana","place_report_count":2,"evaluation_count":0,"nivel_dano_max":null,"severidad_max":null,"habitabilidad":"","tipo_inmueble":"","recomendaciones":"","rud_records":41,"rud_unique_docs":41,"rud_households":21,"rud_women":23,"rud_minors":8,"rud_older65":9,"rud_match_methods":"road_key","rud_match_confidence":"alta","has_rud_match":true}},{"type":"Feature","geometry":{"type":"Point","coordinates":[-76.54876544675284,3.40849]},"properties":{"place_id":"verified:3.40849,-76.54877","address":"Cra 57 #4-46","area":"CUARTO DE LEGUA","zone":"Urbana","place_report_count":1,"evaluation_count":0,"nivel_dano_max":null,"severidad_max":null,"habitabilidad":"","tipo_inmueble":"","recomendaciones":"","rud_records":34,"rud_unique_docs":34,"rud_households":18,"rud_women":21,"rud_minors":6,"rud_older65":12,"rud_match_methods":"direccion_normalizada","rud_match_confidence":"alta","has_rud_match":true}},{"type":"Feature","geometry":{"type":"Point","coordinates":[-76.5297851,3.4084961]},"properties":{"place_id":"ChIJ2-TrPLSmMI4RMN4up8lZClA","address":"Cl 14 #49A-29, La Selva","area":"LAS GRANJAS","zone":"Urbana","place_report_count":1,"evaluation_count":0,"nivel_dano_max":null,"severidad_max":null,"habitabilidad":"","tipo_inmueble":"","recomendaciones":"","rud_records":27,"rud_unique_docs":27,"rud_households":14,"rud_women":15,"rud_minors":2,"rud_older65":6,"rud_match_methods":"road_key","rud_match_confidence":"alta","has_rud_match":true}},{"type":"Feature","geometry":{"type":"Point","coordinates":[-76.5462099,3.4085542]},"properties":{"place_id":"ChIJCd7DyqumMI4RfLp3EaESlwc","address":"Cra 56 #5-152, Pampa Linda","area":"Fundadores","zone":"Urbana","place_report_count":6,"evaluation_count":3,"nivel_dano_max":"alto","severidad_max":"medio_alto","habitabilidad":"i2","tipo_inmueble":"residencial","recomendaciones":"","rud_records":0,"rud_unique_docs":0,"rud_households":0,"rud_women":0,"rud_minors":0,"rud_older65":0,"rud_match_methods":"","rud_match_confidence":"","has_rud_match":false}},{"type":"Feature","geometry":{"type":"Point","coordinates":[-76.5490808,3.408557]},"properties":{"place_id":"ChIJTy5c4QGkMI4RQwYFcKvrruM","address":"Cra 57 #3-57, Cuarto De Legua","area":"CUARTO DE LEGUA","zone":"Urbana","place_report_count":2,"evaluation_count":0,"nivel_dano_max":null,"severidad_max":null,"habitabilidad":"","tipo_inmueble":"","recomendaciones":"","rud_records":47,"rud_unique_docs":47,"rud_households":25,"rud_women":29,"rud_minors":3,"rud_older65":13,"rud_match_methods":"road_key","rud_match_confidence":"alta","has_rud_match":true}},{"type":"Feature","geometry":{"type":"Point","coordinates":[-76.5504663,3.4085856]},"properties":{"place_id":"ChIJYQrzkwGkMI4Rz0qwuGCQvXY","address":"Cra 57 #2A-95, Cuarto De Legua","area":"CUARTO DE LEGUA","zone":"Urbana","place_report_count":6,"evaluation_count":0,"nivel_dano_max":null,"severidad_max":null,"habitabilidad":"","tipo_inmueble":"","recomendaciones":"","rud_records":47,"rud_unique_docs":47,"rud_households":12,"rud_women":28,"rud_minors":6,"rud_older65":11,"rud_match_methods":"road_key","rud_match_confidence":"alta","has_rud_match":true}},{"type":"Feature","geometry":{"type":"Point","coordinates":[-76.5498495,3.4086598]},"properties":{"place_id":"ChIJIxPr7gGkMI4Rw1LzvXlvszM","address":"Cl 3 #56-68, Cuarto De Legua Guadalupe","area":"CUARTO DE LEGUA","zone":"Urbana","place_report_count":6,"evaluation_count":0,"nivel_dano_max":null,"severidad_max":null,"habitabilidad":"","tipo_inmueble":"","recomendaciones":"","rud_records":12,"rud_unique_docs":12,"rud_households":6,"rud_women":7,"rud_minors":0,"rud_older65":4,"rud_match_methods":"road_key","rud_match_confidence":"alta","has_rud_match":true}},{"type":"Feature","geometry":{"type":"Point","coordinates":[-76.54761,3.4086716]},"properties":{"place_id":"ChIJDxXjFqqmMI4RPXyTq746LUs","address":"Cl 5 #56-20, Centro Comercial Canaveralejo Cuarto De Legua","area":"CUARTO DE LEGUA","zone":"Urbana","place_report_count":2,"evaluation_count":0,"nivel_dano_max":null,"severidad_max":null,"habitabilidad":"","tipo_inmueble":"","recomendaciones":"","rud_records":1,"rud_unique_docs":1,"rud_households":1,"rud_women":0,"rud_minors":0,"rud_older65":0,"rud_match_methods":"road_key","rud_match_confidence":"alta","has_rud_match":true}},{"type":"Feature","geometry":{"type":"Point","coordinates":[-76.5517776,3.40879]},"properties":{"place_id":"ChIJIT7uPwylMI4RlaCZYREpEVQ","address":"Cra 57 #2-01, Miro Guadalupe Cuarto De Legua Guadalupe","area":"CUARTO DE LEGUA","zone":"Urbana","place_report_count":13,"evaluation_count":0,"nivel_dano_max":null,"severidad_max":null,"habitabilidad":"","tipo_inmueble":"","recomendaciones":"","rud_records":29,"rud_unique_docs":29,"rud_households":23,"rud_women":20,"rud_minors":0,"rud_older65":3,"rud_match_methods":"road_key","rud_match_confidence":"alta","has_rud_match":true}},{"type":"Feature","geometry":{"type":"Point","coordinates":[-76.5483812,3.4089065]},"properties":{"place_id":"ChIJIfHNBaqmMI4RgPSlkAmjgRg","address":"Cra 56 #3-156, Cuarto De Legua","area":"CUARTO DE LEGUA","zone":"Urbana","place_report_count":1,"evaluation_count":0,"nivel_dano_max":null,"severidad_max":null,"habitabilidad":"","tipo_inmueble":"","recomendaciones":"","rud_records":3,"rud_unique_docs":3,"rud_households":2,"rud_women":0,"rud_minors":0,"rud_older65":0,"rud_match_methods":"road_key","rud_match_confidence":"alta","has_rud_match":true}},{"type":"Feature","geometry":{"type":"Point","coordinates":[-76.546348,3.408956]},"properties":{"place_id":"ChIJNX1jLqqmMI4R2xJtmAuIXQY","address":"Cra 56 #5-91, Panamericano","area":"SIN INFORMACIÓN","zone":"Urbana","place_report_count":6,"evaluation_count":0,"nivel_dano_max":null,"severidad_max":null,"habitabilidad":"","tipo_inmueble":"","recomendaciones":"","rud_records":10,"rud_unique_docs":10,"rud_households":6,"rud_women":7,"rud_minors":0,"rud_older65":2,"rud_match_methods":"road_key","rud_match_confidence":"alta","has_rud_match":true}},{"type":"Feature","geometry":{"type":"Point","coordinates":[-76.5485379,3.408979]},"properties":{"place_id":"ElFDcmEuIDU2ICMgMy0xNTAgYXBhcnRhbWVudG8gNDA0LCBDdWFydG8gZGUgTGVndWEsIENhbGksIFZhbGxlIGRlbCBDYXVjYSwgQ29sb21iaWEiKxopChYKFAoSCWPwZgaqpjCOEYj2wrUalkfBEg9hcGFydGFtZW50byA0MDQ","address":"Cra 56 #3-150, Cuarto De Legua","area":"CUARTO DE LEGUA","zone":"Urbana","place_report_count":8,"evaluation_count":1,"nivel_dano_max":"medio","severidad_max":"medio","habitabilidad":"r2","tipo_inmueble":"residencial","recomendaciones":"","rud_records":19,"rud_unique_docs":19,"rud_households":12,"rud_women":8,"rud_minors":2,"rud_older65":3,"rud_match_methods":"road_key","rud_match_confidence":"alta","has_rud_match":true}},{"type":"Feature","geometry":{"type":"Point","coordinates":[-76.5488939,3.4090176]},"properties":{"place_id":"ChIJFUFT_AGkMI4RfsH2maXIYYo","address":"Cra 56 #3-88, Cuarto De Legua Guadalupe","area":"CUARTO DE LEGUA","zone":"Urbana","place_report_count":3,"evaluation_count":0,"nivel_dano_max":null,"severidad_max":null,"habitabilidad":"","tipo_inmueble":"","recomendaciones":"","rud_records":1,"rud_unique_docs":1,"rud_households":1,"rud_women":1,"rud_minors":0,"rud_older65":0,"rud_match_methods":"road_key","rud_match_confidence":"alta","has_rud_match":true}},{"type":"Feature","geometry":{"type":"Point","coordinates":[-76.54946300000002,3.4090289]},"properties":{"place_id":"ChIJFetn-gGkMI4RUX8xc9KCT-4","address":"Av Guadalupe 3 26 Cuarto De Legua Guadalupe","area":"Cuarto de legua","zone":"Urbana","place_report_count":8,"evaluation_count":1,"nivel_dano_max":"alto","severidad_max":"alto","habitabilidad":"i2","tipo_inmueble":"residencial","recomendaciones":"","rud_records":0,"rud_unique_docs":0,"rud_households":0,"rud_women":0,"rud_minors":0,"rud_older65":0,"rud_match_methods":"","rud_match_confidence":"","has_rud_match":false}},{"type":"Feature","geometry":{"type":"Point","coordinates":[-76.531262,3.409033]},"properties":{"place_id":"ChIJi3GSALSmMI4RJfx7uFvU2dw","address":"Cl 13C #49-15, Multifamiliar Triveca Santa Anita La Selva","area":"SIN INFORMACIÓN","zone":"Urbana","place_report_count":4,"evaluation_count":0,"nivel_dano_max":null,"severidad_max":null,"habitabilidad":"","tipo_inmueble":"","recomendaciones":"","rud_records":258,"rud_unique_docs":258,"rud_households":147,"rud_women":146,"rud_minors":27,"rud_older65":17,"rud_match_methods":"road_key","rud_match_confidence":"alta","has_rud_match":true}},{"type":"Feature","geometry":{"type":"Point","coordinates":[-76.549386,3.409112]},"properties":{"place_id":"ChIJkQQ0-gGkMI4RCyuSHEtV51M","address":"Cra 56 #3-48, Cuarto De Legua","area":"CUARTO DE LEGUA","zone":"Urbana","place_report_count":3,"evaluation_count":0,"nivel_dano_max":null,"severidad_max":null,"habitabilidad":"","tipo_inmueble":"","recomendaciones":"","rud_records":2,"rud_unique_docs":2,"rud_households":2,"rud_women":0,"rud_minors":0,"rud_older65":0,"rud_match_methods":"road_key","rud_match_confidence":"alta","has_rud_match":true}},{"type":"Feature","geometry":{"type":"Point","coordinates":[-76.5494816,3.4091152]},"properties":{"place_id":"Ej5DbC4gMyAjNTYtMTksIEN1YXJ0byBkZSBMZWd1YSwgQ2FsaSwgVmFsbGUgZGVsIENhdWNhLCBDb2xvbWJpYSIwEi4KFAoSCTXaGe4BpDCOEQhvCt_CrpLeEBMqFAoSCa_2UgT-ozCOETC0VmrGBy2r","address":"Cl 3 #56-19, Cuarto De Legua","area":"CUARTO DE LEGUA","zone":"Urbana","place_report_count":1,"evaluation_count":0,"nivel_dano_max":null,"severidad_max":null,"habitabilidad":"","tipo_inmueble":"","recomendaciones":"","rud_records":1,"rud_unique_docs":1,"rud_households":1,"rud_women":0,"rud_minors":0,"rud_older65":0,"rud_match_methods":"road_key","rud_match_confidence":"alta","has_rud_match":true}},{"type":"Feature","geometry":{"type":"Point","coordinates":[-76.5371752,3.4092091]},"properties":{"place_id":"EjxDbC4gMTFhICM1MC00NSwgU2FudGEgQW5pdGEsIENhbGksIFZhbGxlIGRlbCBDYXVjYSwgQ29sb21iaWEiMBIuChQKEgmZ8b7_saYwjhGePHknTMuCuRAtKhQKEglJv5T0UaEwjhGCWgAMgijTCw","address":"Cl 11A #50-45, Santa Anita","area":"SANTA ANITA","zone":"Urbana","place_report_count":3,"evaluation_count":0,"nivel_dano_max":null,"severidad_max":null,"habitabilidad":"","tipo_inmueble":"","recomendaciones":"","rud_records":3,"rud_unique_docs":3,"rud_households":1,"rud_women":2,"rud_minors":0,"rud_older65":1,"rud_match_methods":"road_key","rud_match_confidence":"alta","has_rud_match":true}},{"type":"Feature","geometry":{"type":"Point","coordinates":[-76.55064999999999,3.409271]},"properties":{"place_id":"ChIJMbZgiQGkMI4R_DTdBck-3hQ","address":"Cra 56 #2-110, Cuarto De Legua","area":"CUARTO DE LEGUA","zone":"Urbana","place_report_count":1,"evaluation_count":0,"nivel_dano_max":null,"severidad_max":null,"habitabilidad":"","tipo_inmueble":"","recomendaciones":"","rud_records":4,"rud_unique_docs":4,"rud_households":1,"rud_women":2,"rud_minors":0,"rud_older65":0,"rud_match_methods":"road_key","rud_match_confidence":"alta","has_rud_match":true}},{"type":"Feature","geometry":{"type":"Point","coordinates":[-76.54254209999999,3.4095842]},"properties":{"place_id":"ChIJQS5OAqymMI4RInrA8rUFjQA","address":"Cra 51 #8H-10, Cascadas De La Carolina Panamericano","area":"PANAMERICANO","zone":"Urbana","place_report_count":3,"evaluation_count":0,"nivel_dano_max":null,"severidad_max":null,"habitabilidad":"","tipo_inmueble":"","recomendaciones":"","rud_records":13,"rud_unique_docs":13,"rud_households":7,"rud_women":6,"rud_minors":0,"rud_older65":7,"rud_match_methods":"road_key","rud_match_confidence":"alta","has_rud_match":true}},{"type":"Feature","geometry":{"type":"Point","coordinates":[-76.5506345,3.409588]},"properties":{"place_id":"recovered-from-arcgis-merge:f1238070-49fb-454d-baca-3fe9213748f5","address":"Cra 56 #2-157, Cuarto De Legua","area":"CUARTO DE LEGUA","zone":"Urbana","place_report_count":7,"evaluation_count":0,"nivel_dano_max":null,"severidad_max":null,"habitabilidad":"","tipo_inmueble":"","recomendaciones":"","rud_records":118,"rud_unique_docs":118,"rud_households":77,"rud_women":68,"rud_minors":4,"rud_older65":22,"rud_match_methods":"road_key","rud_match_confidence":"alta","has_rud_match":true}},{"type":"Feature","geometry":{"type":"Point","coordinates":[-76.5507694,3.4097367]},"properties":{"place_id":"ChIJURWTJgKkMI4RJ6L3AqWdJqE","address":"Cra 56 #2, Cuarto De Legua","area":"Cuarto de legua","zone":"Urbana","place_report_count":1,"evaluation_count":1,"nivel_dano_max":"alto","severidad_max":"medio_alto","habitabilidad":"i2","tipo_inmueble":"residencial","recomendaciones":"","rud_records":0,"rud_unique_docs":0,"rud_households":0,"rud_women":0,"rud_minors":0,"rud_older65":0,"rud_match_methods":"","rud_match_confidence":"","has_rud_match":false}},{"type":"Feature","geometry":{"type":"Point","coordinates":[-76.54979759999999,3.4098316]},"properties":{"place_id":"ChIJ4zmDHAKkMI4RQSuXaOlkMtI","address":"Cl 3 #55B-72, Cuarto De Legua","area":"CUARTO DE LEGUA","zone":"Urbana","place_report_count":1,"evaluation_count":1,"nivel_dano_max":"alto","severidad_max":"alto","habitabilidad":"i2","tipo_inmueble":"residencial","recomendaciones":"evacuar_total","rud_records":57,"rud_unique_docs":57,"rud_households":32,"rud_women":34,"rud_minors":3,"rud_older65":18,"rud_match_methods":"road_key","rud_match_confidence":"alta","has_rud_match":true}},{"type":"Feature","geometry":{"type":"Point","coordinates":[-76.5502578,3.4098754]},"properties":{"place_id":"ChIJv3SqigGkMI4Rm4UZRZPXz2w","address":"Cra 56 #2-193, Cuarto De Legua","area":"CALI","zone":"Urbana","place_report_count":13,"evaluation_count":1,"nivel_dano_max":"medio","severidad_max":"medio_alto","habitabilidad":"r2","tipo_inmueble":"residencial","recomendaciones":"","rud_records":14,"rud_unique_docs":14,"rud_households":5,"rud_women":6,"rud_minors":5,"rud_older65":2,"rud_match_methods":"nomenclatura_sector","rud_match_confidence":"media","has_rud_match":true}},{"type":"Feature","geometry":{"type":"Point","coordinates":[-76.5498258,3.4099061]},"properties":{"place_id":"Ej9DbC4gMyAjNTViLTY2LCBDdWFydG8gZGUgTGVndWEsIENhbGksIFZhbGxlIGRlbCBDYXVjYSwgQ29sb21iaWEiMBIuChQKEgkrwqERAqQwjhEX_eX3ucOAFBBCKhQKEgmv9lIE_qMwjhEwtFZqxgctqw","address":"Cl 3 #55B-66, Cuarto De Legua","area":"CUARTO DE LEGUA","zone":"Urbana","place_report_count":1,"evaluation_count":0,"nivel_dano_max":null,"severidad_max":null,"habitabilidad":"","tipo_inmueble":"","recomendaciones":"","rud_records":1,"rud_unique_docs":1,"rud_households":1,"rud_women":0,"rud_minors":0,"rud_older65":1,"rud_match_methods":"road_key","rud_match_confidence":"alta","has_rud_match":true}},{"type":"Feature","geometry":{"type":"Point","coordinates":[-76.5536348,3.4099693]},"properties":{"place_id":"ChIJh7Iw5AOkMI4RLhaiCGlxIMs","address":"Cra 56 #1B-71, Cuarto De Legua","area":"Cuarto  de Legua","zone":"Urbana","place_report_count":1,"evaluation_count":2,"nivel_dano_max":"bajo","severidad_max":"sin_dano","habitabilidad":"r1","tipo_inmueble":"educativo","recomendaciones":"aislamiento","rud_records":0,"rud_unique_docs":0,"rud_households":0,"rud_women":0,"rud_minors":0,"rud_older65":0,"rud_match_methods":"","rud_match_confidence":"","has_rud_match":false}},{"type":"Feature","geometry":{"type":"Point","coordinates":[-76.553147,3.4100105]},"properties":{"place_id":"ChIJIW6j3QOkMI4RDkjVwd18oWU","address":"Cra 56 #1B-111, Cuarto De Legua","area":"CUARTO DE LENGUA","zone":"Rural","place_report_count":2,"evaluation_count":0,"nivel_dano_max":null,"severidad_max":null,"habitabilidad":"","tipo_inmueble":"","recomendaciones":"","rud_records":6,"rud_unique_docs":6,"rud_households":2,"rud_women":2,"rud_minors":2,"rud_older65":0,"rud_match_methods":"road_key","rud_match_confidence":"alta","has_rud_match":true}},{"type":"Feature","geometry":{"type":"Point","coordinates":[-76.55341469999999,3.4100582]},"properties":{"place_id":"EkBDcmEuIDU2ICMxYi04MSwgQ3VhcnRvIGRlIExlZ3VhLCBDYWxpLCBWYWxsZSBkZWwgQ2F1Y2EsIENvbG9tYmlhIjASLgoUChIJVSDS4wOkMI4R6FVuQXVoyEUQUSoUChIJaf4OjaqmMI4RpbDs9KzDBLk","address":"Cra 56 #1B-81, Cuarto De Legua Guadalupe","area":"CUARTO DE LEGUA","zone":"Urbana","place_report_count":5,"evaluation_count":0,"nivel_dano_max":null,"severidad_max":null,"habitabilidad":"","tipo_inmueble":"","recomendaciones":"","rud_records":37,"rud_unique_docs":37,"rud_households":13,"rud_women":20,"rud_minors":4,"rud_older65":15,"rud_match_methods":"road_key","rud_match_confidence":"alta","has_rud_match":true}},{"type":"Feature","geometry":{"type":"Point","coordinates":[-76.5400217,3.4103466]},"properties":{"place_id":"ChIJNWO7Ya6mMI4Ryrznf89I_To","address":"Cra 50 #9B-20, Panamericano","area":"CAMINO REAL","zone":"Urbana","place_report_count":3,"evaluation_count":0,"nivel_dano_max":null,"severidad_max":null,"habitabilidad":"","tipo_inmueble":"","recomendaciones":"","rud_records":13,"rud_unique_docs":13,"rud_households":10,"rud_women":8,"rud_minors":0,"rud_older65":3,"rud_match_methods":"road_key","rud_match_confidence":"alta","has_rud_match":true}},{"type":"Feature","geometry":{"type":"Point","coordinates":[-76.5401821,3.4103715]},"properties":{"place_id":"ChIJmzstYK6mMI4RTnsc6MhuIWM","address":"Cl 9B #50-15, Panamericano","area":"CAMINO REAL","zone":"Urbana","place_report_count":9,"evaluation_count":0,"nivel_dano_max":null,"severidad_max":null,"habitabilidad":"","tipo_inmueble":"","recomendaciones":"","rud_records":78,"rud_unique_docs":78,"rud_households":35,"rud_women":35,"rud_minors":6,"rud_older65":17,"rud_match_methods":"road_key","rud_match_confidence":"alta","has_rud_match":true}},{"type":"Feature","geometry":{"type":"Point","coordinates":[-76.5468496,3.4106041]},"properties":{"place_id":"ChIJodt8vKmmMI4RVaQicvMpDZM","address":"Cra 54A #5A-21, Panamericano","area":"NUEVA TEQUENDAMA","zone":"Urbana","place_report_count":5,"evaluation_count":0,"nivel_dano_max":null,"severidad_max":null,"habitabilidad":"","tipo_inmueble":"","recomendaciones":"","rud_records":59,"rud_unique_docs":59,"rud_households":27,"rud_women":36,"rud_minors":4,"rud_older65":24,"rud_match_methods":"road_key","rud_match_confidence":"alta","has_rud_match":true}},{"type":"Feature","geometry":{"type":"Point","coordinates":[-76.5542092,3.4107355]},"properties":{"place_id":"ChIJQ2Na8wOkMI4R8aTL1pFGP9c","address":"Cl 1B #55-56, Cuarto De Legua","area":"CUARTO DE LEGUA","zone":"Urbana","place_report_count":4,"evaluation_count":0,"nivel_dano_max":null,"severidad_max":null,"habitabilidad":"","tipo_inmueble":"","recomendaciones":"","rud_records":61,"rud_unique_docs":61,"rud_households":35,"rud_women":38,"rud_minors":6,"rud_older65":26,"rud_match_methods":"road_key","rud_match_confidence":"alta","has_rud_match":true}},{"type":"Feature","geometry":{"type":"Point","coordinates":[-76.5613358,3.410744]},"properties":{"place_id":"EjNDcmEuIDU2LCBHdWFkYWx1cGUsIENhbGksIFZhbGxlIGRlbCBDYXVjYSwgQ29sb21iaWEiLiosChQKEglp_g6NqqYwjhGlsOz0rMMEuRIUChIJd0XTgfejMI4Rpe3uETAz7R8","address":"Cra 56, Guadalupe","area":"Guadalupe","zone":"Urbana","place_report_count":1,"evaluation_count":1,"nivel_dano_max":"alto","severidad_max":"alto","habitabilidad":"i2","tipo_inmueble":"residencial","recomendaciones":"","rud_records":0,"rud_unique_docs":0,"rud_households":0,"rud_women":0,"rud_minors":0,"rud_older65":0,"rud_match_methods":"","rud_match_confidence":"","has_rud_match":false}},{"type":"Feature","geometry":{"type":"Point","coordinates":[-76.5422103,3.4107948]},"properties":{"place_id":"verified:3.41079,-76.54221","address":"Cl 8H #50-75, Panamericano","area":"SIN INFORMACIÓN","zone":"Urbana","place_report_count":1,"evaluation_count":0,"nivel_dano_max":null,"severidad_max":null,"habitabilidad":"","tipo_inmueble":"","recomendaciones":"","rud_records":2,"rud_unique_docs":2,"rud_households":1,"rud_women":1,"rud_minors":0,"rud_older65":1,"rud_match_methods":"road_key","rud_match_confidence":"alta","has_rud_match":true}},{"type":"Feature","geometry":{"type":"Point","coordinates":[-76.5538129,3.4109438]},"properties":{"place_id":"ChIJBzNlkgOkMI4RcNKrAb6GrXk","address":"Cl 1B #55-25, Cuarto De Legua Guadalupe","area":"PAMPALINDA","zone":"Urbana","place_report_count":4,"evaluation_count":0,"nivel_dano_max":null,"severidad_max":null,"habitabilidad":"","tipo_inmueble":"","recomendaciones":"","rud_records":50,"rud_unique_docs":49,"rud_households":21,"rud_women":24,"rud_minors":6,"rud_older65":2,"rud_match_methods":"road_key","rud_match_confidence":"alta","has_rud_match":true}},{"type":"Feature","geometry":{"type":"Point","coordinates":[-76.5470522,3.4109777]},"properties":{"place_id":"ChIJC4hGuammMI4Rp_ULpYso6tY","address":"Cl 5A, Panamericano","area":"Panamericano","zone":"Urbana","place_report_count":1,"evaluation_count":1,"nivel_dano_max":"bajo","severidad_max":"bajo","habitabilidad":"h","tipo_inmueble":"","recomendaciones":"seguimiento","rud_records":0,"rud_unique_docs":0,"rud_households":0,"rud_women":0,"rud_minors":0,"rud_older65":0,"rud_match_methods":"","rud_match_confidence":"","has_rud_match":false}},{"type":"Feature","geometry":{"type":"Point","coordinates":[-76.522873,3.4110941]},"properties":{"place_id":"EjpDbC4gMjMgIzQ0YS0xNiwgQ29tdW5hIDEwLCBDYWxpLCBWYWxsZSBkZWwgQ2F1Y2EsIENvbG9tYmlhIjASLgoUChIJy-kmpsmmMI4RqYFG2djBv9kQECoUChIJgdOXs-2mMI4RHbi_F555fr8","address":"Cl 23 #44A-16, Comuna 10","area":"San Judas","zone":"Urbana","place_report_count":1,"evaluation_count":1,"nivel_dano_max":"bajo","severidad_max":"bajo","habitabilidad":"h","tipo_inmueble":"educativo","recomendaciones":"restringir_peatones","rud_records":0,"rud_unique_docs":0,"rud_households":0,"rud_women":0,"rud_minors":0,"rud_older65":0,"rud_match_methods":"","rud_match_confidence":"","has_rud_match":false}},{"type":"Feature","geometry":{"type":"Point","coordinates":[-76.5305526,3.4113607]},"properties":{"place_id":"ChIJ84KC2bamMI4RvBUKVuU4iGM","address":"Cra 47 #13C-00, Santa Domingo","area":"Santo Domingo","zone":"Urbana","place_report_count":1,"evaluation_count":1,"nivel_dano_max":"bajo","severidad_max":"bajo","habitabilidad":"h","tipo_inmueble":"educativo","recomendaciones":"restringir_peatones","rud_records":0,"rud_unique_docs":0,"rud_households":0,"rud_women":0,"rud_minors":0,"rud_older65":0,"rud_match_methods":"","rud_match_confidence":"","has_rud_match":false}},{"type":"Feature","geometry":{"type":"Point","coordinates":[-76.53506999999999,3.411373]},"properties":{"place_id":"ChIJVfIbrrGmMI4R1RhVdGli2Is","address":"Cra 48 Bis #12-83, Panamericano","area":"PANAMERICANO","zone":"Urbana","place_report_count":1,"evaluation_count":0,"nivel_dano_max":null,"severidad_max":null,"habitabilidad":"","tipo_inmueble":"","recomendaciones":"","rud_records":3,"rud_unique_docs":2,"rud_households":1,"rud_women":2,"rud_minors":0,"rud_older65":1,"rud_match_methods":"road_key","rud_match_confidence":"alta","has_rud_match":true}},{"type":"Feature","geometry":{"type":"Point","coordinates":[-76.5342749,3.411631]},"properties":{"place_id":"ChIJfR08B7GmMI4Rlh_MsNlb_8A","address":"Cra 48 #12B-60, Panamericano","area":"PANAMERICANO","zone":"Urbana","place_report_count":1,"evaluation_count":0,"nivel_dano_max":null,"severidad_max":null,"habitabilidad":"","tipo_inmueble":"","recomendaciones":"","rud_records":21,"rud_unique_docs":21,"rud_households":12,"rud_women":15,"rud_minors":3,"rud_older65":6,"rud_match_methods":"road_key","rud_match_confidence":"alta","has_rud_match":true}},{"type":"Feature","geometry":{"type":"Point","coordinates":[-76.5223858,3.4125768]},"properties":{"place_id":"ChIJ90nNi8imMI4RXA_EGPcCVLk","address":"Cl 23 #3, Comuna 10","area":"Versalles","zone":"Urbana","place_report_count":1,"evaluation_count":1,"nivel_dano_max":"medio","severidad_max":"bajo","habitabilidad":"r1","tipo_inmueble":"salud","recomendaciones":"seguimiento","rud_records":0,"rud_unique_docs":0,"rud_households":0,"rud_women":0,"rud_minors":0,"rud_older65":0,"rud_match_methods":"","rud_match_confidence":"","has_rud_match":false}},{"type":"Feature","geometry":{"type":"Point","coordinates":[-76.5375056,3.412683]},"properties":{"place_id":"ChIJJ0Yq2a-mMI4RSydmpNjHAgk","address":"Cra 48 #10-09, Panamericano","area":"DEPARTAMENTAL","zone":"Urbana","place_report_count":1,"evaluation_count":0,"nivel_dano_max":null,"severidad_max":null,"habitabilidad":"","tipo_inmueble":"","recomendaciones":"","rud_records":4,"rud_unique_docs":4,"rud_households":3,"rud_women":2,"rud_minors":0,"rud_older65":1,"rud_match_methods":"road_key","rud_match_confidence":"alta","has_rud_match":true}},{"type":"Feature","geometry":{"type":"Point","coordinates":[-76.5347975,3.4127164]},"properties":{"place_id":"ChIJI-EWXLCmMI4R9OfNR10-AO0","address":"Cra 47 #12-65, Panamericano","area":"PANAMERICANO","zone":"Urbana","place_report_count":1,"evaluation_count":0,"nivel_dano_max":null,"severidad_max":null,"habitabilidad":"","tipo_inmueble":"","recomendaciones":"","rud_records":3,"rud_unique_docs":3,"rud_households":1,"rud_women":2,"rud_minors":0,"rud_older65":0,"rud_match_methods":"road_key","rud_match_confidence":"alta","has_rud_match":true}},{"type":"Feature","geometry":{"type":"Point","coordinates":[-76.5225049,3.4128566]},"properties":{"place_id":"EjpDbC4gMjMgIzQyYi0zNSwgQ29tdW5hIDEwLCBDYWxpLCBWYWxsZSBkZWwgQ2F1Y2EsIENvbG9tYmlhIjASLgoUChIJUZwFYMimMI4RRqD6WsrUjqYQIyoUChIJgdOXs-2mMI4RHbi_F555fr8","address":"Cl 23 #42B-35, Comuna 10","area":"SAN JUDAS","zone":"Urbana","place_report_count":1,"evaluation_count":0,"nivel_dano_max":null,"severidad_max":null,"habitabilidad":"","tipo_inmueble":"","recomendaciones":"","rud_records":2,"rud_unique_docs":2,"rud_households":1,"rud_women":2,"rud_minors":0,"rud_older65":0,"rud_match_methods":"road_key","rud_match_confidence":"alta","has_rud_match":true}},{"type":"Feature","geometry":{"type":"Point","coordinates":[-76.5420819,3.413022]},"properties":{"place_id":"ChIJCYaQOK-mMI4RzZ1yDZ7Y9W4","address":"Cl 8C #47-35, Nueva Tequendama","area":"Tequendama","zone":"Urbana","place_report_count":6,"evaluation_count":1,"nivel_dano_max":"alto","severidad_max":"alto","habitabilidad":"i2","tipo_inmueble":"residencial","recomendaciones":"","rud_records":0,"rud_unique_docs":0,"rud_households":0,"rud_women":0,"rud_minors":0,"rud_older65":0,"rud_match_methods":"","rud_match_confidence":"","has_rud_match":false}},{"type":"Feature","geometry":{"type":"Point","coordinates":[-76.53738349999999,3.4133731]},"properties":{"place_id":"ChIJ9xQ44q-mMI4RrIEyMLsXP7s","address":"Cra 47 #10-8, Panamericano","area":"DEPARTAMENTAL","zone":"Urbana","place_report_count":2,"evaluation_count":1,"nivel_dano_max":"medio","severidad_max":"medio","habitabilidad":"i2","tipo_inmueble":"residencial","recomendaciones":"","rud_records":0,"rud_unique_docs":0,"rud_households":0,"rud_women":0,"rud_minors":0,"rud_older65":0,"rud_match_methods":"","rud_match_confidence":"","has_rud_match":false}},{"type":"Feature","geometry":{"type":"Point","coordinates":[-76.5571248,3.4133941]},"properties":{"place_id":"ChIJB5LX3QSkMI4RVD_gH4ms1FU","address":"Cra 54 #3-50, Belisario Caicedo","area":"Cuarto de legua","zone":"Urbana","place_report_count":1,"evaluation_count":1,"nivel_dano_max":"alto","severidad_max":"alto","habitabilidad":"i2","tipo_inmueble":"reunion","recomendaciones":"","rud_records":0,"rud_unique_docs":0,"rud_households":0,"rud_women":0,"rud_minors":0,"rud_older65":0,"rud_match_methods":"","rud_match_confidence":"","has_rud_match":false}},{"type":"Feature","geometry":{"type":"Point","coordinates":[-76.5429442,3.413469]},"properties":{"place_id":"ChIJLyroTK-mMI4RskNE2yDjamg","address":"Cl 8B #47-95, Nueva Tequendama","area":"NUEVA TEQUENDAMA","zone":"Urbana","place_report_count":1,"evaluation_count":0,"nivel_dano_max":null,"severidad_max":null,"habitabilidad":"","tipo_inmueble":"","recomendaciones":"","rud_records":54,"rud_unique_docs":54,"rud_households":18,"rud_women":31,"rud_minors":6,"rud_older65":13,"rud_match_methods":"road_key","rud_match_confidence":"alta","has_rud_match":true}},{"type":"Feature","geometry":{"type":"Point","coordinates":[-76.5417691,3.4135206]},"properties":{"place_id":"ChIJR4T_Qq-mMI4ROD9KdulLdss","address":"Cl 8C #46-61, Nueva Tequendama","area":"NUEVA TEQUENDAMA","zone":"Urbana","place_report_count":3,"evaluation_count":1,"nivel_dano_max":"alto","severidad_max":"medio_alto","habitabilidad":"i2","tipo_inmueble":"residencial","recomendaciones":"","rud_records":120,"rud_unique_docs":120,"rud_households":53,"rud_women":79,"rud_minors":11,"rud_older65":40,"rud_match_methods":"road_key","rud_match_confidence":"alta","has_rud_match":true}},{"type":"Feature","geometry":{"type":"Point","coordinates":[-76.54238629999999,3.413574]},"properties":{"place_id":"ChIJ-cOPRa-mMI4RSwjiAWuL1C4","address":"Cra 47 #8B-55, Nueva Tequendama","area":"NUEVA TEQUENDAMA","zone":"Urbana","place_report_count":4,"evaluation_count":0,"nivel_dano_max":null,"severidad_max":null,"habitabilidad":"","tipo_inmueble":"","recomendaciones":"","rud_records":88,"rud_unique_docs":88,"rud_households":36,"rud_women":57,"rud_minors":3,"rud_older65":31,"rud_match_methods":"road_key","rud_match_confidence":"alta","has_rud_match":true}},{"type":"Feature","geometry":{"type":"Point","coordinates":[-76.55403,3.41362]},"properties":{"place_id":"verified:3.41362,-76.55403","address":"Cra 54 #1A-60","area":"CUARTO DE LEGUA","zone":"Urbana","place_report_count":1,"evaluation_count":0,"nivel_dano_max":null,"severidad_max":null,"habitabilidad":"","tipo_inmueble":"","recomendaciones":"","rud_records":132,"rud_unique_docs":132,"rud_households":56,"rud_women":75,"rud_minors":15,"rud_older65":37,"rud_match_methods":"direccion_normalizada","rud_match_confidence":"alta","has_rud_match":true}},{"type":"Feature","geometry":{"type":"Point","coordinates":[-76.5404689,3.413724]},"properties":{"place_id":"manual:3.41372,-76.54047","address":"Av 48 #9-35","area":"MONTEBELLO","zone":"Rural","place_report_count":1,"evaluation_count":0,"nivel_dano_max":null,"severidad_max":null,"habitabilidad":"","tipo_inmueble":"","recomendaciones":"","rud_records":5,"rud_unique_docs":5,"rud_households":1,"rud_women":2,"rud_minors":1,"rud_older65":1,"rud_match_methods":"direccion_normalizada","rud_match_confidence":"alta","has_rud_match":true}},{"type":"Feature","geometry":{"type":"Point","coordinates":[-76.557979,3.4137603]},"properties":{"place_id":"ChIJX1YzC52lMI4R7sw4iC5iBfU","address":"Cl 6 Oeste #5-42, Dean Housing Belisario Caicedo","area":"Siloe","zone":"Urbana","place_report_count":1,"evaluation_count":1,"nivel_dano_max":"bajo","severidad_max":"sin_dano","habitabilidad":"r1","tipo_inmueble":"educativo","recomendaciones":"","rud_records":0,"rud_unique_docs":0,"rud_households":0,"rud_women":0,"rud_minors":0,"rud_older65":0,"rud_match_methods":"","rud_match_confidence":"","has_rud_match":false}},{"type":"Feature","geometry":{"type":"Point","coordinates":[-76.5408892,3.4138258]},"properties":{"place_id":"Ei9DcmEuIDQ2ICM4Yi05NSwgQ2FsaSwgVmFsbGUgZGVsIENhdWNhLCBDb2xvbWJpYSIwEi4KFAoSCR2Zj2OvpjCOEdC5_wsxX80REF8qFAoSCV2FPcLKpjCOEWo6vm1WXwil","address":"Cra 46 #8B-95","area":"TORRES DE TEQUENDAMA APTO 305 TORRE B","zone":"Urbana","place_report_count":1,"evaluation_count":0,"nivel_dano_max":null,"severidad_max":null,"habitabilidad":"","tipo_inmueble":"","recomendaciones":"","rud_records":6,"rud_unique_docs":6,"rud_households":2,"rud_women":3,"rud_minors":1,"rud_older65":1,"rud_match_methods":"direccion_normalizada","rud_match_confidence":"alta","has_rud_match":true}},{"type":"Feature","geometry":{"type":"Point","coordinates":[-76.5348781,3.4140809]},"properties":{"place_id":"ChIJ51H6eLCmMI4R2Soo97ape2w","address":"Cl 12 #44A-37, Panamericano","area":"PANAMERICANO","zone":"Urbana","place_report_count":1,"evaluation_count":0,"nivel_dano_max":null,"severidad_max":null,"habitabilidad":"","tipo_inmueble":"","recomendaciones":"","rud_records":6,"rud_unique_docs":6,"rud_households":3,"rud_women":4,"rud_minors":0,"rud_older65":1,"rud_match_methods":"road_key","rud_match_confidence":"alta","has_rud_match":true}},{"type":"Feature","geometry":{"type":"Point","coordinates":[-76.54359199999999,3.414084]},"properties":{"place_id":"ChIJU3HgqKimMI4RX0DXMsEjCkQ","address":"Cl 8 #47-73, Nueva Tequendama","area":"TEQUENDAMA","zone":"Urbana","place_report_count":1,"evaluation_count":0,"nivel_dano_max":null,"severidad_max":null,"habitabilidad":"","tipo_inmueble":"","recomendaciones":"","rud_records":2,"rud_unique_docs":2,"rud_households":1,"rud_women":2,"rud_minors":0,"rud_older65":0,"rud_match_methods":"road_key","rud_match_confidence":"alta","has_rud_match":true}},{"type":"Feature","geometry":{"type":"Point","coordinates":[-76.5617596,3.414085]},"properties":{"place_id":"ChIJ27L_6g-kMI4RXv9WL5HnRSQ","address":"Cra 1d2 #52-109, Los Andes","area":"Cambulos","zone":"Urbana","place_report_count":1,"evaluation_count":1,"nivel_dano_max":"medio","severidad_max":"medio","habitabilidad":"r1","tipo_inmueble":"comercial","recomendaciones":"","rud_records":0,"rud_unique_docs":0,"rud_households":0,"rud_women":0,"rud_minors":0,"rud_older65":0,"rud_match_methods":"","rud_match_confidence":"","has_rud_match":false}},{"type":"Feature","geometry":{"type":"Point","coordinates":[-76.537133,3.414156]},"properties":{"place_id":"ChIJ4fJoALCmMI4RO87gJR1s868","address":"Cra 46 #10-4, Panamericano","area":"Departamental","zone":"Urbana","place_report_count":1,"evaluation_count":1,"nivel_dano_max":"bajo","severidad_max":"bajo","habitabilidad":"h","tipo_inmueble":"residencial","recomendaciones":"monitoreo","rud_records":0,"rud_unique_docs":0,"rud_households":0,"rud_women":0,"rud_minors":0,"rud_older65":0,"rud_match_methods":"","rud_match_confidence":"","has_rud_match":false}},{"type":"Feature","geometry":{"type":"Point","coordinates":[-76.4906658,3.414162]},"properties":{"place_id":"ChIJEUbBXQCnMI4Rlsx6n5IeZhw","address":"Cl 81EL #28F-1, Poblado Ii","area":"Mojica 1","zone":"Urbana","place_report_count":1,"evaluation_count":1,"nivel_dano_max":"sin_dano","severidad_max":"sin_dano","habitabilidad":"h","tipo_inmueble":"educativo","recomendaciones":"seguimiento","rud_records":0,"rud_unique_docs":0,"rud_households":0,"rud_women":0,"rud_minors":0,"rud_older65":0,"rud_match_methods":"","rud_match_confidence":"","has_rud_match":false}},{"type":"Feature","geometry":{"type":"Point","coordinates":[-76.5414207,3.4141979]},"properties":{"place_id":"ChIJ_dpKYK-mMI4RHK6W8QvWTzM","address":"Cra 46 #8B-95, Urbanizacion Tequendama","area":"Nueva Tequendama","zone":"Urbana","place_report_count":1,"evaluation_count":1,"nivel_dano_max":"medio","severidad_max":"medio_alto","habitabilidad":"r2","tipo_inmueble":"residencial","recomendaciones":"","rud_records":0,"rud_unique_docs":0,"rud_households":0,"rud_women":0,"rud_minors":0,"rud_older65":0,"rud_match_methods":"","rud_match_confidence":"","has_rud_match":false}},{"type":"Feature","geometry":{"type":"Point","coordinates":[-76.5418804,3.4143022]},"properties":{"place_id":"ChIJycSM9aWmMI4RDXNeLVwtl_U","address":"Cra 46 #8B-20, Nueva Tequendama","area":"NUEVA TEQUENDAMA","zone":"Urbana","place_report_count":2,"evaluation_count":0,"nivel_dano_max":null,"severidad_max":null,"habitabilidad":"","tipo_inmueble":"","recomendaciones":"","rud_records":31,"rud_unique_docs":31,"rud_households":16,"rud_women":21,"rud_minors":0,"rud_older65":19,"rud_match_methods":"road_key","rud_match_confidence":"alta","has_rud_match":true}},{"type":"Feature","geometry":{"type":"Point","coordinates":[-76.54188719999999,3.4143151]},"properties":{"place_id":"ChIJ_fzNU6-mMI4R7sVytTPyvwU","address":"Cra 47 #8B-20, Nueva Tequendama","area":"NUEVA TEQUENDAMA","zone":"Urbana","place_report_count":1,"evaluation_count":0,"nivel_dano_max":null,"severidad_max":null,"habitabilidad":"","tipo_inmueble":"","recomendaciones":"","rud_records":3,"rud_unique_docs":3,"rud_households":1,"rud_women":1,"rud_minors":0,"rud_older65":2,"rud_match_methods":"road_key","rud_match_confidence":"alta","has_rud_match":true}},{"type":"Feature","geometry":{"type":"Point","coordinates":[-76.542515,3.414361]},"properties":{"place_id":"ChIJebeL-KWmMI4Ri4YA1J8oYyk","address":"Cl 8B #45-104, Nueva Tequendama","area":"NUEVA TEQUENDAMA CASA","zone":"Urbana","place_report_count":1,"evaluation_count":0,"nivel_dano_max":null,"severidad_max":null,"habitabilidad":"","tipo_inmueble":"","recomendaciones":"","rud_records":6,"rud_unique_docs":6,"rud_households":1,"rud_women":3,"rud_minors":0,"rud_older65":3,"rud_match_methods":"road_key","rud_match_confidence":"alta","has_rud_match":true}},{"type":"Feature","geometry":{"type":"Point","coordinates":[-76.5416786,3.414485500000001]},"properties":{"place_id":"ChIJT3Tr9KWmMI4RUJpe7VtbXnQ","address":"Cl 8B #45-17, Nueva Tequendama","area":"CANTABRIA","zone":"Urbana","place_report_count":1,"evaluation_count":0,"nivel_dano_max":null,"severidad_max":null,"habitabilidad":"","tipo_inmueble":"","recomendaciones":"","rud_records":12,"rud_unique_docs":12,"rud_households":5,"rud_women":8,"rud_minors":1,"rud_older65":4,"rud_match_methods":"road_key","rud_match_confidence":"alta","has_rud_match":true}},{"type":"Feature","geometry":{"type":"Point","coordinates":[-76.5402882,3.4145352]},"properties":{"place_id":"ChIJrcsWnaWmMI4RSZZWpwuP-K8","address":"Cl 9 #46-69","area":"U.MILITAR","zone":"Urbana","place_report_count":3,"evaluation_count":0,"nivel_dano_max":null,"severidad_max":null,"habitabilidad":"","tipo_inmueble":"","recomendaciones":"","rud_records":33,"rud_unique_docs":33,"rud_households":33,"rud_women":17,"rud_minors":0,"rud_older65":2,"rud_match_methods":"road_key","rud_match_confidence":"alta","has_rud_match":true}},{"type":"Feature","geometry":{"type":"Point","coordinates":[-76.5420266,3.4146367]},"properties":{"place_id":"ChIJe2Be8aWmMI4RCYUPdfpmOfA","address":"Cl 8B #45-40, Nueva Tequendama","area":"TEQUENDAMA","zone":"Urbana","place_report_count":1,"evaluation_count":0,"nivel_dano_max":null,"severidad_max":null,"habitabilidad":"","tipo_inmueble":"","recomendaciones":"","rud_records":6,"rud_unique_docs":6,"rud_households":1,"rud_women":2,"rud_minors":1,"rud_older65":2,"rud_match_methods":"road_key","rud_match_confidence":"alta","has_rud_match":true}},{"type":"Feature","geometry":{"type":"Point","coordinates":[-76.541489,3.414683]},"properties":{"place_id":"ChIJBezrjKWmMI4ROYd7Iz0Nckk","address":"Cl 8B #44A-199, Nueva Tequendama","area":"NUEVO TEQUENDAMA","zone":"Urbana","place_report_count":1,"evaluation_count":0,"nivel_dano_max":null,"severidad_max":null,"habitabilidad":"","tipo_inmueble":"","recomendaciones":"","rud_records":4,"rud_unique_docs":4,"rud_households":1,"rud_women":3,"rud_minors":0,"rud_older65":2,"rud_match_methods":"road_key","rud_match_confidence":"alta","has_rud_match":true}},{"type":"Feature","geometry":{"type":"Point","coordinates":[-76.5363855,3.4146861]},"properties":{"place_id":"ChIJcY8DpbqmMI4RxjhmAQgYKyE","address":"Cra 45 #10-73, Panamericano","area":"DEPARTAMENTAL","zone":"Urbana","place_report_count":1,"evaluation_count":1,"nivel_dano_max":"bajo","severidad_max":"bajo","habitabilidad":"h","tipo_inmueble":"residencial","recomendaciones":"","rud_records":0,"rud_unique_docs":0,"rud_households":0,"rud_women":0,"rud_minors":0,"rud_older65":0,"rud_match_methods":"","rud_match_confidence":"","has_rud_match":false}},{"type":"Feature","geometry":{"type":"Point","coordinates":[-76.5458305,3.4149579]},"properties":{"place_id":"ChIJTdJhLaamMI4Rnxm7CkQP-mk","address":"Cra 50 #5D-37","area":"NUEVA TEQUENDAMA","zone":"Urbana","place_report_count":1,"evaluation_count":0,"nivel_dano_max":null,"severidad_max":null,"habitabilidad":"","tipo_inmueble":"","recomendaciones":"","rud_records":6,"rud_unique_docs":6,"rud_households":4,"rud_women":4,"rud_minors":1,"rud_older65":2,"rud_match_methods":"direccion_normalizada, road_key","rud_match_confidence":"alta","has_rud_match":true}},{"type":"Feature","geometry":{"type":"Point","coordinates":[-76.53807,3.41499]},"properties":{"place_id":"ChIJC54KUKWmMI4RCe0cflpzRjg","address":"Cra 46 #9C-85, Los Cambulos","area":"Cali","zone":"Urbana","place_report_count":4,"evaluation_count":1,"nivel_dano_max":"bajo","severidad_max":"medio_alto","habitabilidad":"h","tipo_inmueble":"","recomendaciones":"","rud_records":0,"rud_unique_docs":0,"rud_households":0,"rud_women":0,"rud_minors":0,"rud_older65":0,"rud_match_methods":"","rud_match_confidence":"","has_rud_match":false}},{"type":"Feature","geometry":{"type":"Point","coordinates":[-76.536608,3.4150136]},"properties":{"place_id":"recovered-from-arcgis-merge:b18555c5-db1c-4e7e-95d0-b42cd1f374c1","address":"Cra 44A #10-30, Panamericano","area":"Departamental","zone":"Urbana","place_report_count":1,"evaluation_count":1,"nivel_dano_max":"medio","severidad_max":"medio","habitabilidad":"r1","tipo_inmueble":"residencial","recomendaciones":"","rud_records":0,"rud_unique_docs":0,"rud_households":0,"rud_women":0,"rud_minors":0,"rud_older65":0,"rud_match_methods":"","rud_match_confidence":"","has_rud_match":false}},{"type":"Feature","geometry":{"type":"Point","coordinates":[-76.5363887,3.415037]},"properties":{"place_id":"EjdDcmEgNDRBLCBEZXBhcnRhbWVudGFsLCBDYWxpLCBWYWxsZSBkZWwgQ2F1Y2EsIENvbG9tYmlhIi4qLAoUChIJIdFTQMumMI4Rdw12VOwVsaMSFAoSCbNWTm27pjCOEa-DD_54mQM4","address":"Cra 44A, Departamental","area":"Departamental","zone":"Urbana","place_report_count":1,"evaluation_count":1,"nivel_dano_max":"alto","severidad_max":"alto","habitabilidad":"i2","tipo_inmueble":"residencial","recomendaciones":"","rud_records":0,"rud_unique_docs":0,"rud_households":0,"rud_women":0,"rud_minors":0,"rud_older65":0,"rud_match_methods":"","rud_match_confidence":"","has_rud_match":false}},{"type":"Feature","geometry":{"type":"Point","coordinates":[-76.5407532,3.4150695]},"properties":{"place_id":"ChIJM6rjmqWmMI4RVLGC1pUuQxs","address":"Cl 9 #44-56, Urbanizacion Militar","area":"NUEVA TEQUENDAMA","zone":"Urbana","place_report_count":8,"evaluation_count":1,"nivel_dano_max":"bajo","severidad_max":"bajo","habitabilidad":"r1","tipo_inmueble":"residencial","recomendaciones":"demoler","rud_records":90,"rud_unique_docs":90,"rud_households":41,"rud_women":56,"rud_minors":7,"rud_older65":26,"rud_match_methods":"road_key","rud_match_confidence":"alta","has_rud_match":true}},{"type":"Feature","geometry":{"type":"Point","coordinates":[-76.5363983,3.4150995]},"properties":{"place_id":"ChIJuQk7hdynMI4R1pQCN642nII","address":"Cra 44A #10-25, Panamericano","area":"DEPARTAMENTAL","zone":"Urbana","place_report_count":2,"evaluation_count":0,"nivel_dano_max":null,"severidad_max":null,"habitabilidad":"","tipo_inmueble":"","recomendaciones":"","rud_records":12,"rud_unique_docs":12,"rud_households":6,"rud_women":6,"rud_minors":0,"rud_older65":3,"rud_match_methods":"road_key","rud_match_confidence":"alta","has_rud_match":true}},{"type":"Feature","geometry":{"type":"Point","coordinates":[-76.545335,3.415237]},"properties":{"place_id":"ChIJ7WHOMKamMI4R5wlMqfXLELs","address":"Cl 5 Este #47-57","area":"NUEVA TEQUENDAMA","zone":"Rural","place_report_count":5,"evaluation_count":0,"nivel_dano_max":null,"severidad_max":null,"habitabilidad":"","tipo_inmueble":"","recomendaciones":"","rud_records":2,"rud_unique_docs":2,"rud_households":2,"rud_women":2,"rud_minors":0,"rud_older65":1,"rud_match_methods":"road_key","rud_match_confidence":"alta","has_rud_match":true}},{"type":"Feature","geometry":{"type":"Point","coordinates":[-76.54660539999999,3.4153697]},"properties":{"place_id":"ChIJT0CXyKemMI4RItlvPWCV9Uo","address":"Cra 50 #5-173, Nueva Tequendama","area":"TEQUENDAMA","zone":"Urbana","place_report_count":3,"evaluation_count":9,"nivel_dano_max":"alto","severidad_max":"alto","habitabilidad":"h, i1, i2, r1","tipo_inmueble":"residencial","recomendaciones":"apuntalar, seguimiento","rud_records":9,"rud_unique_docs":9,"rud_households":4,"rud_women":8,"rud_minors":0,"rud_older65":6,"rud_match_methods":"nomenclatura_sector","rud_match_confidence":"media","has_rud_match":true}},{"type":"Feature","geometry":{"type":"Point","coordinates":[-76.5400377,3.4157317]},"properties":{"place_id":"EjZDbC4gOSAjNDQtNzkgYXB0byAyMDEsIENhbGksIFZhbGxlIGRlbCBDYXVjYSwgQ29sb21iaWEiJBoiChYKFAoSCbXXOAqlpjCOES5c1CLhAnrpEghhcHRvIDIwMQ","address":"Cl 9 #44-79","area":"URBANIZACION MILITAR","zone":"Urbana","place_report_count":2,"evaluation_count":0,"nivel_dano_max":null,"severidad_max":null,"habitabilidad":"","tipo_inmueble":"","recomendaciones":"","rud_records":27,"rud_unique_docs":27,"rud_households":16,"rud_women":16,"rud_minors":1,"rud_older65":15,"rud_match_methods":"road_key","rud_match_confidence":"alta","has_rud_match":true}},{"type":"Feature","geometry":{"type":"Point","coordinates":[-76.5448205,3.4157583]},"properties":{"place_id":"ChIJHWQU6wSnMI4RHIzEMvHkTzI","address":"Cra 47 #5E-57, Tequendama","area":"TEQUENDAMA","zone":"Rural","place_report_count":4,"evaluation_count":2,"nivel_dano_max":"medio","severidad_max":"medio_alto","habitabilidad":"r1","tipo_inmueble":"residencial","recomendaciones":"","rud_records":16,"rud_unique_docs":16,"rud_households":7,"rud_women":9,"rud_minors":0,"rud_older65":9,"rud_match_methods":"nomenclatura_sector","rud_match_confidence":"media","has_rud_match":true}},{"type":"Feature","geometry":{"type":"Point","coordinates":[-76.53671899999999,3.415767]},"properties":{"place_id":"ChIJhwwqz7qmMI4RO16r-XfKoFc","address":"Cra 44 #10-25, Departamental","area":"DEPARTAMENTAL","zone":"Urbana","place_report_count":1,"evaluation_count":0,"nivel_dano_max":null,"severidad_max":null,"habitabilidad":"","tipo_inmueble":"","recomendaciones":"","rud_records":4,"rud_unique_docs":4,"rud_households":4,"rud_women":2,"rud_minors":0,"rud_older65":2,"rud_match_methods":"road_key","rud_match_confidence":"alta","has_rud_match":true}},{"type":"Feature","geometry":{"type":"Point","coordinates":[-76.5452001,3.4158408]},"properties":{"place_id":"ChIJVVAdRqamMI4RVUcJfVaJ5X8","address":"Cra 47 #5E-07, Nueva Tequendama","area":"TEQUENDAMA","zone":"Urbana","place_report_count":1,"evaluation_count":1,"nivel_dano_max":"bajo","severidad_max":"medio","habitabilidad":"h","tipo_inmueble":"residencial","recomendaciones":"seguimiento","rud_records":23,"rud_unique_docs":23,"rud_households":16,"rud_women":11,"rud_minors":0,"rud_older65":15,"rud_match_methods":"road_key","rud_match_confidence":"alta","has_rud_match":true}},{"type":"Feature","geometry":{"type":"Point","coordinates":[-76.54561629999999,3.4158615]},"properties":{"place_id":"ChIJ0bDwS6amMI4Rf-9DRw4lEmA","address":"Cl 5 Este #46-92","area":"NUEVA TEQUENDAMA","zone":"Urbana","place_report_count":1,"evaluation_count":2,"nivel_dano_max":"bajo","severidad_max":"medio","habitabilidad":"h","tipo_inmueble":"residencial","recomendaciones":"","rud_records":3,"rud_unique_docs":3,"rud_households":1,"rud_women":2,"rud_minors":0,"rud_older65":0,"rud_match_methods":"road_key","rud_match_confidence":"alta","has_rud_match":true}},{"type":"Feature","geometry":{"type":"Point","coordinates":[-76.5399949,3.4158779]},"properties":{"place_id":"ChIJTR2iCaWmMI4RcazAWlNfPxE","address":"Cl 9 #44-59","area":"Cambulos","zone":"Urbana","place_report_count":1,"evaluation_count":1,"nivel_dano_max":"alto","severidad_max":"alto","habitabilidad":"i2","tipo_inmueble":"","recomendaciones":"","rud_records":0,"rud_unique_docs":0,"rud_households":0,"rud_women":0,"rud_minors":0,"rud_older65":0,"rud_match_methods":"","rud_match_confidence":"","has_rud_match":false}},{"type":"Feature","geometry":{"type":"Point","coordinates":[-76.5377434,3.4159879]},"properties":{"place_id":"Ei9DcmEuIDQ0ICM5Yy03NSwgQ2FsaSwgVmFsbGUgZGVsIENhdWNhLCBDb2xvbWJpYSIwEi4KFAoSCZfWBjClpjCOEWeH0Uhnwkz5EEsqFAoSCZnf9SmlpjCOERY1xWg0PYs1","address":"Cra 44 #9C-75","area":"LOS CAMBULOS","zone":"Urbana","place_report_count":2,"evaluation_count":0,"nivel_dano_max":null,"severidad_max":null,"habitabilidad":"","tipo_inmueble":"","recomendaciones":"","rud_records":12,"rud_unique_docs":12,"rud_households":4,"rud_women":8,"rud_minors":0,"rud_older65":4,"rud_match_methods":"direccion_normalizada, road_key","rud_match_confidence":"alta","has_rud_match":true}},{"type":"Feature","geometry":{"type":"Point","coordinates":[-76.5398869,3.416023]},"properties":{"place_id":"ChIJxb_qCKWmMI4R5DMucdfA5Y4","address":"Cl 9 #44-37, Los Cambulos","area":"Los cambulos","zone":"Urbana","place_report_count":1,"evaluation_count":1,"nivel_dano_max":"alto","severidad_max":"alto","habitabilidad":"i2","tipo_inmueble":"","recomendaciones":"","rud_records":0,"rud_unique_docs":0,"rud_households":0,"rud_women":0,"rud_minors":0,"rud_older65":0,"rud_match_methods":"","rud_match_confidence":"","has_rud_match":false}},{"type":"Feature","geometry":{"type":"Point","coordinates":[-76.5352032,3.4161858]},"properties":{"place_id":"ChIJryo95bqmMI4RD_Lm2LWY6gM","address":"Cra 44 #11-13, Departamental","area":"Cra 44-11 alado","zone":"Urbana","place_report_count":1,"evaluation_count":1,"nivel_dano_max":"medio","severidad_max":"alto","habitabilidad":"i2","tipo_inmueble":"residencial","recomendaciones":"","rud_records":0,"rud_unique_docs":0,"rud_households":0,"rud_women":0,"rud_minors":0,"rud_older65":0,"rud_match_methods":"","rud_match_confidence":"","has_rud_match":false}},{"type":"Feature","geometry":{"type":"Point","coordinates":[-76.5456306457324,3.416195794897533]},"properties":{"place_id":"verified:3.41620,-76.54563","address":"Cl 5e46 #8-2","area":"TEQUENDAMA","zone":"Rural","place_report_count":1,"evaluation_count":0,"nivel_dano_max":null,"severidad_max":null,"habitabilidad":"","tipo_inmueble":"","recomendaciones":"","rud_records":21,"rud_unique_docs":21,"rud_households":9,"rud_women":14,"rud_minors":3,"rud_older65":8,"rud_match_methods":"direccion_normalizada","rud_match_confidence":"alta","has_rud_match":true}},{"type":"Feature","geometry":{"type":"Point","coordinates":[-76.53804559999999,3.4162157]},"properties":{"place_id":"EjpDcmEuIDQ0ICM0NCwgTG9zIENhbWJ1bG9zLCBDYWxpLCBWYWxsZSBkZWwgQ2F1Y2EsIENvbG9tYmlhIjASLgoUChIJdbipL6WmMI4RaD-zdKjvCw8QLCoUChIJmd_1KaWmMI4RFjXFaDQ9izU","address":"Cra 44 #44, Los Cambulos","area":"Los Cambulos","zone":"Urbana","place_report_count":1,"evaluation_count":1,"nivel_dano_max":"alto","severidad_max":"alto","habitabilidad":"i2","tipo_inmueble":"otro","recomendaciones":"","rud_records":0,"rud_unique_docs":0,"rud_households":0,"rud_women":0,"rud_minors":0,"rud_older65":0,"rud_match_methods":"","rud_match_confidence":"","has_rud_match":false}},{"type":"Feature","geometry":{"type":"Point","coordinates":[-76.5396389,3.416369]},"properties":{"place_id":"ChIJQd0-BKWmMI4R4Ijw9aMDerQ","address":"Cra 44 #50-45","area":"Los cambulos","zone":"Urbana","place_report_count":1,"evaluation_count":2,"nivel_dano_max":"alto","severidad_max":"alto","habitabilidad":"i2","tipo_inmueble":"comercial","recomendaciones":"","rud_records":0,"rud_unique_docs":0,"rud_households":0,"rud_women":0,"rud_minors":0,"rud_older65":0,"rud_match_methods":"","rud_match_confidence":"","has_rud_match":false}},{"type":"Feature","geometry":{"type":"Point","coordinates":[-76.5456423,3.4163719]},"properties":{"place_id":"ChIJxdYTr8SnMI4RjAzntze_xjQ","address":"Cl 5 Este #46-82","area":"SIN INFORMACIÓN","zone":"Urbana","place_report_count":5,"evaluation_count":2,"nivel_dano_max":"alto","severidad_max":"alto","habitabilidad":"i2","tipo_inmueble":"residencial","recomendaciones":"","rud_records":3,"rud_unique_docs":3,"rud_households":2,"rud_women":2,"rud_minors":0,"rud_older65":2,"rud_match_methods":"road_key","rud_match_confidence":"alta","has_rud_match":true}},{"type":"Feature","geometry":{"type":"Point","coordinates":[-76.5397843,3.4163878]},"properties":{"place_id":"recovered-from-arcgis-merge:867c100a-ebf9-40ac-884a-2a49f3c1cb67","address":"Cra 44 #9","area":"Tequendama","zone":"Urbana","place_report_count":2,"evaluation_count":1,"nivel_dano_max":"alto","severidad_max":"alto","habitabilidad":"i2","tipo_inmueble":"residencial","recomendaciones":"","rud_records":0,"rud_unique_docs":0,"rud_households":0,"rud_women":0,"rud_minors":0,"rud_older65":0,"rud_match_methods":"","rud_match_confidence":"","has_rud_match":false}},{"type":"Feature","geometry":{"type":"Point","coordinates":[-76.5480327,3.4164316]},"properties":{"place_id":"ChIJFaHAmqemMI4RXCK1xMvWv2U","address":"Cl 5 #46-83","area":"TEQUENDAMA","zone":"Urbana","place_report_count":4,"evaluation_count":0,"nivel_dano_max":null,"severidad_max":null,"habitabilidad":"","tipo_inmueble":"","recomendaciones":"","rud_records":48,"rud_unique_docs":48,"rud_households":45,"rud_women":29,"rud_minors":0,"rud_older65":8,"rud_match_methods":"road_key","rud_match_confidence":"alta","has_rud_match":true}},{"type":"Feature","geometry":{"type":"Point","coordinates":[-76.5391633,3.4166467]},"properties":{"place_id":"recovered-from-arcgis-merge:26c24c2c-e2a6-417a-9dca-0d512bd08a00","address":"Cra 44 #9A-09, Multifamiliares Los Laureles Los Cambulos","area":"LOS CAMBULOS","zone":"Urbana","place_report_count":1,"evaluation_count":0,"nivel_dano_max":null,"severidad_max":null,"habitabilidad":"","tipo_inmueble":"","recomendaciones":"","rud_records":42,"rud_unique_docs":42,"rud_households":19,"rud_women":25,"rud_minors":4,"rud_older65":12,"rud_match_methods":"road_key","rud_match_confidence":"alta","has_rud_match":true}},{"type":"Feature","geometry":{"type":"Point","coordinates":[-76.5393737,3.4166637]},"properties":{"place_id":"ChIJuV9EHaWmMI4RDPEKEUP16CE","address":"Cra 44 #9-25, Los Cambulos","area":"Los cambulos","zone":"Urbana","place_report_count":1,"evaluation_count":1,"nivel_dano_max":"medio","severidad_max":"medio_alto","habitabilidad":"i1","tipo_inmueble":"institucional","recomendaciones":"","rud_records":0,"rud_unique_docs":0,"rud_households":0,"rud_women":0,"rud_minors":0,"rud_older65":0,"rud_match_methods":"","rud_match_confidence":"","has_rud_match":false}},{"type":"Feature","geometry":{"type":"Point","coordinates":[-76.5388947,3.4166693]},"properties":{"place_id":"ChIJfXsyHqWmMI4RenYuqf7iQrY","address":"Cra 44 #9A-11, Los Cambulos","area":"LOS CAMBULOS","zone":"Urbana","place_report_count":1,"evaluation_count":2,"nivel_dano_max":"alto","severidad_max":"alto","habitabilidad":"i2","tipo_inmueble":"residencial","recomendaciones":"","rud_records":16,"rud_unique_docs":16,"rud_households":8,"rud_women":7,"rud_minors":0,"rud_older65":6,"rud_match_methods":"road_key","rud_match_confidence":"alta","has_rud_match":true}},{"type":"Feature","geometry":{"type":"Point","coordinates":[-76.53910259999999,3.4166791]},"properties":{"place_id":"Ej1DcmEuIDQ0ICM5YS0xNSwgTG9zIENhbWJ1bG9zLCBDYWxpLCBWYWxsZSBkZWwgQ2F1Y2EsIENvbG9tYmlhIjASLgoUChIJ4fW3HqWmMI4RD_VyV-wZCdgQDyoUChIJmd_1KaWmMI4RFjXFaDQ9izU","address":"Cra 44 #9A-15, Los Cambulos","area":"LOS CAMBULOS","zone":"Urbana","place_report_count":1,"evaluation_count":0,"nivel_dano_max":null,"severidad_max":null,"habitabilidad":"","tipo_inmueble":"","recomendaciones":"","rud_records":1,"rud_unique_docs":1,"rud_households":1,"rud_women":0,"rud_minors":0,"rud_older65":1,"rud_match_methods":"road_key","rud_match_confidence":"alta","has_rud_match":true}},{"type":"Feature","geometry":{"type":"Point","coordinates":[-76.5392796,3.4166812]},"properties":{"place_id":"ChIJx6JxHaWmMI4R0V1qjgv6TMA","address":"Cra 44 #9-35, Los Cambulos","area":"CAMBULOS","zone":"Urbana","place_report_count":3,"evaluation_count":1,"nivel_dano_max":"alto","severidad_max":"alto","habitabilidad":"i2","tipo_inmueble":"residencial","recomendaciones":"","rud_records":26,"rud_unique_docs":23,"rud_households":14,"rud_women":15,"rud_minors":0,"rud_older65":5,"rud_match_methods":"road_key","rud_match_confidence":"alta","has_rud_match":true}},{"type":"Feature","geometry":{"type":"Point","coordinates":[-76.5357815,3.4166935]},"properties":{"place_id":"recovered-from-arcgis-merge:46adeef3-f04d-491d-9d54-8b221f9820c2","address":"Cra 43 #10-50, Departamental","area":"Departamental","zone":"Urbana","place_report_count":2,"evaluation_count":1,"nivel_dano_max":"alto","severidad_max":"alto","habitabilidad":"i2","tipo_inmueble":"residencial","recomendaciones":"","rud_records":0,"rud_unique_docs":0,"rud_households":0,"rud_women":0,"rud_minors":0,"rud_older65":0,"rud_match_methods":"","rud_match_confidence":"","has_rud_match":false}},{"type":"Feature","geometry":{"type":"Point","coordinates":[-76.54580059999999,3.416766]},"properties":{"place_id":"ChIJ91llVaamMI4RpZ7MMDtsAIE","address":"Cl 5 Este #46-40","area":"TEQUENDAMA","zone":"Urbana","place_report_count":1,"evaluation_count":0,"nivel_dano_max":null,"severidad_max":null,"habitabilidad":"","tipo_inmueble":"","recomendaciones":"","rud_records":7,"rud_unique_docs":7,"rud_households":4,"rud_women":3,"rud_minors":0,"rud_older65":3,"rud_match_methods":"road_key","rud_match_confidence":"alta","has_rud_match":true}},{"type":"Feature","geometry":{"type":"Point","coordinates":[-76.53898319999999,3.4170089]},"properties":{"place_id":"Ej1DcmEuIDQzICM5YS0xOCwgTG9zIENhbWJ1bG9zLCBDYWxpLCBWYWxsZSBkZWwgQ2F1Y2EsIENvbG9tYmlhIjASLgoUChIJtxyj56SmMI4R_bMifLBDZWsQEioUChIJKzcqlbamMI4RG4DDisybCik","address":"Cra 43 #9A-18, Los Cambulos","area":"Los Cambulos","zone":"Urbana","place_report_count":1,"evaluation_count":1,"nivel_dano_max":"bajo","severidad_max":"bajo","habitabilidad":"i1","tipo_inmueble":"comercial","recomendaciones":"evacuar_total","rud_records":0,"rud_unique_docs":0,"rud_households":0,"rud_women":0,"rud_minors":0,"rud_older65":0,"rud_match_methods":"","rud_match_confidence":"","has_rud_match":false}},{"type":"Feature","geometry":{"type":"Point","coordinates":[-76.5377208,3.4172765]},"properties":{"place_id":"ChIJt7zd0aSmMI4REzDD00TP0Cs","address":"42A 9C 90 Los Cambulos","area":"Cambulos","zone":"Urbana","place_report_count":2,"evaluation_count":1,"nivel_dano_max":"medio","severidad_max":"medio_alto","habitabilidad":"r1","tipo_inmueble":"","recomendaciones":"","rud_records":0,"rud_unique_docs":0,"rud_households":0,"rud_women":0,"rud_minors":0,"rud_older65":0,"rud_match_methods":"","rud_match_confidence":"","has_rud_match":false}},{"type":"Feature","geometry":{"type":"Point","coordinates":[-76.54281999999999,3.417312]},"properties":{"place_id":"ChIJCZKNKKSmMI4R7Y9UILQxw5o","address":"Cra 44 #6A-32, Nueva Tequendama","area":"TEQUENDAMA","zone":"Urbana","place_report_count":1,"evaluation_count":0,"nivel_dano_max":null,"severidad_max":null,"habitabilidad":"","tipo_inmueble":"","recomendaciones":"","rud_records":1,"rud_unique_docs":1,"rud_households":1,"rud_women":0,"rud_minors":0,"rud_older65":0,"rud_match_methods":"road_key","rud_match_confidence":"alta","has_rud_match":true}},{"type":"Feature","geometry":{"type":"Point","coordinates":[-76.5428804,3.4173539]},"properties":{"place_id":"ChIJnat4KKSmMI4RBafvFsPuuMU","address":"Cra 44 #6A-26, Nueva Tequendama","area":"TEQUENDAMA","zone":"Urbana","place_report_count":1,"evaluation_count":0,"nivel_dano_max":null,"severidad_max":null,"habitabilidad":"","tipo_inmueble":"","recomendaciones":"","rud_records":6,"rud_unique_docs":6,"rud_households":1,"rud_women":3,"rud_minors":0,"rud_older65":2,"rud_match_methods":"road_key","rud_match_confidence":"alta","has_rud_match":true}},{"type":"Feature","geometry":{"type":"Point","coordinates":[-76.5481253,3.4174524]},"properties":{"place_id":"ChIJxxLucKemMI4RDx5t6OSQS6M","address":"Cl 5 #45A-125","area":"Lido","zone":"Urbana","place_report_count":3,"evaluation_count":6,"nivel_dano_max":"alto","severidad_max":"alto","habitabilidad":"h, i1, i2, r1","tipo_inmueble":"residencial","recomendaciones":"seguimiento","rud_records":0,"rud_unique_docs":0,"rud_households":0,"rud_women":0,"rud_minors":0,"rud_older65":0,"rud_match_methods":"","rud_match_confidence":"","has_rud_match":false}},{"type":"Feature","geometry":{"type":"Point","coordinates":[-76.54853899999999,3.417623]},"properties":{"place_id":"ChIJ8eSeY6emMI4RvJGUHVX69aE","address":"Cl 5 #47-14","area":"LIDO","zone":"Urbana","place_report_count":1,"evaluation_count":0,"nivel_dano_max":null,"severidad_max":null,"habitabilidad":"","tipo_inmueble":"","recomendaciones":"","rud_records":1,"rud_unique_docs":1,"rud_households":1,"rud_women":0,"rud_minors":0,"rud_older65":0,"rud_match_methods":"road_key","rud_match_confidence":"alta","has_rud_match":true}},{"type":"Feature","geometry":{"type":"Point","coordinates":[-76.548975,3.417638]},"properties":{"place_id":"ChIJSZiuiR2kMI4RIYmlzqLcC1Q","address":"Cra 48 #4-173","area":"El lido","zone":"Urbana","place_report_count":1,"evaluation_count":1,"nivel_dano_max":"alto","severidad_max":"alto","habitabilidad":"i2","tipo_inmueble":"","recomendaciones":"","rud_records":0,"rud_unique_docs":0,"rud_households":0,"rud_women":0,"rud_minors":0,"rud_older65":0,"rud_match_methods":"","rud_match_confidence":"","has_rud_match":false}},{"type":"Feature","geometry":{"type":"Point","coordinates":[-76.5489135,3.4176927]},"properties":{"place_id":"recovered-from-arcgis-merge:c7f0ad3e-5147-425c-aa54-20c64ff45d62","address":"Cra 48EL #4-163, Lido","area":"Lido","zone":"Urbana","place_report_count":1,"evaluation_count":5,"nivel_dano_max":"alto","severidad_max":"alto","habitabilidad":"i2","tipo_inmueble":"residencial","recomendaciones":"intervencion","rud_records":0,"rud_unique_docs":0,"rud_households":0,"rud_women":0,"rud_minors":0,"rud_older65":0,"rud_match_methods":"","rud_match_confidence":"","has_rud_match":false}},{"type":"Feature","geometry":{"type":"Point","coordinates":[-76.5494505,3.4177138]},"properties":{"place_id":"ChIJ0z1rjh2kMI4R8Z6FJt9WZGk","address":"Cra 48 #4-71","area":"EL LIDO","zone":"Rural","place_report_count":1,"evaluation_count":0,"nivel_dano_max":null,"severidad_max":null,"habitabilidad":"","tipo_inmueble":"","recomendaciones":"","rud_records":29,"rud_unique_docs":29,"rud_households":14,"rud_women":18,"rud_minors":2,"rud_older65":11,"rud_match_methods":"direccion_normalizada, road_key","rud_match_confidence":"alta","has_rud_match":true}},{"type":"Feature","geometry":{"type":"Point","coordinates":[-76.5495168,3.417729]},"properties":{"place_id":"ChIJe6Ebjh2kMI4R6GrLDrhH5jM","address":"Cra 48EL #4-71, Lido","area":"Lido","zone":"Urbana","place_report_count":1,"evaluation_count":2,"nivel_dano_max":"alto","severidad_max":"alto","habitabilidad":"i2","tipo_inmueble":"residencial","recomendaciones":"","rud_records":0,"rud_unique_docs":0,"rud_households":0,"rud_women":0,"rud_minors":0,"rud_older65":0,"rud_match_methods":"","rud_match_confidence":"","has_rud_match":false}},{"type":"Feature","geometry":{"type":"Point","coordinates":[-76.5466843,3.4177837]},"properties":{"place_id":"ChIJJ9xoBKemMI4R17lBRbqQAts","address":"Cra 47 #5E-30, Unidad Residencial","area":"Uresa","zone":"Urbana","place_report_count":1,"evaluation_count":4,"nivel_dano_max":"alto","severidad_max":"alto","habitabilidad":"h, i2","tipo_inmueble":"residencial","recomendaciones":"","rud_records":0,"rud_unique_docs":0,"rud_households":0,"rud_women":0,"rud_minors":0,"rud_older65":0,"rud_match_methods":"","rud_match_confidence":"","has_rud_match":false}},{"type":"Feature","geometry":{"type":"Point","coordinates":[-76.5496788,3.4177883]},"properties":{"place_id":"recovered-from-arcgis-merge:9b174a41-9785-4782-b310-f30ea9205670","address":"Cra 48EL #4-37, Lido","area":"El lido","zone":"Urbana","place_report_count":1,"evaluation_count":1,"nivel_dano_max":"alto","severidad_max":"alto","habitabilidad":"i2","tipo_inmueble":"residencial","recomendaciones":"","rud_records":0,"rud_unique_docs":0,"rud_households":0,"rud_women":0,"rud_minors":0,"rud_older65":0,"rud_match_methods":"","rud_match_confidence":"","has_rud_match":false}},{"type":"Feature","geometry":{"type":"Point","coordinates":[-76.5468051,3.4178555]},"properties":{"place_id":"EjFDcmEuIDQ1YSAjNWEtMTUwLCBDYWxpLCBWYWxsZSBkZWwgQ2F1Y2EsIENvbG9tYmlhIjESLwoUChIJCTSGPqemMI4R_iVbr4lioi4QlgEqFAoSCVcC4P0dpDCOESzul0DctaKn","address":"Cra 45A #5A-150","area":"UNIDAD  RESIDENCIAL SANTIAGO DE CALI ETAPA 02TEQUENDAMA","zone":"Urbana","place_report_count":1,"evaluation_count":0,"nivel_dano_max":null,"severidad_max":null,"habitabilidad":"","tipo_inmueble":"","recomendaciones":"","rud_records":1,"rud_unique_docs":1,"rud_households":1,"rud_women":1,"rud_minors":0,"rud_older65":0,"rud_match_methods":"road_key","rud_match_confidence":"alta","has_rud_match":true}},{"type":"Feature","geometry":{"type":"Point","coordinates":[-76.5398366,3.4179092]},"properties":{"place_id":"recovered-from-arcgis-merge:711b2177-6d4a-43de-9006-18282963f6b6","address":"Cl 9 #42-130, Los Cambulos","area":"LOS CAMBULOS","zone":"Urbana","place_report_count":4,"evaluation_count":1,"nivel_dano_max":"alto","severidad_max":"alto","habitabilidad":"i2","tipo_inmueble":"residencial","recomendaciones":"","rud_records":54,"rud_unique_docs":54,"rud_households":31,"rud_women":36,"rud_minors":2,"rud_older65":17,"rud_match_methods":"road_key","rud_match_confidence":"alta","has_rud_match":true}},{"type":"Feature","geometry":{"type":"Point","coordinates":[-76.550631,3.418046]},"properties":{"place_id":"ChIJ-1GzuB2kMI4RtKIHSyXV8FA","address":"Cra 48 #3A-63","area":"Lido","zone":"Urbana","place_report_count":1,"evaluation_count":1,"nivel_dano_max":"medio","severidad_max":"medio_alto","habitabilidad":"r1","tipo_inmueble":"residencial","recomendaciones":"demoler","rud_records":0,"rud_unique_docs":0,"rud_households":0,"rud_women":0,"rud_minors":0,"rud_older65":0,"rud_match_methods":"","rud_match_confidence":"","has_rud_match":false}},{"type":"Feature","geometry":{"type":"Point","coordinates":[-76.55073399999999,3.418078]},"properties":{"place_id":"ChIJZReZuB2kMI4RuYIkvw3Nn38","address":"Cra 48 #3A-53, El Lido","area":"El Lido","zone":"Urbana","place_report_count":1,"evaluation_count":1,"nivel_dano_max":"bajo","severidad_max":"bajo","habitabilidad":"h","tipo_inmueble":"residencial","recomendaciones":"","rud_records":0,"rud_unique_docs":0,"rud_households":0,"rud_women":0,"rud_minors":0,"rud_older65":0,"rud_match_methods":"","rud_match_confidence":"","has_rud_match":false}},{"type":"Feature","geometry":{"type":"Point","coordinates":[-76.54377219999999,3.4181051]},"properties":{"place_id":"ChIJPbXLoqamMI4RInMo55gz1s4","address":"Av Roosevelt 43 90","area":"Tequendama","zone":"Urbana","place_report_count":1,"evaluation_count":1,"nivel_dano_max":"medio","severidad_max":"medio_alto","habitabilidad":"r1","tipo_inmueble":"otro","recomendaciones":"","rud_records":0,"rud_unique_docs":0,"rud_households":0,"rud_women":0,"rud_minors":0,"rud_older65":0,"rud_match_methods":"","rud_match_confidence":"","has_rud_match":false}},{"type":"Feature","geometry":{"type":"Point","coordinates":[-76.54897009999999,3.418152]},"properties":{"place_id":"EjlDcmEuIDQ3ICMgNC0xNTcgYXB0byAyMTEsIENhbGksIFZhbGxlIGRlbCBDYXVjYSwgQ29sb21iaWEiJBoiChYKFAoSCa9iIvUdpDCOEaVc9inyUd8sEghhcHRvIDIxMQ","address":"Cra 47 #4-157","area":"EL LIDO","zone":"Urbana","place_report_count":5,"evaluation_count":4,"nivel_dano_max":"alto","severidad_max":"alto","habitabilidad":"i2","tipo_inmueble":"residencial","recomendaciones":"","rud_records":2,"rud_unique_docs":2,"rud_households":1,"rud_women":1,"rud_minors":0,"rud_older65":0,"rud_match_methods":"direccion_normalizada","rud_match_confidence":"alta","has_rud_match":true}},{"type":"Feature","geometry":{"type":"Point","coordinates":[-76.53841960000001,3.4182052]},"properties":{"place_id":"ChIJQWS8vqSmMI4R3nmSr3QSIN8","address":"Cl 9A #42-55, Los Cambulos","area":"LOS CAMBULOS","zone":"Urbana","place_report_count":7,"evaluation_count":1,"nivel_dano_max":"alto","severidad_max":"alto","habitabilidad":"i2","tipo_inmueble":"residencial","recomendaciones":"","rud_records":81,"rud_unique_docs":81,"rud_households":34,"rud_women":49,"rud_minors":5,"rud_older65":26,"rud_match_methods":"road_key","rud_match_confidence":"alta","has_rud_match":true}},{"type":"Feature","geometry":{"type":"Point","coordinates":[-76.5485562,3.4182423]},"properties":{"place_id":"ChIJs6T0XqemMI4RQJuXhgasobs","address":"Cl 5 #46-34","area":"EL LIDO","zone":"Urbana","place_report_count":1,"evaluation_count":0,"nivel_dano_max":null,"severidad_max":null,"habitabilidad":"","tipo_inmueble":"","recomendaciones":"","rud_records":3,"rud_unique_docs":3,"rud_households":3,"rud_women":0,"rud_minors":0,"rud_older65":1,"rud_match_methods":"road_key","rud_match_confidence":"alta","has_rud_match":true}},{"type":"Feature","geometry":{"type":"Point","coordinates":[-76.5493563,3.4182642]},"properties":{"place_id":"ChIJoS2v8x2kMI4RoPzp9wP201M","address":"Cra 47EL #4-85, Lido","area":"Lido","zone":"Urbana","place_report_count":1,"evaluation_count":1,"nivel_dano_max":"bajo","severidad_max":"bajo","habitabilidad":"h","tipo_inmueble":"residencial","recomendaciones":"seguimiento","rud_records":0,"rud_unique_docs":0,"rud_households":0,"rud_women":0,"rud_minors":0,"rud_older65":0,"rud_match_methods":"","rud_match_confidence":"","has_rud_match":false}},{"type":"Feature","geometry":{"type":"Point","coordinates":[-76.54856079999999,3.418363]},"properties":{"place_id":"ChIJhzDKXqemMI4RFTsuccYCHuk","address":"Cl 5 #46-08","area":"LIDO","zone":"Urbana","place_report_count":1,"evaluation_count":0,"nivel_dano_max":null,"severidad_max":null,"habitabilidad":"","tipo_inmueble":"","recomendaciones":"","rud_records":1,"rud_unique_docs":1,"rud_households":1,"rud_women":1,"rud_minors":0,"rud_older65":1,"rud_match_methods":"road_key","rud_match_confidence":"alta","has_rud_match":true}},{"type":"Feature","geometry":{"type":"Point","coordinates":[-76.549762,3.418402]},"properties":{"place_id":"recovered-from-arcgis-merge:303984fe-130c-4c43-8890-4a361fb09251","address":"Cra 47 #4-15","area":"LIDO","zone":"Rural","place_report_count":6,"evaluation_count":1,"nivel_dano_max":"alto","severidad_max":"alto","habitabilidad":"i2","tipo_inmueble":"residencial","recomendaciones":"","rud_records":51,"rud_unique_docs":51,"rud_households":23,"rud_women":29,"rud_minors":5,"rud_older65":15,"rud_match_methods":"road_key","rud_match_confidence":"alta","has_rud_match":true}},{"type":"Feature","geometry":{"type":"Point","coordinates":[-76.5435957,3.4184023]},"properties":{"place_id":"recovered-from-arcgis-merge:c4db7231-3094-46f3-a93c-e0f1ff19ecff","address":"Cl 6 #43-66, Nueva Tequendama","area":"CAMBULOS","zone":"Urbana","place_report_count":1,"evaluation_count":0,"nivel_dano_max":null,"severidad_max":null,"habitabilidad":"","tipo_inmueble":"","recomendaciones":"","rud_records":3,"rud_unique_docs":3,"rud_households":1,"rud_women":1,"rud_minors":0,"rud_older65":0,"rud_match_methods":"road_key","rud_match_confidence":"alta","has_rud_match":true}},{"type":"Feature","geometry":{"type":"Point","coordinates":[-76.54853039999999,3.4184723]},"properties":{"place_id":"Ei1DbC4gNSAjNDYtMTYsIENhbGksIFZhbGxlIGRlbCBDYXVjYSwgQ29sb21iaWEiMBIuChQKEgm3wfNep6YwjhGSQ5EBn9T0HhAQKhQKEgn7cBm8YaEwjhF4Q4aiSBUD3g","address":"Cl 5 #46-16","area":"EL LIDO","zone":"Urbana","place_report_count":1,"evaluation_count":0,"nivel_dano_max":null,"severidad_max":null,"habitabilidad":"","tipo_inmueble":"","recomendaciones":"","rud_records":2,"rud_unique_docs":2,"rud_households":1,"rud_women":1,"rud_minors":0,"rud_older65":0,"rud_match_methods":"road_key","rud_match_confidence":"alta","has_rud_match":true}},{"type":"Feature","geometry":{"type":"Point","coordinates":[-76.5403559,3.418512]},"properties":{"place_id":"ChIJWR8kY6SmMI4RtVP2LpwKk-o","address":"Cl 8A #42-68, Los Cambulos","area":"LOS CAMBULOS APT 303","zone":"Urbana","place_report_count":2,"evaluation_count":0,"nivel_dano_max":null,"severidad_max":null,"habitabilidad":"","tipo_inmueble":"","recomendaciones":"","rud_records":27,"rud_unique_docs":27,"rud_households":8,"rud_women":17,"rud_minors":3,"rud_older65":4,"rud_match_methods":"road_key","rud_match_confidence":"alta","has_rud_match":true}},{"type":"Feature","geometry":{"type":"Point","coordinates":[-76.4925693,3.4185177]},"properties":{"place_id":"ChIJ9bMmYCOnMI4RGfoocwU3wLs","address":"Cl 72W #28E-16","area":"Los lagos","zone":"Urbana","place_report_count":1,"evaluation_count":1,"nivel_dano_max":"sin_dano","severidad_max":"sin_dano","habitabilidad":"h","tipo_inmueble":"educativo","recomendaciones":"seguimiento","rud_records":0,"rud_unique_docs":0,"rud_households":0,"rud_women":0,"rud_minors":0,"rud_older65":0,"rud_match_methods":"","rud_match_confidence":"","has_rud_match":false}},{"type":"Feature","geometry":{"type":"Point","coordinates":[-76.54348209999999,3.4186143]},"properties":{"place_id":"ChIJGX5fr6amMI4RjyG7lKo-lZU","address":"Av Roosevelt 43 54 Los Cambulos","area":"Tequendama","zone":"Urbana","place_report_count":1,"evaluation_count":1,"nivel_dano_max":"alto","severidad_max":"alto","habitabilidad":"i2","tipo_inmueble":"comercial","recomendaciones":"","rud_records":0,"rud_unique_docs":0,"rud_households":0,"rud_women":0,"rud_minors":0,"rud_older65":0,"rud_match_methods":"","rud_match_confidence":"","has_rud_match":false}},{"type":"Feature","geometry":{"type":"Point","coordinates":[-76.5503359,3.4186542]},"properties":{"place_id":"ChIJAWK5wh2kMI4RFlK6alJU-jU","address":"Cra 47 #3A-73","area":"SIN INFORMACIÓN","zone":"Urbana","place_report_count":1,"evaluation_count":0,"nivel_dano_max":null,"severidad_max":null,"habitabilidad":"","tipo_inmueble":"","recomendaciones":"","rud_records":1,"rud_unique_docs":1,"rud_households":1,"rud_women":1,"rud_minors":0,"rud_older65":0,"rud_match_methods":"direccion_normalizada","rud_match_confidence":"alta","has_rud_match":true}},{"type":"Feature","geometry":{"type":"Point","coordinates":[-76.50692599999999,3.418701]},"properties":{"place_id":"Ek1DbC4gMzggIyAzOC01IGJsb3F1ZSAyIHRvcnJlIDMsIEVsIFBvYmxhZG8gSSwgQ2FsaSwgVmFsbGUgZGVsIENhdWNhLCBDb2xvbWJpYSIsGioKFgoUChIJbxGrStmmMI4R4yJ9PaU651USEGJsb3F1ZSAyIHRvcnJlIDM","address":"Cl 38EL #38-5 Torre 3 Bloque 2, Poblado I","area":"Nuevo Madrid","zone":"Urbana","place_report_count":1,"evaluation_count":1,"nivel_dano_max":"medio","severidad_max":"medio_alto","habitabilidad":"r1","tipo_inmueble":"residencial","recomendaciones":"","rud_records":0,"rud_unique_docs":0,"rud_households":0,"rud_women":0,"rud_minors":0,"rud_older65":0,"rud_match_methods":"","rud_match_confidence":"","has_rud_match":false}},{"type":"Feature","geometry":{"type":"Point","coordinates":[-76.54111,3.4187184]},"properties":{"place_id":"EjpDbCA4ICM0Mi05MCwgTG9zIENhbWJ1bG9zLCBDYWxpLCBWYWxsZSBkZWwgQ2F1Y2EsIENvbG9tYmlhIjASLgoUChIJ2SoPb6SmMI4Rgvkg3UybPfcQWioUChIJ4dio8ZqmMI4RbB6ibVq7hx8","address":"Cl 8 #42-90, Los Cambulos","area":"LOS CAMBULOS","zone":"Urbana","place_report_count":1,"evaluation_count":0,"nivel_dano_max":null,"severidad_max":null,"habitabilidad":"","tipo_inmueble":"","recomendaciones":"","rud_records":1,"rud_unique_docs":1,"rud_households":1,"rud_women":1,"rud_minors":0,"rud_older65":0,"rud_match_methods":"road_key","rud_match_confidence":"alta","has_rud_match":true}},{"type":"Feature","geometry":{"type":"Point","coordinates":[-76.54071900000001,3.418809]},"properties":{"place_id":"ChIJIQw2eqSmMI4RLijR888imRs","address":"Cl 8 #42-55, Los Cambulos","area":"CAMBULOS","zone":"Urbana","place_report_count":3,"evaluation_count":2,"nivel_dano_max":"alto","severidad_max":"alto","habitabilidad":"i2","tipo_inmueble":"residencial","recomendaciones":"","rud_records":74,"rud_unique_docs":74,"rud_households":48,"rud_women":41,"rud_minors":3,"rud_older65":24,"rud_match_methods":"road_key","rud_match_confidence":"alta","has_rud_match":true}},{"type":"Feature","geometry":{"type":"Point","coordinates":[-76.53216110000001,3.419025]},"properties":{"place_id":"ChIJidUZD7ymMI4RGJx58HDojxo","address":"Cl 12B #39-39, Pasoancho","area":"PASOANCHO","zone":"Urbana","place_report_count":2,"evaluation_count":0,"nivel_dano_max":null,"severidad_max":null,"habitabilidad":"","tipo_inmueble":"","recomendaciones":"","rud_records":18,"rud_unique_docs":17,"rud_households":11,"rud_women":10,"rud_minors":0,"rud_older65":11,"rud_match_methods":"nomenclatura_sector","rud_match_confidence":"media","has_rud_match":true}},{"type":"Feature","geometry":{"type":"Point","coordinates":[-76.54963479999999,3.4190709]},"properties":{"place_id":"ChIJJeFB4x2kMI4RLo0-A8bKXEM","address":"Cra 46 #9C-85","area":"URBANIZACION MILITAR","zone":"Urbana","place_report_count":1,"evaluation_count":0,"nivel_dano_max":null,"severidad_max":null,"habitabilidad":"","tipo_inmueble":"","recomendaciones":"","rud_records":1,"rud_unique_docs":1,"rud_households":1,"rud_women":0,"rud_minors":0,"rud_older65":1,"rud_match_methods":"direccion_normalizada","rud_match_confidence":"alta","has_rud_match":true}},{"type":"Feature","geometry":{"type":"Point","coordinates":[-76.5433365,3.4190923]},"properties":{"place_id":"ChIJq35wq6amMI4R8MULbJDPAv4","address":"Av Roosevelt 42 96","area":"TEQUENDAMA","zone":"Urbana","place_report_count":1,"evaluation_count":1,"nivel_dano_max":"alto","severidad_max":"medio_alto","habitabilidad":"i2","tipo_inmueble":"","recomendaciones":"","rud_records":2,"rud_unique_docs":2,"rud_households":1,"rud_women":2,"rud_minors":0,"rud_older65":1,"rud_match_methods":"nomenclatura_sector","rud_match_confidence":"media","has_rud_match":true}},{"type":"Feature","geometry":{"type":"Point","coordinates":[-76.5433517,3.4191024]},"properties":{"place_id":"recovered-from-arcgis-merge:c7da0266-4974-4f1d-9346-911a29e0d99c","address":"Cl 6 #42-96, Colosal Nueva Tequendama","area":"TEQUENDAMA","zone":"Urbana","place_report_count":1,"evaluation_count":0,"nivel_dano_max":null,"severidad_max":null,"habitabilidad":"","tipo_inmueble":"","recomendaciones":"","rud_records":11,"rud_unique_docs":11,"rud_households":6,"rud_women":7,"rud_minors":1,"rud_older65":1,"rud_match_methods":"road_key","rud_match_confidence":"alta","has_rud_match":true}},{"type":"Feature","geometry":{"type":"Point","coordinates":[-76.5486409,3.4191227]},"properties":{"place_id":"ChIJb7edVKemMI4REbcQnB5nkXA","address":"Cl 5 #45-20","area":"EL LIDO","zone":"Urbana","place_report_count":1,"evaluation_count":0,"nivel_dano_max":null,"severidad_max":null,"habitabilidad":"","tipo_inmueble":"","recomendaciones":"","rud_records":3,"rud_unique_docs":3,"rud_households":3,"rud_women":2,"rud_minors":0,"rud_older65":0,"rud_match_methods":"road_key","rud_match_confidence":"alta","has_rud_match":true}},{"type":"Feature","geometry":{"type":"Point","coordinates":[-76.4909887,3.4191245]},"properties":{"place_id":"ChIJRwarsjynMI4R_7gB92xeFrw","address":"Cra 28 Este #72W-55","area":"Poblado 2","zone":"Urbana","place_report_count":1,"evaluation_count":1,"nivel_dano_max":"sin_dano","severidad_max":"sin_dano","habitabilidad":"h","tipo_inmueble":"educativo","recomendaciones":"","rud_records":0,"rud_unique_docs":0,"rud_households":0,"rud_women":0,"rud_minors":0,"rud_older65":0,"rud_match_methods":"","rud_match_confidence":"","has_rud_match":false}},{"type":"Feature","geometry":{"type":"Point","coordinates":[-76.5450164,3.4193096]},"properties":{"place_id":"ChIJuVPVzKamMI4RV0eut-xWHZg","address":"Cra 43A #5C-21","area":"TEQUENDAMA","zone":"Urbana","place_report_count":1,"evaluation_count":0,"nivel_dano_max":null,"severidad_max":null,"habitabilidad":"","tipo_inmueble":"","recomendaciones":"","rud_records":4,"rud_unique_docs":4,"rud_households":1,"rud_women":4,"rud_minors":0,"rud_older65":2,"rud_match_methods":"road_key","rud_match_confidence":"alta","has_rud_match":true}},{"type":"Feature","geometry":{"type":"Point","coordinates":[-76.5402842,3.4193715]},"properties":{"place_id":"EkFDcmEuIDQyICMgOCAtIDM1IDEsIExvcyBDYW1idWxvcywgQ2FsaSwgVmFsbGUgZGVsIENhdWNhLCBDb2xvbWJpYSIdGhsKFgoUChIJvRawgaOmMI4RD0FJpPZWhnYSATE","address":"Cra 42 #8-35, Los Cambulos","area":"Los cambulos","zone":"Urbana","place_report_count":1,"evaluation_count":1,"nivel_dano_max":"sin_dano","severidad_max":"sin_dano","habitabilidad":"i1","tipo_inmueble":"comercial","recomendaciones":"","rud_records":0,"rud_unique_docs":0,"rud_households":0,"rud_women":0,"rud_minors":0,"rud_older65":0,"rud_match_methods":"","rud_match_confidence":"","has_rud_match":false}},{"type":"Feature","geometry":{"type":"Point","coordinates":[-76.5406996,3.4195049]},"properties":{"place_id":"ChIJmbTUhaOmMI4RUfIpXg9E7Do","address":"Cra 42 #7-69, Los Cambulos","area":"Los cambulos","zone":"Urbana","place_report_count":1,"evaluation_count":1,"nivel_dano_max":"bajo","severidad_max":"medio","habitabilidad":"h","tipo_inmueble":"","recomendaciones":"","rud_records":0,"rud_unique_docs":0,"rud_households":0,"rud_women":0,"rud_minors":0,"rud_older65":0,"rud_match_methods":"","rud_match_confidence":"","has_rud_match":false}},{"type":"Feature","geometry":{"type":"Point","coordinates":[-76.5409619,3.4196903]},"properties":{"place_id":"ChIJF3AKj6OmMI4R8lo57Nf0EQM","address":"Cra 42 #7-39, Los Cambulos","area":"Los cambulos","zone":"Urbana","place_report_count":1,"evaluation_count":1,"nivel_dano_max":"medio","severidad_max":"medio_alto","habitabilidad":"r2","tipo_inmueble":"comercial","recomendaciones":"","rud_records":0,"rud_unique_docs":0,"rud_households":0,"rud_women":0,"rud_minors":0,"rud_older65":0,"rud_match_methods":"","rud_match_confidence":"","has_rud_match":false}},{"type":"Feature","geometry":{"type":"Point","coordinates":[-76.54906009999999,3.419728]},"properties":{"place_id":"ChIJe9i6Ax6kMI4RKoq5wV7k-9g","address":"Cl 4A #44-59","area":"SAN JOAQUIN - EL LIDO","zone":"Urbana","place_report_count":1,"evaluation_count":0,"nivel_dano_max":null,"severidad_max":null,"habitabilidad":"","tipo_inmueble":"","recomendaciones":"","rud_records":4,"rud_unique_docs":4,"rud_households":3,"rud_women":1,"rud_minors":0,"rud_older65":0,"rud_match_methods":"road_key","rud_match_confidence":"alta","has_rud_match":true}},{"type":"Feature","geometry":{"type":"Point","coordinates":[-76.5527628,3.419776]},"properties":{"place_id":"ChIJb_jamx6kMI4RG_KwLrOow4M","address":"Cra 53 #1A-50","area":"CUARTO DE LEGUA","zone":"Urbana","place_report_count":2,"evaluation_count":1,"nivel_dano_max":"bajo","severidad_max":"bajo","habitabilidad":"h","tipo_inmueble":"residencial","recomendaciones":"","rud_records":256,"rud_unique_docs":256,"rud_households":111,"rud_women":146,"rud_minors":38,"rud_older65":39,"rud_match_methods":"direccion_normalizada","rud_match_confidence":"alta","has_rud_match":true}},{"type":"Feature","geometry":{"type":"Point","coordinates":[-76.5527628,3.419776]},"properties":{"place_id":"ChIJxzflmx6kMI4RB0nrD8g5EoI","address":"Cra 46 #1-54","area":"EL LIDO","zone":"Urbana","place_report_count":2,"evaluation_count":0,"nivel_dano_max":null,"severidad_max":null,"habitabilidad":"","tipo_inmueble":"","recomendaciones":"","rud_records":110,"rud_unique_docs":110,"rud_households":46,"rud_women":64,"rud_minors":10,"rud_older65":22,"rud_match_methods":"direccion_normalizada, road_key","rud_match_confidence":"alta","has_rud_match":true}},{"type":"Feature","geometry":{"type":"Point","coordinates":[-76.53935899999999,3.419856]},"properties":{"place_id":"ChIJ8Tzqb6OmMI4R3wLqdPgs9J4","address":"Cra 41 #8A-61, Los Cambulos","area":"Los Cambulos","zone":"Urbana","place_report_count":2,"evaluation_count":1,"nivel_dano_max":"alto","severidad_max":"alto","habitabilidad":"i2","tipo_inmueble":"","recomendaciones":"","rud_records":0,"rud_unique_docs":0,"rud_households":0,"rud_women":0,"rud_minors":0,"rud_older65":0,"rud_match_methods":"","rud_match_confidence":"","has_rud_match":false}},{"type":"Feature","geometry":{"type":"Point","coordinates":[-76.5452105,3.4198682]},"properties":{"place_id":"ChIJ9fXkMaGmMI4RWtqCzKgMA3g","address":"Cra 5C #43, Urbanizacion Tequendama","area":"Tequendama","zone":"Urbana","place_report_count":1,"evaluation_count":1,"nivel_dano_max":"bajo","severidad_max":"bajo","habitabilidad":"h","tipo_inmueble":"residencial","recomendaciones":"","rud_records":0,"rud_unique_docs":0,"rud_households":0,"rud_women":0,"rud_minors":0,"rud_older65":0,"rud_match_methods":"","rud_match_confidence":"","has_rud_match":false}},{"type":"Feature","geometry":{"type":"Point","coordinates":[-76.5414187,3.4199274]},"properties":{"place_id":"ChIJMXT2kqOmMI4RsPN1ohRRYJo","address":"Cl 7 #41-34, Los Cambulos","area":"Los cambulos","zone":"Urbana","place_report_count":1,"evaluation_count":2,"nivel_dano_max":"alto","severidad_max":"alto","habitabilidad":"i2","tipo_inmueble":"comercial, salud","recomendaciones":"","rud_records":0,"rud_unique_docs":0,"rud_households":0,"rud_women":0,"rud_minors":0,"rud_older65":0,"rud_match_methods":"","rud_match_confidence":"","has_rud_match":false}},{"type":"Feature","geometry":{"type":"Point","coordinates":[-76.547716,3.419992]},"properties":{"place_id":"ChIJBXmMuaCmMI4RJBcKbJXY_YM","address":"Cra 44 #5-39","area":"TEQUENDAMA","zone":"Urbana","place_report_count":1,"evaluation_count":0,"nivel_dano_max":null,"severidad_max":null,"habitabilidad":"","tipo_inmueble":"","recomendaciones":"","rud_records":1,"rud_unique_docs":1,"rud_households":1,"rud_women":1,"rud_minors":0,"rud_older65":0,"rud_match_methods":"road_key","rud_match_confidence":"alta","has_rud_match":true}},{"type":"Feature","geometry":{"type":"Point","coordinates":[-76.5478885,3.4200123]},"properties":{"place_id":"ChIJ6VJauqCmMI4RFnl0e8fKstM","address":"Cra 44 #5-19","area":"TEQUENDAMA","zone":"Urbana","place_report_count":1,"evaluation_count":2,"nivel_dano_max":"alto","severidad_max":"alto","habitabilidad":"i2","tipo_inmueble":"comercial","recomendaciones":"","rud_records":1,"rud_unique_docs":1,"rud_households":1,"rud_women":0,"rud_minors":0,"rud_older65":1,"rud_match_methods":"road_key","rud_match_confidence":"alta","has_rud_match":true}},{"type":"Feature","geometry":{"type":"Point","coordinates":[-76.52872,3.42016]},"properties":{"place_id":"ChIJo7a5376mMI4RKqcZi_yNfj0","address":"Cra 37 #13C-9, Cristobal Colon","area":"El dorado","zone":"Urbana","place_report_count":1,"evaluation_count":1,"nivel_dano_max":"alto","severidad_max":"alto","habitabilidad":"i2","tipo_inmueble":"","recomendaciones":"","rud_records":0,"rud_unique_docs":0,"rud_households":0,"rud_women":0,"rud_minors":0,"rud_older65":0,"rud_match_methods":"","rud_match_confidence":"","has_rud_match":false}},{"type":"Feature","geometry":{"type":"Point","coordinates":[-76.5479896,3.4201706]},"properties":{"place_id":"Ej1DcmEuIDQ0ICM1LTcgYXBhcnRhbWVudG8gMzAxLCBDYWxpLCBWYWxsZSBkZWwgQ2F1Y2EsIENvbG9tYmlhIkUaQwowEi4KFAoSCY2EoLCgpjCOEQ1GldiYIpD3EAcqFAoSCZnf9SmlpjCOERY1xWg0PYs1Eg9hcGFydGFtZW50byAzMDE","address":"Cra 44 #5-7","area":"TEQUENDAMA","zone":"Urbana","place_report_count":3,"evaluation_count":0,"nivel_dano_max":null,"severidad_max":null,"habitabilidad":"","tipo_inmueble":"","recomendaciones":"","rud_records":6,"rud_unique_docs":6,"rud_households":3,"rud_women":3,"rud_minors":0,"rud_older65":1,"rud_match_methods":"road_key","rud_match_confidence":"alta","has_rud_match":true}},{"type":"Feature","geometry":{"type":"Point","coordinates":[-76.548017,3.420244]},"properties":{"place_id":"ChIJFV-ivKCmMI4RDfCBJEJpcJo","address":"Cl 5 #43A-5","area":"Tequendama","zone":"Urbana","place_report_count":1,"evaluation_count":1,"nivel_dano_max":"alto","severidad_max":"alto","habitabilidad":"i2","tipo_inmueble":"otro","recomendaciones":"","rud_records":0,"rud_unique_docs":0,"rud_households":0,"rud_women":0,"rud_minors":0,"rud_older65":0,"rud_match_methods":"","rud_match_confidence":"","has_rud_match":false}},{"type":"Feature","geometry":{"type":"Point","coordinates":[-76.47820329999999,3.4202489]},"properties":{"place_id":"EkhEZy4gMjZwIDE2ICMxMDMtMyAyNiAxNywgUHVlcnRhIERlbCBTb2wsIENhbGksIFZhbGxlIGRlbCBDYXVjYSwgQ29sb21iaWEiOxo5CjASLgoUChIJwRkEjUCnMI4Rxfu4IyI6C2wQAyoUChIJ_yXz8ECnMI4RIhbhQQYhjwgSBTI2IDE3","address":"Dg 26p16 #103-3, 26 17 Puerta Del Sol","area":"Marroquin II","zone":"Urbana","place_report_count":1,"evaluation_count":1,"nivel_dano_max":"bajo","severidad_max":"bajo","habitabilidad":"h","tipo_inmueble":"educativo","recomendaciones":"","rud_records":0,"rud_unique_docs":0,"rud_households":0,"rud_women":0,"rud_minors":0,"rud_older65":0,"rud_match_methods":"","rud_match_confidence":"","has_rud_match":false}},{"type":"Feature","geometry":{"type":"Point","coordinates":[-76.5429387,3.4202624]},"properties":{"place_id":"ChIJb3K34aOmMI4Raspx-yzHlBw","address":"Cra 42 #5E-45","area":"Tequendama","zone":"Urbana","place_report_count":1,"evaluation_count":1,"nivel_dano_max":"alto","severidad_max":"medio_alto","habitabilidad":"i3","tipo_inmueble":"comercial","recomendaciones":"","rud_records":0,"rud_unique_docs":0,"rud_households":0,"rud_women":0,"rud_minors":0,"rud_older65":0,"rud_match_methods":"","rud_match_confidence":"","has_rud_match":false}},{"type":"Feature","geometry":{"type":"Point","coordinates":[-76.5405069,3.4202902]},"properties":{"place_id":"ChIJ2eMsn6OmMI4RuAjXTFIqMYk","address":"Cra 42 #7-99, Los Cambulos","area":"Los cambulos","zone":"Urbana","place_report_count":1,"evaluation_count":1,"nivel_dano_max":"alto","severidad_max":"alto","habitabilidad":"i2","tipo_inmueble":"residencial","recomendaciones":"","rud_records":0,"rud_unique_docs":0,"rud_households":0,"rud_women":0,"rud_minors":0,"rud_older65":0,"rud_match_methods":"","rud_match_confidence":"","has_rud_match":false}},{"type":"Feature","geometry":{"type":"Point","coordinates":[-76.54106100000001,3.420296]},"properties":{"place_id":"verified:3.42030,-76.54106","address":"Cl 7 #39-111, Los Cambulos","area":"LOS  CAMBULOS","zone":"Urbana","place_report_count":1,"evaluation_count":2,"nivel_dano_max":"alto","severidad_max":"alto","habitabilidad":"i2","tipo_inmueble":"residencial","recomendaciones":"","rud_records":3,"rud_unique_docs":3,"rud_households":1,"rud_women":1,"rud_minors":0,"rud_older65":0,"rud_match_methods":"road_key","rud_match_confidence":"alta","has_rud_match":true}},{"type":"Feature","geometry":{"type":"Point","coordinates":[-76.4963172,3.4203055]},"properties":{"place_id":"ChIJZ4MG2iOnMI4Rn6D4Kl5wqEI","address":"Cra 28F #72O-08","area":"El poblado","zone":"Urbana","place_report_count":1,"evaluation_count":1,"nivel_dano_max":"alto","severidad_max":"alto","habitabilidad":"i2","tipo_inmueble":"","recomendaciones":"","rud_records":0,"rud_unique_docs":0,"rud_households":0,"rud_women":0,"rud_minors":0,"rud_older65":0,"rud_match_methods":"","rud_match_confidence":"","has_rud_match":false}},{"type":"Feature","geometry":{"type":"Point","coordinates":[-76.549792,3.420359]},"properties":{"place_id":"ChIJ_fDxFh6kMI4RIBk0-quFXD0","address":"Cra 44 #4-14","area":"El Lido","zone":"Urbana","place_report_count":2,"evaluation_count":1,"nivel_dano_max":"alto","severidad_max":"alto","habitabilidad":"r1","tipo_inmueble":"residencial","recomendaciones":"","rud_records":0,"rud_unique_docs":0,"rud_households":0,"rud_women":0,"rud_minors":0,"rud_older65":0,"rud_match_methods":"","rud_match_confidence":"","has_rud_match":false}},{"type":"Feature","geometry":{"type":"Point","coordinates":[-76.5350984,3.4203756]},"properties":{"place_id":"ChIJGfFX7bymMI4RWfCsUhI6Txs","address":"Cl 10 #39-19, Departamental","area":"OLIMPICO","zone":"Urbana","place_report_count":1,"evaluation_count":0,"nivel_dano_max":null,"severidad_max":null,"habitabilidad":"","tipo_inmueble":"","recomendaciones":"","rud_records":1,"rud_unique_docs":1,"rud_households":1,"rud_women":0,"rud_minors":0,"rud_older65":0,"rud_match_methods":"road_key","rud_match_confidence":"alta","has_rud_match":true}},{"type":"Feature","geometry":{"type":"Point","coordinates":[-76.518129,3.4204052]},"properties":{"place_id":"ChIJAf8FvMOmMI4RDdXUDARxrX0","address":"Cra 37 #26C-51, Maracaibo","area":"El Jardin","zone":"Urbana","place_report_count":1,"evaluation_count":1,"nivel_dano_max":"bajo","severidad_max":"bajo","habitabilidad":"h","tipo_inmueble":"educativo","recomendaciones":"restringir_peatones","rud_records":0,"rud_unique_docs":0,"rud_households":0,"rud_women":0,"rud_minors":0,"rud_older65":0,"rud_match_methods":"","rud_match_confidence":"","has_rud_match":false}},{"type":"Feature","geometry":{"type":"Point","coordinates":[-76.5350904,3.4204295]},"properties":{"place_id":"ChIJdT6e8rymMI4RLPR_UbpBNqI","address":"Cl 10 #39-07, Departamental","area":"OLIMPICO","zone":"Urbana","place_report_count":1,"evaluation_count":0,"nivel_dano_max":null,"severidad_max":null,"habitabilidad":"","tipo_inmueble":"","recomendaciones":"","rud_records":6,"rud_unique_docs":6,"rud_households":3,"rud_women":2,"rud_minors":0,"rud_older65":1,"rud_match_methods":"road_key","rud_match_confidence":"alta","has_rud_match":true}},{"type":"Feature","geometry":{"type":"Point","coordinates":[-76.539385,3.4204383]},"properties":{"place_id":"EkNDbC4gOGEgIzM5LTEwNSA0MCA2NCwgTG9zIENhbWJ1bG9zLCBDYWxpLCBWYWxsZSBkZWwgQ2F1Y2EsIENvbG9tYmlhIiEaHwoWChQKEgnftFsNo6YwjhGO4DnbrhaRhBIFNDAgNjQ","address":"Cl 8a40 #39-105, 64 Los Cambulos","area":"Cambulos","zone":"Urbana","place_report_count":1,"evaluation_count":1,"nivel_dano_max":"medio","severidad_max":"medio","habitabilidad":"r1","tipo_inmueble":"institucional","recomendaciones":"","rud_records":0,"rud_unique_docs":0,"rud_households":0,"rud_women":0,"rud_minors":0,"rud_older65":0,"rud_match_methods":"","rud_match_confidence":"","has_rud_match":false}},{"type":"Feature","geometry":{"type":"Point","coordinates":[-76.54110109999999,3.4204627]},"properties":{"place_id":"ChIJiyCcvaOmMI4RWWfn8f4wG3U","address":"Cra 41 #7-05, Nueva Tequendama","area":"CAMBULOS","zone":"Urbana","place_report_count":3,"evaluation_count":1,"nivel_dano_max":"alto","severidad_max":"alto","habitabilidad":"i2","tipo_inmueble":"residencial","recomendaciones":"","rud_records":32,"rud_unique_docs":32,"rud_households":11,"rud_women":20,"rud_minors":6,"rud_older65":7,"rud_match_methods":"road_key","rud_match_confidence":"alta","has_rud_match":true}},{"type":"Feature","geometry":{"type":"Point","coordinates":[-76.54830129999999,3.4205171]},"properties":{"place_id":"ChIJHdF_oqCmMI4Rl6OEGdcy3uA","address":"Cl 5 #43-66","area":"Tequendama","zone":"Urbana","place_report_count":1,"evaluation_count":1,"nivel_dano_max":"alto","severidad_max":"medio_alto","habitabilidad":"i2","tipo_inmueble":"residencial","recomendaciones":"","rud_records":0,"rud_unique_docs":0,"rud_households":0,"rud_women":0,"rud_minors":0,"rud_older65":0,"rud_match_methods":"","rud_match_confidence":"","has_rud_match":false}},{"type":"Feature","geometry":{"type":"Point","coordinates":[-76.5431885,3.420546]},"properties":{"place_id":"ChIJWTP8YKGmMI4RsSy-AZhZdVk","address":"Cl 5 Este #41-47","area":"Tequendama","zone":"Urbana","place_report_count":1,"evaluation_count":1,"nivel_dano_max":"alto","severidad_max":"alto","habitabilidad":"i2","tipo_inmueble":"","recomendaciones":"","rud_records":0,"rud_unique_docs":0,"rud_households":0,"rud_women":0,"rud_minors":0,"rud_older65":0,"rud_match_methods":"","rud_match_confidence":"","has_rud_match":false}},{"type":"Feature","geometry":{"type":"Point","coordinates":[-76.5405447,3.420551]},"properties":{"place_id":"ChIJk1IpoqOmMI4RqXa3-OwyrXA","address":"Cl 8 #39-120, Los Cambulos","area":"Los cambulos","zone":"Urbana","place_report_count":2,"evaluation_count":1,"nivel_dano_max":"alto","severidad_max":"medio_alto","habitabilidad":"i2","tipo_inmueble":"residencial","recomendaciones":"","rud_records":0,"rud_unique_docs":0,"rud_households":0,"rud_women":0,"rud_minors":0,"rud_older65":0,"rud_match_methods":"","rud_match_confidence":"","has_rud_match":false}},{"type":"Feature","geometry":{"type":"Point","coordinates":[-76.5380527166776,3.420558612998306]},"properties":{"place_id":"verified:3.42056,-76.53805","address":"Cl 9A #40-07, Los Cambulos","area":"LOS CAMBULOS","zone":"Urbana","place_report_count":1,"evaluation_count":0,"nivel_dano_max":null,"severidad_max":null,"habitabilidad":"","tipo_inmueble":"","recomendaciones":"","rud_records":2,"rud_unique_docs":2,"rud_households":1,"rud_women":1,"rud_minors":0,"rud_older65":2,"rud_match_methods":"road_key","rud_match_confidence":"alta","has_rud_match":true}},{"type":"Feature","geometry":{"type":"Point","coordinates":[-76.54101736233682,3.42057]},"properties":{"place_id":"recovered-from-arcgis-merge:50824024-0fc7-4dbb-b619-cc2d35acd7ef","address":"Cl 7 #39-119","area":"CAMBULOS","zone":"Urbana","place_report_count":2,"evaluation_count":0,"nivel_dano_max":null,"severidad_max":null,"habitabilidad":"","tipo_inmueble":"","recomendaciones":"","rud_records":12,"rud_unique_docs":12,"rud_households":5,"rud_women":3,"rud_minors":1,"rud_older65":6,"rud_match_methods":"road_key","rud_match_confidence":"alta","has_rud_match":true}},{"type":"Feature","geometry":{"type":"Point","coordinates":[-76.54173329999999,3.4206254]},"properties":{"place_id":"ChIJtfeVxqOmMI4RGdB0cBUYpL0","address":"Cra 41 #6-35, Los Cambulos","area":"LOS CAMBULOS","zone":"Urbana","place_report_count":2,"evaluation_count":1,"nivel_dano_max":"medio","severidad_max":"medio","habitabilidad":"r1","tipo_inmueble":"","recomendaciones":"","rud_records":182,"rud_unique_docs":182,"rud_households":91,"rud_women":96,"rud_minors":14,"rud_older65":46,"rud_match_methods":"road_key","rud_match_confidence":"alta","has_rud_match":true}},{"type":"Feature","geometry":{"type":"Point","coordinates":[-76.5401076,3.4206791]},"properties":{"place_id":"ChIJh518CqOmMI4RSXOS8gLbpB8","address":"Cl 8 #39-85, Los Cambulos","area":"Cambulo","zone":"Urbana","place_report_count":1,"evaluation_count":2,"nivel_dano_max":"alto","severidad_max":"alto","habitabilidad":"i2, i3","tipo_inmueble":"residencial","recomendaciones":"","rud_records":0,"rud_unique_docs":0,"rud_households":0,"rud_women":0,"rud_minors":0,"rud_older65":0,"rud_match_methods":"","rud_match_confidence":"","has_rud_match":false}},{"type":"Feature","geometry":{"type":"Point","coordinates":[-76.5468665,3.4206902]},"properties":{"place_id":"ChIJK_EE6aCmMI4RX6BcowJhQFM","address":"Cra 43 #5A-35","area":"TEQUENDAMA","zone":"Urbana","place_report_count":1,"evaluation_count":0,"nivel_dano_max":null,"severidad_max":null,"habitabilidad":"","tipo_inmueble":"","recomendaciones":"","rud_records":3,"rud_unique_docs":3,"rud_households":1,"rud_women":2,"rud_minors":1,"rud_older65":1,"rud_match_methods":"road_key","rud_match_confidence":"alta","has_rud_match":true}},{"type":"Feature","geometry":{"type":"Point","coordinates":[-76.5265622,3.4207157]},"properties":{"place_id":"ChIJgQRf4r6mMI4R_b_aE50cyyE","address":"Cra 36B, Comuna 10","area":"Cali","zone":"Urbana","place_report_count":1,"evaluation_count":1,"nivel_dano_max":"alto","severidad_max":"alto","habitabilidad":"i2","tipo_inmueble":"residencial","recomendaciones":"","rud_records":0,"rud_unique_docs":0,"rud_households":0,"rud_women":0,"rud_minors":0,"rud_older65":0,"rud_match_methods":"","rud_match_confidence":"","has_rud_match":false}},{"type":"Feature","geometry":{"type":"Point","coordinates":[-76.51458029999999,3.4207354]},"properties":{"place_id":"ChIJES8VLsOmMI4R-mC-xajhRVA","address":"Cra 36A #23, Dn 58 San Vicente","area":"San Vicente","zone":"Urbana","place_report_count":1,"evaluation_count":1,"nivel_dano_max":"alto","severidad_max":"alto","habitabilidad":"i2","tipo_inmueble":"comercial","recomendaciones":"","rud_records":0,"rud_unique_docs":0,"rud_households":0,"rud_women":0,"rud_minors":0,"rud_older65":0,"rud_match_methods":"","rud_match_confidence":"","has_rud_match":false}},{"type":"Feature","geometry":{"type":"Point","coordinates":[-76.5420496,3.4207431]},"properties":{"place_id":"EjxDcmEuIDQxICM2LTI5LCBMb3MgQ2FtYnVsb3MsIENhbGksIFZhbGxlIGRlbCBDYXVjYSwgQ29sb21iaWEiMBIuChQKEgllhU-Vo6YwjhEvAnIvgLytQBAdKhQKEgmFmxCKyKYwjhE_TQxcMmzRyw","address":"Cra 41 #6-29, Los Cambulos","area":"Los cambulos","zone":"Urbana","place_report_count":1,"evaluation_count":1,"nivel_dano_max":"medio","severidad_max":"medio","habitabilidad":"h","tipo_inmueble":"","recomendaciones":"","rud_records":0,"rud_unique_docs":0,"rud_households":0,"rud_women":0,"rud_minors":0,"rud_older65":0,"rud_match_methods":"","rud_match_confidence":"","has_rud_match":false}},{"type":"Feature","geometry":{"type":"Point","coordinates":[-76.49027099999999,3.420791]},"properties":{"place_id":"ChIJX9sr2DynMI4RVDgCzRN1fjA","address":"Cl 72w28, D 11","area":"El Poblado II","zone":"Urbana","place_report_count":1,"evaluation_count":1,"nivel_dano_max":"alto","severidad_max":"alto","habitabilidad":"i2","tipo_inmueble":"otro","recomendaciones":"","rud_records":0,"rud_unique_docs":0,"rud_households":0,"rud_women":0,"rud_minors":0,"rud_older65":0,"rud_match_methods":"","rud_match_confidence":"","has_rud_match":false}},{"type":"Feature","geometry":{"type":"Point","coordinates":[-76.5389655,3.4208191]},"properties":{"place_id":"ChIJjXEcF6OmMI4R3daM7QrvYig","address":"Cl 9 #39-24, Los Cambulos","area":"LOS CAMBULOS","zone":"Urbana","place_report_count":2,"evaluation_count":1,"nivel_dano_max":"alto","severidad_max":"alto","habitabilidad":"i2","tipo_inmueble":"","recomendaciones":"evacuar_total","rud_records":24,"rud_unique_docs":24,"rud_households":6,"rud_women":13,"rud_minors":4,"rud_older65":3,"rud_match_methods":"nomenclatura_sector","rud_match_confidence":"media","has_rud_match":true}},{"type":"Feature","geometry":{"type":"Point","coordinates":[-76.5401681,3.4208306]},"properties":{"place_id":"ChIJV7iBp6OmMI4RQDa_74ItRos","address":"Cl 8 #39-79, Los Cambulos","area":"LOS   CAMBULOS","zone":"Urbana","place_report_count":6,"evaluation_count":0,"nivel_dano_max":null,"severidad_max":null,"habitabilidad":"","tipo_inmueble":"","recomendaciones":"","rud_records":8,"rud_unique_docs":8,"rud_households":2,"rud_women":4,"rud_minors":0,"rud_older65":4,"rud_match_methods":"nomenclatura_sector","rud_match_confidence":"media","has_rud_match":true}},{"type":"Feature","geometry":{"type":"Point","coordinates":[-76.54016659999999,3.4208306]},"properties":{"place_id":"ChIJ11x8p6OmMI4Rk6iZK9dMJvo","address":"Cl 8 #39-75, Los Cambulos","area":"CAMBULOS","zone":"Urbana","place_report_count":1,"evaluation_count":1,"nivel_dano_max":"alto","severidad_max":"alto","habitabilidad":"i2","tipo_inmueble":"residencial","recomendaciones":"","rud_records":18,"rud_unique_docs":18,"rud_households":7,"rud_women":8,"rud_minors":1,"rud_older65":5,"rud_match_methods":"road_key","rud_match_confidence":"alta","has_rud_match":true}},{"type":"Feature","geometry":{"type":"Point","coordinates":[-76.53974869999999,3.4208407]},"properties":{"place_id":"ChIJC5vQDqOmMI4RrO-pHGM96Zg","address":"Cl 8A #39-82, Los Cambulos","area":"CAMBULOS","zone":"Rural","place_report_count":1,"evaluation_count":0,"nivel_dano_max":null,"severidad_max":null,"habitabilidad":"","tipo_inmueble":"","recomendaciones":"","rud_records":2,"rud_unique_docs":2,"rud_households":1,"rud_women":2,"rud_minors":0,"rud_older65":0,"rud_match_methods":"road_key","rud_match_confidence":"alta","has_rud_match":true}},{"type":"Feature","geometry":{"type":"Point","coordinates":[-76.54834869999999,3.4208471]},"properties":{"place_id":"ChIJvzLZm6CmMI4RusKGj9f6-D4","address":"Cl 5 #43-70","area":"Lido","zone":"Urbana","place_report_count":1,"evaluation_count":2,"nivel_dano_max":"alto","severidad_max":"alto","habitabilidad":"i2","tipo_inmueble":"residencial","recomendaciones":"","rud_records":0,"rud_unique_docs":0,"rud_households":0,"rud_women":0,"rud_minors":0,"rud_older65":0,"rud_match_methods":"","rud_match_confidence":"","has_rud_match":false}},{"type":"Feature","geometry":{"type":"Point","coordinates":[-76.5426186,3.4209807]},"properties":{"place_id":"ChIJs9pr2qOmMI4RUdVaE3bBLQ8","address":"Cra 39a5, D 69 Urbanizacion Tequendama","area":"Tequendama","zone":"Urbana","place_report_count":1,"evaluation_count":3,"nivel_dano_max":"alto","severidad_max":"medio_alto","habitabilidad":"i1, i2","tipo_inmueble":"residencial","recomendaciones":"","rud_records":0,"rud_unique_docs":0,"rud_households":0,"rud_women":0,"rud_minors":0,"rud_older65":0,"rud_match_methods":"","rud_match_confidence":"","has_rud_match":false}},{"type":"Feature","geometry":{"type":"Point","coordinates":[-76.4941399,3.420991]},"properties":{"place_id":"ChIJtfvMVCKnMI4RJLtw2ecP0aI","address":"Cl 72T #28D-120","area":"El poblado","zone":"Urbana","place_report_count":1,"evaluation_count":1,"nivel_dano_max":"sin_dano","severidad_max":"sin_dano","habitabilidad":"r2","tipo_inmueble":"","recomendaciones":"seguimiento","rud_records":0,"rud_unique_docs":0,"rud_households":0,"rud_women":0,"rud_minors":0,"rud_older65":0,"rud_match_methods":"","rud_match_confidence":"","has_rud_match":false}},{"type":"Feature","geometry":{"type":"Point","coordinates":[-76.54006849999999,3.421087]},"properties":{"place_id":"EkFDbCA4ICMzOS01NSBhcHQgMjAsIExvcyBDYW1idWxvcywgQ2FsaSwgVmFsbGUgZGVsIENhdWNhLCBDb2xvbWJpYSIiGiAKFgoUChIJ_YDXB6OmMI4RQPwDj_dUgN4SBmFwdCAyMA","address":"Cl 8 #39-55, Los Cambulos","area":"CAMBULOS","zone":"Urbana","place_report_count":1,"evaluation_count":1,"nivel_dano_max":"alto","severidad_max":"alto","habitabilidad":"r1","tipo_inmueble":"residencial","recomendaciones":"","rud_records":8,"rud_unique_docs":8,"rud_households":5,"rud_women":5,"rud_minors":0,"rud_older65":2,"rud_match_methods":"road_key","rud_match_confidence":"alta","has_rud_match":true}},{"type":"Feature","geometry":{"type":"Point","coordinates":[-76.54041699999999,3.4211186]},"properties":{"place_id":"ChIJBUPqqKOmMI4RnlSD3JzXP4k","address":"Cl 8 #39-54, Los Cambulos","area":"Los cambulos","zone":"Urbana","place_report_count":1,"evaluation_count":1,"nivel_dano_max":"alto","severidad_max":"alto","habitabilidad":"r1","tipo_inmueble":"residencial","recomendaciones":"","rud_records":0,"rud_unique_docs":0,"rud_households":0,"rud_women":0,"rud_minors":0,"rud_older65":0,"rud_match_methods":"","rud_match_confidence":"","has_rud_match":false}},{"type":"Feature","geometry":{"type":"Point","coordinates":[-76.5403065,3.4212275]},"properties":{"place_id":"ChIJN-FosZinMI4RRvPI8it8oLM","address":"Cl 8 #39-70, Cadiz Los Cambulos","area":"Los cambulos","zone":"Urbana","place_report_count":2,"evaluation_count":1,"nivel_dano_max":"alto","severidad_max":"alto","habitabilidad":"i2","tipo_inmueble":"","recomendaciones":"","rud_records":0,"rud_unique_docs":0,"rud_households":0,"rud_women":0,"rud_minors":0,"rud_older65":0,"rud_match_methods":"","rud_match_confidence":"","has_rud_match":false}},{"type":"Feature","geometry":{"type":"Point","coordinates":[-76.5411105,3.4212732]},"properties":{"place_id":"ChIJH8lusaOmMI4REsXiDiZwRG8","address":"Cra 40 #6-79, Los Cambulos","area":"LOS CAMBULOS HOTEL ROOSEVELT PLAZA","zone":"Urbana","place_report_count":1,"evaluation_count":1,"nivel_dano_max":"medio","severidad_max":"medio_alto","habitabilidad":"i2","tipo_inmueble":"comercial","recomendaciones":"","rud_records":1,"rud_unique_docs":1,"rud_households":1,"rud_women":0,"rud_minors":0,"rud_older65":0,"rud_match_methods":"road_key","rud_match_confidence":"alta","has_rud_match":true}},{"type":"Feature","geometry":{"type":"Point","coordinates":[-76.5347199,3.4212738]},"properties":{"place_id":"ChIJs02s_rymMI4Rhm_4eTCIAnE","address":"Cra 38A #10-17, Olimpico","area":"OLIMPICO","zone":"Urbana","place_report_count":1,"evaluation_count":0,"nivel_dano_max":null,"severidad_max":null,"habitabilidad":"","tipo_inmueble":"","recomendaciones":"","rud_records":5,"rud_unique_docs":5,"rud_households":1,"rud_women":3,"rud_minors":0,"rud_older65":1,"rud_match_methods":"road_key","rud_match_confidence":"alta","has_rud_match":true}},{"type":"Feature","geometry":{"type":"Point","coordinates":[-76.5611112,3.4214323]},"properties":{"place_id":"ChIJgceeehekMI4RNPIjen3oTbY","address":"Cl 12 Oeste #49B-15, Brisas De Mayo","area":"Guayaquil","zone":"Urbana","place_report_count":1,"evaluation_count":2,"nivel_dano_max":"alto","severidad_max":"alto","habitabilidad":"i2","tipo_inmueble":"","recomendaciones":"","rud_records":0,"rud_unique_docs":0,"rud_households":0,"rud_women":0,"rud_minors":0,"rud_older65":0,"rud_match_methods":"","rud_match_confidence":"","has_rud_match":false}},{"type":"Feature","geometry":{"type":"Point","coordinates":[-76.54099649999999,3.4214811]},"properties":{"place_id":"ChIJ12RZsqOmMI4Ry1n8JSp2VQw","address":"Cl 7 #39-24, Los Cambulos","area":"CAMBULOS","zone":"Urbana","place_report_count":2,"evaluation_count":0,"nivel_dano_max":null,"severidad_max":null,"habitabilidad":"","tipo_inmueble":"","recomendaciones":"","rud_records":41,"rud_unique_docs":41,"rud_households":18,"rud_women":22,"rud_minors":5,"rud_older65":17,"rud_match_methods":"road_key","rud_match_confidence":"alta","has_rud_match":true}},{"type":"Feature","geometry":{"type":"Point","coordinates":[-76.53477079999999,3.4214993]},"properties":{"place_id":"ChIJ-UTm_bymMI4R7gi7GBlMjU0","address":"Cl 10 #38-21","area":"Olimpico","zone":"Urbana","place_report_count":2,"evaluation_count":1,"nivel_dano_max":"alto","severidad_max":"alto","habitabilidad":"i2","tipo_inmueble":"comercial","recomendaciones":"","rud_records":0,"rud_unique_docs":0,"rud_households":0,"rud_women":0,"rud_minors":0,"rud_older65":0,"rud_match_methods":"","rud_match_confidence":"","has_rud_match":false}},{"type":"Feature","geometry":{"type":"Point","coordinates":[-76.53865990000001,3.4216658]},"properties":{"place_id":"ChIJXYPv36KmMI4RmVUIoUWlWGA","address":"Cra 39 #8A-49, Los Cambulos","area":"EUCARISTICO","zone":"Urbana","place_report_count":1,"evaluation_count":0,"nivel_dano_max":null,"severidad_max":null,"habitabilidad":"","tipo_inmueble":"","recomendaciones":"","rud_records":1,"rud_unique_docs":1,"rud_households":1,"rud_women":0,"rud_minors":0,"rud_older65":0,"rud_match_methods":"road_key","rud_match_confidence":"alta","has_rud_match":true}},{"type":"Feature","geometry":{"type":"Point","coordinates":[-76.5347072,3.4216781]},"properties":{"place_id":"EjlDcmEuIDM4ICMxMC0xNCwgT2xpbXBpY28sIENhbGksIFZhbGxlIGRlbCBDYXVjYSwgQ29sb21iaWEiMBIuChQKEgkX3xoAvaYwjhEgMWudzv9PAhAOKhQKEglNbwpkvaYwjhH0y32RTxG0ug","address":"Cra 38 #10-14, Olimpico","area":"OLIMPICO","zone":"Urbana","place_report_count":1,"evaluation_count":0,"nivel_dano_max":null,"severidad_max":null,"habitabilidad":"","tipo_inmueble":"","recomendaciones":"","rud_records":2,"rud_unique_docs":2,"rud_households":1,"rud_women":1,"rud_minors":0,"rud_older65":1,"rud_match_methods":"road_key","rud_match_confidence":"alta","has_rud_match":true}},{"type":"Feature","geometry":{"type":"Point","coordinates":[-76.5414259,3.4217178]},"properties":{"place_id":"ChIJU-ecyqOmMI4RbViRfmSfVmc","address":"Edf Centro Empresarial Av Roosevelt 39 25 Los Cambulos","area":"Los Cambulos","zone":"Urbana","place_report_count":1,"evaluation_count":1,"nivel_dano_max":"bajo","severidad_max":"bajo","habitabilidad":"h","tipo_inmueble":"comercial","recomendaciones":"evacuar_parcial","rud_records":0,"rud_unique_docs":0,"rud_households":0,"rud_women":0,"rud_minors":0,"rud_older65":0,"rud_match_methods":"","rud_match_confidence":"","has_rud_match":false}},{"type":"Feature","geometry":{"type":"Point","coordinates":[-76.5386761,3.4217202]},"properties":{"place_id":"EjxDcmEuIDM5ICM4YS00NSwgRXVjYXJpc3RpY28sIENhbGksIFZhbGxlIGRlbCBDYXVjYSwgQ29sb21iaWEiMBIuChQKEgn9ky4eo6YwjhGmgAa3li3REhAtKhQKEgkxHXG8x6YwjhEzfunl23Bf6g","address":"Cra 39 #8A-45, Eucaristico","area":"EUCARISTICO","zone":"Urbana","place_report_count":1,"evaluation_count":0,"nivel_dano_max":null,"severidad_max":null,"habitabilidad":"","tipo_inmueble":"","recomendaciones":"","rud_records":17,"rud_unique_docs":17,"rud_households":7,"rud_women":7,"rud_minors":1,"rud_older65":1,"rud_match_methods":"road_key","rud_match_confidence":"alta","has_rud_match":true}},{"type":"Feature","geometry":{"type":"Point","coordinates":[-76.5427826,3.4218403]},"properties":{"place_id":"ChIJDWwIK6KmMI4RXINi9_Inu1o","address":"Cra 39A #5D-85","area":"NUEVA TEQUENDAMA","zone":"Urbana","place_report_count":1,"evaluation_count":1,"nivel_dano_max":"bajo","severidad_max":"bajo","habitabilidad":"i1","tipo_inmueble":"residencial","recomendaciones":"","rud_records":3,"rud_unique_docs":3,"rud_households":1,"rud_women":2,"rud_minors":0,"rud_older65":2,"rud_match_methods":"road_key","rud_match_confidence":"alta","has_rud_match":true}},{"type":"Feature","geometry":{"type":"Point","coordinates":[-76.490102,3.4218539]},"properties":{"place_id":"ChIJa325XCOnMI4R3wNuYxOo04Q","address":"Cl 72W #28, El Poblado Ii","area":"Poblado II","zone":"Urbana","place_report_count":1,"evaluation_count":1,"nivel_dano_max":"alto","severidad_max":"medio_alto","habitabilidad":"i2","tipo_inmueble":"","recomendaciones":"","rud_records":0,"rud_unique_docs":0,"rud_households":0,"rud_women":0,"rud_minors":0,"rud_older65":0,"rud_match_methods":"","rud_match_confidence":"","has_rud_match":false}},{"type":"Feature","geometry":{"type":"Point","coordinates":[-76.538584,3.4219437]},"properties":{"place_id":"ChIJB3_Z3aKmMI4RGO4IQ2IvMeM","address":"Cl 9 #38-54, Eucaristico","area":"EUCARISTICO","zone":"Urbana","place_report_count":1,"evaluation_count":0,"nivel_dano_max":null,"severidad_max":null,"habitabilidad":"","tipo_inmueble":"","recomendaciones":"","rud_records":6,"rud_unique_docs":6,"rud_households":1,"rud_women":5,"rud_minors":1,"rud_older65":3,"rud_match_methods":"road_key","rud_match_confidence":"alta","has_rud_match":true}},{"type":"Feature","geometry":{"type":"Point","coordinates":[-76.54636599999999,3.421956]},"properties":{"place_id":"ChIJle6VVqCmMI4RHQUXMyVAT3Y","address":"Cra 42 #5A-29","area":"Tequendama","zone":"Urbana","place_report_count":1,"evaluation_count":1,"nivel_dano_max":"bajo","severidad_max":"bajo","habitabilidad":"r1","tipo_inmueble":"comercial","recomendaciones":"","rud_records":0,"rud_unique_docs":0,"rud_households":0,"rud_women":0,"rud_minors":0,"rud_older65":0,"rud_match_methods":"","rud_match_confidence":"","has_rud_match":false}},{"type":"Feature","geometry":{"type":"Point","coordinates":[-76.538614,3.421987]},"properties":{"place_id":"ChIJxejB3aKmMI4ROhxnbargm8s","address":"Cl 9 #38-32, Eucaristico","area":"CAMBULOS","zone":"Urbana","place_report_count":1,"evaluation_count":0,"nivel_dano_max":null,"severidad_max":null,"habitabilidad":"","tipo_inmueble":"","recomendaciones":"","rud_records":8,"rud_unique_docs":8,"rud_households":4,"rud_women":6,"rud_minors":2,"rud_older65":0,"rud_match_methods":"road_key","rud_match_confidence":"alta","has_rud_match":true}},{"type":"Feature","geometry":{"type":"Point","coordinates":[-76.54645239999999,3.422056500000001]},"properties":{"place_id":"ChIJKwY5V6CmMI4R89jThnwPnZo","address":"Cra 42 #5A-19","area":"Tequendama","zone":"Urbana","place_report_count":1,"evaluation_count":1,"nivel_dano_max":"medio","severidad_max":"medio","habitabilidad":"r1","tipo_inmueble":"comercial","recomendaciones":"","rud_records":0,"rud_unique_docs":0,"rud_households":0,"rud_women":0,"rud_minors":0,"rud_older65":0,"rud_match_methods":"","rud_match_confidence":"","has_rud_match":false}},{"type":"Feature","geometry":{"type":"Point","coordinates":[-76.499235,3.422068]},"properties":{"place_id":"ChIJjcaUtiGnMI4R9xqofJrjFJI","address":"Cra 28H #41-51, El Diamente","area":"El diamante","zone":"Urbana","place_report_count":1,"evaluation_count":1,"nivel_dano_max":"sin_dano","severidad_max":"sin_dano","habitabilidad":"h","tipo_inmueble":"","recomendaciones":"","rud_records":0,"rud_unique_docs":0,"rud_households":0,"rud_women":0,"rud_minors":0,"rud_older65":0,"rud_match_methods":"","rud_match_confidence":"","has_rud_match":false}},{"type":"Feature","geometry":{"type":"Point","coordinates":[-76.54762339999999,3.4220726]},"properties":{"place_id":"ChIJ2RzMZqCmMI4R3GPu9alF5mg","address":"Cl 5 #42-24","area":"El lido","zone":"Urbana","place_report_count":1,"evaluation_count":1,"nivel_dano_max":"bajo","severidad_max":"bajo","habitabilidad":"h","tipo_inmueble":"residencial","recomendaciones":"","rud_records":0,"rud_unique_docs":0,"rud_households":0,"rud_women":0,"rud_minors":0,"rud_older65":0,"rud_match_methods":"","rud_match_confidence":"","has_rud_match":false}},{"type":"Feature","geometry":{"type":"Point","coordinates":[-76.5425418,3.4220883]},"properties":{"place_id":"ChIJBTTwLqKmMI4RSXSXulnzqWo","address":"Cra 39 #5E-02","area":"Tequendama","zone":"Urbana","place_report_count":1,"evaluation_count":1,"nivel_dano_max":"alto","severidad_max":"alto","habitabilidad":"i2","tipo_inmueble":"comercial","recomendaciones":"","rud_records":0,"rud_unique_docs":0,"rud_households":0,"rud_women":0,"rud_minors":0,"rud_older65":0,"rud_match_methods":"","rud_match_confidence":"","has_rud_match":false}},{"type":"Feature","geometry":{"type":"Point","coordinates":[-76.54229889999999,3.4220941]},"properties":{"place_id":"ChIJN1TXMaKmMI4RVpHuFZ4mYVE","address":"Cra 39 #5E-46","area":"TEQUENDAMA-EDIFICIO BACHUE","zone":"Urbana","place_report_count":8,"evaluation_count":0,"nivel_dano_max":null,"severidad_max":null,"habitabilidad":"","tipo_inmueble":"","recomendaciones":"","rud_records":42,"rud_unique_docs":42,"rud_households":16,"rud_women":26,"rud_minors":4,"rud_older65":14,"rud_match_methods":"direccion_normalizada, road_key","rud_match_confidence":"alta","has_rud_match":true}},{"type":"Feature","geometry":{"type":"Point","coordinates":[-76.5346651,3.4221548]},"properties":{"place_id":"EjtDcmEuIDM3ICYgQ2wuIDEwLCBPbGltcGljbywgQ2FsaSwgVmFsbGUgZGVsIENhdWNhLCBDb2xvbWJpYSJmImQKFAoSCX1Guwi9pjCOEdEsXTv2L4xwEhQKEgl9RrsIvaYwjhHRLF079i-McBoUChIJsyYUUpimMI4R_KQ5qOW4CdsaFAoSCRVBD3OupjCOERhYniKjU_CFIgoN7C0KAhWlvGHS","address":"Cra 37cl10, Olimpico","area":"Olímpico","zone":"Urbana","place_report_count":1,"evaluation_count":1,"nivel_dano_max":"medio","severidad_max":"medio","habitabilidad":"i3","tipo_inmueble":"comercial","recomendaciones":"","rud_records":0,"rud_unique_docs":0,"rud_households":0,"rud_women":0,"rud_minors":0,"rud_older65":0,"rud_match_methods":"","rud_match_confidence":"","has_rud_match":false}},{"type":"Feature","geometry":{"type":"Point","coordinates":[-76.5383442,3.4221834]},"properties":{"place_id":"EjpDbC4gOSAjMzgtMjQsIEV1Y2FyaXN0aWNvLCBDYWxpLCBWYWxsZSBkZWwgQ2F1Y2EsIENvbG9tYmlhIjASLgoUChIJRR-g3KKmMI4RYrbiXkBuzPYQGCoUChIJDUgiZqOmMI4R26E24BDUOk8","address":"Cl 9 #38-24, Champagnat","area":"EUCARISTICO","zone":"Urbana","place_report_count":1,"evaluation_count":0,"nivel_dano_max":null,"severidad_max":null,"habitabilidad":"","tipo_inmueble":"","recomendaciones":"","rud_records":1,"rud_unique_docs":1,"rud_households":1,"rud_women":0,"rud_minors":0,"rud_older65":1,"rud_match_methods":"road_key","rud_match_confidence":"alta","has_rud_match":true}},{"type":"Feature","geometry":{"type":"Point","coordinates":[-76.5470701,3.4222501]},"properties":{"place_id":"ChIJm1J4XKCmMI4RFAdlHS0Hugw","address":"Cra 42 #5-25","area":"Tequendama","zone":"Urbana","place_report_count":3,"evaluation_count":1,"nivel_dano_max":"alto","severidad_max":"alto","habitabilidad":"i2","tipo_inmueble":"comercial","recomendaciones":"","rud_records":0,"rud_unique_docs":0,"rud_households":0,"rud_women":0,"rud_minors":0,"rud_older65":0,"rud_match_methods":"","rud_match_confidence":"","has_rud_match":false}},{"type":"Feature","geometry":{"type":"Point","coordinates":[-76.538538,3.422266]},"properties":{"place_id":"ChIJzZ_XwqKmMI4R5l1ftl1EbYg","address":"Cl 9 #38-34, Eucaristico","area":"CAMBULOS","zone":"Urbana","place_report_count":1,"evaluation_count":0,"nivel_dano_max":null,"severidad_max":null,"habitabilidad":"","tipo_inmueble":"","recomendaciones":"","rud_records":10,"rud_unique_docs":10,"rud_households":6,"rud_women":6,"rud_minors":0,"rud_older65":8,"rud_match_methods":"road_key","rud_match_confidence":"alta","has_rud_match":true}},{"type":"Feature","geometry":{"type":"Point","coordinates":[-76.540194,3.422285]},"properties":{"place_id":"ChIJ3SYFWKKmMI4RWzr8u0ZygL8","address":"Cra 38A #7-20, Eucaristico","area":"EUCARISTO","zone":"Urbana","place_report_count":1,"evaluation_count":0,"nivel_dano_max":null,"severidad_max":null,"habitabilidad":"","tipo_inmueble":"","recomendaciones":"","rud_records":1,"rud_unique_docs":1,"rud_households":1,"rud_women":1,"rud_minors":0,"rud_older65":1,"rud_match_methods":"road_key","rud_match_confidence":"alta","has_rud_match":true}},{"type":"Feature","geometry":{"type":"Point","coordinates":[-76.5460798,3.4223106]},"properties":{"place_id":"ChIJ01eEUqCmMI4RRTTe7IFMhfg","address":"Cra 41 #5A-48","area":"Tequendama","zone":"Urbana","place_report_count":1,"evaluation_count":1,"nivel_dano_max":"bajo","severidad_max":"bajo","habitabilidad":"r1","tipo_inmueble":"institucional","recomendaciones":"aislamiento","rud_records":0,"rud_unique_docs":0,"rud_households":0,"rud_women":0,"rud_minors":0,"rud_older65":0,"rud_match_methods":"","rud_match_confidence":"","has_rud_match":false}},{"type":"Feature","geometry":{"type":"Point","coordinates":[-76.5384455,3.4223118]},"properties":{"place_id":"ChIJUSZpw6KmMI4Rd0b-w0FOf-Y","address":"Cl 9 #38-06, Eucaristico","area":"EUCARISTICO","zone":"Urbana","place_report_count":5,"evaluation_count":1,"nivel_dano_max":"alto","severidad_max":"alto","habitabilidad":"i2","tipo_inmueble":"","recomendaciones":"","rud_records":4,"rud_unique_docs":4,"rud_households":1,"rud_women":2,"rud_minors":0,"rud_older65":0,"rud_match_methods":"road_key","rud_match_confidence":"alta","has_rud_match":true}},{"type":"Feature","geometry":{"type":"Point","coordinates":[-76.5384476,3.4223513]},"properties":{"place_id":"EjlDbC4gOSAjMzgtNiwgRXVjYXJpc3RpY28sIENhbGksIFZhbGxlIGRlbCBDYXVjYSwgQ29sb21iaWEiMBIuChQKEglFH6DcoqYwjhFqOFWJnnzd4BAGKhQKEgkNSCJmo6YwjhHboTbgENQ6Tw","address":"Cl 9 #38-6, Eucaristico","area":"Pampalinda","zone":"Urbana","place_report_count":1,"evaluation_count":1,"nivel_dano_max":"alto","severidad_max":"alto","habitabilidad":"i2","tipo_inmueble":"residencial","recomendaciones":"","rud_records":0,"rud_unique_docs":0,"rud_households":0,"rud_women":0,"rud_minors":0,"rud_older65":0,"rud_match_methods":"","rud_match_confidence":"","has_rud_match":false}},{"type":"Feature","geometry":{"type":"Point","coordinates":[-76.5489049,3.4223914]},"properties":{"place_id":"ChIJf9CA1x-kMI4R939v_KY4Ubg","address":"Cl 4 #42-17","area":"LIDO","zone":"Urbana","place_report_count":1,"evaluation_count":0,"nivel_dano_max":null,"severidad_max":null,"habitabilidad":"","tipo_inmueble":"","recomendaciones":"","rud_records":1,"rud_unique_docs":1,"rud_households":1,"rud_women":0,"rud_minors":0,"rud_older65":0,"rud_match_methods":"road_key","rud_match_confidence":"alta","has_rud_match":true}},{"type":"Feature","geometry":{"type":"Point","coordinates":[-76.54297220000001,3.4224104]},"properties":{"place_id":"ChIJqeKZJ6KmMI4Ra_rWvZVq2FI","address":"Cra 39 #5D-04","area":"NUEVA TEQUENDAMA","zone":"Urbana","place_report_count":1,"evaluation_count":0,"nivel_dano_max":null,"severidad_max":null,"habitabilidad":"","tipo_inmueble":"","recomendaciones":"","rud_records":1,"rud_unique_docs":1,"rud_households":1,"rud_women":1,"rud_minors":0,"rud_older65":0,"rud_match_methods":"road_key","rud_match_confidence":"alta","has_rud_match":true}},{"type":"Feature","geometry":{"type":"Point","coordinates":[-76.54024120000001,3.4225298]},"properties":{"place_id":"ChIJYee3WKKmMI4RiQSLpJVn7t0","address":"Cra 38A #7-05, Eucaristico","area":"EUCARISTICO EL TEMPLETE","zone":"Urbana","place_report_count":1,"evaluation_count":1,"nivel_dano_max":"medio","severidad_max":"medio","habitabilidad":"r1","tipo_inmueble":"comercial","recomendaciones":"","rud_records":1,"rud_unique_docs":1,"rud_households":1,"rud_women":1,"rud_minors":0,"rud_older65":1,"rud_match_methods":"road_key","rud_match_confidence":"alta","has_rud_match":true}},{"type":"Feature","geometry":{"type":"Point","coordinates":[-76.54959939999999,3.4225418]},"properties":{"place_id":"ChIJuwI8xR-kMI4RNHmAU0_9i2k","address":"Cl 3A #42-27","area":"LIDO","zone":"Urbana","place_report_count":1,"evaluation_count":0,"nivel_dano_max":null,"severidad_max":null,"habitabilidad":"","tipo_inmueble":"","recomendaciones":"","rud_records":1,"rud_unique_docs":1,"rud_households":1,"rud_women":0,"rud_minors":0,"rud_older65":1,"rud_match_methods":"road_key","rud_match_confidence":"alta","has_rud_match":true}},{"type":"Feature","geometry":{"type":"Point","coordinates":[-76.5475806,3.4225552]},"properties":{"place_id":"ChIJlYqbaaCmMI4RWBSCzUBWqv8","address":"Cl 5 #40-94, Nueva Granada","area":"NUEVA GRANADA","zone":"Urbana","place_report_count":1,"evaluation_count":0,"nivel_dano_max":null,"severidad_max":null,"habitabilidad":"","tipo_inmueble":"","recomendaciones":"","rud_records":2,"rud_unique_docs":2,"rud_households":1,"rud_women":2,"rud_minors":0,"rud_older65":2,"rud_match_methods":"road_key","rud_match_confidence":"alta","has_rud_match":true}},{"type":"Feature","geometry":{"type":"Point","coordinates":[-76.5475806,3.4225552]},"properties":{"place_id":"ChIJhTX3aKCmMI4RtVkTCPjy_Nw","address":"Cl 5 #40-98, Nueva Granada","area":"NUEVA GRANADA","zone":"Urbana","place_report_count":1,"evaluation_count":0,"nivel_dano_max":null,"severidad_max":null,"habitabilidad":"","tipo_inmueble":"","recomendaciones":"","rud_records":1,"rud_unique_docs":1,"rud_households":1,"rud_women":1,"rud_minors":0,"rud_older65":0,"rud_match_methods":"road_key","rud_match_confidence":"alta","has_rud_match":true}},{"type":"Feature","geometry":{"type":"Point","coordinates":[-76.53984,3.42256]},"properties":{"place_id":"verified:3.42256,-76.53984","address":"Cl 8 #38-78, Eucaristico","area":"EUCARISTICO","zone":"Urbana","place_report_count":1,"evaluation_count":0,"nivel_dano_max":null,"severidad_max":null,"habitabilidad":"","tipo_inmueble":"","recomendaciones":"","rud_records":2,"rud_unique_docs":2,"rud_households":1,"rud_women":1,"rud_minors":0,"rud_older65":0,"rud_match_methods":"road_key","rud_match_confidence":"alta","has_rud_match":true}},{"type":"Feature","geometry":{"type":"Point","coordinates":[-76.541026,3.422562]},"properties":{"place_id":"ChIJy7uDRKKmMI4R5i6qYjTQLm0","address":"Cra 38A #6-46, Eucaristico","area":"EUCARISTICO","zone":"Urbana","place_report_count":1,"evaluation_count":0,"nivel_dano_max":null,"severidad_max":null,"habitabilidad":"","tipo_inmueble":"","recomendaciones":"","rud_records":3,"rud_unique_docs":3,"rud_households":1,"rud_women":3,"rud_minors":0,"rud_older65":1,"rud_match_methods":"road_key","rud_match_confidence":"alta","has_rud_match":true}},{"type":"Feature","geometry":{"type":"Point","coordinates":[-76.5408401,3.4225968]},"properties":{"place_id":"ChIJzx6vXKKmMI4R3Mm1OoUHrl8","address":"Cra 38A #6-62, Eucaristico","area":"EUCARISTICO","zone":"Urbana","place_report_count":1,"evaluation_count":0,"nivel_dano_max":null,"severidad_max":null,"habitabilidad":"","tipo_inmueble":"","recomendaciones":"","rud_records":5,"rud_unique_docs":5,"rud_households":1,"rud_women":3,"rud_minors":0,"rud_older65":2,"rud_match_methods":"road_key","rud_match_confidence":"alta","has_rud_match":true}},{"type":"Feature","geometry":{"type":"Point","coordinates":[-76.548013,3.422607]},"properties":{"place_id":"ChIJAygVbqCmMI4Rv3iTwBPR6Og","address":"Cra 42 #4A-35, Nueva Granada","area":"NUEVA GRANADA","zone":"Urbana","place_report_count":1,"evaluation_count":0,"nivel_dano_max":null,"severidad_max":null,"habitabilidad":"","tipo_inmueble":"","recomendaciones":"","rud_records":4,"rud_unique_docs":4,"rud_households":1,"rud_women":3,"rud_minors":1,"rud_older65":0,"rud_match_methods":"road_key","rud_match_confidence":"alta","has_rud_match":true}},{"type":"Feature","geometry":{"type":"Point","coordinates":[-76.5242554,3.4226427]},"properties":{"place_id":"ChIJV5i3QsCmMI4RALs3LLyG0rE","address":"Santa Elena","area":"Altos dw Santa Elena","zone":"Urbana","place_report_count":1,"evaluation_count":2,"nivel_dano_max":"bajo","severidad_max":"bajo","habitabilidad":"r1","tipo_inmueble":"residencial","recomendaciones":"seguimiento","rud_records":0,"rud_unique_docs":0,"rud_households":0,"rud_women":0,"rud_minors":0,"rud_older65":0,"rud_match_methods":"","rud_match_confidence":"","has_rud_match":false}},{"type":"Feature","geometry":{"type":"Point","coordinates":[-76.552487,3.422684]},"properties":{"place_id":"ChIJ0zjvER-kMI4R_xuSxZ4m03g","address":"Cl 1A #42-100","area":"Altos de Santa Elena","zone":"Urbana","place_report_count":1,"evaluation_count":2,"nivel_dano_max":"alto","severidad_max":"alto","habitabilidad":"i2","tipo_inmueble":"residencial","recomendaciones":"","rud_records":0,"rud_unique_docs":0,"rud_households":0,"rud_women":0,"rud_minors":0,"rud_older65":0,"rud_match_methods":"","rud_match_confidence":"","has_rud_match":false}},{"type":"Feature","geometry":{"type":"Point","coordinates":[-76.5454085,3.4226981]},"properties":{"place_id":"ChIJ377etqGmMI4RAr5lwaI4Ac0","address":"Cra 40 #5A-102","area":"NUEVA TEQUENDAMA","zone":"Urbana","place_report_count":1,"evaluation_count":0,"nivel_dano_max":null,"severidad_max":null,"habitabilidad":"","tipo_inmueble":"","recomendaciones":"","rud_records":3,"rud_unique_docs":3,"rud_households":1,"rud_women":2,"rud_minors":0,"rud_older65":1,"rud_match_methods":"road_key","rud_match_confidence":"alta","has_rud_match":true}},{"type":"Feature","geometry":{"type":"Point","coordinates":[-76.54764,3.4227625]},"properties":{"place_id":"EjxDbC4gNSAjNDAtOTAsIE51ZXZhIEdyYW5hZGEsIENhbGksIFZhbGxlIGRlbCBDYXVjYSwgQ29sb21iaWEiMBIuChQKEgkzlvBqoKYwjhGSwWlgIx6f7hBaKhQKEgn7cBm8YaEwjhF4Q4aiSBUD3g","address":"Cl 5 #40-90, Nueva Granada","area":"NUEVA GRANADA","zone":"Urbana","place_report_count":4,"evaluation_count":0,"nivel_dano_max":null,"severidad_max":null,"habitabilidad":"","tipo_inmueble":"","recomendaciones":"","rud_records":16,"rud_unique_docs":16,"rud_households":9,"rud_women":10,"rud_minors":1,"rud_older65":2,"rud_match_methods":"road_key","rud_match_confidence":"alta","has_rud_match":true}},{"type":"Feature","geometry":{"type":"Point","coordinates":[-76.539852,3.422841]},"properties":{"place_id":"ChIJXROx9KKmMI4Rm0qvQF0lCXc","address":"Cra 38 #7-44, Eucaristico","area":"EUCARISTO","zone":"Urbana","place_report_count":1,"evaluation_count":0,"nivel_dano_max":null,"severidad_max":null,"habitabilidad":"","tipo_inmueble":"","recomendaciones":"","rud_records":1,"rud_unique_docs":1,"rud_households":1,"rud_women":1,"rud_minors":0,"rud_older65":1,"rud_match_methods":"road_key","rud_match_confidence":"alta","has_rud_match":true}},{"type":"Feature","geometry":{"type":"Point","coordinates":[-76.5374571,3.4228567]},"properties":{"place_id":"ChIJlTOCtaKmMI4R5JBEqcJQSLM","address":"Cl 9 #37A-1, Eucaristico","area":"Eucaristico","zone":"Urbana","place_report_count":1,"evaluation_count":2,"nivel_dano_max":"alto","severidad_max":"medio_alto","habitabilidad":"i2, r1","tipo_inmueble":"institucional, reunion","recomendaciones":"","rud_records":0,"rud_unique_docs":0,"rud_households":0,"rud_women":0,"rud_minors":0,"rud_older65":0,"rud_match_methods":"","rud_match_confidence":"","has_rud_match":false}},{"type":"Feature","geometry":{"type":"Point","coordinates":[-76.539918,3.422869]},"properties":{"place_id":"ChIJ7doyi6KmMI4RB66r-mXFFxs","address":"Cra 38 #7-36, Eucaristico","area":"EUCARISTICO","zone":"Urbana","place_report_count":1,"evaluation_count":0,"nivel_dano_max":null,"severidad_max":null,"habitabilidad":"","tipo_inmueble":"","recomendaciones":"","rud_records":1,"rud_unique_docs":1,"rud_households":1,"rud_women":0,"rud_minors":0,"rud_older65":0,"rud_match_methods":"road_key","rud_match_confidence":"alta","has_rud_match":true}},{"type":"Feature","geometry":{"type":"Point","coordinates":[-76.50234599999999,3.423096000000007]},"properties":{"place_id":"verified:3.42310,-76.50235","address":"Cra 29B #38-5, El Diamente","area":"El diamante","zone":"Urbana","place_report_count":1,"evaluation_count":1,"nivel_dano_max":"sin_dano","severidad_max":"sin_dano","habitabilidad":"h","tipo_inmueble":"educativo","recomendaciones":"","rud_records":0,"rud_unique_docs":0,"rud_households":0,"rud_women":0,"rud_minors":0,"rud_older65":0,"rud_match_methods":"","rud_match_confidence":"","has_rud_match":false}},{"type":"Feature","geometry":{"type":"Point","coordinates":[-76.5381937,3.4231094]},"properties":{"place_id":"Ej5DcmEuIDM3YSAmIENsLiA5LCBFdWNhcmlzdGljbywgQ2FsaSwgVmFsbGUgZGVsIENhdWNhLCBDb2xvbWJpYSJmImQKFAoSCcWOebmipjCOEZ6kEjWont9MEhQKEgnFjnm5oqYwjhGepBI1qJ7fTBoUChIJG3Mk756mMI4RU4JSJFLwxIYaFAoSCQ1IImajpjCOEduhNuAQ1DpPIgoNNlMKAhXPMmHS","address":"Cra 37A, Cl 9 Eucaristico","area":"Eucaristico","zone":"Urbana","place_report_count":1,"evaluation_count":3,"nivel_dano_max":"alto","severidad_max":"alto","habitabilidad":"i2, r1","tipo_inmueble":"reunion","recomendaciones":"","rud_records":0,"rud_unique_docs":0,"rud_households":0,"rud_women":0,"rud_minors":0,"rud_older65":0,"rud_match_methods":"","rud_match_confidence":"","has_rud_match":false}},{"type":"Feature","geometry":{"type":"Point","coordinates":[-76.541831,3.423205]},"properties":{"place_id":"recovered-from-arcgis-merge:1992d9a6-fe1b-4685-a597-4eacf866bae2","address":"Cra 38A #5E-37, Nueva Tequendama","area":"EUCARISTICO","zone":"Urbana","place_report_count":3,"evaluation_count":1,"nivel_dano_max":"alto","severidad_max":"alto","habitabilidad":"i2","tipo_inmueble":"","recomendaciones":"","rud_records":9,"rud_unique_docs":9,"rud_households":3,"rud_women":6,"rud_minors":0,"rud_older65":3,"rud_match_methods":"road_key","rud_match_confidence":"alta","has_rud_match":true}},{"type":"Feature","geometry":{"type":"Point","coordinates":[-76.5477119,3.423376]},"properties":{"place_id":"ChIJzagzEaCmMI4RS0SXt96isX8","address":"Cra 40 #4B-6, Nueva Granada","area":"Nueva granada","zone":"Urbana","place_report_count":1,"evaluation_count":2,"nivel_dano_max":"bajo","severidad_max":"medio","habitabilidad":"h","tipo_inmueble":"residencial","recomendaciones":"seguimiento","rud_records":0,"rud_unique_docs":0,"rud_households":0,"rud_women":0,"rud_minors":0,"rud_older65":0,"rud_match_methods":"","rud_match_confidence":"","has_rud_match":false}},{"type":"Feature","geometry":{"type":"Point","coordinates":[-76.5523764,3.4233833]},"properties":{"place_id":"ChIJ23PscR-kMI4RjSoHOaDOVw8","address":"Cl 1A #42-28","area":"LIDO","zone":"Urbana","place_report_count":1,"evaluation_count":0,"nivel_dano_max":null,"severidad_max":null,"habitabilidad":"","tipo_inmueble":"","recomendaciones":"","rud_records":5,"rud_unique_docs":5,"rud_households":1,"rud_women":3,"rud_minors":1,"rud_older65":0,"rud_match_methods":"direccion_normalizada","rud_match_confidence":"alta","has_rud_match":true}},{"type":"Feature","geometry":{"type":"Point","coordinates":[-76.54739,3.42339]},"properties":{"place_id":"ChIJ1ai3PaCmMI4RP2C-IcEYlSY","address":"Cra 40 #4B-26, Urbanizacion Nueva Granada","area":"NUEVA GRANADA","zone":"Urbana","place_report_count":3,"evaluation_count":3,"nivel_dano_max":"alto","severidad_max":"alto","habitabilidad":"i2","tipo_inmueble":"residencial","recomendaciones":"","rud_records":75,"rud_unique_docs":75,"rud_households":40,"rud_women":42,"rud_minors":6,"rud_older65":16,"rud_match_methods":"nomenclatura_sector","rud_match_confidence":"media","has_rud_match":true}},{"type":"Feature","geometry":{"type":"Point","coordinates":[-76.5405512,3.4234979]},"properties":{"place_id":"ChIJVclNe6KmMI4RBMVeFcKTVxU","address":"Cra 38 #6-35, Eucaristico","area":"EUCARISTO","zone":"Urbana","place_report_count":1,"evaluation_count":0,"nivel_dano_max":null,"severidad_max":null,"habitabilidad":"","tipo_inmueble":"","recomendaciones":"","rud_records":1,"rud_unique_docs":1,"rud_households":1,"rud_women":0,"rud_minors":0,"rud_older65":0,"rud_match_methods":"road_key","rud_match_confidence":"alta","has_rud_match":true}},{"type":"Feature","geometry":{"type":"Point","coordinates":[-76.54952449999999,3.423513]},"properties":{"place_id":"Ej1DbCAzIEEgIzQwLTU1LCBOdWV2YSBHcmFuYWRhLCBDYWxpLCBWYWxsZSBkZWwgQ2F1Y2EsIENvbG9tYmlhIjASLgoUChIJwTKN7h-kMI4Rg8qlFEeeL70QNyoUChIJN2NoAdijMI4RFcDnT0PlBWU","address":"Cl 3A #40-55, Nueva Granada","area":"NUEVA GRANADA","zone":"Urbana","place_report_count":1,"evaluation_count":0,"nivel_dano_max":null,"severidad_max":null,"habitabilidad":"","tipo_inmueble":"","recomendaciones":"","rud_records":1,"rud_unique_docs":1,"rud_households":1,"rud_women":1,"rud_minors":0,"rud_older65":1,"rud_match_methods":"road_key","rud_match_confidence":"alta","has_rud_match":true}},{"type":"Feature","geometry":{"type":"Point","coordinates":[-76.550659,3.4235736]},"properties":{"place_id":"ChIJVVLGkR-kMI4R6Pkqooi2xtA","address":"Cl 2A #40-85, Nueva Granada","area":"NUEVA GRANADA - LIDO","zone":"Urbana","place_report_count":1,"evaluation_count":0,"nivel_dano_max":null,"severidad_max":null,"habitabilidad":"","tipo_inmueble":"","recomendaciones":"","rud_records":1,"rud_unique_docs":1,"rud_households":1,"rud_women":0,"rud_minors":0,"rud_older65":0,"rud_match_methods":"road_key","rud_match_confidence":"alta","has_rud_match":true}},{"type":"Feature","geometry":{"type":"Point","coordinates":[-76.539745,3.42359]},"properties":{"place_id":"ChIJ-0vFhaKmMI4Ru7es-RIQcao","address":"Cra 37A #7-26, Eucaristico","area":"EUCARISTO","zone":"Urbana","place_report_count":1,"evaluation_count":0,"nivel_dano_max":null,"severidad_max":null,"habitabilidad":"","tipo_inmueble":"","recomendaciones":"","rud_records":1,"rud_unique_docs":1,"rud_households":1,"rud_women":0,"rud_minors":0,"rud_older65":0,"rud_match_methods":"road_key","rud_match_confidence":"alta","has_rud_match":true}},{"type":"Feature","geometry":{"type":"Point","coordinates":[-76.54859019999999,3.4236601]},"properties":{"place_id":"ChIJoyQ6BqCmMI4RKX0UIv54Y-8","address":"Cra 40 #4-30, Nueva Granada","area":"NUEVA GRANADA","zone":"Urbana","place_report_count":9,"evaluation_count":1,"nivel_dano_max":"alto","severidad_max":"alto","habitabilidad":"i2","tipo_inmueble":"residencial","recomendaciones":"","rud_records":236,"rud_unique_docs":236,"rud_households":83,"rud_women":119,"rud_minors":29,"rud_older65":57,"rud_match_methods":"road_key","rud_match_confidence":"alta","has_rud_match":true}},{"type":"Feature","geometry":{"type":"Point","coordinates":[-76.550297,3.423717]},"properties":{"place_id":"ChIJD_M2jR-kMI4RM6Pxpvki0yo","address":"Cl 3 #40-42, Nueva Granada","area":"NUEVA GRANADA","zone":"Urbana","place_report_count":2,"evaluation_count":0,"nivel_dano_max":null,"severidad_max":null,"habitabilidad":"","tipo_inmueble":"","recomendaciones":"","rud_records":5,"rud_unique_docs":5,"rud_households":1,"rud_women":2,"rud_minors":1,"rud_older65":3,"rud_match_methods":"road_key","rud_match_confidence":"alta","has_rud_match":true}},{"type":"Feature","geometry":{"type":"Point","coordinates":[-76.488523,3.423861]},"properties":{"place_id":"ChIJL_mP0RenMI4R8c1c7UfmWHg","address":"Cra 27G #72W-4, Omar Torrijos","area":"Omar Torrijos","zone":"Urbana","place_report_count":1,"evaluation_count":1,"nivel_dano_max":"bajo","severidad_max":"bajo","habitabilidad":"h","tipo_inmueble":"","recomendaciones":"","rud_records":0,"rud_unique_docs":0,"rud_households":0,"rud_women":0,"rud_minors":0,"rud_older65":0,"rud_match_methods":"","rud_match_confidence":"","has_rud_match":false}},{"type":"Feature","geometry":{"type":"Point","coordinates":[-76.54651,3.42388]},"properties":{"place_id":"ChIJpygtL6CmMI4RO3ICXhISuF8","address":"Cl 5 #39-37, Barrio Tequendama Nueva Tequendama","area":"Tequendama","zone":"Urbana","place_report_count":1,"evaluation_count":1,"nivel_dano_max":"medio","severidad_max":"medio_alto","habitabilidad":"r1","tipo_inmueble":"salud","recomendaciones":"aislamiento","rud_records":0,"rud_unique_docs":0,"rud_households":0,"rud_women":0,"rud_minors":0,"rud_older65":0,"rud_match_methods":"","rud_match_confidence":"","has_rud_match":false}},{"type":"Feature","geometry":{"type":"Point","coordinates":[-76.5422195,3.4238829]},"properties":{"place_id":"EkpDcmEuIDM4ICM1IGJsb3F1ZSAyIHRvcnJlIDIsIFNhbiBGZXJuYW5kbywgQ2FsaSwgVmFsbGUgZGVsIENhdWNhLCBDb2xvbWJpYSIsGioKFgoUChIJkzVpCKKmMI4RYpbjS5OMrlQSEGJsb3F1ZSAyIHRvcnJlIDI","address":"Cra 38 #5 Torre 2 Bloque 2, San Fernando","area":"Bueno Madrid","zone":"Urbana","place_report_count":1,"evaluation_count":1,"nivel_dano_max":"alto","severidad_max":"alto","habitabilidad":"i2","tipo_inmueble":"residencial","recomendaciones":"","rud_records":0,"rud_unique_docs":0,"rud_households":0,"rud_women":0,"rud_minors":0,"rud_older65":0,"rud_match_methods":"","rud_match_confidence":"","has_rud_match":false}},{"type":"Feature","geometry":{"type":"Point","coordinates":[-76.533236,3.423908]},"properties":{"place_id":"ChIJ95M8ir2mMI4RXQ8rLM9civ8","address":"Cl 10A #34-25, Olimpico","area":"OLIMPICO","zone":"Urbana","place_report_count":1,"evaluation_count":0,"nivel_dano_max":null,"severidad_max":null,"habitabilidad":"","tipo_inmueble":"","recomendaciones":"","rud_records":1,"rud_unique_docs":1,"rud_households":1,"rud_women":1,"rud_minors":0,"rud_older65":0,"rud_match_methods":"road_key","rud_match_confidence":"alta","has_rud_match":true}},{"type":"Feature","geometry":{"type":"Point","coordinates":[-76.550451,3.424019]},"properties":{"place_id":"ChIJ1w2gix-kMI4RrFhkRew1JLM","address":"Cra 40 #2A-28, Nueva Granada","area":"NUEVA GRANADA","zone":"Urbana","place_report_count":1,"evaluation_count":0,"nivel_dano_max":null,"severidad_max":null,"habitabilidad":"","tipo_inmueble":"","recomendaciones":"","rud_records":2,"rud_unique_docs":2,"rud_households":1,"rud_women":1,"rud_minors":0,"rud_older65":1,"rud_match_methods":"road_key","rud_match_confidence":"alta","has_rud_match":true}},{"type":"Feature","geometry":{"type":"Point","coordinates":[-76.5382559,3.424104]},"properties":{"place_id":"ChIJ04MvoaKmMI4RcgK4xXbmXLA","address":"Cl 8A, Eucaristico","area":"San Bosco","zone":"Urbana","place_report_count":1,"evaluation_count":1,"nivel_dano_max":"alto","severidad_max":"alto","habitabilidad":"i2","tipo_inmueble":"residencial","recomendaciones":"","rud_records":0,"rud_unique_docs":0,"rud_households":0,"rud_women":0,"rud_minors":0,"rud_older65":0,"rud_match_methods":"","rud_match_confidence":"","has_rud_match":false}},{"type":"Feature","geometry":{"type":"Point","coordinates":[-76.5429006,3.4241157]},"properties":{"place_id":"EkxDcmEuIDM4ICM1YjUgYmxvcXVlIDIgdG9ycmUgMSwgU2FuIEZlcm5hbmRvLCBDYWxpLCBWYWxsZSBkZWwgQ2F1Y2EsIENvbG9tYmlhIiwaKgoWChQKEgnHqZ-qmKYwjhGC9AwmnwHe4BIQYmxvcXVlIDIgdG9ycmUgMQ","address":"Cra 38 #5B-5 Torre 1 Bloque 2, San Fernando","area":"Bueno Madrid","zone":"Urbana","place_report_count":1,"evaluation_count":1,"nivel_dano_max":"alto","severidad_max":"alto","habitabilidad":"i2","tipo_inmueble":"residencial","recomendaciones":"","rud_records":0,"rud_unique_docs":0,"rud_households":0,"rud_women":0,"rud_minors":0,"rud_older65":0,"rud_match_methods":"","rud_match_confidence":"","has_rud_match":false}},{"type":"Feature","geometry":{"type":"Point","coordinates":[-76.549588,3.424136]},"properties":{"place_id":"verified:3.42414,-76.54959","address":"Cra 40 #3-45, Nueva Granada","area":"NUEVA GRANADA","zone":"Urbana","place_report_count":1,"evaluation_count":0,"nivel_dano_max":null,"severidad_max":null,"habitabilidad":"","tipo_inmueble":"","recomendaciones":"","rud_records":1,"rud_unique_docs":1,"rud_households":1,"rud_women":1,"rud_minors":0,"rud_older65":0,"rud_match_methods":"road_key","rud_match_confidence":"alta","has_rud_match":true}},{"type":"Feature","geometry":{"type":"Point","coordinates":[-76.549662,3.42415]},"properties":{"place_id":"ChIJVdq49x-kMI4RFhgkqjuEguY","address":"Cra 40 #3-31, Nueva Granada","area":"NUEVA GRANADA","zone":"Urbana","place_report_count":1,"evaluation_count":0,"nivel_dano_max":null,"severidad_max":null,"habitabilidad":"","tipo_inmueble":"","recomendaciones":"","rud_records":5,"rud_unique_docs":5,"rud_households":1,"rud_women":3,"rud_minors":1,"rud_older65":0,"rud_match_methods":"road_key","rud_match_confidence":"alta","has_rud_match":true}},{"type":"Feature","geometry":{"type":"Point","coordinates":[-76.54948,3.424289]},"properties":{"place_id":"ChIJV_y7AiCkMI4R1E4TswecJHk","address":"Cl 3A #39-60, Nueva Granada","area":"NUEVA GRANADA","zone":"Urbana","place_report_count":1,"evaluation_count":0,"nivel_dano_max":null,"severidad_max":null,"habitabilidad":"","tipo_inmueble":"","recomendaciones":"","rud_records":5,"rud_unique_docs":5,"rud_households":1,"rud_women":2,"rud_minors":0,"rud_older65":2,"rud_match_methods":"road_key","rud_match_confidence":"alta","has_rud_match":true}},{"type":"Feature","geometry":{"type":"Point","coordinates":[-76.53966369999999,3.424301]},"properties":{"place_id":"ChIJqfATeZimMI4RmlHwsUa47pU","address":"Cl 7 #37-21, Eucaristico","area":"EUCARISTICO","zone":"Urbana","place_report_count":1,"evaluation_count":0,"nivel_dano_max":null,"severidad_max":null,"habitabilidad":"","tipo_inmueble":"","recomendaciones":"","rud_records":2,"rud_unique_docs":2,"rud_households":1,"rud_women":1,"rud_minors":0,"rud_older65":0,"rud_match_methods":"road_key","rud_match_confidence":"alta","has_rud_match":true}},{"type":"Feature","geometry":{"type":"Point","coordinates":[-76.539958,3.424302]},"properties":{"place_id":"ChIJefL2fpimMI4RrAxOw4VCdOM","address":"Cl 7 #37-34, Eucaristico","area":"EUCARISTICO","zone":"Urbana","place_report_count":1,"evaluation_count":0,"nivel_dano_max":null,"severidad_max":null,"habitabilidad":"","tipo_inmueble":"","recomendaciones":"","rud_records":5,"rud_unique_docs":5,"rud_households":3,"rud_women":2,"rud_minors":0,"rud_older65":0,"rud_match_methods":"road_key","rud_match_confidence":"alta","has_rud_match":true}},{"type":"Feature","geometry":{"type":"Point","coordinates":[-76.549837,3.424351]},"properties":{"place_id":"ChIJiQTGHSCkMI4R_7-uj49v-qI","address":"Cl 3 #39-53, Nueva Granada","area":"NUEVA GRANADA","zone":"Urbana","place_report_count":1,"evaluation_count":0,"nivel_dano_max":null,"severidad_max":null,"habitabilidad":"","tipo_inmueble":"","recomendaciones":"","rud_records":2,"rud_unique_docs":2,"rud_households":1,"rud_women":2,"rud_minors":0,"rud_older65":0,"rud_match_methods":"road_key","rud_match_confidence":"alta","has_rud_match":true}},{"type":"Feature","geometry":{"type":"Point","coordinates":[-76.541037,3.424387]},"properties":{"place_id":"ChIJxwspg5imMI4RaNCe2F8eqOc","address":"Cra 37A #5F-19, San Fernando Nuevo","area":"San Fernando Nievo, eucsrístico (19)","zone":"Urbana","place_report_count":3,"evaluation_count":1,"nivel_dano_max":"medio","severidad_max":"medio_alto","habitabilidad":"i2","tipo_inmueble":"residencial","recomendaciones":"","rud_records":0,"rud_unique_docs":0,"rud_households":0,"rud_women":0,"rud_minors":0,"rud_older65":0,"rud_match_methods":"","rud_match_confidence":"","has_rud_match":false}},{"type":"Feature","geometry":{"type":"Point","coordinates":[-76.5474416,3.4244599]},"properties":{"place_id":"ChIJVZe79J-mMI4R_x3edxCS2Io","address":"Cra 39 #4B-06, Nueva Granada","area":"NUEVA GRANADA","zone":"Urbana","place_report_count":1,"evaluation_count":0,"nivel_dano_max":null,"severidad_max":null,"habitabilidad":"","tipo_inmueble":"","recomendaciones":"","rud_records":1,"rud_unique_docs":1,"rud_households":1,"rud_women":0,"rud_minors":0,"rud_older65":0,"rud_match_methods":"road_key","rud_match_confidence":"alta","has_rud_match":true}},{"type":"Feature","geometry":{"type":"Point","coordinates":[-76.53038959999999,3.4244752]},"properties":{"place_id":"ChIJ23eK8ZWmMI4R2aBs5DhcN8s","address":"Cl 12B #33-45, Colseguros","area":"COLSEGUROS","zone":"Urbana","place_report_count":5,"evaluation_count":0,"nivel_dano_max":null,"severidad_max":null,"habitabilidad":"","tipo_inmueble":"","recomendaciones":"","rud_records":4,"rud_unique_docs":4,"rud_households":1,"rud_women":3,"rud_minors":2,"rud_older65":0,"rud_match_methods":"road_key","rud_match_confidence":"alta","has_rud_match":true}},{"type":"Feature","geometry":{"type":"Point","coordinates":[-76.54833789999999,3.4245379]},"properties":{"place_id":"ChIJS_3d-5-mMI4RnTur3OrSuLQ","address":"Cra 39 #4-28, Nueva Granada","area":"NUEVA GRANADA","zone":"Urbana","place_report_count":1,"evaluation_count":0,"nivel_dano_max":null,"severidad_max":null,"habitabilidad":"","tipo_inmueble":"","recomendaciones":"","rud_records":5,"rud_unique_docs":5,"rud_households":1,"rud_women":3,"rud_minors":0,"rud_older65":1,"rud_match_methods":"road_key","rud_match_confidence":"alta","has_rud_match":true}},{"type":"Feature","geometry":{"type":"Point","coordinates":[-76.5413056,3.4245479]},"properties":{"place_id":"ChIJVecUmZimMI4RuiA8CbSEgMs","address":"Cra 37A #5E-27, San Fernando","area":"EUCARISTICO","zone":"Urbana","place_report_count":1,"evaluation_count":0,"nivel_dano_max":null,"severidad_max":null,"habitabilidad":"","tipo_inmueble":"","recomendaciones":"","rud_records":4,"rud_unique_docs":4,"rud_households":1,"rud_women":2,"rud_minors":1,"rud_older65":1,"rud_match_methods":"road_key","rud_match_confidence":"alta","has_rud_match":true}},{"type":"Feature","geometry":{"type":"Point","coordinates":[-76.549837,3.424565]},"properties":{"place_id":"ChIJK_rzGyCkMI4RrlEBBCoIpqA","address":"Cl 3 #39-47, Nueva Granada","area":"LIDO","zone":"Urbana","place_report_count":1,"evaluation_count":0,"nivel_dano_max":null,"severidad_max":null,"habitabilidad":"","tipo_inmueble":"","recomendaciones":"","rud_records":2,"rud_unique_docs":2,"rud_households":1,"rud_women":1,"rud_minors":0,"rud_older65":2,"rud_match_methods":"road_key","rud_match_confidence":"alta","has_rud_match":true}},{"type":"Feature","geometry":{"type":"Point","coordinates":[-76.5379815,3.4246062]},"properties":{"place_id":"EjNDbC4gOSwgRXVjYXJpc3RpY28sIENhbGksIFZhbGxlIGRlbCBDYXVjYSwgQ29sb21iaWEiLiosChQKEgkNSCJmo6YwjhHboTbgENQ6TxIUChIJlYXdBJimMI4R8wlwy3bKeuc","address":"Cl 9, Eucaristico","area":"Eucaristico","zone":"Urbana","place_report_count":1,"evaluation_count":2,"nivel_dano_max":"alto","severidad_max":"alto","habitabilidad":"i2","tipo_inmueble":"institucional, reunion","recomendaciones":"","rud_records":0,"rud_unique_docs":0,"rud_households":0,"rud_women":0,"rud_minors":0,"rud_older65":0,"rud_match_methods":"","rud_match_confidence":"","has_rud_match":false}},{"type":"Feature","geometry":{"type":"Point","coordinates":[-76.5491565,3.4246111]},"properties":{"place_id":"ChIJf0AFBCCkMI4R1q0eoSal8Ck","address":"Cl 3A #39-21, Nueva Granada","area":"URBANIZACION NUEVA GRANADA","zone":"Urbana","place_report_count":1,"evaluation_count":1,"nivel_dano_max":"alto","severidad_max":"medio_alto","habitabilidad":"i2","tipo_inmueble":"residencial","recomendaciones":"","rud_records":9,"rud_unique_docs":9,"rud_households":4,"rud_women":6,"rud_minors":1,"rud_older65":1,"rud_match_methods":"road_key","rud_match_confidence":"alta","has_rud_match":true}},{"type":"Feature","geometry":{"type":"Point","coordinates":[-76.54737899999999,3.424655]},"properties":{"place_id":"ChIJmdMq85-mMI4RjZA33ByAKE0","address":"Cra 39 #4B-13, Santa Isabel","area":"NUEVA GRANADA","zone":"Urbana","place_report_count":1,"evaluation_count":0,"nivel_dano_max":null,"severidad_max":null,"habitabilidad":"","tipo_inmueble":"","recomendaciones":"","rud_records":3,"rud_unique_docs":3,"rud_households":1,"rud_women":2,"rud_minors":0,"rud_older65":2,"rud_match_methods":"road_key","rud_match_confidence":"alta","has_rud_match":true}},{"type":"Feature","geometry":{"type":"Point","coordinates":[-76.54356229999999,3.4248969]},"properties":{"place_id":"ChIJwzNXTp-mMI4RPK12vnb65GE","address":"Cl 5b4 #38-75, San Fernando","area":"SAN FERNANDO","zone":"Urbana","place_report_count":1,"evaluation_count":0,"nivel_dano_max":null,"severidad_max":null,"habitabilidad":"","tipo_inmueble":"","recomendaciones":"","rud_records":1,"rud_unique_docs":1,"rud_households":1,"rud_women":0,"rud_minors":0,"rud_older65":1,"rud_match_methods":"road_key","rud_match_confidence":"alta","has_rud_match":true}},{"type":"Feature","geometry":{"type":"Point","coordinates":[-76.54952399999999,3.425085]},"properties":{"place_id":"ChIJbzIfDiCkMI4Rh5_DvgydbWQ","address":"Cra 39 #3-53, Nueva Granada","area":"TEQUENDAMA","zone":"Urbana","place_report_count":1,"evaluation_count":1,"nivel_dano_max":"medio","severidad_max":"medio_alto","habitabilidad":"r1","tipo_inmueble":"residencial","recomendaciones":"","rud_records":2,"rud_unique_docs":2,"rud_households":1,"rud_women":1,"rud_minors":0,"rud_older65":1,"rud_match_methods":"road_key","rud_match_confidence":"alta","has_rud_match":true}},{"type":"Feature","geometry":{"type":"Point","coordinates":[-76.5434396,3.4251527]},"properties":{"place_id":"ChIJL1BCSZ-mMI4RUuGaJDK6uP0","address":"Cl 5b4 #38-51, San Fernando","area":"SAN FERNANDO","zone":"Urbana","place_report_count":1,"evaluation_count":0,"nivel_dano_max":null,"severidad_max":null,"habitabilidad":"","tipo_inmueble":"","recomendaciones":"","rud_records":2,"rud_unique_docs":2,"rud_households":1,"rud_women":0,"rud_minors":0,"rud_older65":0,"rud_match_methods":"road_key","rud_match_confidence":"alta","has_rud_match":true}},{"type":"Feature","geometry":{"type":"Point","coordinates":[-76.4865652,3.4252416]},"properties":{"place_id":"ChIJ4XE0ZhanMI4Rc8S-Mq5yx6A","address":"Cl 72X #27-04, Omar Torrijos","area":"Omar Torrijos","zone":"Urbana","place_report_count":1,"evaluation_count":1,"nivel_dano_max":"bajo","severidad_max":"bajo","habitabilidad":"h","tipo_inmueble":"","recomendaciones":"","rud_records":0,"rud_unique_docs":0,"rud_households":0,"rud_women":0,"rud_minors":0,"rud_older65":0,"rud_match_methods":"","rud_match_confidence":"","has_rud_match":false}},{"type":"Feature","geometry":{"type":"Point","coordinates":[-76.5390729,3.4252859]},"properties":{"place_id":"EjNDbC4gNywgRXVjYXJpc3RpY28sIENhbGksIFZhbGxlIGRlbCBDYXVjYSwgQ29sb21iaWEiLiosChQKEgnVUW-omaYwjhGnkRzvkkUNzhIUChIJlYXdBJimMI4R8wlwy3bKeuc","address":"Cl 7, Eucaristico","area":"Eucaristico","zone":"Urbana","place_report_count":1,"evaluation_count":1,"nivel_dano_max":"alto","severidad_max":"medio_alto","habitabilidad":"i2","tipo_inmueble":"","recomendaciones":"","rud_records":0,"rud_unique_docs":0,"rud_households":0,"rud_women":0,"rud_minors":0,"rud_older65":0,"rud_match_methods":"","rud_match_confidence":"","has_rud_match":false}},{"type":"Feature","geometry":{"type":"Point","coordinates":[-76.5388201,3.4253055]},"properties":{"place_id":"EkFDcmEuIDM2YSBCaXMgIzdhLTI2LCBFdWNhcmlzdGljbywgQ2FsaSwgVmFsbGUgZGVsIENhdWNhLCBDb2xvbWJpYSIwEi4KFAoSCQ_8d2qYpjCOEa-2H9rveYyyEBoqFAoSCTNwdEKYpjCOEadvQhUMK5Ow","address":"Cra 36A Bis #7A-26, Eucaristico","area":"EUCARISTICO","zone":"Urbana","place_report_count":1,"evaluation_count":1,"nivel_dano_max":"medio","severidad_max":"medio_alto","habitabilidad":"i2","tipo_inmueble":"residencial","recomendaciones":"","rud_records":8,"rud_unique_docs":8,"rud_households":7,"rud_women":5,"rud_minors":0,"rud_older65":1,"rud_match_methods":"road_key","rud_match_confidence":"alta","has_rud_match":true}},{"type":"Feature","geometry":{"type":"Point","coordinates":[-76.5427535,3.4253177]},"properties":{"place_id":"ChIJ_5bzuCmnMI4RDgoZeWdOc_Q","address":"Cra 5b3 #2-9, San Fernando Nuevo","area":"San Fernando nuevo","zone":"Urbana","place_report_count":10,"evaluation_count":1,"nivel_dano_max":"bajo","severidad_max":"bajo","habitabilidad":"h","tipo_inmueble":"residencial","recomendaciones":"","rud_records":0,"rud_unique_docs":0,"rud_households":0,"rud_women":0,"rud_minors":0,"rud_older65":0,"rud_match_methods":"","rud_match_confidence":"","has_rud_match":false}},{"type":"Feature","geometry":{"type":"Point","coordinates":[-76.533835,3.425322]},"properties":{"place_id":"verified:3.42532,-76.53383","address":"Cl 10 #33-85, Barrio Colseguros Urbanizacion Colseguros","area":"COLSEGUROS","zone":"Rural","place_report_count":1,"evaluation_count":0,"nivel_dano_max":null,"severidad_max":null,"habitabilidad":"","tipo_inmueble":"","recomendaciones":"","rud_records":1,"rud_unique_docs":1,"rud_households":1,"rud_women":0,"rud_minors":0,"rud_older65":0,"rud_match_methods":"road_key","rud_match_confidence":"alta","has_rud_match":true}},{"type":"Feature","geometry":{"type":"Point","coordinates":[-76.54143048932174,3.4254396189377183]},"properties":{"place_id":"ChIJES6nlZimMI4RUy82tWLapBc","address":"Cra 37 #5E-05, Bis San Fernando","area":"BARRIO EL LIDO","zone":"Rural","place_report_count":3,"evaluation_count":0,"nivel_dano_max":null,"severidad_max":null,"habitabilidad":"","tipo_inmueble":"","recomendaciones":"","rud_records":2,"rud_unique_docs":2,"rud_households":1,"rud_women":2,"rud_minors":0,"rud_older65":1,"rud_match_methods":"road_key","rud_match_confidence":"alta","has_rud_match":true}},{"type":"Feature","geometry":{"type":"Point","coordinates":[-76.549453,3.425465]},"properties":{"place_id":"ChIJb6PKciCkMI4RoXEEnyJOwq0","address":"Cl 3 #38D-55, Nueva Granada","area":"SANTA ISABEL","zone":"Urbana","place_report_count":1,"evaluation_count":0,"nivel_dano_max":null,"severidad_max":null,"habitabilidad":"","tipo_inmueble":"","recomendaciones":"","rud_records":1,"rud_unique_docs":1,"rud_households":1,"rud_women":0,"rud_minors":0,"rud_older65":1,"rud_match_methods":"road_key","rud_match_confidence":"alta","has_rud_match":true}},{"type":"Feature","geometry":{"type":"Point","coordinates":[-76.55187719999999,3.4255113]},"properties":{"place_id":"ChIJNVN5tSGkMI4RtJu3-yo6XQs","address":"Cra 39 #2-31, Nueva Granada","area":"SANTA ISABEL","zone":"Urbana","place_report_count":1,"evaluation_count":0,"nivel_dano_max":null,"severidad_max":null,"habitabilidad":"","tipo_inmueble":"","recomendaciones":"","rud_records":3,"rud_unique_docs":3,"rud_households":1,"rud_women":3,"rud_minors":0,"rud_older65":1,"rud_match_methods":"road_key","rud_match_confidence":"alta","has_rud_match":true}},{"type":"Feature","geometry":{"type":"Point","coordinates":[-76.5469251,3.4255647]},"properties":{"place_id":"ChIJoYy1vZ-mMI4RAgNDbTudz0s","address":"Cl 4C #38D-55, Nueva Granada","area":"Santa Isabel","zone":"Urbana","place_report_count":1,"evaluation_count":1,"nivel_dano_max":"bajo","severidad_max":"bajo","habitabilidad":"r1","tipo_inmueble":"residencial","recomendaciones":"monitoreo","rud_records":0,"rud_unique_docs":0,"rud_households":0,"rud_women":0,"rud_minors":0,"rud_older65":0,"rud_match_methods":"","rud_match_confidence":"","has_rud_match":false}},{"type":"Feature","geometry":{"type":"Point","coordinates":[-76.54238590000001,3.42588]},"properties":{"place_id":"ChIJjfyTz5imMI4RuaxMREdLQzs","address":"Cl 5b4 #37-85, San Fernando","area":"SAN FERNANDO","zone":"Urbana","place_report_count":1,"evaluation_count":0,"nivel_dano_max":null,"severidad_max":null,"habitabilidad":"","tipo_inmueble":"","recomendaciones":"","rud_records":2,"rud_unique_docs":2,"rud_households":1,"rud_women":2,"rud_minors":0,"rud_older65":0,"rud_match_methods":"road_key","rud_match_confidence":"alta","has_rud_match":true}},{"type":"Feature","geometry":{"type":"Point","coordinates":[-76.5444452,3.4259374]},"properties":{"place_id":"ChIJga85I5-mMI4RfIods9AGh9Y","address":"Cl 5b3 #38-76, San Fernando","area":"SAN FERNANDO","zone":"Urbana","place_report_count":1,"evaluation_count":0,"nivel_dano_max":null,"severidad_max":null,"habitabilidad":"","tipo_inmueble":"","recomendaciones":"","rud_records":3,"rud_unique_docs":3,"rud_households":1,"rud_women":1,"rud_minors":1,"rud_older65":0,"rud_match_methods":"road_key","rud_match_confidence":"alta","has_rud_match":true}},{"type":"Feature","geometry":{"type":"Point","coordinates":[-76.53078169999999,3.4259439]},"properties":{"place_id":"ChIJsRkp0JWmMI4RofpoaETJFXY","address":"Cl 12 #32-25, Comuna 10","area":"COLSEGUROS ANDES","zone":"Urbana","place_report_count":3,"evaluation_count":3,"nivel_dano_max":"alto","severidad_max":"alto","habitabilidad":"i2, r2","tipo_inmueble":"residencial","recomendaciones":"","rud_records":110,"rud_unique_docs":110,"rud_households":41,"rud_women":57,"rud_minors":7,"rud_older65":26,"rud_match_methods":"road_key","rud_match_confidence":"alta","has_rud_match":true}},{"type":"Feature","geometry":{"type":"Point","coordinates":[-76.547088,3.426035]},"properties":{"place_id":"ChIJg5rhuZ-mMI4Rp1PcO6EONZg","address":"Cl 4C #38D-28, Nueva Granada","area":"SANTA ISABEL","zone":"Urbana","place_report_count":1,"evaluation_count":0,"nivel_dano_max":null,"severidad_max":null,"habitabilidad":"","tipo_inmueble":"","recomendaciones":"","rud_records":2,"rud_unique_docs":2,"rud_households":1,"rud_women":0,"rud_minors":0,"rud_older65":0,"rud_match_methods":"road_key","rud_match_confidence":"alta","has_rud_match":true}},{"type":"Feature","geometry":{"type":"Point","coordinates":[-76.54248799999999,3.426136]},"properties":{"place_id":"ChIJFQz_0JimMI4RM7qs4c12aNU","address":"Cl 5b4 #37-68, San Fernando","area":"SAN FERNANDO NUEVO","zone":"Urbana","place_report_count":1,"evaluation_count":0,"nivel_dano_max":null,"severidad_max":null,"habitabilidad":"","tipo_inmueble":"","recomendaciones":"","rud_records":1,"rud_unique_docs":1,"rud_households":1,"rud_women":1,"rud_minors":0,"rud_older65":1,"rud_match_methods":"road_key","rud_match_confidence":"alta","has_rud_match":true}},{"type":"Feature","geometry":{"type":"Point","coordinates":[-76.54392,3.42614]},"properties":{"place_id":"verified:3.42614,-76.54392","address":"Cl 5b3 Bis #38-25, San Fernando Nuevo","area":"SAN FERNANDO","zone":"Urbana","place_report_count":1,"evaluation_count":0,"nivel_dano_max":null,"severidad_max":null,"habitabilidad":"","tipo_inmueble":"","recomendaciones":"","rud_records":1,"rud_unique_docs":1,"rud_households":1,"rud_women":1,"rud_minors":0,"rud_older65":0,"rud_match_methods":"road_key","rud_match_confidence":"alta","has_rud_match":true}},{"type":"Feature","geometry":{"type":"Point","coordinates":[-76.5078542,3.4261567]},"properties":{"place_id":"EkdDbC4gMzUgIzI5NzQsIENvbnF1aXN0YWRvcmVzIExlb24gWElJSSwgQ2FsaSwgVmFsbGUgZGVsIENhdWNhLCBDb2xvbWJpYSIxEi8KFAoSCSu76yvhpjCOEQu_5jZ8_MXiEJ4XKhQKEgm5Y_BKUaYwjhFZD3mKECVC-A","address":"Cl 35 #2974, Conquistadores Leon Xiii","area":"San carlos","zone":"Urbana","place_report_count":1,"evaluation_count":1,"nivel_dano_max":"alto","severidad_max":"alto","habitabilidad":"i2","tipo_inmueble":"residencial","recomendaciones":"","rud_records":0,"rud_unique_docs":0,"rud_households":0,"rud_women":0,"rud_minors":0,"rud_older65":0,"rud_match_methods":"","rud_match_confidence":"","has_rud_match":false}},{"type":"Feature","geometry":{"type":"Point","coordinates":[-76.5295391,3.4261633]},"properties":{"place_id":"ChIJeThgrpWmMI4RE4N7F-QLqUE","address":"Cl 12C #31-97, Colseguros","area":"COLSEGUROS","zone":"Urbana","place_report_count":1,"evaluation_count":0,"nivel_dano_max":null,"severidad_max":null,"habitabilidad":"","tipo_inmueble":"","recomendaciones":"","rud_records":4,"rud_unique_docs":4,"rud_households":1,"rud_women":3,"rud_minors":1,"rud_older65":0,"rud_match_methods":"road_key","rud_match_confidence":"alta","has_rud_match":true}},{"type":"Feature","geometry":{"type":"Point","coordinates":[-76.5297276,3.4262881]},"properties":{"place_id":"ChIJ_X-QtJWmMI4RXNTk63ITG7A","address":"Cl 12C #31-102, Colseguros","area":"COLSEGUROS","zone":"Urbana","place_report_count":1,"evaluation_count":0,"nivel_dano_max":null,"severidad_max":null,"habitabilidad":"","tipo_inmueble":"","recomendaciones":"","rud_records":6,"rud_unique_docs":6,"rud_households":1,"rud_women":2,"rud_minors":1,"rud_older65":1,"rud_match_methods":"road_key","rud_match_confidence":"alta","has_rud_match":true}},{"type":"Feature","geometry":{"type":"Point","coordinates":[-76.530658,3.426399]},"properties":{"place_id":"ChIJs2E2zZWmMI4RkY3FEHyzdp8","address":"Cl 12A #31-82, Colseguros","area":"COLSEGUROS","zone":"Urbana","place_report_count":1,"evaluation_count":0,"nivel_dano_max":null,"severidad_max":null,"habitabilidad":"","tipo_inmueble":"","recomendaciones":"","rud_records":5,"rud_unique_docs":5,"rud_households":1,"rud_women":2,"rud_minors":1,"rud_older65":2,"rud_match_methods":"road_key","rud_match_confidence":"alta","has_rud_match":true}},{"type":"Feature","geometry":{"type":"Point","coordinates":[-76.5447944,3.4265512]},"properties":{"place_id":"recovered-from-arcgis-merge:02a6adab-8998-4329-91a0-b9b932316635","address":"Cl 5b2 #38-91, San Fernando Nuevo","area":"SIN INFORMACIÓN","zone":"Rural","place_report_count":2,"evaluation_count":0,"nivel_dano_max":null,"severidad_max":null,"habitabilidad":"","tipo_inmueble":"","recomendaciones":"","rud_records":2,"rud_unique_docs":2,"rud_households":2,"rud_women":2,"rud_minors":0,"rud_older65":0,"rud_match_methods":"road_key","rud_match_confidence":"alta","has_rud_match":true}},{"type":"Feature","geometry":{"type":"Point","coordinates":[-76.547822,3.426633]},"properties":{"place_id":"ChIJ4Za3zJ-mMI4RPwnKZ7mv4lI","address":"Cl 4A #38B-64, Nueva Granada","area":"SANTA ISABEL","zone":"Urbana","place_report_count":2,"evaluation_count":0,"nivel_dano_max":null,"severidad_max":null,"habitabilidad":"","tipo_inmueble":"","recomendaciones":"","rud_records":1,"rud_unique_docs":1,"rud_households":1,"rud_women":0,"rud_minors":0,"rud_older65":0,"rud_match_methods":"road_key","rud_match_confidence":"alta","has_rud_match":true}},{"type":"Feature","geometry":{"type":"Point","coordinates":[-76.5528751,3.4266402]},"properties":{"place_id":"ChIJSZyUDiGkMI4R3keC0MiR030","address":"Cl 1D Oeste #100, Bis 76 Altos De Santa Elena Polvorines","area":"Altos de santa elena","zone":"Urbana","place_report_count":5,"evaluation_count":8,"nivel_dano_max":"alto","severidad_max":"alto","habitabilidad":"i2","tipo_inmueble":"residencial","recomendaciones":"","rud_records":0,"rud_unique_docs":0,"rud_households":0,"rud_women":0,"rud_minors":0,"rud_older65":0,"rud_match_methods":"","rud_match_confidence":"","has_rud_match":false}},{"type":"Feature","geometry":{"type":"Point","coordinates":[-76.54456019999999,3.4267441]},"properties":{"place_id":"Ek9DbC4gNWIgIzIgIzM4LTYxIDM2YS0wMiBlZGlmaWNpbywgU2FuIEZlcm5hbmRvLCBDYWxpLCBWYWxsZSBkZWwgQ2F1Y2EsIENvbG9tYmlhIisaKQoWChQKEgmPZmbgnqYwjhFfmQ1pAW9kixIPMzZhLTAyIGVkaWZpY2lv","address":"Cl 5b2 #36A-02, El Estadio San Fernando Nuevo","area":"SANFERNANDO","zone":"Urbana","place_report_count":1,"evaluation_count":0,"nivel_dano_max":null,"severidad_max":null,"habitabilidad":"","tipo_inmueble":"","recomendaciones":"","rud_records":6,"rud_unique_docs":6,"rud_households":2,"rud_women":5,"rud_minors":0,"rud_older65":3,"rud_match_methods":"road_key","rud_match_confidence":"alta","has_rud_match":true}},{"type":"Feature","geometry":{"type":"Point","coordinates":[-76.54456019999999,3.4267441]},"properties":{"place_id":"ChIJj2Zm4J6mMI4RouDp-Be7TV0","address":"Cl 5b2 #38-61, San Fernando","area":"SAN FERNANDO","zone":"Urbana","place_report_count":1,"evaluation_count":0,"nivel_dano_max":null,"severidad_max":null,"habitabilidad":"","tipo_inmueble":"","recomendaciones":"","rud_records":1,"rud_unique_docs":1,"rud_households":1,"rud_women":1,"rud_minors":0,"rud_older65":1,"rud_match_methods":"road_key","rud_match_confidence":"alta","has_rud_match":true}},{"type":"Feature","geometry":{"type":"Point","coordinates":[-76.5292731,3.426775]},"properties":{"place_id":"ChIJI9g8TpSmMI4Rs3_Q87KXUC0","address":"Cl 12C #31-23, Colseguros","area":"COLSEGUROS","zone":"Urbana","place_report_count":2,"evaluation_count":0,"nivel_dano_max":null,"severidad_max":null,"habitabilidad":"","tipo_inmueble":"","recomendaciones":"","rud_records":3,"rud_unique_docs":3,"rud_households":1,"rud_women":3,"rud_minors":2,"rud_older65":1,"rud_match_methods":"road_key","rud_match_confidence":"alta","has_rud_match":true}},{"type":"Feature","geometry":{"type":"Point","coordinates":[-76.5293101,3.4268516]},"properties":{"place_id":"ChIJifHVUZSmMI4Ry51CdG9YVF8","address":"Cl 12C #31-05, Colseguros","area":"COLSEGUROS","zone":"Urbana","place_report_count":1,"evaluation_count":0,"nivel_dano_max":null,"severidad_max":null,"habitabilidad":"","tipo_inmueble":"","recomendaciones":"","rud_records":2,"rud_unique_docs":2,"rud_households":1,"rud_women":1,"rud_minors":0,"rud_older65":0,"rud_match_methods":"road_key","rud_match_confidence":"alta","has_rud_match":true}},{"type":"Feature","geometry":{"type":"Point","coordinates":[-76.5415651,3.4268687]},"properties":{"place_id":"ChIJddJTH5mmMI4RFjE7CSN25IE","address":"Cl 5b4 #36B-40, San Fernando","area":"SAN FERNANDO","zone":"Urbana","place_report_count":1,"evaluation_count":0,"nivel_dano_max":null,"severidad_max":null,"habitabilidad":"","tipo_inmueble":"","recomendaciones":"","rud_records":3,"rud_unique_docs":3,"rud_households":1,"rud_women":1,"rud_minors":0,"rud_older65":2,"rud_match_methods":"road_key","rud_match_confidence":"alta","has_rud_match":true}},{"type":"Feature","geometry":{"type":"Point","coordinates":[-76.5409949,3.4268698]},"properties":{"place_id":"ChIJ-f1_HJmmMI4R-OV8EbQAwAo","address":"Cl 5b4 #36B-15, San Fernando","area":"SAN FERNANDO","zone":"Urbana","place_report_count":1,"evaluation_count":0,"nivel_dano_max":null,"severidad_max":null,"habitabilidad":"","tipo_inmueble":"","recomendaciones":"","rud_records":3,"rud_unique_docs":3,"rud_households":1,"rud_women":2,"rud_minors":0,"rud_older65":0,"rud_match_methods":"road_key","rud_match_confidence":"alta","has_rud_match":true}},{"type":"Feature","geometry":{"type":"Point","coordinates":[-76.5453811,3.4270476]},"properties":{"place_id":"ChIJxzVLWACnMI4RKBchXg_KleI","address":"Cra 37 #5B-1, Liliana San Fernando Nuevo","area":"San Fernando Nuevo","zone":"Urbana","place_report_count":2,"evaluation_count":1,"nivel_dano_max":"alto","severidad_max":"alto","habitabilidad":"i2","tipo_inmueble":"residencial","recomendaciones":"","rud_records":0,"rud_unique_docs":0,"rud_households":0,"rud_women":0,"rud_minors":0,"rud_older65":0,"rud_match_methods":"","rud_match_confidence":"","has_rud_match":false}},{"type":"Feature","geometry":{"type":"Point","coordinates":[-76.5451994,3.4270773]},"properties":{"place_id":"ChIJvSAr5Z6mMI4RR2gK695iNio","address":"Tv 5, San Fernando","area":"Los cambulos","zone":"Urbana","place_report_count":1,"evaluation_count":1,"nivel_dano_max":"alto","severidad_max":"alto","habitabilidad":"i2","tipo_inmueble":"","recomendaciones":"","rud_records":0,"rud_unique_docs":0,"rud_households":0,"rud_women":0,"rud_minors":0,"rud_older65":0,"rud_match_methods":"","rud_match_confidence":"","has_rud_match":false}},{"type":"Feature","geometry":{"type":"Point","coordinates":[-76.5286917,3.4272025]},"properties":{"place_id":"ChIJ94LJW5SmMI4RTBw0-LYiqHA","address":"Cra 31 #12C-33, Colseguros","area":"COLSEGUROS","zone":"Urbana","place_report_count":1,"evaluation_count":0,"nivel_dano_max":null,"severidad_max":null,"habitabilidad":"","tipo_inmueble":"","recomendaciones":"","rud_records":12,"rud_unique_docs":12,"rud_households":4,"rud_women":6,"rud_minors":0,"rud_older65":3,"rud_match_methods":"road_key","rud_match_confidence":"alta","has_rud_match":true}},{"type":"Feature","geometry":{"type":"Point","coordinates":[-76.546731,3.4272553]},"properties":{"place_id":"ChIJU1X0T56mMI4RNAM4VKke9BM","address":"Cra 38A #4B-77, Nueva Granada","area":"Nueva granada","zone":"Urbana","place_report_count":1,"evaluation_count":1,"nivel_dano_max":"medio","severidad_max":"medio_alto","habitabilidad":"r1","tipo_inmueble":"educativo","recomendaciones":"","rud_records":0,"rud_unique_docs":0,"rud_households":0,"rud_women":0,"rud_minors":0,"rud_older65":0,"rud_match_methods":"","rud_match_confidence":"","has_rud_match":false}},{"type":"Feature","geometry":{"type":"Point","coordinates":[-76.4892326,3.4272584]},"properties":{"place_id":"EkpDbCA3MlIgIyAyNy0yOCAxNiwgVXJiYW5pemF0aW9uIExvcyBMYWdvcywgQ2FsaSwgVmFsbGUgZGVsIENhdWNhLCBDb2xvbWJpYSIeGhwKFgoUChIJibCBPhenMI4Rj3uRmt1qpQ8SAjE2","address":"Cl 72r16 #27-28, Urbanization Los Lagos","area":"Los robles","zone":"Urbana","place_report_count":1,"evaluation_count":1,"nivel_dano_max":"sin_dano","severidad_max":"sin_dano","habitabilidad":"h","tipo_inmueble":"educativo","recomendaciones":"seguimiento","rud_records":0,"rud_unique_docs":0,"rud_households":0,"rud_women":0,"rud_minors":0,"rud_older65":0,"rud_match_methods":"","rud_match_confidence":"","has_rud_match":false}},{"type":"Feature","geometry":{"type":"Point","coordinates":[-76.5451429,3.4272597]},"properties":{"place_id":"ChIJ5cr5756mMI4RP3ZbuS_E8BU","address":"Cra 38 Bis #5-91, San Fernando","area":"San Fernando","zone":"Urbana","place_report_count":1,"evaluation_count":2,"nivel_dano_max":"alto","severidad_max":"alto","habitabilidad":"i1, i2","tipo_inmueble":"comercial","recomendaciones":"","rud_records":0,"rud_unique_docs":0,"rud_households":0,"rud_women":0,"rud_minors":0,"rud_older65":0,"rud_match_methods":"","rud_match_confidence":"","has_rud_match":false}},{"type":"Feature","geometry":{"type":"Point","coordinates":[-76.541464,3.427314]},"properties":{"place_id":"verified:3.42731,-76.54146","address":"Cra 36b46 #5B-3, San Fernando Nuevo","area":"San Fernando","zone":"Urbana","place_report_count":2,"evaluation_count":2,"nivel_dano_max":"alto","severidad_max":"alto","habitabilidad":"i2","tipo_inmueble":"institucional","recomendaciones":"","rud_records":0,"rud_unique_docs":0,"rud_households":0,"rud_women":0,"rud_minors":0,"rud_older65":0,"rud_match_methods":"","rud_match_confidence":"","has_rud_match":false}},{"type":"Feature","geometry":{"type":"Point","coordinates":[-76.54089739999999,3.4273667]},"properties":{"place_id":"ChIJAfDQEZmmMI4RlSoJpDAPj3g","address":"Cl 5b4 #36-64, San Fernando","area":"SAN FERNANDO NUEVO","zone":"Urbana","place_report_count":1,"evaluation_count":0,"nivel_dano_max":null,"severidad_max":null,"habitabilidad":"","tipo_inmueble":"","recomendaciones":"","rud_records":4,"rud_unique_docs":4,"rud_households":1,"rud_women":2,"rud_minors":0,"rud_older65":2,"rud_match_methods":"road_key","rud_match_confidence":"alta","has_rud_match":true}},{"type":"Feature","geometry":{"type":"Point","coordinates":[-76.5302422,3.4274289]},"properties":{"place_id":"ChIJT4oSIcCnMI4RClL4PsiN3zs","address":"Cl 12A #29B-112, Colseguros","area":"COLSEGUROS","zone":"Urbana","place_report_count":1,"evaluation_count":0,"nivel_dano_max":null,"severidad_max":null,"habitabilidad":"","tipo_inmueble":"","recomendaciones":"","rud_records":2,"rud_unique_docs":2,"rud_households":1,"rud_women":1,"rud_minors":0,"rud_older65":0,"rud_match_methods":"road_key","rud_match_confidence":"alta","has_rud_match":true}},{"type":"Feature","geometry":{"type":"Point","coordinates":[-76.52901609999999,3.4274379]},"properties":{"place_id":"Ej1DbC4gMTJjICMyOWItMTE1LCBDb2xzZWd1cm9zLCBDYWxpLCBWYWxsZSBkZWwgQ2F1Y2EsIENvbG9tYmlhIjASLgoUChIJX0PbZ5SmMI4R2Gf3aN8hXUkQcyoUChIJ3QG7u5WmMI4RUFAR6V_tCpA","address":"Cl 12C #29B-115, Colseguros","area":"COLSEGUROS","zone":"Urbana","place_report_count":5,"evaluation_count":0,"nivel_dano_max":null,"severidad_max":null,"habitabilidad":"","tipo_inmueble":"","recomendaciones":"","rud_records":69,"rud_unique_docs":68,"rud_households":32,"rud_women":41,"rud_minors":7,"rud_older65":19,"rud_match_methods":"road_key","rud_match_confidence":"alta","has_rud_match":true}},{"type":"Feature","geometry":{"type":"Point","coordinates":[-76.54765239999999,3.4274994]},"properties":{"place_id":"ChIJUwBJOZ6mMI4RAO3bCwbAyWU","address":"Cra 38 #4-32, Nueva Granada","area":"SANTA ISABEL","zone":"Urbana","place_report_count":1,"evaluation_count":0,"nivel_dano_max":null,"severidad_max":null,"habitabilidad":"","tipo_inmueble":"","recomendaciones":"","rud_records":4,"rud_unique_docs":4,"rud_households":1,"rud_women":1,"rud_minors":1,"rud_older65":0,"rud_match_methods":"road_key","rud_match_confidence":"alta","has_rud_match":true}},{"type":"Feature","geometry":{"type":"Point","coordinates":[-76.547152,3.4275048]},"properties":{"place_id":"ChIJ58znRp6mMI4RZsF4eDSfxMc","address":"Cl 4B #38-50, Nueva Granada","area":"SANTA ISABEL","zone":"Urbana","place_report_count":1,"evaluation_count":0,"nivel_dano_max":null,"severidad_max":null,"habitabilidad":"","tipo_inmueble":"","recomendaciones":"","rud_records":3,"rud_unique_docs":3,"rud_households":1,"rud_women":2,"rud_minors":0,"rud_older65":2,"rud_match_methods":"road_key","rud_match_confidence":"alta","has_rud_match":true}},{"type":"Feature","geometry":{"type":"Point","coordinates":[-76.5416115,3.4275069]},"properties":{"place_id":"recovered-from-arcgis-merge:d3def707-714a-4d7d-9329-c64bcec23c8d","address":"Cra 36B #5B-3, San Fernando","area":"SAN FERNANDO NUEVO","zone":"Rural","place_report_count":2,"evaluation_count":1,"nivel_dano_max":"alto","severidad_max":"alto","habitabilidad":"i2","tipo_inmueble":"residencial","recomendaciones":"","rud_records":4,"rud_unique_docs":4,"rud_households":4,"rud_women":1,"rud_minors":0,"rud_older65":0,"rud_match_methods":"road_key","rud_match_confidence":"alta","has_rud_match":true}},{"type":"Feature","geometry":{"type":"Point","coordinates":[-76.5411231,3.4275078]},"properties":{"place_id":"ChIJ_TTZE5mmMI4Rq1pUYv0cgpg","address":"Cra 36b21 #5B-2, San Fernando Viejo","area":"San Fernando","zone":"Urbana","place_report_count":2,"evaluation_count":3,"nivel_dano_max":"alto","severidad_max":"alto","habitabilidad":"i2, r1","tipo_inmueble":"residencial","recomendaciones":"evacuar_parcial","rud_records":0,"rud_unique_docs":0,"rud_households":0,"rud_women":0,"rud_minors":0,"rud_older65":0,"rud_match_methods":"","rud_match_confidence":"","has_rud_match":false}},{"type":"Feature","geometry":{"type":"Point","coordinates":[-76.5242554,3.4275603]},"properties":{"place_id":"ChIJS6ddcOumMI4R0p1qTcBlBw8","address":"Santa Helena La Esperanza Bovaca","area":"santa helena","zone":"Urbana","place_report_count":1,"evaluation_count":3,"nivel_dano_max":"medio","severidad_max":"medio_alto","habitabilidad":"h, r1","tipo_inmueble":"residencial","recomendaciones":"","rud_records":0,"rud_unique_docs":0,"rud_households":0,"rud_women":0,"rud_minors":0,"rud_older65":0,"rud_match_methods":"","rud_match_confidence":"","has_rud_match":false}},{"type":"Feature","geometry":{"type":"Point","coordinates":[-76.5417715,3.4275778]},"properties":{"place_id":"ChIJA3JgPpmmMI4RTkckL20En4E","address":"Cl 5b3 #36B-27, San Fernando","area":"SAN FERNANDO","zone":"Urbana","place_report_count":1,"evaluation_count":0,"nivel_dano_max":null,"severidad_max":null,"habitabilidad":"","tipo_inmueble":"","recomendaciones":"","rud_records":10,"rud_unique_docs":10,"rud_households":6,"rud_women":6,"rud_minors":0,"rud_older65":1,"rud_match_methods":"road_key","rud_match_confidence":"alta","has_rud_match":true}},{"type":"Feature","geometry":{"type":"Point","coordinates":[-76.5371543,3.4275946]},"properties":{"place_id":"ChIJMT65YZemMI4RRjxnNwc-Uag","address":"Cl 9 #32-34, Eucaristico","area":"EL CEDRO","zone":"Urbana","place_report_count":1,"evaluation_count":0,"nivel_dano_max":null,"severidad_max":null,"habitabilidad":"","tipo_inmueble":"","recomendaciones":"","rud_records":1,"rud_unique_docs":1,"rud_households":1,"rud_women":0,"rud_minors":0,"rud_older65":1,"rud_match_methods":"road_key","rud_match_confidence":"alta","has_rud_match":true}},{"type":"Feature","geometry":{"type":"Point","coordinates":[-76.5418164,3.427794]},"properties":{"place_id":"ChIJze0SP5mmMI4R93L7IsjiRS4","address":"Cl 5b3 #36B-06, San Fernando","area":"SIN INFORMACIÓN","zone":"Urbana","place_report_count":1,"evaluation_count":0,"nivel_dano_max":null,"severidad_max":null,"habitabilidad":"","tipo_inmueble":"","recomendaciones":"","rud_records":12,"rud_unique_docs":12,"rud_households":6,"rud_women":6,"rud_minors":1,"rud_older65":4,"rud_match_methods":"road_key","rud_match_confidence":"alta","has_rud_match":true}},{"type":"Feature","geometry":{"type":"Point","coordinates":[-76.54489439999999,3.4278168]},"properties":{"place_id":"ChIJmYVQkp6mMI4RhlNS0QZXShY","address":"Cl 5 #38-25, San Fernando","area":"SAN FERNANDO","zone":"Urbana","place_report_count":2,"evaluation_count":0,"nivel_dano_max":null,"severidad_max":null,"habitabilidad":"","tipo_inmueble":"","recomendaciones":"","rud_records":28,"rud_unique_docs":28,"rud_households":27,"rud_women":15,"rud_minors":0,"rud_older65":8,"rud_match_methods":"road_key","rud_match_confidence":"alta","has_rud_match":true}},{"type":"Feature","geometry":{"type":"Point","coordinates":[-76.541405,3.42782]},"properties":{"place_id":"ChIJb8ora5mmMI4R42Q4j-HjBQQ","address":"Cl 5b3 #36-73, San Fernando","area":"SAN FERNANDO","zone":"Urbana","place_report_count":2,"evaluation_count":0,"nivel_dano_max":null,"severidad_max":null,"habitabilidad":"","tipo_inmueble":"","recomendaciones":"","rud_records":27,"rud_unique_docs":27,"rud_households":21,"rud_women":13,"rud_minors":1,"rud_older65":3,"rud_match_methods":"road_key","rud_match_confidence":"alta","has_rud_match":true}},{"type":"Feature","geometry":{"type":"Point","coordinates":[-76.5139508,3.4278457]},"properties":{"place_id":"EkpDcmEuIDI5YSAjIDMwQS0xMiAxMmIgMTczLCBDb25xdWlzdGFkb3JlcywgQ2FsaSwgVmFsbGUgZGVsIENhdWNhLCBDb2xvbWJpYSIjGiEKFgoUChIJLx5THOamMI4R4aYNJOImKVsSBzEyYiAxNzM","address":"Cra 29a12 #30A-12, B 173 Conquistadores","area":"Cra 29a 12b 173","zone":"Urbana","place_report_count":1,"evaluation_count":1,"nivel_dano_max":"bajo","severidad_max":"bajo","habitabilidad":"h","tipo_inmueble":"comercial","recomendaciones":"","rud_records":0,"rud_unique_docs":0,"rud_households":0,"rud_women":0,"rud_minors":0,"rud_older65":0,"rud_match_methods":"","rud_match_confidence":"","has_rud_match":false}},{"type":"Feature","geometry":{"type":"Point","coordinates":[-76.54301600000001,3.4278677]},"properties":{"place_id":"EkNDcmEuIDM3ICMgNUItMiA1ZSAwNSwgU2FuIEZlcm5hbmRvLCBDYWxpLCBWYWxsZSBkZWwgQ2F1Y2EsIENvbG9tYmlhIiEaHwoWChQKEgkxb8FKmaYwjhEBJg7OTD6ZnBIFNWUgMDU","address":"Cra 37 #5B-2, San Fernando","area":"Barrio San Fernando, eucsrístico (19)","zone":"Urbana","place_report_count":1,"evaluation_count":1,"nivel_dano_max":"alto","severidad_max":"alto","habitabilidad":"i2","tipo_inmueble":"residencial","recomendaciones":"","rud_records":0,"rud_unique_docs":0,"rud_households":0,"rud_women":0,"rud_minors":0,"rud_older65":0,"rud_match_methods":"","rud_match_confidence":"","has_rud_match":false}},{"type":"Feature","geometry":{"type":"Point","coordinates":[-76.53787559999999,3.4278864]},"properties":{"place_id":"ChIJU7q255mmMI4RPdc7rfmBz_4","address":"Cl 8 #32-28, Eucaristico","area":"EL CEDRO","zone":"Urbana","place_report_count":1,"evaluation_count":0,"nivel_dano_max":null,"severidad_max":null,"habitabilidad":"","tipo_inmueble":"","recomendaciones":"","rud_records":1,"rud_unique_docs":1,"rud_households":1,"rud_women":1,"rud_minors":0,"rud_older65":0,"rud_match_methods":"road_key","rud_match_confidence":"alta","has_rud_match":true}},{"type":"Feature","geometry":{"type":"Point","coordinates":[-76.5378881,3.4279196]},"properties":{"place_id":"verified:3.42792,-76.53789","address":"Cl 8 #32-12, Eucaristico","area":"EL CEDRO","zone":"Urbana","place_report_count":1,"evaluation_count":0,"nivel_dano_max":null,"severidad_max":null,"habitabilidad":"","tipo_inmueble":"","recomendaciones":"","rud_records":2,"rud_unique_docs":2,"rud_households":1,"rud_women":1,"rud_minors":0,"rud_older65":0,"rud_match_methods":"road_key","rud_match_confidence":"alta","has_rud_match":true}},{"type":"Feature","geometry":{"type":"Point","coordinates":[-76.54775719999999,3.428109]},"properties":{"place_id":"Ei9DcmEuIDM3YSAjNC0zMCwgQ2FsaSwgVmFsbGUgZGVsIENhdWNhLCBDb2xvbWJpYSIwEi4KFAoSCedychKepjCOEVLwmMIJA7AlEB4qFAoSCd_y96AgpDCOEb_KKDf5GefH","address":"Cra 37A #4-30","area":"SANTA ISABEL","zone":"Urbana","place_report_count":2,"evaluation_count":0,"nivel_dano_max":null,"severidad_max":null,"habitabilidad":"","tipo_inmueble":"","recomendaciones":"","rud_records":1,"rud_unique_docs":1,"rud_households":1,"rud_women":0,"rud_minors":0,"rud_older65":0,"rud_match_methods":"road_key","rud_match_confidence":"alta","has_rud_match":true}},{"type":"Feature","geometry":{"type":"Point","coordinates":[-76.5463848,3.4281291]},"properties":{"place_id":"ChIJHYCXZp6mMI4R4Gnty3WNLUM","address":"Cra 38 #4C-10, Nueva Granada","area":"EDIFICIO POLITECNICO TIMDO","zone":"Urbana","place_report_count":2,"evaluation_count":1,"nivel_dano_max":"medio","severidad_max":"medio_alto","habitabilidad":"r2","tipo_inmueble":"educativo","recomendaciones":"","rud_records":1,"rud_unique_docs":1,"rud_households":1,"rud_women":0,"rud_minors":0,"rud_older65":1,"rud_match_methods":"road_key","rud_match_confidence":"alta","has_rud_match":true}},{"type":"Feature","geometry":{"type":"Point","coordinates":[-76.54618669999999,3.4281303]},"properties":{"place_id":"ChIJCwNCYZ6mMI4RzdLrLAcWY34","address":"Cra 38 #4C-30, Nueva Granada","area":"SANTA ISABEL","zone":"Urbana","place_report_count":2,"evaluation_count":0,"nivel_dano_max":null,"severidad_max":null,"habitabilidad":"","tipo_inmueble":"","recomendaciones":"","rud_records":1,"rud_unique_docs":1,"rud_households":1,"rud_women":0,"rud_minors":0,"rud_older65":0,"rud_match_methods":"road_key","rud_match_confidence":"alta","has_rud_match":true}},{"type":"Feature","geometry":{"type":"Point","coordinates":[-76.5416362,3.428204]},"properties":{"place_id":"ChIJzXpyQpmmMI4RhGBh-Ijr750","address":"Cra 36b69 #5B-2, San Fernando","area":"San Fernando","zone":"Urbana","place_report_count":1,"evaluation_count":1,"nivel_dano_max":"alto","severidad_max":"alto","habitabilidad":"i1","tipo_inmueble":"residencial","recomendaciones":"","rud_records":0,"rud_unique_docs":0,"rud_households":0,"rud_women":0,"rud_minors":0,"rud_older65":0,"rud_match_methods":"","rud_match_confidence":"","has_rud_match":false}},{"type":"Feature","geometry":{"type":"Point","coordinates":[-76.5485978,3.4282193]},"properties":{"place_id":"EkNDbC4gNCAjIDM3LTMwIG51bWVybyAzMCwgTGEgQ2hhY3JhLCBDYWxpLCBWYWxsZSBkZWwgQ2F1Y2EsIENvbG9tYmlhIiUaIwoWChQKEgltlSccnqYwjhEDoX_BjXgevRIJbnVtZXJvIDMw","address":"Cl 4 #37-30, La Chacra","area":"SANTA ISABEL","zone":"Urbana","place_report_count":3,"evaluation_count":0,"nivel_dano_max":null,"severidad_max":null,"habitabilidad":"","tipo_inmueble":"","recomendaciones":"","rud_records":85,"rud_unique_docs":85,"rud_households":42,"rud_women":50,"rud_minors":9,"rud_older65":24,"rud_match_methods":"road_key","rud_match_confidence":"alta","has_rud_match":true}},{"type":"Feature","geometry":{"type":"Point","coordinates":[-76.5524954,3.4282271]},"properties":{"place_id":"EkVDbC4gMWUgT2UuICMgMzhCLTEwMCB0b3JyZSA5NCwgQmVsZW4sIENhbGksIFZhbGxlIGRlbCBDYXVjYSwgQ29sb21iaWEiJBoiChYKFAoSCdvctjwhpDCOEbNZVsWVEyVUEgh0b3JyZSA5NA","address":"Cl 1 Este #38B-100 Torre 94, Oe Belen","area":"Altos de Santa Elena","zone":"Urbana","place_report_count":1,"evaluation_count":4,"nivel_dano_max":"bajo","severidad_max":"medio","habitabilidad":"h, r2","tipo_inmueble":"residencial","recomendaciones":"","rud_records":0,"rud_unique_docs":0,"rud_households":0,"rud_women":0,"rud_minors":0,"rud_older65":0,"rud_match_methods":"","rud_match_confidence":"","has_rud_match":false}},{"type":"Feature","geometry":{"type":"Point","coordinates":[-76.54248179999999,3.4282501]},"properties":{"place_id":"ChIJU_8ST5mmMI4RZgEh-CDPoro","address":"Cl 5b2 #36C-11, San Fernando","area":"SAN FERNADO","zone":"Urbana","place_report_count":1,"evaluation_count":0,"nivel_dano_max":null,"severidad_max":null,"habitabilidad":"","tipo_inmueble":"","recomendaciones":"","rud_records":11,"rud_unique_docs":11,"rud_households":6,"rud_women":8,"rud_minors":0,"rud_older65":2,"rud_match_methods":"road_key","rud_match_confidence":"alta","has_rud_match":true}},{"type":"Feature","geometry":{"type":"Point","coordinates":[-76.5445809,3.4282568]},"properties":{"place_id":"ChIJZ19plp6mMI4RGxllAxrx3aM","address":"Cra 38 #5-25, San Fernando","area":"SAN FERNANDO","zone":"Urbana","place_report_count":1,"evaluation_count":1,"nivel_dano_max":"alto","severidad_max":"alto","habitabilidad":"i2","tipo_inmueble":"comercial","recomendaciones":"","rud_records":1,"rud_unique_docs":1,"rud_households":1,"rud_women":1,"rud_minors":0,"rud_older65":0,"rud_match_methods":"road_key","rud_match_confidence":"alta","has_rud_match":true}},{"type":"Feature","geometry":{"type":"Point","coordinates":[-76.5413147,3.4282699]},"properties":{"place_id":"ChIJA_sxaZmmMI4Rz0qq8Fg_Bwo","address":"Cl 5b3 #36-36, San Fernando","area":"SAN FERNANDO","zone":"Urbana","place_report_count":1,"evaluation_count":0,"nivel_dano_max":null,"severidad_max":null,"habitabilidad":"","tipo_inmueble":"","recomendaciones":"","rud_records":1,"rud_unique_docs":1,"rud_households":1,"rud_women":1,"rud_minors":0,"rud_older65":0,"rud_match_methods":"road_key","rud_match_confidence":"alta","has_rud_match":true}},{"type":"Feature","geometry":{"type":"Point","coordinates":[-76.5371353,3.4284265]},"properties":{"place_id":"ChIJ_wTAV5emMI4RuY-P-F_CDu8","address":"Cra 31A #8-30, La Alameda","area":"CEDRO","zone":"Urbana","place_report_count":1,"evaluation_count":0,"nivel_dano_max":null,"severidad_max":null,"habitabilidad":"","tipo_inmueble":"","recomendaciones":"","rud_records":4,"rud_unique_docs":4,"rud_households":1,"rud_women":2,"rud_minors":0,"rud_older65":1,"rud_match_methods":"road_key","rud_match_confidence":"alta","has_rud_match":true}},{"type":"Feature","geometry":{"type":"Point","coordinates":[-76.5496502,3.4284874]},"properties":{"place_id":"ChIJ2_qWuiCkMI4RK1RGDe75P9w","address":"Cl 2 Oeste #38-39, La Chacra","area":"SANTA ISABEL","zone":"Urbana","place_report_count":2,"evaluation_count":0,"nivel_dano_max":null,"severidad_max":null,"habitabilidad":"","tipo_inmueble":"","recomendaciones":"","rud_records":3,"rud_unique_docs":3,"rud_households":3,"rud_women":0,"rud_minors":0,"rud_older65":0,"rud_match_methods":"road_key","rud_match_confidence":"alta","has_rud_match":true}},{"type":"Feature","geometry":{"type":"Point","coordinates":[-76.5060062,3.4285711]},"properties":{"place_id":"ChIJCQVU1-OmMI4RHKaD8b-rbOg","address":"Cl 5b1 #29-51, San Fernando Nuevo","area":"San Fernando","zone":"Urbana","place_report_count":2,"evaluation_count":1,"nivel_dano_max":"medio","severidad_max":"medio","habitabilidad":"r2","tipo_inmueble":"comercial","recomendaciones":"","rud_records":0,"rud_unique_docs":0,"rud_households":0,"rud_women":0,"rud_minors":0,"rud_older65":0,"rud_match_methods":"","rud_match_confidence":"","has_rud_match":false}},{"type":"Feature","geometry":{"type":"Point","coordinates":[-76.54469689999999,3.4285778]},"properties":{"place_id":"ChIJA8CxmZ6mMI4R9F5ubRNzIDk","address":"Cl 5 #37A-19, San Fernando","area":"San Fernando","zone":"Urbana","place_report_count":1,"evaluation_count":1,"nivel_dano_max":"alto","severidad_max":"medio","habitabilidad":"r1","tipo_inmueble":"comercial","recomendaciones":"","rud_records":0,"rud_unique_docs":0,"rud_households":0,"rud_women":0,"rud_minors":0,"rud_older65":0,"rud_match_methods":"","rud_match_confidence":"","has_rud_match":false}},{"type":"Feature","geometry":{"type":"Point","coordinates":[-76.5422547,3.4286281]},"properties":{"place_id":"EjdDcmEuIDM2YiwgU2FuIEZlcm5hbmRvLCBDYWxpLCBWYWxsZSBkZWwgQ2F1Y2EsIENvbG9tYmlhIi4qLAoUChIJH-BgEZmmMI4RKCfx2EvyexUSFAoSCbGxwTCZpjCOEW-9VH_9L2tC","address":"Cl 5b1, Con Cra 36B San Fernando Viejo","area":"San Fernando","zone":"Urbana","place_report_count":1,"evaluation_count":3,"nivel_dano_max":"alto","severidad_max":"medio_alto","habitabilidad":"i2, r1","tipo_inmueble":"residencial","recomendaciones":"","rud_records":0,"rud_unique_docs":0,"rud_households":0,"rud_women":0,"rud_minors":0,"rud_older65":0,"rud_match_methods":"","rud_match_confidence":"","has_rud_match":false}},{"type":"Feature","geometry":{"type":"Point","coordinates":[-76.54322839999999,3.4287328]},"properties":{"place_id":"ChIJbbpMrZ6mMI4Rkt-1f4wylfo","address":"Cra 37 #5B-1, San Fernando","area":"SAN FERNANDO","zone":"Urbana","place_report_count":3,"evaluation_count":1,"nivel_dano_max":"alto","severidad_max":"alto","habitabilidad":"i2","tipo_inmueble":"residencial","recomendaciones":"","rud_records":3,"rud_unique_docs":3,"rud_households":1,"rud_women":3,"rud_minors":1,"rud_older65":0,"rud_match_methods":"nomenclatura_sector","rud_match_confidence":"media","has_rud_match":true}},{"type":"Feature","geometry":{"type":"Point","coordinates":[-76.5464763,3.4287364]},"properties":{"place_id":"ChIJg_tLep6mMI4R1WSUvYs6PbE","address":"Cl 4C #37-69, Nueva Granada","area":"SANTA ISABEL","zone":"Urbana","place_report_count":1,"evaluation_count":0,"nivel_dano_max":null,"severidad_max":null,"habitabilidad":"","tipo_inmueble":"","recomendaciones":"","rud_records":4,"rud_unique_docs":4,"rud_households":4,"rud_women":2,"rud_minors":0,"rud_older65":0,"rud_match_methods":"road_key","rud_match_confidence":"alta","has_rud_match":true}},{"type":"Feature","geometry":{"type":"Point","coordinates":[-76.52370599999999,3.428843]},"properties":{"place_id":"ChIJPcR1neymMI4RhnNfdMQmc0Y","address":"Cra 29A #17-89, Comuna 10","area":"SANTA ELENA","zone":"Urbana","place_report_count":2,"evaluation_count":0,"nivel_dano_max":null,"severidad_max":null,"habitabilidad":"","tipo_inmueble":"","recomendaciones":"","rud_records":15,"rud_unique_docs":15,"rud_households":3,"rud_women":6,"rud_minors":10,"rud_older65":1,"rud_match_methods":"road_key","rud_match_confidence":"alta","has_rud_match":true}},{"type":"Feature","geometry":{"type":"Point","coordinates":[-76.54168,3.428851]},"properties":{"place_id":"ChIJdZc3XpmmMI4Rgk-GFxyYVCQ","address":"Cl 5b2 #36-21, San Fernando","area":"SAN FERNADO","zone":"Urbana","place_report_count":1,"evaluation_count":0,"nivel_dano_max":null,"severidad_max":null,"habitabilidad":"","tipo_inmueble":"","recomendaciones":"","rud_records":1,"rud_unique_docs":1,"rud_households":1,"rud_women":0,"rud_minors":0,"rud_older65":0,"rud_match_methods":"road_key","rud_match_confidence":"alta","has_rud_match":true}},{"type":"Feature","geometry":{"type":"Point","coordinates":[-76.54657,3.4289631]},"properties":{"place_id":"ChIJU6tKeJ6mMI4RYZW3Wq9rR8I","address":"Cl 4C #37-40, Nueva Granada","area":"SANTA ISABEL","zone":"Urbana","place_report_count":1,"evaluation_count":0,"nivel_dano_max":null,"severidad_max":null,"habitabilidad":"","tipo_inmueble":"","recomendaciones":"","rud_records":3,"rud_unique_docs":3,"rud_households":1,"rud_women":2,"rud_minors":1,"rud_older65":0,"rud_match_methods":"road_key","rud_match_confidence":"alta","has_rud_match":true}},{"type":"Feature","geometry":{"type":"Point","coordinates":[-76.5327789,3.4291723]},"properties":{"place_id":"ChIJY8VrD5GmMI4RLDYxF0ZqJTU","address":"Cl 9C Bis","area":"Barrio departamental","zone":"Urbana","place_report_count":1,"evaluation_count":1,"nivel_dano_max":"bajo","severidad_max":"medio","habitabilidad":"r1","tipo_inmueble":"salud","recomendaciones":"","rud_records":0,"rud_unique_docs":0,"rud_households":0,"rud_women":0,"rud_minors":0,"rud_older65":0,"rud_match_methods":"","rud_match_confidence":"","has_rud_match":false}},{"type":"Feature","geometry":{"type":"Point","coordinates":[-76.54169259999999,3.4292042]},"properties":{"place_id":"ChIJkY76COunMI4RdARGr808S-8","address":"Cra 36 #5B-136, San Fernando","area":"SIN INFORMACIÓN","zone":"Rural","place_report_count":1,"evaluation_count":0,"nivel_dano_max":null,"severidad_max":null,"habitabilidad":"","tipo_inmueble":"","recomendaciones":"","rud_records":5,"rud_unique_docs":5,"rud_households":4,"rud_women":2,"rud_minors":0,"rud_older65":2,"rud_match_methods":"road_key","rud_match_confidence":"alta","has_rud_match":true}},{"type":"Feature","geometry":{"type":"Point","coordinates":[-76.54255429999999,3.4292627]},"properties":{"place_id":"ChIJWaKN_JumMI4R8uB0Cy_VIhE","address":"Cra 36a5 #14-5, San Fernando Nuevo","area":"SAN FERNANDO NUEVO","zone":"Urbana","place_report_count":1,"evaluation_count":1,"nivel_dano_max":"bajo","severidad_max":"bajo","habitabilidad":"h","tipo_inmueble":"educativo","recomendaciones":"","rud_records":0,"rud_unique_docs":0,"rud_households":0,"rud_women":0,"rud_minors":0,"rud_older65":0,"rud_match_methods":"","rud_match_confidence":"","has_rud_match":false}},{"type":"Feature","geometry":{"type":"Point","coordinates":[-76.548022,3.4293865]},"properties":{"place_id":"EjlDcmEuIDM3ICMxLTI1LCBMYSBDaGFjcmEsIENhbGksIFZhbGxlIGRlbCBDYXVjYSwgQ29sb21iaWEiMBIuChQKEglLLS38naYwjhE-X-4_lyLZvxAZKhQKEgmzJhRSmKYwjhH8pDmo5bgJ2w","address":"Cra 37LA #1-25, Chacra","area":"Los Cristales","zone":"Urbana","place_report_count":1,"evaluation_count":1,"nivel_dano_max":"medio","severidad_max":"bajo","habitabilidad":"r1","tipo_inmueble":"residencial","recomendaciones":"","rud_records":0,"rud_unique_docs":0,"rud_households":0,"rud_women":0,"rud_minors":0,"rud_older65":0,"rud_match_methods":"","rud_match_confidence":"","has_rud_match":false}},{"type":"Feature","geometry":{"type":"Point","coordinates":[-76.542767,3.429484]},"properties":{"place_id":"verified:3.42948,-76.54277","address":"Cl 5b1 #36B-06, San Fernando Viejo","area":"SAN FERNANDO","zone":"Urbana","place_report_count":2,"evaluation_count":0,"nivel_dano_max":null,"severidad_max":null,"habitabilidad":"","tipo_inmueble":"","recomendaciones":"","rud_records":13,"rud_unique_docs":13,"rud_households":6,"rud_women":6,"rud_minors":2,"rud_older65":1,"rud_match_methods":"road_key","rud_match_confidence":"alta","has_rud_match":true}},{"type":"Feature","geometry":{"type":"Point","coordinates":[-76.542339,3.429525]},"properties":{"place_id":"ChIJtRbU-pumMI4RI-IjvwZfdeE","address":"Cra 36A #5B-1, San Fernando","area":"SAN FERNANDO","zone":"Urbana","place_report_count":1,"evaluation_count":2,"nivel_dano_max":"alto","severidad_max":"alto","habitabilidad":"i1, i2","tipo_inmueble":"residencial","recomendaciones":"","rud_records":5,"rud_unique_docs":5,"rud_households":5,"rud_women":1,"rud_minors":0,"rud_older65":2,"rud_match_methods":"road_key","rud_match_confidence":"alta","has_rud_match":true}},{"type":"Feature","geometry":{"type":"Point","coordinates":[-76.5424091,3.4295506]},"properties":{"place_id":"ChIJl2_t-pumMI4R1l93l6JNggg","address":"Cra 36a5, b1 09 San Fernando Viejo","area":"San Fernando","zone":"Urbana","place_report_count":1,"evaluation_count":1,"nivel_dano_max":"bajo","severidad_max":"bajo","habitabilidad":"h","tipo_inmueble":"residencial","recomendaciones":"","rud_records":0,"rud_unique_docs":0,"rud_households":0,"rud_women":0,"rud_minors":0,"rud_older65":0,"rud_match_methods":"","rud_match_confidence":"","has_rud_match":false}},{"type":"Feature","geometry":{"type":"Point","coordinates":[-76.54258,3.42958]},"properties":{"place_id":"verified:3.42958,-76.54258","address":"Cl 5b1 #36A-13","area":"SAN FERNANDO","zone":"Urbana","place_report_count":1,"evaluation_count":0,"nivel_dano_max":null,"severidad_max":null,"habitabilidad":"","tipo_inmueble":"","recomendaciones":"","rud_records":4,"rud_unique_docs":4,"rud_households":1,"rud_women":3,"rud_minors":0,"rud_older65":2,"rud_match_methods":"road_key","rud_match_confidence":"alta","has_rud_match":true}},{"type":"Feature","geometry":{"type":"Point","coordinates":[-76.525623,3.429628]},"properties":{"place_id":"verified:3.42963,-76.52562","address":"Cl 16 #25-65, Santa Elena","area":"SANTA ELENA","zone":"Urbana","place_report_count":1,"evaluation_count":1,"nivel_dano_max":"alto","severidad_max":"alto","habitabilidad":"i2","tipo_inmueble":"residencial","recomendaciones":"evacuar_parcial","rud_records":6,"rud_unique_docs":6,"rud_households":1,"rud_women":4,"rud_minors":2,"rud_older65":0,"rud_match_methods":"road_key","rud_match_confidence":"alta","has_rud_match":true}},{"type":"Feature","geometry":{"type":"Point","coordinates":[-76.531763,3.429711]},"properties":{"place_id":"ChIJlQhtWZGmMI4RYC5QaD9JA_8","address":"Cl 10A #29A-12, Junin","area":"COLSEGUROS","zone":"Urbana","place_report_count":1,"evaluation_count":0,"nivel_dano_max":null,"severidad_max":null,"habitabilidad":"","tipo_inmueble":"","recomendaciones":"","rud_records":3,"rud_unique_docs":3,"rud_households":1,"rud_women":2,"rud_minors":0,"rud_older65":1,"rud_match_methods":"road_key","rud_match_confidence":"alta","has_rud_match":true}},{"type":"Feature","geometry":{"type":"Point","coordinates":[-76.54212009999999,3.429731]},"properties":{"place_id":"Ej9DcmEuIDM2ICM1YiAxLTM2LCBTYW4gRmVybmFuZG8sIENhbGksIFZhbGxlIGRlbCBDYXVjYSwgQ29sb21iaWEiMBIuChQKEglBnnTmm6YwjhE1Lrplgap7TBAkKhQKEgn5Inr6m6YwjhErMHAbisVd5g","address":"Cra 36 #5B-36, San Fernando","area":"San fernando","zone":"Urbana","place_report_count":2,"evaluation_count":1,"nivel_dano_max":"alto","severidad_max":"alto","habitabilidad":"i2","tipo_inmueble":"educativo","recomendaciones":"","rud_records":0,"rud_unique_docs":0,"rud_households":0,"rud_women":0,"rud_minors":0,"rud_older65":0,"rud_match_methods":"","rud_match_confidence":"","has_rud_match":false}},{"type":"Feature","geometry":{"type":"Point","coordinates":[-76.5364306,3.4297569]},"properties":{"place_id":"ChIJ6-rgupCmMI4Rkus4fhfi0UI","address":"Cl 9 #30-32, Alameda","area":"EL CEDRO","zone":"Urbana","place_report_count":1,"evaluation_count":0,"nivel_dano_max":null,"severidad_max":null,"habitabilidad":"","tipo_inmueble":"","recomendaciones":"","rud_records":2,"rud_unique_docs":2,"rud_households":1,"rud_women":2,"rud_minors":0,"rud_older65":0,"rud_match_methods":"road_key","rud_match_confidence":"alta","has_rud_match":true}},{"type":"Feature","geometry":{"type":"Point","coordinates":[-76.543161,3.429859]},"properties":{"place_id":"ChIJu92wCZymMI4R0y4iN-Ns5lc","address":"Cra 36B #5-90, San Fernando","area":"SAN FERNANDO","zone":"Rural","place_report_count":1,"evaluation_count":0,"nivel_dano_max":null,"severidad_max":null,"habitabilidad":"","tipo_inmueble":"","recomendaciones":"","rud_records":6,"rud_unique_docs":6,"rud_households":1,"rud_women":3,"rud_minors":1,"rud_older65":0,"rud_match_methods":"road_key","rud_match_confidence":"alta","has_rud_match":true}},{"type":"Feature","geometry":{"type":"Point","coordinates":[-76.5420775,3.4299441]},"properties":{"place_id":"EjZDcmEuIDM2LCBTYW4gRmVybmFuZG8sIENhbGksIFZhbGxlIGRlbCBDYXVjYSwgQ29sb21iaWEiLiosChQKEgn5Inr6m6YwjhErMHAbisVd5hIUChIJsbHBMJmmMI4Rb71Uf_0va0I","address":"Cra 36, San Fernando","area":"San fernando","zone":"Urbana","place_report_count":1,"evaluation_count":1,"nivel_dano_max":"alto","severidad_max":"alto","habitabilidad":"i2","tipo_inmueble":"comercial","recomendaciones":"evacuar_parcial","rud_records":0,"rud_unique_docs":0,"rud_households":0,"rud_women":0,"rud_minors":0,"rud_older65":0,"rud_match_methods":"","rud_match_confidence":"","has_rud_match":false}},{"type":"Feature","geometry":{"type":"Point","coordinates":[-76.53783539999999,3.4299457]},"properties":{"place_id":"EjlDbC4gNyAjMzAtMjUsIExhIEFsYW1lZGEsIENhbGksIFZhbGxlIGRlbCBDYXVjYSwgQ29sb21iaWEiMBIuChQKEglng-0SmqYwjhE_QTTlDMzAFRAZKhQKEgnVUW-omaYwjhGnkRzvkkUNzg","address":"Cl 7EL #30-25, Cedro","area":"El cedro","zone":"Urbana","place_report_count":2,"evaluation_count":1,"nivel_dano_max":"bajo","severidad_max":"bajo","habitabilidad":"h","tipo_inmueble":"residencial","recomendaciones":"","rud_records":0,"rud_unique_docs":0,"rud_households":0,"rud_women":0,"rud_minors":0,"rud_older65":0,"rud_match_methods":"","rud_match_confidence":"","has_rud_match":false}},{"type":"Feature","geometry":{"type":"Point","coordinates":[-76.5421968,3.4299476]},"properties":{"place_id":"ChIJrylx7pumMI4R-l1N9MVlXbA","address":"Cl 5b1 #36-10, San Fernando","area":"SAN FERNANDO","zone":"Urbana","place_report_count":2,"evaluation_count":0,"nivel_dano_max":null,"severidad_max":null,"habitabilidad":"","tipo_inmueble":"","recomendaciones":"","rud_records":23,"rud_unique_docs":23,"rud_households":20,"rud_women":16,"rud_minors":0,"rud_older65":4,"rud_match_methods":"road_key","rud_match_confidence":"alta","has_rud_match":true}},{"type":"Feature","geometry":{"type":"Point","coordinates":[-76.54288489999999,3.4299591]},"properties":{"place_id":"ChIJjy0r9JumMI4RzmvFWc7dkdo","address":"Cra 36B #5-145, San Fernando","area":"SAN FERNANDO","zone":"Urbana","place_report_count":1,"evaluation_count":1,"nivel_dano_max":"alto","severidad_max":"alto","habitabilidad":"i2","tipo_inmueble":"residencial","recomendaciones":"","rud_records":2,"rud_unique_docs":2,"rud_households":2,"rud_women":2,"rud_minors":0,"rud_older65":0,"rud_match_methods":"road_key","rud_match_confidence":"alta","has_rud_match":true}},{"type":"Feature","geometry":{"type":"Point","coordinates":[-76.538615,3.429986]},"properties":{"place_id":"verified:3.42999,-76.53861","address":"Cra 30A #6-07, El Cedro","area":"3 DE JULIO","zone":"Urbana","place_report_count":1,"evaluation_count":0,"nivel_dano_max":null,"severidad_max":null,"habitabilidad":"","tipo_inmueble":"","recomendaciones":"","rud_records":3,"rud_unique_docs":3,"rud_households":1,"rud_women":1,"rud_minors":2,"rud_older65":0,"rud_match_methods":"road_key","rud_match_confidence":"alta","has_rud_match":true}},{"type":"Feature","geometry":{"type":"Point","coordinates":[-76.5441032,3.4300111]},"properties":{"place_id":"EjRDbC4gNSwgU2FuIEZlcm5hbmRvLCBDYWxpLCBWYWxsZSBkZWwgQ2F1Y2EsIENvbG9tYmlhIi4qLAoUChIJ-3AZvGGhMI4ReEOGokgVA94SFAoSCbGxwTCZpjCOEW-9VH_9L2tC","address":"Cl 5, San Fernando","area":"San fernando","zone":"Urbana","place_report_count":1,"evaluation_count":1,"nivel_dano_max":"bajo","severidad_max":"bajo","habitabilidad":"r1","tipo_inmueble":"comercial","recomendaciones":"","rud_records":0,"rud_unique_docs":0,"rud_households":0,"rud_women":0,"rud_minors":0,"rud_older65":0,"rud_match_methods":"","rud_match_confidence":"","has_rud_match":false}},{"type":"Feature","geometry":{"type":"Point","coordinates":[-76.52926099999999,3.430037]},"properties":{"place_id":"ChIJg8MQmJOmMI4R0a2ZT1OYgIo","address":"Cl 12B #23-24, Colseguros","area":"COLSEGUROS","zone":"Urbana","place_report_count":5,"evaluation_count":1,"nivel_dano_max":"alto","severidad_max":"medio_alto","habitabilidad":"i2","tipo_inmueble":"","recomendaciones":"","rud_records":13,"rud_unique_docs":13,"rud_households":6,"rud_women":7,"rud_minors":3,"rud_older65":3,"rud_match_methods":"nomenclatura_sector","rud_match_confidence":"media","has_rud_match":true}},{"type":"Feature","geometry":{"type":"Point","coordinates":[-76.5364433,3.4300703]},"properties":{"place_id":"EktDcmEuIDMwICM4YS0zNSBhcGFydGFtZW50byAzMDEsIExhIEFsYW1lZGEsIENhbGksIFZhbGxlIGRlbCBDYXVjYSwgQ29sb21iaWEiKxopChYKFAoSCbddGL2QpjCOEeoxPu8rAzy7Eg9hcGFydGFtZW50byAzMDE","address":"Cra 30 #8A-35, La Alameda","area":"EL CEDRO","zone":"Urbana","place_report_count":1,"evaluation_count":0,"nivel_dano_max":null,"severidad_max":null,"habitabilidad":"","tipo_inmueble":"","recomendaciones":"","rud_records":19,"rud_unique_docs":19,"rud_households":7,"rud_women":11,"rud_minors":4,"rud_older65":4,"rud_match_methods":"road_key","rud_match_confidence":"alta","has_rud_match":true}},{"type":"Feature","geometry":{"type":"Point","coordinates":[-76.5385963,3.4300719]},"properties":{"place_id":"ChIJpwYKFZqmMI4R_nHx8IFoilg","address":"Cra 30A #6-17, El Cedro","area":"EL CEDRO","zone":"Urbana","place_report_count":1,"evaluation_count":0,"nivel_dano_max":null,"severidad_max":null,"habitabilidad":"","tipo_inmueble":"","recomendaciones":"","rud_records":2,"rud_unique_docs":2,"rud_households":1,"rud_women":1,"rud_minors":0,"rud_older65":0,"rud_match_methods":"road_key","rud_match_confidence":"alta","has_rud_match":true}},{"type":"Feature","geometry":{"type":"Point","coordinates":[-76.53843499999999,3.430262]},"properties":{"place_id":"ChIJ6ftHa5qmMI4R5UKUMi2JCzY","address":"Cra 30 #6-20, De Julio","area":"EL CEDRO","zone":"Urbana","place_report_count":1,"evaluation_count":0,"nivel_dano_max":null,"severidad_max":null,"habitabilidad":"","tipo_inmueble":"","recomendaciones":"","rud_records":1,"rud_unique_docs":1,"rud_households":1,"rud_women":1,"rud_minors":0,"rud_older65":1,"rud_match_methods":"road_key","rud_match_confidence":"alta","has_rud_match":true}},{"type":"Feature","geometry":{"type":"Point","coordinates":[-76.5436435,3.4305844]},"properties":{"place_id":"EjtDbC4gNSAjMzYtNTUsIFNhbiBGZXJuYW5kbywgQ2FsaSwgVmFsbGUgZGVsIENhdWNhLCBDb2xvbWJpYSIwEi4KFAoSCTFCPHCcpjCOEUhNEjq7sfZNEDcqFAoSCftwGbxhoTCOEXhDhqJIFQPe","address":"Cl 5 #36-55, San Fernando","area":"SAN FERNADO","zone":"Urbana","place_report_count":2,"evaluation_count":0,"nivel_dano_max":null,"severidad_max":null,"habitabilidad":"","tipo_inmueble":"","recomendaciones":"","rud_records":2,"rud_unique_docs":2,"rud_households":2,"rud_women":1,"rud_minors":0,"rud_older65":0,"rud_match_methods":"road_key","rud_match_confidence":"alta","has_rud_match":true}},{"type":"Feature","geometry":{"type":"Point","coordinates":[-76.543498,3.431349]},"properties":{"place_id":"verified:3.43135,-76.54350","address":"Cl 5 #35-38, San Fernando Nuevo","area":"SAN FERNANDO","zone":"Urbana","place_report_count":1,"evaluation_count":0,"nivel_dano_max":null,"severidad_max":null,"habitabilidad":"","tipo_inmueble":"","recomendaciones":"","rud_records":3,"rud_unique_docs":3,"rud_households":1,"rud_women":2,"rud_minors":0,"rud_older65":1,"rud_match_methods":"road_key","rud_match_confidence":"alta","has_rud_match":true}},{"type":"Feature","geometry":{"type":"Point","coordinates":[-76.54360651350206,3.4314044000046238]},"properties":{"place_id":"verified:3.43140,-76.54361","address":"Cl 5 #35-22, San Fernando","area":"SAN FERNANDO","zone":"Urbana","place_report_count":1,"evaluation_count":0,"nivel_dano_max":null,"severidad_max":null,"habitabilidad":"","tipo_inmueble":"","recomendaciones":"","rud_records":2,"rud_unique_docs":2,"rud_households":2,"rud_women":1,"rud_minors":0,"rud_older65":0,"rud_match_methods":"road_key","rud_match_confidence":"alta","has_rud_match":true}},{"type":"Feature","geometry":{"type":"Point","coordinates":[-76.5398445,3.4314444]},"properties":{"place_id":"ChIJ0fDwVZqmMI4REiOaezQpKnw","address":"Cl 5b1 #29-27, 3 De Julio","area":"SAN FERNADO","zone":"Rural","place_report_count":1,"evaluation_count":0,"nivel_dano_max":null,"severidad_max":null,"habitabilidad":"","tipo_inmueble":"","recomendaciones":"","rud_records":2,"rud_unique_docs":2,"rud_households":1,"rud_women":1,"rud_minors":0,"rud_older65":2,"rud_match_methods":"road_key","rud_match_confidence":"alta","has_rud_match":true}},{"type":"Feature","geometry":{"type":"Point","coordinates":[-76.54351559999999,3.4316911]},"properties":{"place_id":"EjtDbC4gNSAjMzUtMTYsIFNhbiBGZXJuYW5kbywgQ2FsaSwgVmFsbGUgZGVsIENhdWNhLCBDb2xvbWJpYSIwEi4KFAoSCXveEn2cpjCOEUzX6pUX1Gc2EBAqFAoSCftwGbxhoTCOEXhDhqJIFQPe","address":"Cl 5 #35-16, San Fernando","area":"SAN FERNANDO","zone":"Urbana","place_report_count":1,"evaluation_count":0,"nivel_dano_max":null,"severidad_max":null,"habitabilidad":"","tipo_inmueble":"","recomendaciones":"","rud_records":3,"rud_unique_docs":3,"rud_households":1,"rud_women":2,"rud_minors":1,"rud_older65":0,"rud_match_methods":"road_key","rud_match_confidence":"alta","has_rud_match":true}},{"type":"Feature","geometry":{"type":"Point","coordinates":[-76.524832,3.4317086]},"properties":{"place_id":"verified:3.43171,-76.52483","address":"Cl 18A #24-73, Comuna 10","area":"Santa","zone":"Urbana","place_report_count":1,"evaluation_count":1,"nivel_dano_max":"bajo","severidad_max":"medio","habitabilidad":"h","tipo_inmueble":"residencial","recomendaciones":"apuntalar","rud_records":0,"rud_unique_docs":0,"rud_households":0,"rud_women":0,"rud_minors":0,"rud_older65":0,"rud_match_methods":"","rud_match_confidence":"","has_rud_match":false}},{"type":"Feature","geometry":{"type":"Point","coordinates":[-76.53975,3.43173]},"properties":{"place_id":"verified:3.43173,-76.53975","address":"Cl 5B #29-17, San Fernando Viejo","area":"SAN FERNANDO","zone":"Urbana","place_report_count":1,"evaluation_count":0,"nivel_dano_max":null,"severidad_max":null,"habitabilidad":"","tipo_inmueble":"","recomendaciones":"","rud_records":1,"rud_unique_docs":1,"rud_households":1,"rud_women":0,"rud_minors":0,"rud_older65":1,"rud_match_methods":"road_key","rud_match_confidence":"alta","has_rud_match":true}},{"type":"Feature","geometry":{"type":"Point","coordinates":[-76.541466,3.431758]},"properties":{"place_id":"ChIJe8RvC5umMI4RB_DtnPz331s","address":"Cra 34 #5A-79, San Fernando","area":"SAN FERNANDO","zone":"Urbana","place_report_count":2,"evaluation_count":0,"nivel_dano_max":null,"severidad_max":null,"habitabilidad":"","tipo_inmueble":"","recomendaciones":"","rud_records":4,"rud_unique_docs":4,"rud_households":1,"rud_women":3,"rud_minors":0,"rud_older65":0,"rud_match_methods":"road_key","rud_match_confidence":"alta","has_rud_match":true}},{"type":"Feature","geometry":{"type":"Point","coordinates":[-76.54482999999999,3.431853]},"properties":{"place_id":"ChIJzVr_85ymMI4RTd1Ltu3OJoU","address":"Cl 4C #35A-16, El Sindicato","area":"SAN FERNANDO","zone":"Rural","place_report_count":1,"evaluation_count":1,"nivel_dano_max":"alto","severidad_max":"alto","habitabilidad":"i2","tipo_inmueble":"residencial","recomendaciones":"","rud_records":7,"rud_unique_docs":7,"rud_households":3,"rud_women":5,"rud_minors":1,"rud_older65":0,"rud_match_methods":"nomenclatura_sector","rud_match_confidence":"media","has_rud_match":true}},{"type":"Feature","geometry":{"type":"Point","coordinates":[-76.5411519,3.4319502]},"properties":{"place_id":"ChIJ0fd62cKnMI4RqLDmr3BJK58","address":"Cl 5b3 #30-6, De Julio","area":"3 de julio","zone":"Urbana","place_report_count":1,"evaluation_count":1,"nivel_dano_max":"bajo","severidad_max":"bajo","habitabilidad":"h","tipo_inmueble":"residencial","recomendaciones":"seguimiento","rud_records":0,"rud_unique_docs":0,"rud_households":0,"rud_women":0,"rud_minors":0,"rud_older65":0,"rud_match_methods":"","rud_match_confidence":"","has_rud_match":false}},{"type":"Feature","geometry":{"type":"Point","coordinates":[-76.5409121,3.4321556]},"properties":{"place_id":"EjpDbC4gNWIgIzI5LTUwLCAzIGRlIEp1bGlvLCBDYWxpLCBWYWxsZSBkZWwgQ2F1Y2EsIENvbG9tYmlhIjASLgoUChIJuYagGpumMI4RfdEsD9P0r_MQMioUChIJ__kqR5umMI4RSoYwU7DTzSA","address":"Cl 5B #29-50, San Fernando Viejo","area":"SAN FERNANDO","zone":"Rural","place_report_count":1,"evaluation_count":1,"nivel_dano_max":"medio","severidad_max":"medio","habitabilidad":"r1","tipo_inmueble":"residencial","recomendaciones":"","rud_records":6,"rud_unique_docs":6,"rud_households":3,"rud_women":2,"rud_minors":0,"rud_older65":3,"rud_match_methods":"road_key","rud_match_confidence":"alta","has_rud_match":true}},{"type":"Feature","geometry":{"type":"Point","coordinates":[-76.5361274,3.4323049]},"properties":{"place_id":"ChIJg7WwbpCmMI4RKweL_5QpCws","address":"Cra 28LA #8-15, Alameda","area":"Alameda","zone":"Urbana","place_report_count":1,"evaluation_count":1,"nivel_dano_max":"sin_dano","severidad_max":"sin_dano","habitabilidad":"h","tipo_inmueble":"","recomendaciones":"seguimiento","rud_records":0,"rud_unique_docs":0,"rud_households":0,"rud_women":0,"rud_minors":0,"rud_older65":0,"rud_match_methods":"","rud_match_confidence":"","has_rud_match":false}},{"type":"Feature","geometry":{"type":"Point","coordinates":[-76.541374,3.432317]},"properties":{"place_id":"ChIJqbGkE5umMI4RYcGt_wWxvSw","address":"Cra 30 #5A-52, De Julio","area":"SAN FERNANDO NUEVO","zone":"Rural","place_report_count":2,"evaluation_count":1,"nivel_dano_max":"medio","severidad_max":"medio","habitabilidad":"r1","tipo_inmueble":"residencial","recomendaciones":"","rud_records":3,"rud_unique_docs":3,"rud_households":1,"rud_women":2,"rud_minors":0,"rud_older65":2,"rud_match_methods":"road_key","rud_match_confidence":"alta","has_rud_match":true}},{"type":"Feature","geometry":{"type":"Point","coordinates":[-76.54146399999999,3.43242]},"properties":{"place_id":"Ej5DcmEuIDMwICMgNUEtMzggMywgMyBkZSBKdWxpbywgQ2FsaSwgVmFsbGUgZGVsIENhdWNhLCBDb2xvbWJpYSIdGhsKFgoUChIJE06dFJumMI4RiswdOcmbmt0SATM","address":"Cra 30 #5A-38, De Julio","area":"SAN FERNANDO","zone":"Rural","place_report_count":1,"evaluation_count":1,"nivel_dano_max":"alto","severidad_max":"medio_alto","habitabilidad":"i2","tipo_inmueble":"residencial","recomendaciones":"","rud_records":2,"rud_unique_docs":2,"rud_households":1,"rud_women":1,"rud_minors":0,"rud_older65":2,"rud_match_methods":"road_key","rud_match_confidence":"alta","has_rud_match":true}},{"type":"Feature","geometry":{"type":"Point","coordinates":[-76.54146399999999,3.432421]},"properties":{"place_id":"ChIJTUmdFJumMI4RrM-TJbQCBzY","address":"Cra 30 #5A-50, De Julio","area":"SAN FERNANDO","zone":"Rural","place_report_count":1,"evaluation_count":1,"nivel_dano_max":"alto","severidad_max":"alto","habitabilidad":"i2","tipo_inmueble":"residencial","recomendaciones":"","rud_records":2,"rud_unique_docs":2,"rud_households":1,"rud_women":1,"rud_minors":0,"rud_older65":0,"rud_match_methods":"road_key","rud_match_confidence":"alta","has_rud_match":true}},{"type":"Feature","geometry":{"type":"Point","coordinates":[-76.541158,3.432526]},"properties":{"place_id":"ChIJ6YuTFpumMI4RZ6b5XqheuDQ","address":"Cra 30 #5A-57, De Julio","area":"SIN INFORMACIÓN","zone":"Rural","place_report_count":2,"evaluation_count":0,"nivel_dano_max":null,"severidad_max":null,"habitabilidad":"","tipo_inmueble":"","recomendaciones":"","rud_records":3,"rud_unique_docs":3,"rud_households":1,"rud_women":1,"rud_minors":0,"rud_older65":2,"rud_match_methods":"road_key","rud_match_confidence":"alta","has_rud_match":true}},{"type":"Feature","geometry":{"type":"Point","coordinates":[-76.54155930000002,3.4326057]},"properties":{"place_id":"ChIJFb8vFZumMI4RQvuTgnaYfm0","address":"Cra 30 #5A-20, De Julio","area":"SAN FERNANDO","zone":"Urbana","place_report_count":2,"evaluation_count":0,"nivel_dano_max":null,"severidad_max":null,"habitabilidad":"","tipo_inmueble":"","recomendaciones":"","rud_records":28,"rud_unique_docs":28,"rud_households":15,"rud_women":18,"rud_minors":3,"rud_older65":11,"rud_match_methods":"road_key","rud_match_confidence":"alta","has_rud_match":true}},{"type":"Feature","geometry":{"type":"Point","coordinates":[-76.527661,3.432614]},"properties":{"place_id":"ChIJySAZk5KmMI4R_QDrd05QPbU","address":"Cl 13 #23D-55, Junin","area":"Cll 13 # 23d 55","zone":"Urbana","place_report_count":1,"evaluation_count":1,"nivel_dano_max":"alto","severidad_max":"alto","habitabilidad":"i2","tipo_inmueble":"comercial","recomendaciones":"evacuar_total","rud_records":0,"rud_unique_docs":0,"rud_households":0,"rud_women":0,"rud_minors":0,"rud_older65":0,"rud_match_methods":"","rud_match_confidence":"","has_rud_match":false}},{"type":"Feature","geometry":{"type":"Point","coordinates":[-76.52590239999999,3.4326934]},"properties":{"place_id":"ChIJmTxZtJKmMI4Rz4D_X5q-ssI","address":"Autopista S 17A 66 Comuna 10","area":"Aranjuez","zone":"Urbana","place_report_count":1,"evaluation_count":1,"nivel_dano_max":"medio","severidad_max":"medio","habitabilidad":"r1","tipo_inmueble":"residencial","recomendaciones":"evacuar_total","rud_records":0,"rud_unique_docs":0,"rud_households":0,"rud_women":0,"rud_minors":0,"rud_older65":0,"rud_match_methods":"","rud_match_confidence":"","has_rud_match":false}},{"type":"Feature","geometry":{"type":"Point","coordinates":[-76.527417,3.4327543]},"properties":{"place_id":"ChIJS0yfk5KmMI4R-bLYKPFoCMs","address":"Autopista S 13 01","area":"JUNÍN","zone":"Urbana","place_report_count":1,"evaluation_count":2,"nivel_dano_max":"alto","severidad_max":"alto","habitabilidad":"i2","tipo_inmueble":"comercial","recomendaciones":"","rud_records":0,"rud_unique_docs":0,"rud_households":0,"rud_women":0,"rud_minors":0,"rud_older65":0,"rud_match_methods":"","rud_match_confidence":"","has_rud_match":false}},{"type":"Feature","geometry":{"type":"Point","coordinates":[-76.5413998,3.4329467]},"properties":{"place_id":"ChIJD93gPpumMI4RriLFIPG0Wy0","address":"Cra 30 #5A-05, Esquina San Fernando","area":"San Fernando","zone":"Urbana","place_report_count":1,"evaluation_count":1,"nivel_dano_max":"bajo","severidad_max":"bajo","habitabilidad":"h","tipo_inmueble":"","recomendaciones":"","rud_records":0,"rud_unique_docs":0,"rud_households":0,"rud_women":0,"rud_minors":0,"rud_older65":0,"rud_match_methods":"","rud_match_confidence":"","has_rud_match":false}},{"type":"Feature","geometry":{"type":"Point","coordinates":[-76.52797819999999,3.4329748]},"properties":{"place_id":"EjZDbC4gMTMgIzIzZC0yNywgSnVuaW4sIENhbGksIFZhbGxlIGRlbCBDYXVjYSwgQ29sb21iaWEiMBIuChQKEgkbPj6OkqYwjhG-wYTIH9XwQBAbKhQKEgnXoqK_sKYwjhG7JDwt80xZjQ","address":"Cl 13 #23D-27, Junin","area":"JUNIN","zone":"Urbana","place_report_count":1,"evaluation_count":0,"nivel_dano_max":null,"severidad_max":null,"habitabilidad":"","tipo_inmueble":"","recomendaciones":"","rud_records":2,"rud_unique_docs":2,"rud_households":1,"rud_women":2,"rud_minors":0,"rud_older65":1,"rud_match_methods":"road_key","rud_match_confidence":"alta","has_rud_match":true}},{"type":"Feature","geometry":{"type":"Point","coordinates":[-76.5255209,3.4330526]},"properties":{"place_id":"ChIJmWXNPe2mMI4RjuWTQxRuKwo","address":"Dg 23","area":"Bretaña","zone":"Urbana","place_report_count":1,"evaluation_count":1,"nivel_dano_max":"bajo","severidad_max":"bajo","habitabilidad":"h","tipo_inmueble":"educativo","recomendaciones":"","rud_records":0,"rud_unique_docs":0,"rud_households":0,"rud_women":0,"rud_minors":0,"rud_older65":0,"rud_match_methods":"","rud_match_confidence":"","has_rud_match":false}},{"type":"Feature","geometry":{"type":"Point","coordinates":[-76.5042467,3.433058200000001]},"properties":{"place_id":"ChIJ7RxuyeKmMI4Ru93hxtKReLM","address":"Cl 36A #27A-30, Bello Horizonte","area":"Bello Horizonte","zone":"Urbana","place_report_count":1,"evaluation_count":1,"nivel_dano_max":"bajo","severidad_max":"bajo","habitabilidad":"h","tipo_inmueble":"educativo","recomendaciones":"","rud_records":0,"rud_unique_docs":0,"rud_households":0,"rud_women":0,"rud_minors":0,"rud_older65":0,"rud_match_methods":"","rud_match_confidence":"","has_rud_match":false}},{"type":"Feature","geometry":{"type":"Point","coordinates":[-76.5410119,3.4331805]},"properties":{"place_id":"ChIJDXT9OpumMI4RLRhKKeW8mBk","address":"Cra 29 #5A-29, De Julio","area":"SAN FERNANDO VIEJO","zone":"Urbana","place_report_count":1,"evaluation_count":0,"nivel_dano_max":null,"severidad_max":null,"habitabilidad":"","tipo_inmueble":"","recomendaciones":"","rud_records":3,"rud_unique_docs":3,"rud_households":1,"rud_women":1,"rud_minors":0,"rud_older65":0,"rud_match_methods":"road_key","rud_match_confidence":"alta","has_rud_match":true}},{"type":"Feature","geometry":{"type":"Point","coordinates":[-76.5276,3.4332]},"properties":{"place_id":"ChIJjSxLmpKmMI4RSY7AdIo8KyM","address":"Cra 23D #13-31, Junin","area":"LA LUNA","zone":"Urbana","place_report_count":3,"evaluation_count":0,"nivel_dano_max":null,"severidad_max":null,"habitabilidad":"","tipo_inmueble":"","recomendaciones":"","rud_records":14,"rud_unique_docs":14,"rud_households":3,"rud_women":10,"rud_minors":6,"rud_older65":2,"rud_match_methods":"road_key","rud_match_confidence":"alta","has_rud_match":true}},{"type":"Feature","geometry":{"type":"Point","coordinates":[-76.5394302,3.4333105]},"properties":{"place_id":"ChIJOS601pqmMI4RMh8zZUFu14E","address":"3 De Julio","area":"3 julio","zone":"Urbana","place_report_count":1,"evaluation_count":2,"nivel_dano_max":"alto","severidad_max":"alto","habitabilidad":"i2, r1","tipo_inmueble":"residencial","recomendaciones":"","rud_records":0,"rud_unique_docs":0,"rud_households":0,"rud_women":0,"rud_minors":0,"rud_older65":0,"rud_match_methods":"","rud_match_confidence":"","has_rud_match":false}},{"type":"Feature","geometry":{"type":"Point","coordinates":[-76.5274913,3.4333307]},"properties":{"place_id":"ChIJ0-uBmZKmMI4RNDivAF8lVSg","address":"Cra 23d37 #13, Junin","area":"La Luna","zone":"Urbana","place_report_count":1,"evaluation_count":1,"nivel_dano_max":"alto","severidad_max":"alto","habitabilidad":"i2","tipo_inmueble":"industrial","recomendaciones":"evacuar_total","rud_records":0,"rud_unique_docs":0,"rud_households":0,"rud_women":0,"rud_minors":0,"rud_older65":0,"rud_match_methods":"","rud_match_confidence":"","has_rud_match":false}},{"type":"Feature","geometry":{"type":"Point","coordinates":[-76.53837399999999,3.433368]},"properties":{"place_id":"ChIJ-epJt5qmMI4RQGrrU9DY9F8","address":"Cra 27 #6-51, De Julio","area":"El cedro","zone":"Urbana","place_report_count":1,"evaluation_count":1,"nivel_dano_max":"alto","severidad_max":"alto","habitabilidad":"i3","tipo_inmueble":"otro","recomendaciones":"","rud_records":0,"rud_unique_docs":0,"rud_households":0,"rud_women":0,"rud_minors":0,"rud_older65":0,"rud_match_methods":"","rud_match_confidence":"","has_rud_match":false}},{"type":"Feature","geometry":{"type":"Point","coordinates":[-76.5413488,3.4335855]},"properties":{"place_id":"ChIJMwaUNpumMI4RPiOc7gj8oC0","address":"Cl 5a3 #27-26, De Julio","area":"3 julio","zone":"Urbana","place_report_count":1,"evaluation_count":1,"nivel_dano_max":"medio","severidad_max":"medio","habitabilidad":"r1","tipo_inmueble":"residencial","recomendaciones":"","rud_records":0,"rud_unique_docs":0,"rud_households":0,"rud_women":0,"rud_minors":0,"rud_older65":0,"rud_match_methods":"","rud_match_confidence":"","has_rud_match":false}},{"type":"Feature","geometry":{"type":"Point","coordinates":[-76.5447295,3.4336023]},"properties":{"place_id":"ChIJqwEVyZymMI4RWZedT5bEYw0","address":"Cl 4A #34-53, El Sindicato","area":"SAN FERNANDO","zone":"Urbana","place_report_count":1,"evaluation_count":1,"nivel_dano_max":"alto","severidad_max":"medio_alto","habitabilidad":"i2","tipo_inmueble":"residencial","recomendaciones":"","rud_records":9,"rud_unique_docs":9,"rud_households":7,"rud_women":5,"rud_minors":0,"rud_older65":2,"rud_match_methods":"road_key","rud_match_confidence":"alta","has_rud_match":true}},{"type":"Feature","geometry":{"type":"Point","coordinates":[-76.48357349999999,3.4336368]},"properties":{"place_id":"ChIJxUmkjQ2nMI4RuiG4fsegGK8","address":"Cl 73 #26G-23, Marroquin Ii","area":"Los lagos","zone":"Urbana","place_report_count":1,"evaluation_count":1,"nivel_dano_max":"sin_dano","severidad_max":"sin_dano","habitabilidad":"h","tipo_inmueble":"educativo","recomendaciones":"seguimiento","rud_records":0,"rud_unique_docs":0,"rud_households":0,"rud_women":0,"rud_minors":0,"rud_older65":0,"rud_match_methods":"","rud_match_confidence":"","has_rud_match":false}},{"type":"Feature","geometry":{"type":"Point","coordinates":[-76.545295,3.433731]},"properties":{"place_id":"verified:3.43373,-76.54529","address":"Cra 35 #4-40, San Fernando Nuevo","area":"SANFERNANDO","zone":"Urbana","place_report_count":1,"evaluation_count":0,"nivel_dano_max":null,"severidad_max":null,"habitabilidad":"","tipo_inmueble":"","recomendaciones":"","rud_records":12,"rud_unique_docs":12,"rud_households":8,"rud_women":8,"rud_minors":0,"rud_older65":8,"rud_match_methods":"road_key","rud_match_confidence":"alta","has_rud_match":true}},{"type":"Feature","geometry":{"type":"Point","coordinates":[-76.541099,3.4338085]},"properties":{"place_id":"ChIJH6aWM5umMI4R86EafvrjUFQ","address":"Cra 27 #5-43, De Julio","area":"SAN FERNANDO VIEJO","zone":"Urbana","place_report_count":1,"evaluation_count":0,"nivel_dano_max":null,"severidad_max":null,"habitabilidad":"","tipo_inmueble":"","recomendaciones":"","rud_records":1,"rud_unique_docs":1,"rud_households":1,"rud_women":1,"rud_minors":0,"rud_older65":0,"rud_match_methods":"road_key","rud_match_confidence":"alta","has_rud_match":true}},{"type":"Feature","geometry":{"type":"Point","coordinates":[-76.5454226,3.4338201]},"properties":{"place_id":"ChIJx2Kn05ymMI4RrjbOpyN52Kg","address":"Cra 35EL #4-08, Sindicato","area":"San Fernando","zone":"Urbana","place_report_count":2,"evaluation_count":1,"nivel_dano_max":"alto","severidad_max":"alto","habitabilidad":"i2","tipo_inmueble":"residencial","recomendaciones":"","rud_records":0,"rud_unique_docs":0,"rud_households":0,"rud_women":0,"rud_minors":0,"rud_older65":0,"rud_match_methods":"","rud_match_confidence":"","has_rud_match":false}},{"type":"Feature","geometry":{"type":"Point","coordinates":[-76.5454226,3.4338201]},"properties":{"place_id":"EkVDcmEuIDM1ICM0LTA4IGFwdG8gNTAxLCBFbCBTaW5kaWNhdG8sIENhbGksIFZhbGxlIGRlbCBDYXVjYSwgQ29sb21iaWEiJBoiChYKFAoSCcdip9OcpjCOEa42zqcjedioEghhcHRvIDUwMQ","address":"Cra 35 #4-08, El Sindicato","area":"SAN FERNANDO VIEJO","zone":"Urbana","place_report_count":1,"evaluation_count":0,"nivel_dano_max":null,"severidad_max":null,"habitabilidad":"","tipo_inmueble":"","recomendaciones":"","rud_records":11,"rud_unique_docs":11,"rud_households":6,"rud_women":7,"rud_minors":2,"rud_older65":2,"rud_match_methods":"road_key","rud_match_confidence":"alta","has_rud_match":true}},{"type":"Feature","geometry":{"type":"Point","coordinates":[-76.5566836,3.4338238]},"properties":{"place_id":"ChIJgfx1rCulMI4RTB_HTdCm3tY","address":"Via A Cristo Rey","area":"La Reforma","zone":"Urbana","place_report_count":1,"evaluation_count":1,"nivel_dano_max":"bajo","severidad_max":"bajo","habitabilidad":"r1","tipo_inmueble":"educativo","recomendaciones":"demoler","rud_records":0,"rud_unique_docs":0,"rud_households":0,"rud_women":0,"rud_minors":0,"rud_older65":0,"rud_match_methods":"","rud_match_confidence":"","has_rud_match":false}},{"type":"Feature","geometry":{"type":"Point","coordinates":[-76.4934416,3.4340967]},"properties":{"place_id":"ChIJIV6AbAWnMI4RVCxiWvQlMNY","address":"Dg 71","area":"Alto jordan","zone":"Urbana","place_report_count":1,"evaluation_count":1,"nivel_dano_max":"sin_dano","severidad_max":"sin_dano","habitabilidad":"h","tipo_inmueble":"educativo","recomendaciones":"","rud_records":0,"rud_unique_docs":0,"rud_households":0,"rud_women":0,"rud_minors":0,"rud_older65":0,"rud_match_methods":"","rud_match_confidence":"","has_rud_match":false}},{"type":"Feature","geometry":{"type":"Point","coordinates":[-76.4930959,3.4341396]},"properties":{"place_id":"EkFEZy4gNzEgIzI2aS03NSwgUmljYXJkbyBCYWxjYXphciwgQ2FsaSwgVmFsbGUgZGVsIENhdWNhLCBDb2xvbWJpYSIwEi4KFAoSCd1lziIFpzCOEafOBAy5mQ51EEsqFAoSCSFegGwFpzCOEVQsYlr0JTDW","address":"Dg 71 #26I-75, Ricardo Balcazar","area":"RICARDO BALCÁZAR","zone":"Urbana","place_report_count":1,"evaluation_count":1,"nivel_dano_max":"bajo","severidad_max":"bajo","habitabilidad":"h","tipo_inmueble":"","recomendaciones":"seguimiento","rud_records":0,"rud_unique_docs":0,"rud_households":0,"rud_women":0,"rud_minors":0,"rud_older65":0,"rud_match_methods":"","rud_match_confidence":"","has_rud_match":false}},{"type":"Feature","geometry":{"type":"Point","coordinates":[-76.54,3.4342]},"properties":{"place_id":"manual:3.43420,-76.54000","address":"Cra 35 #3A-38, San Fernando Viejo","area":"SANFERNANDOVIEJO","zone":"Urbana","place_report_count":1,"evaluation_count":0,"nivel_dano_max":null,"severidad_max":null,"habitabilidad":"","tipo_inmueble":"","recomendaciones":"","rud_records":20,"rud_unique_docs":20,"rud_households":12,"rud_women":10,"rud_minors":1,"rud_older65":10,"rud_match_methods":"road_key","rud_match_confidence":"alta","has_rud_match":true}},{"type":"Feature","geometry":{"type":"Point","coordinates":[-76.464235,3.434324]},"properties":{"place_id":"ChIJrw5cF3unMI4RdYW9eH01mDU","address":"Cl 100a1 #20-2, D 14","area":"Cali","zone":"Urbana","place_report_count":1,"evaluation_count":2,"nivel_dano_max":"sin_dano","severidad_max":"sin_dano","habitabilidad":"h, r2","tipo_inmueble":"residencial","recomendaciones":"seguimiento","rud_records":0,"rud_unique_docs":0,"rud_households":0,"rud_women":0,"rud_minors":0,"rud_older65":0,"rud_match_methods":"","rud_match_confidence":"","has_rud_match":false}},{"type":"Feature","geometry":{"type":"Point","coordinates":[-76.5347462,3.4343657]},"properties":{"place_id":"EjlDcmEuIDI0ICM5LTcsIExhIEFsYW1lZGEsIENhbGksIFZhbGxlIGRlbCBDYXVjYSwgQ29sb21iaWEiMBIuChQKEgnhu5DWj6YwjhFSPpD2S7uxdBAHKhQKEgkppYS6j6YwjhEhcqcwrMQuNg","address":"Cra 24LA #9-7, Alameda","area":"Alameda","zone":"Urbana","place_report_count":1,"evaluation_count":1,"nivel_dano_max":"bajo","severidad_max":"bajo","habitabilidad":"i1","tipo_inmueble":"","recomendaciones":"","rud_records":0,"rud_unique_docs":0,"rud_households":0,"rud_women":0,"rud_minors":0,"rud_older65":0,"rud_match_methods":"","rud_match_confidence":"","has_rud_match":false}},{"type":"Feature","geometry":{"type":"Point","coordinates":[-76.53805,3.434503]},"properties":{"place_id":"ChIJK672T4WmMI4R3c4L41FDhl8","address":"Cra 26 #6A-9, De Julio","area":"El Cedro","zone":"Urbana","place_report_count":1,"evaluation_count":1,"nivel_dano_max":"alto","severidad_max":"medio_alto","habitabilidad":"i2","tipo_inmueble":"","recomendaciones":"","rud_records":0,"rud_unique_docs":0,"rud_households":0,"rud_women":0,"rud_minors":0,"rud_older65":0,"rud_match_methods":"","rud_match_confidence":"","has_rud_match":false}},{"type":"Feature","geometry":{"type":"Point","coordinates":[-76.5346667,3.4345272]},"properties":{"place_id":"ChIJIabuzY-mMI4RuSpBzQVTzAs","address":"Cra 23D #9-06, La Alameda","area":"Alameda","zone":"Urbana","place_report_count":1,"evaluation_count":1,"nivel_dano_max":"alto","severidad_max":"alto","habitabilidad":"i2","tipo_inmueble":"otro","recomendaciones":"","rud_records":0,"rud_unique_docs":0,"rud_households":0,"rud_women":0,"rud_minors":0,"rud_older65":0,"rud_match_methods":"","rud_match_confidence":"","has_rud_match":false}},{"type":"Feature","geometry":{"type":"Point","coordinates":[-76.526397,3.434563]},"properties":{"place_id":"ChIJTxpkT42mMI4R2cc-U92Lwhc","address":"Cra 23B #13B-47, Junin","area":"Junin","zone":"Urbana","place_report_count":1,"evaluation_count":1,"nivel_dano_max":"alto","severidad_max":"medio_alto","habitabilidad":"i2","tipo_inmueble":"","recomendaciones":"evacuar_parcial","rud_records":0,"rud_unique_docs":0,"rud_households":0,"rud_women":0,"rud_minors":0,"rud_older65":0,"rud_match_methods":"","rud_match_confidence":"","has_rud_match":false}},{"type":"Feature","geometry":{"type":"Point","coordinates":[-76.4630573,3.4345719]},"properties":{"place_id":"EjZDbC4gMTAwYSAjIDIwLTEgMWEgMDUsIENhbGksIFZhbGxlIGRlbCBDYXVjYSwgQ29sb21iaWEiIRofChYKFAoSCRtMRG57pzCOEVbjKXXQ8BXAEgUxYSAwNQ","address":"Cl 100a1 #20-1, A 05","area":"Altos ew Santa Elena","zone":"Urbana","place_report_count":1,"evaluation_count":3,"nivel_dano_max":"bajo","severidad_max":"medio","habitabilidad":"h, r1","tipo_inmueble":"residencial","recomendaciones":"demoler","rud_records":0,"rud_unique_docs":0,"rud_households":0,"rud_women":0,"rud_minors":0,"rud_older65":0,"rud_match_methods":"","rud_match_confidence":"","has_rud_match":false}},{"type":"Feature","geometry":{"type":"Point","coordinates":[-76.5202851,3.4347867]},"properties":{"place_id":"Ej9DbC4gMjMgJiBDcmEuIDIzYSwgTGFzIEFjYWNpYXMsIENhbGksIFZhbGxlIGRlbCBDYXVjYSwgQ29sb21iaWEiZiJkChQKEgkhGrIY8qYwjhEmfAU5UCwo3RIUChIJIRqyGPKmMI4RJnwFOVAsKN0aFAoSCYHTl7PtpjCOER24vxeeeX6_GhQKEgn1k1AGjaYwjhEePSVHVajBViIKDVsbDAIVXe5j0g","address":"Cra 23A, Las Acacias","area":"Versalles","zone":"Urbana","place_report_count":1,"evaluation_count":1,"nivel_dano_max":"medio","severidad_max":"medio_alto","habitabilidad":"r1","tipo_inmueble":"","recomendaciones":"","rud_records":0,"rud_unique_docs":0,"rud_households":0,"rud_women":0,"rud_minors":0,"rud_older65":0,"rud_match_methods":"","rud_match_confidence":"","has_rud_match":false}},{"type":"Feature","geometry":{"type":"Point","coordinates":[-76.5497334,3.4347938]},"properties":{"place_id":"ChIJ9_hMECikMI4RtTmstEVvgb4","address":"Cra 36 #11A-25","area":"Tejares de cristales","zone":"Urbana","place_report_count":1,"evaluation_count":1,"nivel_dano_max":"medio","severidad_max":"medio","habitabilidad":"r1","tipo_inmueble":"residencial","recomendaciones":"","rud_records":0,"rud_unique_docs":0,"rud_households":0,"rud_women":0,"rud_minors":0,"rud_older65":0,"rud_match_methods":"","rud_match_confidence":"","has_rud_match":false}},{"type":"Feature","geometry":{"type":"Point","coordinates":[-76.5406673,3.434871]},"properties":{"place_id":"ChIJWwqe3ISmMI4RPtnysH-es2c","address":"Cl 5 #25-53, De Julio","area":"3 JULIO","zone":"Urbana","place_report_count":1,"evaluation_count":0,"nivel_dano_max":null,"severidad_max":null,"habitabilidad":"","tipo_inmueble":"","recomendaciones":"","rud_records":2,"rud_unique_docs":2,"rud_households":1,"rud_women":1,"rud_minors":0,"rud_older65":0,"rud_match_methods":"road_key","rud_match_confidence":"alta","has_rud_match":true}},{"type":"Feature","geometry":{"type":"Point","coordinates":[-76.5389325,3.434969]},"properties":{"place_id":"ChIJMUn6PoWmMI4Rlw88dEWtfqw","address":"Cl 6 #25-18, De Julio","area":"SAN FERNADO","zone":"Urbana","place_report_count":1,"evaluation_count":0,"nivel_dano_max":null,"severidad_max":null,"habitabilidad":"","tipo_inmueble":"","recomendaciones":"","rud_records":3,"rud_unique_docs":3,"rud_households":1,"rud_women":2,"rud_minors":0,"rud_older65":1,"rud_match_methods":"road_key","rud_match_confidence":"alta","has_rud_match":true}},{"type":"Feature","geometry":{"type":"Point","coordinates":[-76.5409301,3.4351355]},"properties":{"place_id":"EjlDbC4gNSAjMjUtNjMsIDMgZGUgSnVsaW8sIENhbGksIFZhbGxlIGRlbCBDYXVjYSwgQ29sb21iaWEiMBIuChQKEgnFWZbChKYwjhFW4VN2gC5MmxA_KhQKEgn7cBm8YaEwjhF4Q4aiSBUD3g","address":"Cl 5 #25-63, De Julio","area":"3 JULIO","zone":"Urbana","place_report_count":1,"evaluation_count":0,"nivel_dano_max":null,"severidad_max":null,"habitabilidad":"","tipo_inmueble":"","recomendaciones":"","rud_records":2,"rud_unique_docs":2,"rud_households":1,"rud_women":1,"rud_minors":0,"rud_older65":1,"rud_match_methods":"road_key","rud_match_confidence":"alta","has_rud_match":true}},{"type":"Feature","geometry":{"type":"Point","coordinates":[-76.5268854,3.4353619]},"properties":{"place_id":"ChIJI-MbPI2mMI4RzySu1Kbacio","address":"Cra 23A #13B-11, Junin","area":"Junin","zone":"Urbana","place_report_count":1,"evaluation_count":1,"nivel_dano_max":"sin_dano","severidad_max":"sin_dano","habitabilidad":"h","tipo_inmueble":"educativo","recomendaciones":"","rud_records":0,"rud_unique_docs":0,"rud_households":0,"rud_women":0,"rud_minors":0,"rud_older65":0,"rud_match_methods":"","rud_match_confidence":"","has_rud_match":false}},{"type":"Feature","geometry":{"type":"Point","coordinates":[-76.5647906,3.4360243]},"properties":{"place_id":"ChIJ8asLVAClMI4RvzVI95eRnrA","address":"Ccpp c3 Arboledas Santa Teresita","area":"Cristales","zone":"Urbana","place_report_count":1,"evaluation_count":1,"nivel_dano_max":"bajo","severidad_max":"bajo","habitabilidad":"r1","tipo_inmueble":"otro","recomendaciones":"","rud_records":0,"rud_unique_docs":0,"rud_households":0,"rud_women":0,"rud_minors":0,"rud_older65":0,"rud_match_methods":"","rud_match_confidence":"","has_rud_match":false}},{"type":"Feature","geometry":{"type":"Point","coordinates":[-76.5369474,3.4363355]},"properties":{"place_id":"ChIJheVHf4-mMI4RtT-oXxJ3TAg","address":"Cra 24LA #7-31, Alameda","area":"Alameda","zone":"Urbana","place_report_count":1,"evaluation_count":1,"nivel_dano_max":"bajo","severidad_max":"bajo","habitabilidad":"i1","tipo_inmueble":"","recomendaciones":"","rud_records":0,"rud_unique_docs":0,"rud_households":0,"rud_women":0,"rud_minors":0,"rud_older65":0,"rud_match_methods":"","rud_match_confidence":"","has_rud_match":false}},{"type":"Feature","geometry":{"type":"Point","coordinates":[-76.53688319999999,3.4363947]},"properties":{"place_id":"EjpDcmEuIDI0ICM3LTM3LCBMYSBBbGFtZWRhLCBDYWxpLCBWYWxsZSBkZWwgQ2F1Y2EsIENvbG9tYmlhIjASLgoUChIJy65sgY-mMI4R4CeIYItEdaIQJSoUChIJKaWEuo-mMI4RIXKnMKzELjY","address":"Cra 24LA #7-37, Alameda","area":"Alameda","zone":"Urbana","place_report_count":1,"evaluation_count":1,"nivel_dano_max":"alto","severidad_max":"alto","habitabilidad":"i2","tipo_inmueble":"","recomendaciones":"","rud_records":0,"rud_unique_docs":0,"rud_households":0,"rud_women":0,"rud_minors":0,"rud_older65":0,"rud_match_methods":"","rud_match_confidence":"","has_rud_match":false}},{"type":"Feature","geometry":{"type":"Point","coordinates":[-76.53344899999999,3.43652]},"properties":{"place_id":"ChIJBSjh9o6mMI4RcZ1o2tJQ0_M","address":"Cl 9B #23-11, La Alameda","area":"BRETAÑA","zone":"Urbana","place_report_count":1,"evaluation_count":0,"nivel_dano_max":null,"severidad_max":null,"habitabilidad":"","tipo_inmueble":"","recomendaciones":"","rud_records":1,"rud_unique_docs":1,"rud_households":1,"rud_women":0,"rud_minors":0,"rud_older65":1,"rud_match_methods":"road_key","rud_match_confidence":"alta","has_rud_match":true}},{"type":"Feature","geometry":{"type":"Point","coordinates":[-76.5372447,3.4367233]},"properties":{"place_id":"ChIJIWN8h4WmMI4RpoMZ_SHV3q0","address":"Cra 24 #6A-51, Alameda","area":"ALAMEDA","zone":"Urbana","place_report_count":1,"evaluation_count":0,"nivel_dano_max":null,"severidad_max":null,"habitabilidad":"","tipo_inmueble":"","recomendaciones":"","rud_records":1,"rud_unique_docs":1,"rud_households":1,"rud_women":0,"rud_minors":0,"rud_older65":1,"rud_match_methods":"road_key","rud_match_confidence":"alta","has_rud_match":true}},{"type":"Feature","geometry":{"type":"Point","coordinates":[-76.5442966,3.4368328]},"properties":{"place_id":"Ej1DbC4gMiBPZS4gIzI2LTQ5LCBNaXJhZmxvcmVzLCBDYWxpLCBWYWxsZSBkZWwgQ2F1Y2EsIENvbG9tYmlhIjASLgoUChIJc2H8l4OmMI4Rq9XSUXgx0twQMSoUChIJzeUcg36mMI4RZwChgIF1J7I","address":"Cl 2 Oeste #26-49, Miraflores","area":"SAN FERNANDO","zone":"Urbana","place_report_count":1,"evaluation_count":0,"nivel_dano_max":null,"severidad_max":null,"habitabilidad":"","tipo_inmueble":"","recomendaciones":"","rud_records":8,"rud_unique_docs":8,"rud_households":7,"rud_women":7,"rud_minors":0,"rud_older65":1,"rud_match_methods":"road_key","rud_match_confidence":"alta","has_rud_match":true}},{"type":"Feature","geometry":{"type":"Point","coordinates":[-76.5319976,3.4372033]},"properties":{"place_id":"ChIJJ_t9mY6mMI4RFPwaxcc3bXA","address":"Cra 22 #9E-50, Bretana","area":"BRETAÑA","zone":"Rural","place_report_count":1,"evaluation_count":0,"nivel_dano_max":null,"severidad_max":null,"habitabilidad":"","tipo_inmueble":"","recomendaciones":"","rud_records":2,"rud_unique_docs":2,"rud_households":1,"rud_women":1,"rud_minors":0,"rud_older65":2,"rud_match_methods":"road_key","rud_match_confidence":"alta","has_rud_match":true}},{"type":"Feature","geometry":{"type":"Point","coordinates":[-76.489958,3.437287]},"properties":{"place_id":"ChIJWYYYRA-nMI4RaBP13BnebqM","address":"Cra 25D #72F-72, Villa Del Lago","area":"Villa del lago","zone":"Urbana","place_report_count":1,"evaluation_count":1,"nivel_dano_max":"bajo","severidad_max":"bajo","habitabilidad":"h","tipo_inmueble":"educativo","recomendaciones":"seguimiento","rud_records":0,"rud_unique_docs":0,"rud_households":0,"rud_women":0,"rud_minors":0,"rud_older65":0,"rud_match_methods":"","rud_match_confidence":"","has_rud_match":false}},{"type":"Feature","geometry":{"type":"Point","coordinates":[-76.5374291,3.4381243]},"properties":{"place_id":"ChIJW16g94WmMI4R9YIcgzPIduU","address":"Cl 5a3 #23-12, De Julio","area":"Alameda","zone":"Urbana","place_report_count":1,"evaluation_count":1,"nivel_dano_max":"alto","severidad_max":"alto","habitabilidad":"i2","tipo_inmueble":"otro","recomendaciones":"","rud_records":0,"rud_unique_docs":0,"rud_households":0,"rud_women":0,"rud_minors":0,"rud_older65":0,"rud_match_methods":"","rud_match_confidence":"","has_rud_match":false}},{"type":"Feature","geometry":{"type":"Point","coordinates":[-76.5374301,3.4381251]},"properties":{"place_id":"ChIJ5wsK94WmMI4Rr8xAg-fTZ3Q","address":"Cl 5a3 #23-22, De Julio","area":"Alameda","zone":"Urbana","place_report_count":1,"evaluation_count":1,"nivel_dano_max":"medio","severidad_max":"medio","habitabilidad":"i2","tipo_inmueble":"residencial","recomendaciones":"","rud_records":0,"rud_unique_docs":0,"rud_households":0,"rud_women":0,"rud_minors":0,"rud_older65":0,"rud_match_methods":"","rud_match_confidence":"","has_rud_match":false}},{"type":"Feature","geometry":{"type":"Point","coordinates":[-76.537562,3.438133]},"properties":{"place_id":"ChIJ8xdH94WmMI4R8iIIwx1vbNo","address":"Cl 5a3 #23-45, De Julio","area":"Tequendama","zone":"Urbana","place_report_count":1,"evaluation_count":2,"nivel_dano_max":"medio","severidad_max":"medio_alto","habitabilidad":"r1","tipo_inmueble":"residencial","recomendaciones":"seguimiento","rud_records":0,"rud_unique_docs":0,"rud_households":0,"rud_women":0,"rud_minors":0,"rud_older65":0,"rud_match_methods":"","rud_match_confidence":"","has_rud_match":false}},{"type":"Feature","geometry":{"type":"Point","coordinates":[-76.5375032,3.4383419]},"properties":{"place_id":"EjdDcmEuIDIzICM1LTM0LCBCcmV0YW5hLCBDYWxpLCBWYWxsZSBkZWwgQ2F1Y2EsIENvbG9tYmlhIjASLgoUChIJiU73_oWmMI4RI79q-PqAkPUQIioUChIJzzoj9f6mMI4RiO1AyT8MV-0","address":"Cra 23 #5-34, Bretana","area":"ALAMEDA","zone":"Urbana","place_report_count":1,"evaluation_count":0,"nivel_dano_max":null,"severidad_max":null,"habitabilidad":"","tipo_inmueble":"","recomendaciones":"","rud_records":2,"rud_unique_docs":2,"rud_households":1,"rud_women":0,"rud_minors":0,"rud_older65":0,"rud_match_methods":"road_key","rud_match_confidence":"alta","has_rud_match":true}},{"type":"Feature","geometry":{"type":"Point","coordinates":[-76.5356264,3.4387432]},"properties":{"place_id":"ChIJjVPYNI-mMI4RCjmzTQveCAo","address":"Cra 22 #7-21, Bretana","area":"Alameda","zone":"Urbana","place_report_count":1,"evaluation_count":1,"nivel_dano_max":"bajo","severidad_max":"medio","habitabilidad":"h","tipo_inmueble":"residencial","recomendaciones":"apuntalar","rud_records":0,"rud_unique_docs":0,"rud_households":0,"rud_women":0,"rud_minors":0,"rud_older65":0,"rud_match_methods":"","rud_match_confidence":"","has_rud_match":false}},{"type":"Feature","geometry":{"type":"Point","coordinates":[-76.5475842,3.4392115]},"properties":{"place_id":"verified:3.43921,-76.54758","address":"Cl 8 Oeste #28-08, El Sindicato","area":"Los Cristales","zone":"Urbana","place_report_count":1,"evaluation_count":1,"nivel_dano_max":"medio","severidad_max":"medio","habitabilidad":"r1","tipo_inmueble":"residencial","recomendaciones":"aislamiento","rud_records":0,"rud_unique_docs":0,"rud_households":0,"rud_women":0,"rud_minors":0,"rud_older65":0,"rud_match_methods":"","rud_match_confidence":"","has_rud_match":false}},{"type":"Feature","geometry":{"type":"Point","coordinates":[-76.53626539999999,3.4394716]},"properties":{"place_id":"ChIJf1gTuoimMI4Rbn420jhDNXo","address":"Cl 5A #19-90, Bretana","area":"ALAMEDA","zone":"Urbana","place_report_count":3,"evaluation_count":0,"nivel_dano_max":null,"severidad_max":null,"habitabilidad":"","tipo_inmueble":"","recomendaciones":"","rud_records":25,"rud_unique_docs":25,"rud_households":8,"rud_women":15,"rud_minors":2,"rud_older65":7,"rud_match_methods":"road_key","rud_match_confidence":"alta","has_rud_match":true}},{"type":"Feature","geometry":{"type":"Point","coordinates":[-76.5273069,3.439667]},"properties":{"place_id":"ChIJY-U1aoumMI4RRXU_CnbD3w8","address":"Cl 13B #18A-31, Guayaquil","area":"Guayaquil","zone":"Urbana","place_report_count":1,"evaluation_count":1,"nivel_dano_max":"bajo","severidad_max":"bajo","habitabilidad":"h","tipo_inmueble":"residencial","recomendaciones":"","rud_records":0,"rud_unique_docs":0,"rud_households":0,"rud_women":0,"rud_minors":0,"rud_older65":0,"rud_match_methods":"","rud_match_confidence":"","has_rud_match":false}},{"type":"Feature","geometry":{"type":"Point","coordinates":[-76.4945418,3.4402758]},"properties":{"place_id":"ChIJY6QL_AanMI4Ry91YmG97eTs","address":"Cra 24C #57-25","area":"Nueva floresta","zone":"Urbana","place_report_count":1,"evaluation_count":1,"nivel_dano_max":"medio","severidad_max":"medio","habitabilidad":"r1","tipo_inmueble":"educativo","recomendaciones":"","rud_records":0,"rud_unique_docs":0,"rud_households":0,"rud_women":0,"rud_minors":0,"rud_older65":0,"rud_match_methods":"","rud_match_confidence":"","has_rud_match":false}},{"type":"Feature","geometry":{"type":"Point","coordinates":[-76.52752989999999,3.4404608]},"properties":{"place_id":"ChIJZ1KTEIumMI4RvtHyW2SAVl0","address":"Cl 13A #18-19, Guayaquil","area":"GUAYAQUIL","zone":"Urbana","place_report_count":1,"evaluation_count":1,"nivel_dano_max":"medio","severidad_max":"medio_alto","habitabilidad":"r1","tipo_inmueble":"residencial","recomendaciones":"","rud_records":4,"rud_unique_docs":4,"rud_households":1,"rud_women":2,"rud_minors":0,"rud_older65":2,"rud_match_methods":"road_key","rud_match_confidence":"alta","has_rud_match":true}},{"type":"Feature","geometry":{"type":"Point","coordinates":[-76.5269399,3.4404785]},"properties":{"place_id":"EjlDbC4gMTNiICMxODA5LCBHdWF5YXF1aWwsIENhbGksIFZhbGxlIGRlbCBDYXVjYSwgQ29sb21iaWEiMRIvChQKEgmt2ykWi6YwjhHWEp7_X1moFBCRDioUChIJUZbQ7bmmMI4R3-bgRApiAyw","address":"Cl 13B #1809, Guayaquil","area":"Guayaquil","zone":"Urbana","place_report_count":1,"evaluation_count":1,"nivel_dano_max":"alto","severidad_max":"alto","habitabilidad":"i2","tipo_inmueble":"residencial","recomendaciones":"evacuar_total","rud_records":0,"rud_unique_docs":0,"rud_households":0,"rud_women":0,"rud_minors":0,"rud_older65":0,"rud_match_methods":"","rud_match_confidence":"","has_rud_match":false}},{"type":"Feature","geometry":{"type":"Point","coordinates":[-76.5278529,3.440603]},"properties":{"place_id":"ChIJM2zKGoumMI4Rmr_386C_o0w","address":"Cra 18 #13-62, Guayaquil","area":"GUAYAQUIL","zone":"Urbana","place_report_count":1,"evaluation_count":1,"nivel_dano_max":"medio","severidad_max":"medio_alto","habitabilidad":"r1","tipo_inmueble":"","recomendaciones":"","rud_records":1,"rud_unique_docs":1,"rud_households":1,"rud_women":1,"rud_minors":0,"rud_older65":0,"rud_match_methods":"road_key","rud_match_confidence":"alta","has_rud_match":true}},{"type":"Feature","geometry":{"type":"Point","coordinates":[-76.5351857,3.440786]},"properties":{"place_id":"EjxDcmEuIDE1ICM2LTIgNiAxNzIsIEJyZXRhbmEsIENhbGksIFZhbGxlIGRlbCBDYXVjYSwgQ29sb21iaWEiIRofChYKFAoSCQtL9fCIpjCOEX5KIPvSPxITEgU2IDE3Mg","address":"Cra 15 #6-2, Bretana","area":"Bretaña","zone":"Urbana","place_report_count":1,"evaluation_count":1,"nivel_dano_max":"sin_dano","severidad_max":"sin_dano","habitabilidad":"i1","tipo_inmueble":"educativo","recomendaciones":"","rud_records":0,"rud_unique_docs":0,"rud_households":0,"rud_women":0,"rud_minors":0,"rud_older65":0,"rud_match_methods":"","rud_match_confidence":"","has_rud_match":false}},{"type":"Feature","geometry":{"type":"Point","coordinates":[-76.5296752,3.4408567]},"properties":{"place_id":"ChIJrSs9t4umMI4RCA00VLWU2_I","address":"Cra 16 #12-00, Bretana","area":"Bretaña","zone":"Urbana","place_report_count":1,"evaluation_count":1,"nivel_dano_max":"medio","severidad_max":"medio_alto","habitabilidad":"r1","tipo_inmueble":"educativo","recomendaciones":"","rud_records":0,"rud_unique_docs":0,"rud_households":0,"rud_women":0,"rud_minors":0,"rud_older65":0,"rud_match_methods":"","rud_match_confidence":"","has_rud_match":false}},{"type":"Feature","geometry":{"type":"Point","coordinates":[-76.52629739999999,3.4414359]},"properties":{"place_id":"Ei9DcmEuIDE3ICMxNC0yMSwgQ2FsaSwgVmFsbGUgZGVsIENhdWNhLCBDb2xvbWJpYSIwEi4KFAoSCe2nfdeKpjCOEWONVq-ooaAFEBUqFAoSCQ2viDn2pjCOESj6gwhYEml3","address":"Cra 17 #14-21","area":"GUAYAQUIL","zone":"Urbana","place_report_count":1,"evaluation_count":0,"nivel_dano_max":null,"severidad_max":null,"habitabilidad":"","tipo_inmueble":"","recomendaciones":"","rud_records":1,"rud_unique_docs":1,"rud_households":1,"rud_women":0,"rud_minors":0,"rud_older65":1,"rud_match_methods":"direccion_normalizada","rud_match_confidence":"alta","has_rud_match":true}},{"type":"Feature","geometry":{"type":"Point","coordinates":[-76.5744398,3.4416511]},"properties":{"place_id":"ChIJCX1Bj1ilMI4RLvrcv2Yd40c","address":"Arboledas Santa Teresita","area":"Pilas del cabuyal","zone":"Urbana","place_report_count":1,"evaluation_count":2,"nivel_dano_max":"bajo","severidad_max":"bajo","habitabilidad":"h, r1","tipo_inmueble":"residencial","recomendaciones":"","rud_records":0,"rud_unique_docs":0,"rud_households":0,"rud_women":0,"rud_minors":0,"rud_older65":0,"rud_match_methods":"","rud_match_confidence":"","has_rud_match":false}},{"type":"Feature","geometry":{"type":"Point","coordinates":[-76.5263825,3.4416682]},"properties":{"place_id":"ChIJy7F50IqmMI4RwpaAm21qunI","address":"Cl 14 #16-57, Guayaquil","area":"Guayaquil","zone":"Urbana","place_report_count":1,"evaluation_count":1,"nivel_dano_max":"alto","severidad_max":"alto","habitabilidad":"i2","tipo_inmueble":"","recomendaciones":"","rud_records":0,"rud_unique_docs":0,"rud_households":0,"rud_women":0,"rud_minors":0,"rud_older65":0,"rud_match_methods":"","rud_match_confidence":"","has_rud_match":false}},{"type":"Feature","geometry":{"type":"Point","coordinates":[-76.52638569999999,3.4417557]},"properties":{"place_id":"ChIJdR0D0IqmMI4Rj8mtUbVIqg4","address":"Cl 14 #16-25, Guayaquil","area":"Guayaquil","zone":"Urbana","place_report_count":1,"evaluation_count":2,"nivel_dano_max":"alto","severidad_max":"alto","habitabilidad":"i2","tipo_inmueble":"","recomendaciones":"","rud_records":0,"rud_unique_docs":0,"rud_households":0,"rud_women":0,"rud_minors":0,"rud_older65":0,"rud_match_methods":"","rud_match_confidence":"","has_rud_match":false}},{"type":"Feature","geometry":{"type":"Point","coordinates":[-76.5264141,3.442052]},"properties":{"place_id":"ChIJ9XPyyIqmMI4RRagSM3gNA04","address":"Cra 16 #14-43, Guayaquil","area":"GUAYAQUIL","zone":"Urbana","place_report_count":1,"evaluation_count":0,"nivel_dano_max":null,"severidad_max":null,"habitabilidad":"","tipo_inmueble":"","recomendaciones":"","rud_records":1,"rud_unique_docs":1,"rud_households":1,"rud_women":1,"rud_minors":0,"rud_older65":0,"rud_match_methods":"road_key","rud_match_confidence":"alta","has_rud_match":true}},{"type":"Feature","geometry":{"type":"Point","coordinates":[-76.52946299999999,3.4422061]},"properties":{"place_id":"ChIJ0Y2ZQ4qmMI4R85jL_sYss3o","address":"Cl 12 #15-51","area":"GUAYAQUIL","zone":"Urbana","place_report_count":2,"evaluation_count":0,"nivel_dano_max":null,"severidad_max":null,"habitabilidad":"","tipo_inmueble":"","recomendaciones":"","rud_records":3,"rud_unique_docs":3,"rud_households":1,"rud_women":1,"rud_minors":0,"rud_older65":1,"rud_match_methods":"road_key","rud_match_confidence":"alta","has_rud_match":true}},{"type":"Feature","geometry":{"type":"Point","coordinates":[-76.53837589999999,3.4426662]},"properties":{"place_id":"verified:3.44267,-76.53838","address":"Cra 17 #3-43, Comuna 3","area":"LOS LIBERTADORES","zone":"Urbana","place_report_count":1,"evaluation_count":0,"nivel_dano_max":null,"severidad_max":null,"habitabilidad":"","tipo_inmueble":"","recomendaciones":"","rud_records":2,"rud_unique_docs":2,"rud_households":1,"rud_women":1,"rud_minors":0,"rud_older65":2,"rud_match_methods":"road_key","rud_match_confidence":"alta","has_rud_match":true}},{"type":"Feature","geometry":{"type":"Point","coordinates":[-76.536188,3.442675]},"properties":{"place_id":"ChIJ28mHE4imMI4Rqspc_xLZomc","address":"Cl 6 #14A-18, Comuna 3","area":"SAN BOSCO","zone":"Urbana","place_report_count":1,"evaluation_count":0,"nivel_dano_max":null,"severidad_max":null,"habitabilidad":"","tipo_inmueble":"","recomendaciones":"","rud_records":1,"rud_unique_docs":1,"rud_households":1,"rud_women":1,"rud_minors":0,"rud_older65":1,"rud_match_methods":"road_key","rud_match_confidence":"alta","has_rud_match":true}},{"type":"Feature","geometry":{"type":"Point","coordinates":[-76.53276,3.442958]},"properties":{"place_id":"ChIJQ9Je6ImmMI4RNV7vA3mKFkM","address":"Cl 9B #14-62, Comuna 3","area":"SAN BOSCO","zone":"Urbana","place_report_count":1,"evaluation_count":0,"nivel_dano_max":null,"severidad_max":null,"habitabilidad":"","tipo_inmueble":"","recomendaciones":"","rud_records":5,"rud_unique_docs":5,"rud_households":1,"rud_women":1,"rud_minors":2,"rud_older65":0,"rud_match_methods":"road_key","rud_match_confidence":"alta","has_rud_match":true}},{"type":"Feature","geometry":{"type":"Point","coordinates":[-76.532766,3.443013]},"properties":{"place_id":"ChIJ109j6ImmMI4RH-7wNoh9JpQ","address":"Cl 9B #14-60, Comuna 3","area":"SAN BOSCO","zone":"Urbana","place_report_count":1,"evaluation_count":0,"nivel_dano_max":null,"severidad_max":null,"habitabilidad":"","tipo_inmueble":"","recomendaciones":"","rud_records":4,"rud_unique_docs":4,"rud_households":1,"rud_women":3,"rud_minors":1,"rud_older65":0,"rud_match_methods":"road_key","rud_match_confidence":"alta","has_rud_match":true}},{"type":"Feature","geometry":{"type":"Point","coordinates":[-76.53689,3.4431984]},"properties":{"place_id":"EjdDbC4gNSAjMTQtNTgsIENPTVVOQSAzLCBDYWxpLCBWYWxsZSBkZWwgQ2F1Y2EsIENvbG9tYmlhIjASLgoUChIJ1yKCA4imMI4Rcd-hz9z1De8QOioUChIJ-3AZvGGhMI4ReEOGokgVA94","address":"Cl 5 #14-58, Comuna 3","area":"San Cayetano","zone":"Urbana","place_report_count":1,"evaluation_count":1,"nivel_dano_max":"alto","severidad_max":"alto","habitabilidad":"i2","tipo_inmueble":"","recomendaciones":"","rud_records":0,"rud_unique_docs":0,"rud_households":0,"rud_women":0,"rud_minors":0,"rud_older65":0,"rud_match_methods":"","rud_match_confidence":"","has_rud_match":false}},{"type":"Feature","geometry":{"type":"Point","coordinates":[-76.5353677,3.4433444]},"properties":{"place_id":"ChIJb8MXJIimMI4R8aVyFbF_fy8","address":"Cra 14 #6-54, Comuna 3","area":"SAN BOSCO","zone":"Rural","place_report_count":1,"evaluation_count":0,"nivel_dano_max":null,"severidad_max":null,"habitabilidad":"","tipo_inmueble":"","recomendaciones":"","rud_records":6,"rud_unique_docs":6,"rud_households":1,"rud_women":4,"rud_minors":1,"rud_older65":0,"rud_match_methods":"road_key","rud_match_confidence":"alta","has_rud_match":true}},{"type":"Feature","geometry":{"type":"Point","coordinates":[-76.536287,3.443361]},"properties":{"place_id":"ChIJp8iTG4imMI4RmCTAyQr5f6c","address":"Cra 14 #5-42, Comuna 3","area":"SAN BOSCO","zone":"Urbana","place_report_count":1,"evaluation_count":0,"nivel_dano_max":null,"severidad_max":null,"habitabilidad":"","tipo_inmueble":"","recomendaciones":"","rud_records":1,"rud_unique_docs":1,"rud_households":1,"rud_women":1,"rud_minors":0,"rud_older65":0,"rud_match_methods":"road_key","rud_match_confidence":"alta","has_rud_match":true}},{"type":"Feature","geometry":{"type":"Point","coordinates":[-76.5356654,3.4434642]},"properties":{"place_id":"ChIJQSKQIYimMI4RrkgJ156xdNA","address":"Cra 14 #6-13, Comuna 3","area":"SAN JUAN BOSCO","zone":"Urbana","place_report_count":1,"evaluation_count":0,"nivel_dano_max":null,"severidad_max":null,"habitabilidad":"","tipo_inmueble":"","recomendaciones":"","rud_records":3,"rud_unique_docs":3,"rud_households":1,"rud_women":1,"rud_minors":0,"rud_older65":1,"rud_match_methods":"road_key","rud_match_confidence":"alta","has_rud_match":true}},{"type":"Feature","geometry":{"type":"Point","coordinates":[-76.53456700000001,3.443472]},"properties":{"place_id":"ChIJB6ahK4imMI4RnbMqokHt8dY","address":"Cra 14 #7-10, Comuna 3","area":"SAN BOSCO","zone":"Urbana","place_report_count":1,"evaluation_count":0,"nivel_dano_max":null,"severidad_max":null,"habitabilidad":"","tipo_inmueble":"","recomendaciones":"","rud_records":3,"rud_unique_docs":3,"rud_households":1,"rud_women":3,"rud_minors":0,"rud_older65":1,"rud_match_methods":"road_key","rud_match_confidence":"alta","has_rud_match":true}},{"type":"Feature","geometry":{"type":"Point","coordinates":[-76.526811,3.443495]},"properties":{"place_id":"ChIJMXHJoIqmMI4RWzfn3TsGouA","address":"Cl 14 #13A-65, Comuna 3","area":"Sin pscual","zone":"Urbana","place_report_count":1,"evaluation_count":1,"nivel_dano_max":"bajo","severidad_max":"medio_alto","habitabilidad":"h","tipo_inmueble":"","recomendaciones":"","rud_records":0,"rud_unique_docs":0,"rud_households":0,"rud_women":0,"rud_minors":0,"rud_older65":0,"rud_match_methods":"","rud_match_confidence":"","has_rud_match":false}},{"type":"Feature","geometry":{"type":"Point","coordinates":[-76.5364319,3.4435641]},"properties":{"place_id":"ChIJE0m1C1GnMI4Rdk13q3zNr78","address":"Cra 14 #5-25, Comuna 3","area":"SAN BOSCO","zone":"Urbana","place_report_count":1,"evaluation_count":0,"nivel_dano_max":null,"severidad_max":null,"habitabilidad":"","tipo_inmueble":"","recomendaciones":"","rud_records":1,"rud_unique_docs":1,"rud_households":1,"rud_women":0,"rud_minors":0,"rud_older65":0,"rud_match_methods":"road_key","rud_match_confidence":"alta","has_rud_match":true}},{"type":"Feature","geometry":{"type":"Point","coordinates":[-76.538296,3.443585]},"properties":{"place_id":"ChIJ92CI9oemMI4Rpf19EDKy08M","address":"Cra 14 #3-64, Comuna 3","area":"SAN CAYETANO","zone":"Urbana","place_report_count":1,"evaluation_count":0,"nivel_dano_max":null,"severidad_max":null,"habitabilidad":"","tipo_inmueble":"","recomendaciones":"","rud_records":1,"rud_unique_docs":1,"rud_households":1,"rud_women":1,"rud_minors":0,"rud_older65":0,"rud_match_methods":"road_key","rud_match_confidence":"alta","has_rud_match":true}},{"type":"Feature","geometry":{"type":"Point","coordinates":[-76.538395,3.443646]},"properties":{"place_id":"ChIJJ8XE9YemMI4R_PbTPsqMzhE","address":"Cra 14 #3-50, Comuna 3","area":"San Cayetano","zone":"Urbana","place_report_count":1,"evaluation_count":1,"nivel_dano_max":"bajo","severidad_max":"bajo","habitabilidad":"h","tipo_inmueble":"educativo","recomendaciones":"","rud_records":0,"rud_unique_docs":0,"rud_households":0,"rud_women":0,"rud_minors":0,"rud_older65":0,"rud_match_methods":"","rud_match_confidence":"","has_rud_match":false}},{"type":"Feature","geometry":{"type":"Point","coordinates":[-76.5365211,3.4436501]},"properties":{"place_id":"ChIJIxZKHYimMI4RDahMFBCPA2Q","address":"Cra 14 #5-07, Esquina Comuna 3","area":"SAN BOSCO","zone":"Urbana","place_report_count":1,"evaluation_count":0,"nivel_dano_max":null,"severidad_max":null,"habitabilidad":"","tipo_inmueble":"","recomendaciones":"","rud_records":1,"rud_unique_docs":1,"rud_households":1,"rud_women":1,"rud_minors":0,"rud_older65":0,"rud_match_methods":"road_key","rud_match_confidence":"alta","has_rud_match":true}},{"type":"Feature","geometry":{"type":"Point","coordinates":[-76.5340154,3.443863]},"properties":{"place_id":"ChIJUU_TfmKmMI4RgAymoepSqcw","address":"Cl 8 #13-65, Comuna 3","area":"SAN BOSCO","zone":"Rural","place_report_count":1,"evaluation_count":0,"nivel_dano_max":null,"severidad_max":null,"habitabilidad":"","tipo_inmueble":"","recomendaciones":"","rud_records":6,"rud_unique_docs":6,"rud_households":1,"rud_women":3,"rud_minors":0,"rud_older65":1,"rud_match_methods":"road_key","rud_match_confidence":"alta","has_rud_match":true}},{"type":"Feature","geometry":{"type":"Point","coordinates":[-76.53549,3.443901]},"properties":{"place_id":"ChIJG9aanmKmMI4Rn8WwHyRTPD8","address":"Cl 6A #13-60, Comuna 3","area":"SAN BOSCO","zone":"Urbana","place_report_count":1,"evaluation_count":0,"nivel_dano_max":null,"severidad_max":null,"habitabilidad":"","tipo_inmueble":"","recomendaciones":"","rud_records":9,"rud_unique_docs":9,"rud_households":3,"rud_women":6,"rud_minors":3,"rud_older65":2,"rud_match_methods":"road_key","rud_match_confidence":"alta","has_rud_match":true}},{"type":"Feature","geometry":{"type":"Point","coordinates":[-76.5358619,3.4441531]},"properties":{"place_id":"ChIJZZB9omKmMI4RG8C_6ks3Ykk","address":"Cl 6 #13-34, Comuna 3","area":"SAN BOSCO","zone":"Urbana","place_report_count":1,"evaluation_count":0,"nivel_dano_max":null,"severidad_max":null,"habitabilidad":"","tipo_inmueble":"","recomendaciones":"","rud_records":2,"rud_unique_docs":2,"rud_households":1,"rud_women":1,"rud_minors":0,"rud_older65":0,"rud_match_methods":"road_key","rud_match_confidence":"alta","has_rud_match":true}},{"type":"Feature","geometry":{"type":"Point","coordinates":[-76.53491700000001,3.4442307]},"properties":{"place_id":"EjdDbC4gNyAjMTMtMjQsIENPTVVOQSAzLCBDYWxpLCBWYWxsZSBkZWwgQ2F1Y2EsIENvbG9tYmlhIjASLgoUChIJeSAehGKmMI4RElRvtu7Zd7kQGCoUChIJ1VFvqJmmMI4Rp5Ec75JFDc4","address":"Cl 7 #13-24, Comuna 3","area":"SAN BOSCO","zone":"Urbana","place_report_count":1,"evaluation_count":0,"nivel_dano_max":null,"severidad_max":null,"habitabilidad":"","tipo_inmueble":"","recomendaciones":"","rud_records":1,"rud_unique_docs":1,"rud_households":1,"rud_women":0,"rud_minors":0,"rud_older65":0,"rud_match_methods":"road_key","rud_match_confidence":"alta","has_rud_match":true}},{"type":"Feature","geometry":{"type":"Point","coordinates":[-76.531864,3.44435]},"properties":{"place_id":"ChIJkbFgG2KmMI4Rnylq1JT5738","address":"Cra 13 #10-38, Comuna 3","area":"San bosco","zone":"Urbana","place_report_count":1,"evaluation_count":1,"nivel_dano_max":"alto","severidad_max":"alto","habitabilidad":"i2","tipo_inmueble":"residencial","recomendaciones":"","rud_records":0,"rud_unique_docs":0,"rud_households":0,"rud_women":0,"rud_minors":0,"rud_older65":0,"rud_match_methods":"","rud_match_confidence":"","has_rud_match":false}},{"type":"Feature","geometry":{"type":"Point","coordinates":[-76.53622,3.444393]},"properties":{"place_id":"ChIJM7tcu2KmMI4R069TNUXP-LM","address":"Cra 13 #5-50, Comuna 3","area":"SAN BOSCO","zone":"Urbana","place_report_count":2,"evaluation_count":0,"nivel_dano_max":null,"severidad_max":null,"habitabilidad":"","tipo_inmueble":"","recomendaciones":"","rud_records":5,"rud_unique_docs":5,"rud_households":2,"rud_women":2,"rud_minors":1,"rud_older65":0,"rud_match_methods":"road_key","rud_match_confidence":"alta","has_rud_match":true}},{"type":"Feature","geometry":{"type":"Point","coordinates":[-76.53689,3.44448]},"properties":{"place_id":"verified:3.44448,-76.53689","address":"Cra 14 #5-19","area":"SAN JUAN BOSCO","zone":"Urbana","place_report_count":1,"evaluation_count":0,"nivel_dano_max":null,"severidad_max":null,"habitabilidad":"","tipo_inmueble":"","recomendaciones":"","rud_records":7,"rud_unique_docs":7,"rud_households":1,"rud_women":4,"rud_minors":2,"rud_older65":0,"rud_match_methods":"nomenclatura_sector","rud_match_confidence":"media","has_rud_match":true}},{"type":"Feature","geometry":{"type":"Point","coordinates":[-76.5289983,3.44454]},"properties":{"place_id":"EjtDcmEuIDEzICYgQ2wuIDEzLCBDT01VTkEgMywgQ2FsaSwgVmFsbGUgZGVsIENhdWNhLCBDb2xvbWJpYSJmImQKFAoSCcNPQMlhpjCOEbocOlm_HGUwEhQKEgnDT0DJYaYwjhG6HDpZvxxlMBoUChIJa6PtP2KmMI4RDiE4hUdyX9QaFAoSCdeior-wpjCOEbskPC3zTFmNIgoNWJgNAhUBmmLS","address":"Cra 13cl13, Comuna 3","area":"San pascual","zone":"Urbana","place_report_count":1,"evaluation_count":1,"nivel_dano_max":"sin_dano","severidad_max":"sin_dano","habitabilidad":"h","tipo_inmueble":"institucional","recomendaciones":"seguimiento","rud_records":0,"rud_unique_docs":0,"rud_households":0,"rud_women":0,"rud_minors":0,"rud_older65":0,"rud_match_methods":"","rud_match_confidence":"","has_rud_match":false}},{"type":"Feature","geometry":{"type":"Point","coordinates":[-76.53147849999999,3.4446098]},"properties":{"place_id":"EjlDcmEuIDEzICMxMC05MywgQ09NVU5BIDMsIENhbGksIFZhbGxlIGRlbCBDYXVjYSwgQ29sb21iaWEiMBIuChQKEgmVpasdYqYwjhEg8lh00wBcQBBdKhQKEglro-0_YqYwjhEOITiFR3Jf1A","address":"Cra 13 #10-93, Comuna 3","area":"SAN BOSCO","zone":"Rural","place_report_count":1,"evaluation_count":0,"nivel_dano_max":null,"severidad_max":null,"habitabilidad":"","tipo_inmueble":"","recomendaciones":"","rud_records":5,"rud_unique_docs":5,"rud_households":1,"rud_women":2,"rud_minors":0,"rud_older65":1,"rud_match_methods":"road_key","rud_match_confidence":"alta","has_rud_match":true}},{"type":"Feature","geometry":{"type":"Point","coordinates":[-76.5160497,3.4447339]},"properties":{"place_id":"ChIJr7BBQlimMI4RUVG75DBRIwg","address":"Cl 29 #15-60, Comuna 8","area":"Saavedra Galindo","zone":"Urbana","place_report_count":1,"evaluation_count":1,"nivel_dano_max":"medio","severidad_max":"medio","habitabilidad":"r1","tipo_inmueble":"residencial","recomendaciones":"aislamiento","rud_records":0,"rud_unique_docs":0,"rud_households":0,"rud_women":0,"rud_minors":0,"rud_older65":0,"rud_match_methods":"","rud_match_confidence":"","has_rud_match":false}},{"type":"Feature","geometry":{"type":"Point","coordinates":[-76.532191,3.444896]},"properties":{"place_id":"ChIJf1yqImKmMI4RNrDNeNu1SU4","address":"Cl 10 #12-79, Comuna 3","area":"SAN BOSCO","zone":"Urbana","place_report_count":2,"evaluation_count":0,"nivel_dano_max":null,"severidad_max":null,"habitabilidad":"","tipo_inmueble":"","recomendaciones":"","rud_records":4,"rud_unique_docs":4,"rud_households":1,"rud_women":2,"rud_minors":1,"rud_older65":0,"rud_match_methods":"road_key","rud_match_confidence":"alta","has_rud_match":true}},{"type":"Feature","geometry":{"type":"Point","coordinates":[-76.532202,3.444976]},"properties":{"place_id":"ChIJCdfKImKmMI4RLrhrBk_M3tg","address":"Cl 10 #12-63, San Juan Bosco","area":"SAN JUAN BOSCO","zone":"Urbana","place_report_count":2,"evaluation_count":1,"nivel_dano_max":"alto","severidad_max":"alto","habitabilidad":"i2","tipo_inmueble":"","recomendaciones":"","rud_records":15,"rud_unique_docs":15,"rud_households":3,"rud_women":9,"rud_minors":6,"rud_older65":1,"rud_match_methods":"road_key","rud_match_confidence":"alta","has_rud_match":true}},{"type":"Feature","geometry":{"type":"Point","coordinates":[-76.53396,3.4450907]},"properties":{"place_id":"ChIJZ8DPXWKmMI4RdojqGfpP7EU","address":"Cl 8 #12-17, Comuna 3","area":"SAN BOSCO","zone":"Urbana","place_report_count":1,"evaluation_count":0,"nivel_dano_max":null,"severidad_max":null,"habitabilidad":"","tipo_inmueble":"","recomendaciones":"","rud_records":3,"rud_unique_docs":3,"rud_households":2,"rud_women":2,"rud_minors":0,"rud_older65":2,"rud_match_methods":"road_key","rud_match_confidence":"alta","has_rud_match":true}},{"type":"Feature","geometry":{"type":"Point","coordinates":[-76.53318519999999,3.4451727]},"properties":{"place_id":"ChIJRcNGQWKmMI4RPRlEh-vVWBE","address":"Cl 9 #12-07, Comuna 3","area":"SAN BOSCO","zone":"Urbana","place_report_count":1,"evaluation_count":0,"nivel_dano_max":null,"severidad_max":null,"habitabilidad":"","tipo_inmueble":"","recomendaciones":"","rud_records":3,"rud_unique_docs":3,"rud_households":1,"rud_women":3,"rud_minors":1,"rud_older65":0,"rud_match_methods":"road_key","rud_match_confidence":"alta","has_rud_match":true}},{"type":"Feature","geometry":{"type":"Point","coordinates":[-76.53189499999999,3.445258]},"properties":{"place_id":"ChIJDxIXJGKmMI4R-OPkejeTKUU","address":"Cra 12 #10-38, Comuna 3","area":"SAN BOSCO","zone":"Urbana","place_report_count":1,"evaluation_count":0,"nivel_dano_max":null,"severidad_max":null,"habitabilidad":"","tipo_inmueble":"","recomendaciones":"","rud_records":10,"rud_unique_docs":10,"rud_households":3,"rud_women":4,"rud_minors":5,"rud_older65":1,"rud_match_methods":"road_key","rud_match_confidence":"alta","has_rud_match":true}},{"type":"Feature","geometry":{"type":"Point","coordinates":[-76.53510899999999,3.44537]},"properties":{"place_id":"ChIJjW0p7mKmMI4Rqn2Lg0XEn_o","address":"Cra 12 #6-74, Comuna 3","area":"SAN BOSCO","zone":"Urbana","place_report_count":1,"evaluation_count":0,"nivel_dano_max":null,"severidad_max":null,"habitabilidad":"","tipo_inmueble":"","recomendaciones":"","rud_records":8,"rud_unique_docs":8,"rud_households":3,"rud_women":4,"rud_minors":3,"rud_older65":0,"rud_match_methods":"road_key","rud_match_confidence":"alta","has_rud_match":true}},{"type":"Feature","geometry":{"type":"Point","coordinates":[-76.52786859999999,3.4454429]},"properties":{"place_id":"ChIJf6hyT2CmMI4RF5g6Bu1i2pA","address":"San Pascual San Juan Bosco","area":"San pascual","zone":"Urbana","place_report_count":1,"evaluation_count":1,"nivel_dano_max":"medio","severidad_max":"alto","habitabilidad":"r1","tipo_inmueble":"","recomendaciones":"","rud_records":0,"rud_unique_docs":0,"rud_households":0,"rud_women":0,"rud_minors":0,"rud_older65":0,"rud_match_methods":"","rud_match_confidence":"","has_rud_match":false}},{"type":"Feature","geometry":{"type":"Point","coordinates":[-76.5526788,3.4454469]},"properties":{"place_id":"ChIJUco86dSlMI4RBMB7AB_58gM","address":"Cra 4 #12-50","area":"Bellavista","zone":"Urbana","place_report_count":1,"evaluation_count":1,"nivel_dano_max":"sin_dano","severidad_max":"sin_dano","habitabilidad":"h","tipo_inmueble":"residencial","recomendaciones":"","rud_records":0,"rud_unique_docs":0,"rud_households":0,"rud_women":0,"rud_minors":0,"rud_older65":0,"rud_match_methods":"","rud_match_confidence":"","has_rud_match":false}},{"type":"Feature","geometry":{"type":"Point","coordinates":[-76.5283244,3.4454666]},"properties":{"place_id":"EjhDbC4gMTNhLCBTYW4gSnVhbiBCb3NjbywgQ2FsaSwgVmFsbGUgZGVsIENhdWNhLCBDb2xvbWJpYSIuKiwKFAoSCfswogCLpjCOERef5fM92TVdEhQKEgl_qHJPYKYwjhEXmDoG7WLakA","address":"Cl 13A, San Juan Bosco","area":"San pascual","zone":"Urbana","place_report_count":1,"evaluation_count":1,"nivel_dano_max":"alto","severidad_max":"alto","habitabilidad":"i2","tipo_inmueble":"","recomendaciones":"","rud_records":0,"rud_unique_docs":0,"rud_households":0,"rud_women":0,"rud_minors":0,"rud_older65":0,"rud_match_methods":"","rud_match_confidence":"","has_rud_match":false}},{"type":"Feature","geometry":{"type":"Point","coordinates":[-76.534803,3.44549]},"properties":{"place_id":"verified:3.44549,-76.53480","address":"Cl 7 #10-82, Santa Rosa","area":"SAN BOSCO","zone":"Rural","place_report_count":1,"evaluation_count":0,"nivel_dano_max":null,"severidad_max":null,"habitabilidad":"","tipo_inmueble":"","recomendaciones":"","rud_records":1,"rud_unique_docs":1,"rud_households":1,"rud_women":0,"rud_minors":0,"rud_older65":0,"rud_match_methods":"road_key","rud_match_confidence":"alta","has_rud_match":true}},{"type":"Feature","geometry":{"type":"Point","coordinates":[-76.5362169,3.445624]},"properties":{"place_id":"ChIJpZZc22KmMI4RmY7FMJJfdGE","address":"Cra 12 #5-41, Comuna 3","area":"SAN BOSCO","zone":"Urbana","place_report_count":1,"evaluation_count":0,"nivel_dano_max":null,"severidad_max":null,"habitabilidad":"","tipo_inmueble":"","recomendaciones":"","rud_records":5,"rud_unique_docs":5,"rud_households":1,"rud_women":2,"rud_minors":0,"rud_older65":1,"rud_match_methods":"road_key","rud_match_confidence":"alta","has_rud_match":true}},{"type":"Feature","geometry":{"type":"Point","coordinates":[-76.53528399999999,3.445626]},"properties":{"place_id":"ChIJ54ef5WKmMI4Ra6OXdNuW2uE","address":"Cra 12 #6-51, Comuna 3","area":"SAN JUAN","zone":"Urbana","place_report_count":1,"evaluation_count":0,"nivel_dano_max":null,"severidad_max":null,"habitabilidad":"","tipo_inmueble":"","recomendaciones":"","rud_records":7,"rud_unique_docs":7,"rud_households":2,"rud_women":5,"rud_minors":0,"rud_older65":2,"rud_match_methods":"road_key","rud_match_confidence":"alta","has_rud_match":true}},{"type":"Feature","geometry":{"type":"Point","coordinates":[-76.535843,3.445655]},"properties":{"place_id":"ChIJQRtk3WKmMI4RXZSFWPsQVUQ","address":"Cl 6 #10-84, Comuna 3","area":"SANTA ROSA","zone":"Urbana","place_report_count":1,"evaluation_count":0,"nivel_dano_max":null,"severidad_max":null,"habitabilidad":"","tipo_inmueble":"","recomendaciones":"","rud_records":3,"rud_unique_docs":3,"rud_households":1,"rud_women":1,"rud_minors":1,"rud_older65":0,"rud_match_methods":"road_key","rud_match_confidence":"alta","has_rud_match":true}},{"type":"Feature","geometry":{"type":"Point","coordinates":[-76.50571099999999,3.4465443]},"properties":{"place_id":"ChIJs04YWVSmMI4Refc4t-E1C-k","address":"Cra 13 #40-13, Comuna 8","area":"CHAPINERO","zone":"Urbana","place_report_count":1,"evaluation_count":1,"nivel_dano_max":"alto","severidad_max":"alto","habitabilidad":"i2","tipo_inmueble":"residencial","recomendaciones":"","rud_records":3,"rud_unique_docs":3,"rud_households":1,"rud_women":2,"rud_minors":1,"rud_older65":1,"rud_match_methods":"road_key","rud_match_confidence":"alta","has_rud_match":true}},{"type":"Feature","geometry":{"type":"Point","coordinates":[-76.570835,3.4469867]},"properties":{"place_id":"ChIJo8J2BwClMI4RYKY8tL61Kk4","address":"Vereda Las Pilas Del Cabuyal Casa 15 B Los Andes C","area":"Pilas del cabuyal","zone":"Urbana","place_report_count":1,"evaluation_count":1,"nivel_dano_max":"bajo","severidad_max":"bajo","habitabilidad":"h","tipo_inmueble":"residencial","recomendaciones":"","rud_records":0,"rud_unique_docs":0,"rud_households":0,"rud_women":0,"rud_minors":0,"rud_older65":0,"rud_match_methods":"","rud_match_confidence":"","has_rud_match":false}},{"type":"Feature","geometry":{"type":"Point","coordinates":[-76.4816122,3.4472365]},"properties":{"place_id":"ChIJ7ewOgqGnMI4RaD3l-k-4Yqo","address":"Andres Sanin","area":"Andres sannin","zone":"Urbana","place_report_count":1,"evaluation_count":1,"nivel_dano_max":"bajo","severidad_max":"bajo","habitabilidad":"h","tipo_inmueble":"","recomendaciones":"","rud_records":0,"rud_unique_docs":0,"rud_households":0,"rud_women":0,"rud_minors":0,"rud_older65":0,"rud_match_methods":"","rud_match_confidence":"","has_rud_match":false}},{"type":"Feature","geometry":{"type":"Point","coordinates":[-76.5712728,3.4478703]},"properties":{"place_id":"ChIJabhY2OOlMI4Ruc7xrocv27A","address":"Ccxg r5 Arboledas Santa Teresita","area":"Vereda Pilas del cabuyal","zone":"Urbana","place_report_count":1,"evaluation_count":2,"nivel_dano_max":"medio","severidad_max":"medio_alto","habitabilidad":"h, r1","tipo_inmueble":"residencial","recomendaciones":"","rud_records":0,"rud_unique_docs":0,"rud_households":0,"rud_women":0,"rud_minors":0,"rud_older65":0,"rud_match_methods":"","rud_match_confidence":"","has_rud_match":false}},{"type":"Feature","geometry":{"type":"Point","coordinates":[-76.5367089,3.4481434]},"properties":{"place_id":"ChIJi4JNUGOmMI4RVXFjhT3NOI8","address":"Cra 6 #5-20, Comuna 3","area":"La Merced","zone":"Urbana","place_report_count":1,"evaluation_count":1,"nivel_dano_max":"medio","severidad_max":"medio_alto","habitabilidad":"r1","tipo_inmueble":"","recomendaciones":"","rud_records":0,"rud_unique_docs":0,"rud_households":0,"rud_women":0,"rud_minors":0,"rud_older65":0,"rud_match_methods":"","rud_match_confidence":"","has_rud_match":false}},{"type":"Feature","geometry":{"type":"Point","coordinates":[-76.53717379999999,3.4481557]},"properties":{"place_id":"EjZDbC4gNSAjNS05OCwgQ09NVU5BIDMsIENhbGksIFZhbGxlIGRlbCBDYXVjYSwgQ29sb21iaWEiMBIuChQKEgmR1YhUY6YwjhFUXJ_3ZLkXeRBiKhQKEgn7cBm8YaEwjhF4Q4aiSBUD3g","address":"Cl 5 #5-98, Comuna 3","area":"Nueva Granada","zone":"Urbana","place_report_count":1,"evaluation_count":1,"nivel_dano_max":"alto","severidad_max":"alto","habitabilidad":"i2","tipo_inmueble":"","recomendaciones":"","rud_records":0,"rud_unique_docs":0,"rud_households":0,"rud_women":0,"rud_minors":0,"rud_older65":0,"rud_match_methods":"","rud_match_confidence":"","has_rud_match":false}},{"type":"Feature","geometry":{"type":"Point","coordinates":[-76.5405735,3.4487407]},"properties":{"place_id":"ChIJM85Eh3umMI4Rgj9u8qJO2Zg","address":"Cra 4 #1-86, Comuna 3","area":"Cristo redentor","zone":"Urbana","place_report_count":1,"evaluation_count":1,"nivel_dano_max":"bajo","severidad_max":"bajo","habitabilidad":"h","tipo_inmueble":"otro","recomendaciones":"","rud_records":0,"rud_unique_docs":0,"rud_households":0,"rud_women":0,"rud_minors":0,"rud_older65":0,"rud_match_methods":"","rud_match_confidence":"","has_rud_match":false}},{"type":"Feature","geometry":{"type":"Point","coordinates":[-76.5356807,3.448764]},"properties":{"place_id":"ChIJZ1Svn2SmMI4RVAtSeRMkkk4","address":"Cra 6 #6-56, San Pedro","area":"SAN PEDRO","zone":"Urbana","place_report_count":2,"evaluation_count":0,"nivel_dano_max":null,"severidad_max":null,"habitabilidad":"","tipo_inmueble":"","recomendaciones":"","rud_records":1,"rud_unique_docs":1,"rud_households":1,"rud_women":1,"rud_minors":0,"rud_older65":0,"rud_match_methods":"road_key","rud_match_confidence":"alta","has_rud_match":true}},{"type":"Feature","geometry":{"type":"Point","coordinates":[-76.481976,3.449047]},"properties":{"place_id":"ChIJw63iNaKnMI4R8aphGl1fVV8","address":"Cra 8D #73-108, Angel Del Hogar","area":"Andres Sanin","zone":"Urbana","place_report_count":1,"evaluation_count":1,"nivel_dano_max":"alto","severidad_max":"alto","habitabilidad":"i2","tipo_inmueble":"residencial","recomendaciones":"","rud_records":0,"rud_unique_docs":0,"rud_households":0,"rud_women":0,"rud_minors":0,"rud_older65":0,"rud_match_methods":"","rud_match_confidence":"","has_rud_match":false}},{"type":"Feature","geometry":{"type":"Point","coordinates":[-76.5426609,3.4492281]},"properties":{"place_id":"ChIJf6ZZ-3umMI4RuliPNXhBjhM","address":"Cra 3A Oeste #243, Normandia Sebastian De Belalcazar","area":"Inmaculada","zone":"Urbana","place_report_count":1,"evaluation_count":1,"nivel_dano_max":"medio","severidad_max":"medio_alto","habitabilidad":"r1","tipo_inmueble":"residencial","recomendaciones":"","rud_records":0,"rud_unique_docs":0,"rud_households":0,"rud_women":0,"rud_minors":0,"rud_older65":0,"rud_match_methods":"","rud_match_confidence":"","has_rud_match":false}},{"type":"Feature","geometry":{"type":"Point","coordinates":[-76.5360883,3.449328]},"properties":{"place_id":"ChIJL5TVvGSmMI4RW-QttXOxGZs","address":"Cra 5 #6-64, Teatro Municipal San Pedro","area":"Centro","zone":"Urbana","place_report_count":1,"evaluation_count":1,"nivel_dano_max":"alto","severidad_max":"alto","habitabilidad":"i2","tipo_inmueble":"institucional","recomendaciones":"","rud_records":0,"rud_unique_docs":0,"rud_households":0,"rud_women":0,"rud_minors":0,"rud_older65":0,"rud_match_methods":"","rud_match_confidence":"","has_rud_match":false}},{"type":"Feature","geometry":{"type":"Point","coordinates":[-76.532932,3.449414]},"properties":{"place_id":"ChIJr73MbGSmMI4R0blK4HegjHo","address":"Cra 7 #10-20, Comuna 3","area":"San Pedro Centro","zone":"Urbana","place_report_count":1,"evaluation_count":1,"nivel_dano_max":"alto","severidad_max":"alto","habitabilidad":"i2","tipo_inmueble":"","recomendaciones":"","rud_records":0,"rud_unique_docs":0,"rud_households":0,"rud_women":0,"rud_minors":0,"rud_older65":0,"rud_match_methods":"","rud_match_confidence":"","has_rud_match":false}},{"type":"Feature","geometry":{"type":"Point","coordinates":[-76.55688339999999,3.4496459]},"properties":{"place_id":"ChIJVVVBcNGlMI4RbxnxUX3KwA8","address":"Av 3 Oeste #14-14","area":"Santa Rita","zone":"Urbana","place_report_count":1,"evaluation_count":1,"nivel_dano_max":"sin_dano","severidad_max":"sin_dano","habitabilidad":"h","tipo_inmueble":"residencial","recomendaciones":"seguimiento","rud_records":0,"rud_unique_docs":0,"rud_households":0,"rud_women":0,"rud_minors":0,"rud_older65":0,"rud_match_methods":"","rud_match_confidence":"","has_rud_match":false}},{"type":"Feature","geometry":{"type":"Point","coordinates":[-76.5241348,3.4497024]},"properties":{"place_id":"ChIJrwWJv12mMI4RMsxx7td5APU","address":"Cra 9 #19-20, Sucre","area":"SUCRE","zone":"Urbana","place_report_count":3,"evaluation_count":0,"nivel_dano_max":null,"severidad_max":null,"habitabilidad":"","tipo_inmueble":"","recomendaciones":"","rud_records":16,"rud_unique_docs":15,"rud_households":2,"rud_women":9,"rud_minors":5,"rud_older65":0,"rud_match_methods":"road_key","rud_match_confidence":"alta","has_rud_match":true}},{"type":"Feature","geometry":{"type":"Point","coordinates":[-76.5339458,3.4498539]},"properties":{"place_id":"ChIJeXCwW2SmMI4RLFVbtFHII8g","address":"Cl 10LA, Merced","area":"La Inmaculada","zone":"Urbana","place_report_count":1,"evaluation_count":2,"nivel_dano_max":"alto","severidad_max":"medio_alto","habitabilidad":"h, i2","tipo_inmueble":"residencial","recomendaciones":"apuntalar","rud_records":0,"rud_unique_docs":0,"rud_households":0,"rud_women":0,"rud_minors":0,"rud_older65":0,"rud_match_methods":"","rud_match_confidence":"","has_rud_match":false}},{"type":"Feature","geometry":{"type":"Point","coordinates":[-76.63333,3.45005]},"properties":{"place_id":"manual:3.45005,-76.63333","address":"Corregimiento La Leonera","area":"La leonera","zone":"Urbana","place_report_count":1,"evaluation_count":1,"nivel_dano_max":"sin_dano","severidad_max":"sin_dano","habitabilidad":"h","tipo_inmueble":"educativo","recomendaciones":"monitoreo","rud_records":0,"rud_unique_docs":0,"rud_households":0,"rud_women":0,"rud_minors":0,"rud_older65":0,"rud_match_methods":"","rud_match_confidence":"","has_rud_match":false}},{"type":"Feature","geometry":{"type":"Point","coordinates":[-76.5588357,3.4502217]},"properties":{"place_id":"ChIJGy2HVgClMI4ReKrx0tOuJi4","address":"Av 4 Oeste #19-150, Comuna 1","area":"La paz","zone":"Urbana","place_report_count":1,"evaluation_count":1,"nivel_dano_max":"bajo","severidad_max":"medio","habitabilidad":"r1","tipo_inmueble":"residencial","recomendaciones":"","rud_records":0,"rud_unique_docs":0,"rud_households":0,"rud_women":0,"rud_minors":0,"rud_older65":0,"rud_match_methods":"","rud_match_confidence":"","has_rud_match":false}},{"type":"Feature","geometry":{"type":"Point","coordinates":[-76.5337843,3.4503201]},"properties":{"place_id":"ChIJ2UD4TGSmMI4RvECdDqQzM-g","address":"Cl 9 #5-59, Comuna 3","area":"Centro historico","zone":"Urbana","place_report_count":1,"evaluation_count":1,"nivel_dano_max":"alto","severidad_max":"alto","habitabilidad":"i2","tipo_inmueble":"","recomendaciones":"","rud_records":0,"rud_unique_docs":0,"rud_households":0,"rud_women":0,"rud_minors":0,"rud_older65":0,"rud_match_methods":"","rud_match_confidence":"","has_rud_match":false}},{"type":"Feature","geometry":{"type":"Point","coordinates":[-76.5408861,3.4507923]},"properties":{"place_id":"ChIJTajhsXumMI4Rj8U7RbrObHY","address":"Cl 1 Oeste #100A-49, Normandia Sebastian De Belalcazar","area":"Meléndez","zone":"Urbana","place_report_count":1,"evaluation_count":1,"nivel_dano_max":"bajo","severidad_max":"bajo","habitabilidad":"h","tipo_inmueble":"residencial","recomendaciones":"seguimiento","rud_records":0,"rud_unique_docs":0,"rud_households":0,"rud_women":0,"rud_minors":0,"rud_older65":0,"rud_match_methods":"","rud_match_confidence":"","has_rud_match":false}},{"type":"Feature","geometry":{"type":"Point","coordinates":[-76.5562592,3.4507982]},"properties":{"place_id":"ChIJcSvQ3c-lMI4RJ67UmEGKpY4","address":"Av 4 Oeste","area":"Verera k18 cogto la elvira","zone":"Urbana","place_report_count":1,"evaluation_count":1,"nivel_dano_max":"alto","severidad_max":"alto","habitabilidad":"i2","tipo_inmueble":"residencial","recomendaciones":"","rud_records":0,"rud_unique_docs":0,"rud_households":0,"rud_women":0,"rud_minors":0,"rud_older65":0,"rud_match_methods":"","rud_match_confidence":"","has_rud_match":false}},{"type":"Feature","geometry":{"type":"Point","coordinates":[-76.5371023,3.4510813]},"properties":{"place_id":"ChIJqYN51WSmMI4RQ5yGsk_G6w0","address":"Cra 3EL #66-67, Refugio","area":"El refugio","zone":"Urbana","place_report_count":1,"evaluation_count":1,"nivel_dano_max":"alto","severidad_max":"alto","habitabilidad":"i2","tipo_inmueble":"residencial","recomendaciones":"","rud_records":0,"rud_unique_docs":0,"rud_households":0,"rud_women":0,"rud_minors":0,"rud_older65":0,"rud_match_methods":"","rud_match_confidence":"","has_rud_match":false}},{"type":"Feature","geometry":{"type":"Point","coordinates":[-76.5631468,3.451616]},"properties":{"place_id":"ChIJCdzwqs-lMI4RNNou4wifRVY","address":"Cl 21A Oeste #4-60, Comuna 1","area":"Terrón Colorado","zone":"Urbana","place_report_count":1,"evaluation_count":1,"nivel_dano_max":"bajo","severidad_max":"bajo","habitabilidad":"r1","tipo_inmueble":"residencial","recomendaciones":"","rud_records":0,"rud_unique_docs":0,"rud_households":0,"rud_women":0,"rud_minors":0,"rud_older65":0,"rud_match_methods":"","rud_match_confidence":"","has_rud_match":false}},{"type":"Feature","geometry":{"type":"Point","coordinates":[-76.5434908,3.4523605]},"properties":{"place_id":"ElxBdi4gNGIgT2UuICMzLTUyIHRvcnJlIDMsIE5vcm1hbmRpYSBTZWJhc3RpYW4gZGUgQmVsYWxjYXphciwgQ2FsaSwgVmFsbGUgZGVsIENhdWNhLCBDb2xvbWJpYSIjGiEKFgoUChIJw-y_jHmmMI4R39vrx3iUyQ8SB3RvcnJlIDM","address":"Av 4B Oeste #3-52 Torre 3, Normandia Sebastian De Belalcazar","area":"La Flora","zone":"Urbana","place_report_count":1,"evaluation_count":1,"nivel_dano_max":"alto","severidad_max":"alto","habitabilidad":"i2","tipo_inmueble":"residencial","recomendaciones":"","rud_records":0,"rud_unique_docs":0,"rud_households":0,"rud_women":0,"rud_minors":0,"rud_older65":0,"rud_match_methods":"","rud_match_confidence":"","has_rud_match":false}},{"type":"Feature","geometry":{"type":"Point","coordinates":[-76.568972,3.453028]},"properties":{"place_id":"verified:3.45303,-76.56897","address":"Av 5 Oeste #25-38, Terron Colorado","area":"TERRÓN COLORADO","zone":"Urbana","place_report_count":1,"evaluation_count":0,"nivel_dano_max":null,"severidad_max":null,"habitabilidad":"","tipo_inmueble":"","recomendaciones":"","rud_records":2,"rud_unique_docs":2,"rud_households":1,"rud_women":0,"rud_minors":0,"rud_older65":1,"rud_match_methods":"road_key","rud_match_confidence":"alta","has_rud_match":true}},{"type":"Feature","geometry":{"type":"Point","coordinates":[-76.5713,3.45307]},"properties":{"place_id":"verified:3.45307,-76.57130","address":"Av 6 Oeste #25-13, Comuna 1","area":"Brisas de la aguacatala, casas nuevas","zone":"Urbana","place_report_count":1,"evaluation_count":1,"nivel_dano_max":"alto","severidad_max":"alto","habitabilidad":"i2","tipo_inmueble":"","recomendaciones":"","rud_records":0,"rud_unique_docs":0,"rud_households":0,"rud_women":0,"rud_minors":0,"rud_older65":0,"rud_match_methods":"","rud_match_confidence":"","has_rud_match":false}},{"type":"Feature","geometry":{"type":"Point","coordinates":[-76.56842859999999,3.4530934]},"properties":{"place_id":"EkFDbC4gMjUgT2UuICYgQXYuIDUgT2UuLCBDT01VTkEgMSwgQ2FsaSwgVmFsbGUgZGVsIENhdWNhLCBDb2xvbWJpYSJmImQKFAoSCU-ZXo7IpTCOEfyo3F5_fj1eEhQKEglPmV6OyKUwjhH8qNxef349XhoUChIJwRr1hcilMI4RfekVU0UhkYAaFAoSCZlTsf_PpTCOET-Rqj7EqPXeIgoNduYOAhXClVzS","address":"Cl 25 Oeste, Av 5 Oe Comuna 1","area":"TERRON COLORADO","zone":"Urbana","place_report_count":1,"evaluation_count":1,"nivel_dano_max":"alto","severidad_max":"alto","habitabilidad":"i2","tipo_inmueble":"residencial","recomendaciones":"","rud_records":1,"rud_unique_docs":1,"rud_households":1,"rud_women":1,"rud_minors":0,"rud_older65":0,"rud_match_methods":"road_key","rud_match_confidence":"alta","has_rud_match":true}},{"type":"Feature","geometry":{"type":"Point","coordinates":[-76.5686824,3.4531944]},"properties":{"place_id":"ChIJnW3LjsilMI4RWtz03IFLi70","address":"Av 5 Oeste #25-31, Terron Colorado","area":"TERRON COLORADO","zone":"Urbana","place_report_count":1,"evaluation_count":12,"nivel_dano_max":"alto","severidad_max":"alto","habitabilidad":"h, i2, r1, r2","tipo_inmueble":"comercial, residencial","recomendaciones":"evacuar_total, seguimiento","rud_records":4,"rud_unique_docs":4,"rud_households":1,"rud_women":1,"rud_minors":0,"rud_older65":2,"rud_match_methods":"road_key","rud_match_confidence":"alta","has_rud_match":true}},{"type":"Feature","geometry":{"type":"Point","coordinates":[-76.56868159999999,3.4532018]},"properties":{"place_id":"ChIJXY7MjsilMI4R5hCHRdgzix0","address":"Av 5oe57 #25, Comuna 1","area":"Terron colorado","zone":"Urbana","place_report_count":1,"evaluation_count":2,"nivel_dano_max":"alto","severidad_max":"alto","habitabilidad":"i2","tipo_inmueble":"residencial","recomendaciones":"","rud_records":0,"rud_unique_docs":0,"rud_households":0,"rud_women":0,"rud_minors":0,"rud_older65":0,"rud_match_methods":"","rud_match_confidence":"","has_rud_match":false}},{"type":"Feature","geometry":{"type":"Point","coordinates":[-76.5711338,3.4532051]},"properties":{"place_id":"ChIJDU2LEMilMI4Ru0kh1CzhAyk","address":"Av 5 Oeste #26-21, Terron Colorado","area":"Terron Colorado","zone":"Urbana","place_report_count":1,"evaluation_count":1,"nivel_dano_max":"alto","severidad_max":"alto","habitabilidad":"i2","tipo_inmueble":"residencial","recomendaciones":"evacuar_total","rud_records":0,"rud_unique_docs":0,"rud_households":0,"rud_women":0,"rud_minors":0,"rud_older65":0,"rud_match_methods":"","rud_match_confidence":"","has_rud_match":false}},{"type":"Feature","geometry":{"type":"Point","coordinates":[-76.5683986,3.4532663]},"properties":{"place_id":"ChIJwRr1hcilMI4RfekVU0UhkYA","address":"Cl 25 Oeste, Comuna 1","area":"Terron colorado","zone":"Urbana","place_report_count":1,"evaluation_count":1,"nivel_dano_max":"alto","severidad_max":"alto","habitabilidad":"i2","tipo_inmueble":"residencial","recomendaciones":"","rud_records":0,"rud_unique_docs":0,"rud_households":0,"rud_women":0,"rud_minors":0,"rud_older65":0,"rud_match_methods":"","rud_match_confidence":"","has_rud_match":false}},{"type":"Feature","geometry":{"type":"Point","coordinates":[-76.55836959999999,3.4532822]},"properties":{"place_id":"ChIJ4bMucNClMI4RV6MdjqhTzzA","address":"Av 5 Oeste #17-75, Terron Colorado","area":"Terron colorado","zone":"Urbana","place_report_count":1,"evaluation_count":1,"nivel_dano_max":"alto","severidad_max":"alto","habitabilidad":"i2","tipo_inmueble":"residencial","recomendaciones":"","rud_records":0,"rud_unique_docs":0,"rud_households":0,"rud_women":0,"rud_minors":0,"rud_older65":0,"rud_match_methods":"","rud_match_confidence":"","has_rud_match":false}},{"type":"Feature","geometry":{"type":"Point","coordinates":[-76.5678135,3.4537066]},"properties":{"place_id":"ChIJoZvSnsilMI4RbRCl0jFHslA","address":"Av 6 Oeste #22A-04, Terron Colorado","area":"Terron colorado","zone":"Urbana","place_report_count":1,"evaluation_count":2,"nivel_dano_max":"medio","severidad_max":"medio_alto","habitabilidad":"r1","tipo_inmueble":"residencial","recomendaciones":"","rud_records":0,"rud_unique_docs":0,"rud_households":0,"rud_women":0,"rud_minors":0,"rud_older65":0,"rud_match_methods":"","rud_match_confidence":"","has_rud_match":false}},{"type":"Feature","geometry":{"type":"Point","coordinates":[-76.56837329999999,3.4537475]},"properties":{"place_id":"ChIJhQtQg8ilMI4RHb2-tw-0hCM","address":"Cl 25 Oeste #6, Comuna 1","area":"Terron colorado","zone":"Urbana","place_report_count":1,"evaluation_count":2,"nivel_dano_max":"alto","severidad_max":"alto","habitabilidad":"i2, r1","tipo_inmueble":"residencial","recomendaciones":"","rud_records":0,"rud_unique_docs":0,"rud_households":0,"rud_women":0,"rud_minors":0,"rud_older65":0,"rud_match_methods":"","rud_match_confidence":"","has_rud_match":false}},{"type":"Feature","geometry":{"type":"Point","coordinates":[-76.55738649999999,3.4537544]},"properties":{"place_id":"ChIJu98_gNClMI4RaSvN0fIw6ps","address":"Av 5 Oeste #16-23, Comuna 1","area":"Terron Colorado","zone":"Urbana","place_report_count":1,"evaluation_count":1,"nivel_dano_max":"alto","severidad_max":"alto","habitabilidad":"i2","tipo_inmueble":"residencial","recomendaciones":"","rud_records":0,"rud_unique_docs":0,"rud_households":0,"rud_women":0,"rud_minors":0,"rud_older65":0,"rud_match_methods":"","rud_match_confidence":"","has_rud_match":false}},{"type":"Feature","geometry":{"type":"Point","coordinates":[-76.557294,3.4539251]},"properties":{"place_id":"ChIJT0suANqlMI4RCn_2qqqNOP4","address":"Terron Colorado","area":"Terron colorado","zone":"Urbana","place_report_count":1,"evaluation_count":1,"nivel_dano_max":"medio","severidad_max":"medio_alto","habitabilidad":"r1","tipo_inmueble":"residencial","recomendaciones":"","rud_records":0,"rud_unique_docs":0,"rud_households":0,"rud_women":0,"rud_minors":0,"rud_older65":0,"rud_match_methods":"","rud_match_confidence":"","has_rud_match":false}},{"type":"Feature","geometry":{"type":"Point","coordinates":[-76.568229,3.453993]},"properties":{"place_id":"ChIJZxxnncilMI4R6xjRYz5xfAI","address":"Cl 25 Oeste #7A-24, Comuna 1","area":"Terron colorado","zone":"Urbana","place_report_count":1,"evaluation_count":1,"nivel_dano_max":"medio","severidad_max":"medio","habitabilidad":"h","tipo_inmueble":"residencial","recomendaciones":"demoler","rud_records":0,"rud_unique_docs":0,"rud_households":0,"rud_women":0,"rud_minors":0,"rud_older65":0,"rud_match_methods":"","rud_match_confidence":"","has_rud_match":false}},{"type":"Feature","geometry":{"type":"Point","coordinates":[-76.5365412,3.4540288]},"properties":{"place_id":"ChIJMR-A-m-mMI4R0GdxeKvWjSg","address":"Cl 8n06 #13, Granada","area":"Granada","zone":"Urbana","place_report_count":1,"evaluation_count":1,"nivel_dano_max":"alto","severidad_max":"medio_alto","habitabilidad":"i2","tipo_inmueble":"comercial","recomendaciones":"","rud_records":0,"rud_unique_docs":0,"rud_households":0,"rud_women":0,"rud_minors":0,"rud_older65":0,"rud_match_methods":"","rud_match_confidence":"","has_rud_match":false}},{"type":"Feature","geometry":{"type":"Point","coordinates":[-76.5568239,3.4540883]},"properties":{"place_id":"EjtBdi4gNSBPZS4sIFRlcnJvbiBDb2xvcmFkbywgQ2FsaSwgVmFsbGUgZGVsIENhdWNhLCBDb2xvbWJpYSIuKiwKFAoSCZlTsf_PpTCOET-Rqj7EqPXeEhQKEglPSy4A2qUwjhEKf_aqqo04_g","address":"Av 5 Oeste, Terron Colorado","area":"Terron Colorado","zone":"Urbana","place_report_count":1,"evaluation_count":1,"nivel_dano_max":"alto","severidad_max":"alto","habitabilidad":"i2","tipo_inmueble":"","recomendaciones":"","rud_records":0,"rud_unique_docs":0,"rud_households":0,"rud_women":0,"rud_minors":0,"rud_older65":0,"rud_match_methods":"","rud_match_confidence":"","has_rud_match":false}},{"type":"Feature","geometry":{"type":"Point","coordinates":[-76.5631056,3.4541176]},"properties":{"place_id":"EjlBdi4gN2EgT2UuICMyNSwgQ09NVU5BIDEsIENhbGksIFZhbGxlIGRlbCBDYXVjYSwgQ29sb21iaWEiMBIuChQKEgmhgGN_xaUwjhHWMYvI0GibhBAZKhQKEgmF4s59xaUwjhHb0NLMd5jiLw","address":"Av 7A Oeste #25, Comuna 1","area":"Terron colorado","zone":"Urbana","place_report_count":1,"evaluation_count":1,"nivel_dano_max":"alto","severidad_max":"alto","habitabilidad":"i2","tipo_inmueble":"residencial","recomendaciones":"","rud_records":0,"rud_unique_docs":0,"rud_households":0,"rud_women":0,"rud_minors":0,"rud_older65":0,"rud_match_methods":"","rud_match_confidence":"","has_rud_match":false}},{"type":"Feature","geometry":{"type":"Point","coordinates":[-76.5688809,3.4541727]},"properties":{"place_id":"ChIJrdP4KsalMI4RDEAldAFeWsA","address":"Av 7 Oeste #25, Comuna 1","area":"Terron colorado","zone":"Urbana","place_report_count":1,"evaluation_count":1,"nivel_dano_max":"medio","severidad_max":"medio","habitabilidad":"h","tipo_inmueble":"residencial","recomendaciones":"seguimiento","rud_records":0,"rud_unique_docs":0,"rud_households":0,"rud_women":0,"rud_minors":0,"rud_older65":0,"rud_match_methods":"","rud_match_confidence":"","has_rud_match":false}},{"type":"Feature","geometry":{"type":"Point","coordinates":[-76.5747446,3.4542197]},"properties":{"place_id":"ChIJP37CKrilMI4Rwi9uiKoXFrE","address":"Av 6 Oeste #29-20, Comuna 1","area":"Terron Villa del Mar","zone":"Urbana","place_report_count":1,"evaluation_count":1,"nivel_dano_max":"medio","severidad_max":"medio","habitabilidad":"r1","tipo_inmueble":"","recomendaciones":"","rud_records":0,"rud_unique_docs":0,"rud_households":0,"rud_women":0,"rud_minors":0,"rud_older65":0,"rud_match_methods":"","rud_match_confidence":"","has_rud_match":false}},{"type":"Feature","geometry":{"type":"Point","coordinates":[-76.574558,3.454342]},"properties":{"place_id":"ChIJ-a7qK7ilMI4R4iVnzimXSHE","address":"Cl 29 Oeste #6-65, Comuna 1","area":"Palmas 1, Terron Colorado","zone":"Urbana","place_report_count":1,"evaluation_count":1,"nivel_dano_max":"bajo","severidad_max":"medio","habitabilidad":"h","tipo_inmueble":"residencial","recomendaciones":"","rud_records":0,"rud_unique_docs":0,"rud_households":0,"rud_women":0,"rud_minors":0,"rud_older65":0,"rud_match_methods":"","rud_match_confidence":"","has_rud_match":false}},{"type":"Feature","geometry":{"type":"Point","coordinates":[-76.57505350000001,3.4543644]},"properties":{"place_id":"verified:3.45436,-76.57505","address":"Av 6 Oeste #29-108, Comuna 1","area":"SECTOR VILLA DEL MAR","zone":"Urbana","place_report_count":1,"evaluation_count":1,"nivel_dano_max":"bajo","severidad_max":"bajo","habitabilidad":"h","tipo_inmueble":"","recomendaciones":"","rud_records":2,"rud_unique_docs":2,"rud_households":1,"rud_women":0,"rud_minors":0,"rud_older65":2,"rud_match_methods":"road_key","rud_match_confidence":"alta","has_rud_match":true}},{"type":"Feature","geometry":{"type":"Point","coordinates":[-76.5751829,3.4543767]},"properties":{"place_id":"ChIJ5a4d1LmlMI4RnKKwQ25qkcs","address":"Cl 29B Oeste #06, Terron Colorado","area":"El Terron","zone":"Urbana","place_report_count":1,"evaluation_count":2,"nivel_dano_max":"alto","severidad_max":"alto","habitabilidad":"i2, r1","tipo_inmueble":"residencial","recomendaciones":"","rud_records":0,"rud_unique_docs":0,"rud_households":0,"rud_women":0,"rud_minors":0,"rud_older65":0,"rud_match_methods":"","rud_match_confidence":"","has_rud_match":false}},{"type":"Feature","geometry":{"type":"Point","coordinates":[-76.4798727,3.4544175]},"properties":{"place_id":"ChIJ4-aJZL2nMI4R_NUk8xTf9V8","address":"Cra 7R #76-52, Puerto Nuevo","area":"LOPEZ","zone":"Urbana","place_report_count":1,"evaluation_count":0,"nivel_dano_max":null,"severidad_max":null,"habitabilidad":"","tipo_inmueble":"","recomendaciones":"","rud_records":4,"rud_unique_docs":4,"rud_households":1,"rud_women":3,"rud_minors":0,"rud_older65":1,"rud_match_methods":"road_key","rud_match_confidence":"alta","has_rud_match":true}},{"type":"Feature","geometry":{"type":"Point","coordinates":[-76.575221,3.454736]},"properties":{"place_id":"ChIJB3MCzrmlMI4R5B4b1x49g2M","address":"Cl 29A Oeste #6-60, Comuna 1","area":"Palmas 1","zone":"Urbana","place_report_count":1,"evaluation_count":1,"nivel_dano_max":"alto","severidad_max":"alto","habitabilidad":"i2","tipo_inmueble":"residencial","recomendaciones":"","rud_records":0,"rud_unique_docs":0,"rud_households":0,"rud_women":0,"rud_minors":0,"rud_older65":0,"rud_match_methods":"","rud_match_confidence":"","has_rud_match":false}},{"type":"Feature","geometry":{"type":"Point","coordinates":[-76.575252,3.454748]},"properties":{"place_id":"ChIJf0MczrmlMI4RT3ZhaZO6UfM","address":"Cl 29A Oeste #6-50, Comuna 1","area":"Palmas 1","zone":"Urbana","place_report_count":1,"evaluation_count":1,"nivel_dano_max":"medio","severidad_max":"medio","habitabilidad":"r1","tipo_inmueble":"","recomendaciones":"","rud_records":0,"rud_unique_docs":0,"rud_households":0,"rud_women":0,"rud_minors":0,"rud_older65":0,"rud_match_methods":"","rud_match_confidence":"","has_rud_match":false}},{"type":"Feature","geometry":{"type":"Point","coordinates":[-76.57519959999999,3.4550552]},"properties":{"place_id":"ChIJq8xUybmlMI4REtZRuqoxpnY","address":"Cl 29B Oeste #6A-36, Comuna 1","area":"TERRÓN COLORADO","zone":"Urbana","place_report_count":1,"evaluation_count":1,"nivel_dano_max":"medio","severidad_max":"medio_alto","habitabilidad":"r1","tipo_inmueble":"","recomendaciones":"","rud_records":3,"rud_unique_docs":3,"rud_households":1,"rud_women":2,"rud_minors":0,"rud_older65":0,"rud_match_methods":"road_key","rud_match_confidence":"alta","has_rud_match":true}},{"type":"Feature","geometry":{"type":"Point","coordinates":[-76.57489559999999,3.4553901]},"properties":{"place_id":"ChIJaZBEtbmlMI4Ryr5UHrHZg_c","address":"Cl 29B Oeste #6A, Comuna 1","area":"Palmas 2","zone":"Urbana","place_report_count":1,"evaluation_count":1,"nivel_dano_max":"alto","severidad_max":"alto","habitabilidad":"i2","tipo_inmueble":"","recomendaciones":"","rud_records":0,"rud_unique_docs":0,"rud_households":0,"rud_women":0,"rud_minors":0,"rud_older65":0,"rud_match_methods":"","rud_match_confidence":"","has_rud_match":false}},{"type":"Feature","geometry":{"type":"Point","coordinates":[-76.5533284,3.4554262]},"properties":{"place_id":"ChIJwZMIItqlMI4R8RV_-xosU_c","address":"Cl 13 Oeste #50, Av 6 Bis Oe Comuna 1","area":"Corregimiento La Elvira Alto Aguacatal","zone":"Urbana","place_report_count":1,"evaluation_count":7,"nivel_dano_max":"alto","severidad_max":"alto","habitabilidad":"h, i2, r1","tipo_inmueble":"residencial","recomendaciones":"","rud_records":0,"rud_unique_docs":0,"rud_households":0,"rud_women":0,"rud_minors":0,"rud_older65":0,"rud_match_methods":"","rud_match_confidence":"","has_rud_match":false}},{"type":"Feature","geometry":{"type":"Point","coordinates":[-76.525843,3.455527]},"properties":{"place_id":"ChIJtT6FKWimMI4RUH--QSvgcFs","address":"Cl 20 #4-92, San Nicolas","area":"San Vicente","zone":"Urbana","place_report_count":1,"evaluation_count":1,"nivel_dano_max":"bajo","severidad_max":"bajo","habitabilidad":"h","tipo_inmueble":"salud","recomendaciones":"seguimiento","rud_records":0,"rud_unique_docs":0,"rud_households":0,"rud_women":0,"rud_minors":0,"rud_older65":0,"rud_match_methods":"","rud_match_confidence":"","has_rud_match":false}},{"type":"Feature","geometry":{"type":"Point","coordinates":[-76.5370636,3.4561315]},"properties":{"place_id":"ChIJhRQcK26mMI4RiNLOHSz22B8","address":"Av 9 Norte #9N-25, Granada","area":"Versalles","zone":"Urbana","place_report_count":1,"evaluation_count":1,"nivel_dano_max":"bajo","severidad_max":"bajo","habitabilidad":"h","tipo_inmueble":"","recomendaciones":"","rud_records":0,"rud_unique_docs":0,"rud_households":0,"rud_women":0,"rud_minors":0,"rud_older65":0,"rud_match_methods":"","rud_match_confidence":"","has_rud_match":false}},{"type":"Feature","geometry":{"type":"Point","coordinates":[-76.529055,3.456168]},"properties":{"place_id":"ChIJ05yTA2mmMI4R16dxXRTNn-c","address":"Cl 17 #1-40, San Nicolas","area":"El Hoyo","zone":"Urbana","place_report_count":1,"evaluation_count":1,"nivel_dano_max":"medio","severidad_max":"medio","habitabilidad":"r1","tipo_inmueble":"residencial","recomendaciones":"","rud_records":0,"rud_unique_docs":0,"rud_households":0,"rud_women":0,"rud_minors":0,"rud_older65":0,"rud_match_methods":"","rud_match_confidence":"","has_rud_match":false}},{"type":"Feature","geometry":{"type":"Point","coordinates":[-76.5369426,3.4562064]},"properties":{"place_id":"ChIJG7mEK26mMI4RKJHMZKcboBg","address":"Av 9 Norte #9-24, Sector B Granada","area":"Granada","zone":"Urbana","place_report_count":1,"evaluation_count":1,"nivel_dano_max":"bajo","severidad_max":"medio","habitabilidad":"h","tipo_inmueble":"comercial","recomendaciones":"evacuar_parcial","rud_records":0,"rud_unique_docs":0,"rud_households":0,"rud_women":0,"rud_minors":0,"rud_older65":0,"rud_match_methods":"","rud_match_confidence":"","has_rud_match":false}},{"type":"Feature","geometry":{"type":"Point","coordinates":[-76.55893789999999,3.4575763]},"properties":{"place_id":"ChIJ6yO-AQClMI4RlYCbMT31ETI","address":"Comuna 1","area":"Corregimiento La Elvira Alto Aguacatal","zone":"Urbana","place_report_count":1,"evaluation_count":2,"nivel_dano_max":"alto","severidad_max":"medio_alto","habitabilidad":"h, i2","tipo_inmueble":"residencial","recomendaciones":"","rud_records":0,"rud_unique_docs":0,"rud_households":0,"rud_women":0,"rud_minors":0,"rud_older65":0,"rud_match_methods":"","rud_match_confidence":"","has_rud_match":false}},{"type":"Feature","geometry":{"type":"Point","coordinates":[-76.488157,3.457746]},"properties":{"place_id":"ChIJlyGwKrqnMI4R14ezj64vTTs","address":"Cl 63 #63-3","area":"La flora","zone":"Urbana","place_report_count":1,"evaluation_count":1,"nivel_dano_max":"alto","severidad_max":"alto","habitabilidad":"i2","tipo_inmueble":"residencial","recomendaciones":"","rud_records":0,"rud_unique_docs":0,"rud_households":0,"rud_women":0,"rud_minors":0,"rud_older65":0,"rud_match_methods":"","rud_match_confidence":"","has_rud_match":false}},{"type":"Feature","geometry":{"type":"Point","coordinates":[-76.5345368,3.457993]},"properties":{"place_id":"ChIJf53gfG6mMI4RFlPW6dbTv3k","address":"Av 8 Norte #13N-21, Granada","area":"Granada","zone":"Urbana","place_report_count":1,"evaluation_count":1,"nivel_dano_max":"bajo","severidad_max":"bajo","habitabilidad":"i1","tipo_inmueble":"industrial","recomendaciones":"","rud_records":0,"rud_unique_docs":0,"rud_households":0,"rud_women":0,"rud_minors":0,"rud_older65":0,"rud_match_methods":"","rud_match_confidence":"","has_rud_match":false}},{"type":"Feature","geometry":{"type":"Point","coordinates":[-76.53254869999999,3.4585462]},"properties":{"place_id":"ChIJ8cAUHmymMI4R0LW_upquR0I","address":"Av 6A Norte #15N-25, San Vicente","area":"Barrio granada","zone":"Urbana","place_report_count":1,"evaluation_count":1,"nivel_dano_max":"bajo","severidad_max":"bajo","habitabilidad":"h","tipo_inmueble":"comercial","recomendaciones":"","rud_records":0,"rud_unique_docs":0,"rud_households":0,"rud_women":0,"rud_minors":0,"rud_older65":0,"rud_match_methods":"","rud_match_confidence":"","has_rud_match":false}},{"type":"Feature","geometry":{"type":"Point","coordinates":[-76.5312345488441,3.45863]},"properties":{"place_id":"verified:3.45863,-76.53123","address":"Cl 38A Norte #4N-37","area":"LA FLORA","zone":"Urbana","place_report_count":1,"evaluation_count":0,"nivel_dano_max":null,"severidad_max":null,"habitabilidad":"","tipo_inmueble":"","recomendaciones":"","rud_records":2,"rud_unique_docs":2,"rud_households":1,"rud_women":1,"rud_minors":0,"rud_older65":0,"rud_match_methods":"road_key","rud_match_confidence":"alta","has_rud_match":true}},{"type":"Feature","geometry":{"type":"Point","coordinates":[-76.5334833,3.4589173]},"properties":{"place_id":"Ek9DbC4gMTUgTnRlLiAmIEF2IDYgTiwgU2FudGEgTW9uaWNhIFJlc2lkZW50aWFsLCBDYWxpLCBWYWxsZSBkZWwgQ2F1Y2EsIENvbG9tYmlhImYiZAoUChIJ-Q0SJWymMI4R660dCntQL9wSFAoSCfkNEiVspjCOEeutHQp7UC_cGhQKEgnHRQ8hbKYwjhH-0h8BtWuljxoUChIJ2fNT8m6mMI4ReGe7A6UL-HEiCg31yQ8CFc_qYdI","address":"Cl 15 Norte, Av 6 N Santa Monica Residential","area":"Granada","zone":"Urbana","place_report_count":1,"evaluation_count":1,"nivel_dano_max":"medio","severidad_max":"medio","habitabilidad":"r1","tipo_inmueble":"oficina","recomendaciones":"evacuar_vecinas","rud_records":0,"rud_unique_docs":0,"rud_households":0,"rud_women":0,"rud_minors":0,"rud_older65":0,"rud_match_methods":"","rud_match_confidence":"","has_rud_match":false}},{"type":"Feature","geometry":{"type":"Point","coordinates":[-76.53580029999999,3.458965]},"properties":{"place_id":"recovered-from-arcgis-merge:d7a1ad20-c62f-4eb9-acd4-7aa470cc892c","address":"Av 9A #13N-55, Santa Monica Residential","area":"Juan Ambu","zone":"Urbana","place_report_count":1,"evaluation_count":1,"nivel_dano_max":"alto","severidad_max":"alto","habitabilidad":"i2","tipo_inmueble":"","recomendaciones":"","rud_records":0,"rud_unique_docs":0,"rud_households":0,"rud_women":0,"rud_minors":0,"rud_older65":0,"rud_match_methods":"","rud_match_confidence":"","has_rud_match":false}},{"type":"Feature","geometry":{"type":"Point","coordinates":[-76.5320407,3.4592537]},"properties":{"place_id":"ChIJ5_UqDGymMI4RJlOe9OGOjXk","address":"Av 6A Norte #16N-74, San Vicente","area":"Granada","zone":"Urbana","place_report_count":1,"evaluation_count":1,"nivel_dano_max":"sin_dano","severidad_max":"sin_dano","habitabilidad":"h","tipo_inmueble":"oficina","recomendaciones":"seguimiento","rud_records":0,"rud_unique_docs":0,"rud_households":0,"rud_women":0,"rud_minors":0,"rud_older65":0,"rud_match_methods":"","rud_match_confidence":"","has_rud_match":false}},{"type":"Feature","geometry":{"type":"Point","coordinates":[-76.5221552,3.4592954]},"properties":{"place_id":"ChIJq6puckGmMI4R0woWKwerB1E","address":"Cra 2 #24-46, San Nicolas","area":"SAN NICOLAS","zone":"Urbana","place_report_count":1,"evaluation_count":1,"nivel_dano_max":"sin_dano","severidad_max":"sin_dano","habitabilidad":"h","tipo_inmueble":"serv_publicos","recomendaciones":"seguimiento","rud_records":1,"rud_unique_docs":1,"rud_households":1,"rud_women":0,"rud_minors":0,"rud_older65":0,"rud_match_methods":"road_key","rud_match_confidence":"alta","has_rud_match":true}},{"type":"Feature","geometry":{"type":"Point","coordinates":[-76.531114,3.4592989]},"properties":{"place_id":"ChIJPaRJJOOnMI4RO-5O5U1ul44","address":"Av 5 Norte #09, Cl 17 N San Vicente","area":"Vereda Los Laureles","zone":"Urbana","place_report_count":1,"evaluation_count":1,"nivel_dano_max":"alto","severidad_max":"alto","habitabilidad":"i2","tipo_inmueble":"residencial","recomendaciones":"","rud_records":0,"rud_unique_docs":0,"rud_households":0,"rud_women":0,"rud_minors":0,"rud_older65":0,"rud_match_methods":"","rud_match_confidence":"","has_rud_match":false}},{"type":"Feature","geometry":{"type":"Point","coordinates":[-76.5301494,3.4594108]},"properties":{"place_id":"ChIJgU3C62umMI4Rle7AEQQ7fIs","address":"Cl 18 Norte #4N-23, San Vicente","area":"GRANADA","zone":"Urbana","place_report_count":1,"evaluation_count":0,"nivel_dano_max":null,"severidad_max":null,"habitabilidad":"","tipo_inmueble":"","recomendaciones":"","rud_records":1,"rud_unique_docs":1,"rud_households":1,"rud_women":1,"rud_minors":0,"rud_older65":1,"rud_match_methods":"road_key","rud_match_confidence":"alta","has_rud_match":true}},{"type":"Feature","geometry":{"type":"Point","coordinates":[-76.5117677,3.4595184]},"properties":{"place_id":"ChIJdzJW5kimMI4R5QF2JWJeebk","address":"Cra 5 #36-5, Esmeralda","area":"San fernando","zone":"Urbana","place_report_count":1,"evaluation_count":1,"nivel_dano_max":"alto","severidad_max":"alto","habitabilidad":"r1","tipo_inmueble":"comercial","recomendaciones":"seguimiento","rud_records":0,"rud_unique_docs":0,"rud_households":0,"rud_women":0,"rud_minors":0,"rud_older65":0,"rud_match_methods":"","rud_match_confidence":"","has_rud_match":false}},{"type":"Feature","geometry":{"type":"Point","coordinates":[-76.5308599,3.4597559]},"properties":{"place_id":"ChIJ5wYNjWumMI4RBzUHlZtUG4s","address":"Av 5 Norte #17-39, San Vicente","area":"GRANADA","zone":"Urbana","place_report_count":1,"evaluation_count":0,"nivel_dano_max":null,"severidad_max":null,"habitabilidad":"","tipo_inmueble":"","recomendaciones":"","rud_records":3,"rud_unique_docs":3,"rud_households":1,"rud_women":2,"rud_minors":0,"rud_older65":1,"rud_match_methods":"road_key","rud_match_confidence":"alta","has_rud_match":true}},{"type":"Feature","geometry":{"type":"Point","coordinates":[-76.53079249999999,3.4598574]},"properties":{"place_id":"ChIJ_w6kXFymMI4Ricjtl9yrEns","address":"Av 5 Norte #17-59, San Vicente","area":"Versalles","zone":"Urbana","place_report_count":1,"evaluation_count":1,"nivel_dano_max":"bajo","severidad_max":"bajo","habitabilidad":"h","tipo_inmueble":"","recomendaciones":"","rud_records":0,"rud_unique_docs":0,"rud_households":0,"rud_women":0,"rud_minors":0,"rud_older65":0,"rud_match_methods":"","rud_match_confidence":"","has_rud_match":false}},{"type":"Feature","geometry":{"type":"Point","coordinates":[-76.5313054,3.4599326]},"properties":{"place_id":"ChIJcYI6imumMI4Rb2Ck23pG11s","address":"Cl 17 Norte #5N-44, San Vicente","area":"VERSALLES SAN VICENTE","zone":"Urbana","place_report_count":1,"evaluation_count":0,"nivel_dano_max":null,"severidad_max":null,"habitabilidad":"","tipo_inmueble":"","recomendaciones":"","rud_records":14,"rud_unique_docs":14,"rud_households":7,"rud_women":7,"rud_minors":0,"rud_older65":3,"rud_match_methods":"road_key","rud_match_confidence":"alta","has_rud_match":true}},{"type":"Feature","geometry":{"type":"Point","coordinates":[-76.5222035,3.4599562]},"properties":{"place_id":"ChIJhYUQDEGmMI4RduwvWInL2wM","address":"Cra 1 #24-56, San Nicolas","area":"SAN NICOLAS","zone":"Urbana","place_report_count":1,"evaluation_count":1,"nivel_dano_max":"alto","severidad_max":"medio_alto","habitabilidad":"i2","tipo_inmueble":"comercial","recomendaciones":"","rud_records":1,"rud_unique_docs":1,"rud_households":1,"rud_women":1,"rud_minors":0,"rud_older65":1,"rud_match_methods":"road_key","rud_match_confidence":"alta","has_rud_match":true}},{"type":"Feature","geometry":{"type":"Point","coordinates":[-76.5218611,3.4603973]},"properties":{"place_id":"EkNDcmEuIDEgTnRlLiAmIENsLiAyNGEsIFNhbiBOaWNvbGFzLCBDYWxpLCBWYWxsZSBkZWwgQ2F1Y2EsIENvbG9tYmlhImYiZAoUChIJ8Qp_G0GmMI4RA11VWKB1aBMSFAoSCfEKfxtBpjCOEQNdVVigdWgTGhQKEglfJ7QHQaYwjhE8bCvtXQL3NRoUChIJoUSp-0CmMI4RKOzmIJW_r00iCg3FAxACFc2wY9I","address":"Cl 24A, San Nicolas","area":"Centro","zone":"Urbana","place_report_count":1,"evaluation_count":1,"nivel_dano_max":"bajo","severidad_max":"medio","habitabilidad":"h","tipo_inmueble":"educativo","recomendaciones":"","rud_records":0,"rud_unique_docs":0,"rud_households":0,"rud_women":0,"rud_minors":0,"rud_older65":0,"rud_match_methods":"","rud_match_confidence":"","has_rud_match":false}},{"type":"Feature","geometry":{"type":"Point","coordinates":[-76.5285854,3.460524]},"properties":{"place_id":"EjhBdi4gNCBOdGUuLCBTYW4gVmljZW50ZSwgQ2FsaSwgVmFsbGUgZGVsIENhdWNhLCBDb2xvbWJpYSIuKiwKFAoSCVWKmnEXpjCOEeEdDVblfjAnEhQKEgmJ4HL8aqYwjhHdv0GmGD6ZOA","address":"Av 4 Norte, San Vicente","area":"Versalles","zone":"Urbana","place_report_count":1,"evaluation_count":1,"nivel_dano_max":"medio","severidad_max":"medio_alto","habitabilidad":"r1","tipo_inmueble":"","recomendaciones":"","rud_records":0,"rud_unique_docs":0,"rud_households":0,"rud_women":0,"rud_minors":0,"rud_older65":0,"rud_match_methods":"","rud_match_confidence":"","has_rud_match":false}},{"type":"Feature","geometry":{"type":"Point","coordinates":[-76.52646399999999,3.4623199]},"properties":{"place_id":"ChIJpYVNu2qmMI4REXPH-X96hRA","address":"Av De Las Americas 22 N 71 San Vicente","area":"Versalles","zone":"Urbana","place_report_count":1,"evaluation_count":1,"nivel_dano_max":"bajo","severidad_max":"bajo","habitabilidad":"h","tipo_inmueble":"residencial","recomendaciones":"seguimiento","rud_records":0,"rud_unique_docs":0,"rud_households":0,"rud_women":0,"rud_minors":0,"rud_older65":0,"rud_match_methods":"","rud_match_confidence":"","has_rud_match":false}},{"type":"Feature","geometry":{"type":"Point","coordinates":[-76.5163061,3.4624981]},"properties":{"place_id":"ChIJY0Mt6kemMI4Rbc8OJc3Ptvg","address":"San Francisco Esmeralda","area":"San Francisco","zone":"Urbana","place_report_count":1,"evaluation_count":3,"nivel_dano_max":"medio","severidad_max":"medio_alto","habitabilidad":"h, r1","tipo_inmueble":"residencial","recomendaciones":"seguimiento","rud_records":0,"rud_unique_docs":0,"rud_households":0,"rud_women":0,"rud_minors":0,"rud_older65":0,"rud_match_methods":"","rud_match_confidence":"","has_rud_match":false}},{"type":"Feature","geometry":{"type":"Point","coordinates":[-76.527856,3.4627755]},"properties":{"place_id":"ChIJ_7XZz2qmMI4RfpAZdyNP0kE","address":"Av 5 Norte #22-24, San Vicente","area":"Versalles","zone":"Urbana","place_report_count":1,"evaluation_count":1,"nivel_dano_max":"alto","severidad_max":"alto","habitabilidad":"i2","tipo_inmueble":"residencial","recomendaciones":"","rud_records":0,"rud_unique_docs":0,"rud_households":0,"rud_women":0,"rud_minors":0,"rud_older65":0,"rud_match_methods":"","rud_match_confidence":"","has_rud_match":false}},{"type":"Feature","geometry":{"type":"Point","coordinates":[-76.49662699999999,3.4628354]},"properties":{"place_id":"EjhDbC4gNTYgIzUtMTUyLCBDb211bmEgNSwgQ2FsaSwgVmFsbGUgZGVsIENhdWNhLCBDb2xvbWJpYSIxEi8KFAoSCetZywG2pzCOEeLn95RlsB9SEJgBKhQKEgnzp6-8LaYwjhGeElRsf4tZoQ","address":"Cl 56 #5-152, Comuna 5","area":"CAMINO REAL 2","zone":"Rural","place_report_count":1,"evaluation_count":0,"nivel_dano_max":null,"severidad_max":null,"habitabilidad":"","tipo_inmueble":"","recomendaciones":"","rud_records":4,"rud_unique_docs":4,"rud_households":1,"rud_women":3,"rud_minors":1,"rud_older65":0,"rud_match_methods":"road_key","rud_match_confidence":"alta","has_rud_match":true}},{"type":"Feature","geometry":{"type":"Point","coordinates":[-76.5303914,3.4630087]},"properties":{"place_id":"EjRBdiA2IE4sIFNhbiBWaWNlbnRlLCBDYWxpLCBWYWxsZSBkZWwgQ2F1Y2EsIENvbG9tYmlhIi4qLAoUChIJ2fNT8m6mMI4ReGe7A6UL-HESFAoSCYngcvxqpjCOEd2_QaYYPpk4","address":"Av 6 Norte, San Vicente","area":"Versalles","zone":"Urbana","place_report_count":1,"evaluation_count":1,"nivel_dano_max":"medio","severidad_max":"medio_alto","habitabilidad":"r1","tipo_inmueble":"","recomendaciones":"restringir_peatones","rud_records":0,"rud_unique_docs":0,"rud_households":0,"rud_women":0,"rud_minors":0,"rud_older65":0,"rud_match_methods":"","rud_match_confidence":"","has_rud_match":false}},{"type":"Feature","geometry":{"type":"Point","coordinates":[-76.52752989999999,3.463064]},"properties":{"place_id":"ChIJnfWOy2qmMI4Rc_Mt3q7Aykc","address":"Cl 23 Norte #4N-51, San Vicente","area":"Versalles","zone":"Urbana","place_report_count":1,"evaluation_count":1,"nivel_dano_max":"medio","severidad_max":"medio_alto","habitabilidad":"r1","tipo_inmueble":"residencial","recomendaciones":"","rud_records":0,"rud_unique_docs":0,"rud_households":0,"rud_women":0,"rud_minors":0,"rud_older65":0,"rud_match_methods":"","rud_match_confidence":"","has_rud_match":false}},{"type":"Feature","geometry":{"type":"Point","coordinates":[-76.50218077774682,3.46333]},"properties":{"place_id":"verified:3.46333,-76.50218","address":"Cl 48 #4D-11, Salomia","area":"SIN INFORMACIÓN","zone":"Urbana","place_report_count":1,"evaluation_count":0,"nivel_dano_max":null,"severidad_max":null,"habitabilidad":"","tipo_inmueble":"","recomendaciones":"","rud_records":6,"rud_unique_docs":6,"rud_households":4,"rud_women":4,"rud_minors":0,"rud_older65":0,"rud_match_methods":"road_key","rud_match_confidence":"alta","has_rud_match":true}},{"type":"Feature","geometry":{"type":"Point","coordinates":[-76.5263135,3.4635205]},"properties":{"place_id":"ChIJe64kUhWmMI4RSi0BMtC1as8","address":"Cl 23A Norte #3N-75, San Vicente","area":"SAN VICENTE","zone":"Urbana","place_report_count":1,"evaluation_count":0,"nivel_dano_max":null,"severidad_max":null,"habitabilidad":"","tipo_inmueble":"","recomendaciones":"","rud_records":15,"rud_unique_docs":15,"rud_households":10,"rud_women":8,"rud_minors":0,"rud_older65":9,"rud_match_methods":"road_key","rud_match_confidence":"alta","has_rud_match":true}},{"type":"Feature","geometry":{"type":"Point","coordinates":[-76.53286709999999,3.463557]},"properties":{"place_id":"ChIJ9RvFfHSnMI4RCW2rUqvGbHc","address":"Cl 22 Norte #9N-17, Santa Monica Residential","area":"Santa monica","zone":"Urbana","place_report_count":1,"evaluation_count":1,"nivel_dano_max":"alto","severidad_max":"medio_alto","habitabilidad":"i2","tipo_inmueble":"residencial","recomendaciones":"evacuar_total","rud_records":0,"rud_unique_docs":0,"rud_households":0,"rud_women":0,"rud_minors":0,"rud_older65":0,"rud_match_methods":"","rud_match_confidence":"","has_rud_match":false}},{"type":"Feature","geometry":{"type":"Point","coordinates":[-76.52684529999999,3.463566]},"properties":{"place_id":"ChIJ_0XiSxWmMI4RLZGWpFBJXh4","address":"Av 4 Norte #23N-53, San Vicente","area":"San vicente","zone":"Urbana","place_report_count":2,"evaluation_count":1,"nivel_dano_max":"medio","severidad_max":"medio","habitabilidad":"i2","tipo_inmueble":"","recomendaciones":"","rud_records":0,"rud_unique_docs":0,"rud_households":0,"rud_women":0,"rud_minors":0,"rud_older65":0,"rud_match_methods":"","rud_match_confidence":"","has_rud_match":false}},{"type":"Feature","geometry":{"type":"Point","coordinates":[-76.5252647,3.4635764]},"properties":{"place_id":"ChIJG4kh_z-mMI4Rm2EXWfQyRGg","address":"Las Americas a1 Av De Las Americas Cii 23N San Vicente","area":"Av las americas","zone":"Urbana","place_report_count":1,"evaluation_count":1,"nivel_dano_max":"alto","severidad_max":"alto","habitabilidad":"i2","tipo_inmueble":"","recomendaciones":"","rud_records":0,"rud_unique_docs":0,"rud_households":0,"rud_women":0,"rud_minors":0,"rud_older65":0,"rud_match_methods":"","rud_match_confidence":"","has_rud_match":false}},{"type":"Feature","geometry":{"type":"Point","coordinates":[-76.5282398,3.4637793]},"properties":{"place_id":"EjlBdi4gNWEgTnRlLiwgU2FuIFZpY2VudGUsIENhbGksIFZhbGxlIGRlbCBDYXVjYSwgQ29sb21iaWEiLiosChQKEgkn-froFKYwjhEZUTSsooFnjBIUChIJn1GwqRWmMI4RCUfBRAokRAY","address":"Av 5A Norte, San Vicente","area":"Versalles","zone":"Urbana","place_report_count":1,"evaluation_count":2,"nivel_dano_max":"medio","severidad_max":"medio_alto","habitabilidad":"h, r1","tipo_inmueble":"comercial, residencial","recomendaciones":"","rud_records":0,"rud_unique_docs":0,"rud_households":0,"rud_women":0,"rud_minors":0,"rud_older65":0,"rud_match_methods":"","rud_match_confidence":"","has_rud_match":false}},{"type":"Feature","geometry":{"type":"Point","coordinates":[-76.5265418,3.4637937]},"properties":{"place_id":"EjpDbC4gMjNhIE50ZS4sIFNhbiBWaWNlbnRlLCBDYWxpLCBWYWxsZSBkZWwgQ2F1Y2EsIENvbG9tYmlhIi4qLAoUChIJK81VRRWmMI4RLy0oP3Z0d6USFAoSCYngcvxqpjCOEd2_QaYYPpk4","address":"Cl 23A Norte, San Vicente","area":"Versalles","zone":"Urbana","place_report_count":1,"evaluation_count":2,"nivel_dano_max":"medio","severidad_max":"medio_alto","habitabilidad":"r1","tipo_inmueble":"oficina","recomendaciones":"","rud_records":0,"rud_unique_docs":0,"rud_households":0,"rud_women":0,"rud_minors":0,"rud_older65":0,"rud_match_methods":"","rud_match_confidence":"","has_rud_match":false}},{"type":"Feature","geometry":{"type":"Point","coordinates":[-76.52523049999999,3.4638057]},"properties":{"place_id":"ElBDbC4gMjNiIE50ZS4gJiBBdi4gZGUgbGFzIEFtZXJpY2FzLCBTYW4gVmljZW50ZSwgQ2FsaSwgVmFsbGUgZGVsIENhdWNhLCBDb2xvbWJpYSJmImQKFAoSCY-cN_s_pjCOEZ-1pIcTiUoQEhQKEgmPnDf7P6YwjhGftaSHE4lKEBoUChIJMfI3ZhWmMI4RIqHqF8ConXsaFAoSCbsvv5NqpjCOEfXkceTqT7QqIgoN6YgQAhUvLWPS","address":"Av 3 Norte #23BN-43, Ed Espana San Vicente","area":"SAN VICENTE","zone":"Urbana","place_report_count":2,"evaluation_count":0,"nivel_dano_max":null,"severidad_max":null,"habitabilidad":"","tipo_inmueble":"","recomendaciones":"","rud_records":14,"rud_unique_docs":14,"rud_households":9,"rud_women":10,"rud_minors":1,"rud_older65":7,"rud_match_methods":"nomenclatura_sector","rud_match_confidence":"media","has_rud_match":true}},{"type":"Feature","geometry":{"type":"Point","coordinates":[-76.5289162,3.4638185]},"properties":{"place_id":"ChIJPyM31xSmMI4RYP2wrSdpeAI","address":"Av 5B Norte #22-37, San Vicente","area":"Versalles","zone":"Urbana","place_report_count":1,"evaluation_count":1,"nivel_dano_max":"bajo","severidad_max":"bajo","habitabilidad":"h","tipo_inmueble":"residencial","recomendaciones":"","rud_records":0,"rud_unique_docs":0,"rud_households":0,"rud_women":0,"rud_minors":0,"rud_older65":0,"rud_match_methods":"","rud_match_confidence":"","has_rud_match":false}},{"type":"Feature","geometry":{"type":"Point","coordinates":[-76.53414459999999,3.4638728]},"properties":{"place_id":"ChIJwc_6KBOmMI4Rgfc4BburchI","address":"Av 10 Norte #21-06, Santa Monica","area":"SANTA MONICA RESIDENCIAL","zone":"Urbana","place_report_count":1,"evaluation_count":0,"nivel_dano_max":null,"severidad_max":null,"habitabilidad":"","tipo_inmueble":"","recomendaciones":"","rud_records":1,"rud_unique_docs":1,"rud_households":1,"rud_women":1,"rud_minors":0,"rud_older65":0,"rud_match_methods":"road_key","rud_match_confidence":"alta","has_rud_match":true}},{"type":"Feature","geometry":{"type":"Point","coordinates":[-76.52560679999999,3.4641709]},"properties":{"place_id":"ChIJrS8h4j-mMI4RJsbTt_eCE6I","address":"Cl 23B Norte #3N-52, San Vicente","area":"San Vicente","zone":"Urbana","place_report_count":1,"evaluation_count":1,"nivel_dano_max":"alto","severidad_max":"medio_alto","habitabilidad":"i2","tipo_inmueble":"educativo","recomendaciones":"","rud_records":0,"rud_unique_docs":0,"rud_households":0,"rud_women":0,"rud_minors":0,"rud_older65":0,"rud_match_methods":"","rud_match_confidence":"","has_rud_match":false}},{"type":"Feature","geometry":{"type":"Point","coordinates":[-76.52759089999999,3.4643334]},"properties":{"place_id":"EkhDbC4gMjNhIE50ZS4gIzVuLTMyIDQ0byA1MCwgU2FuIFZpY2VudGUsIENhbGksIFZhbGxlIGRlbCBDYXVjYSwgQ29sb21iaWEiIhogChYKFAoSCQWwNDwVpjCOEWs0I_thO9UrEgY0NG8gNTA","address":"Cl 23A Norte #5N-32, 44O 50 San Vicente","area":"Versalles","zone":"Urbana","place_report_count":1,"evaluation_count":1,"nivel_dano_max":"medio","severidad_max":"medio_alto","habitabilidad":"r2","tipo_inmueble":"","recomendaciones":"","rud_records":0,"rud_unique_docs":0,"rud_households":0,"rud_women":0,"rud_minors":0,"rud_older65":0,"rud_match_methods":"","rud_match_confidence":"","has_rud_match":false}},{"type":"Feature","geometry":{"type":"Point","coordinates":[-76.52730470000002,3.464417]},"properties":{"place_id":"ChIJQQOzPxWmMI4RPj8CxInGlAw","address":"Cl 23A Norte #5-28, San Vicente","area":"Versalles","zone":"Urbana","place_report_count":1,"evaluation_count":1,"nivel_dano_max":"medio","severidad_max":"medio_alto","habitabilidad":"r2","tipo_inmueble":"residencial","recomendaciones":"","rud_records":0,"rud_unique_docs":0,"rud_households":0,"rud_women":0,"rud_minors":0,"rud_older65":0,"rud_match_methods":"","rud_match_confidence":"","has_rud_match":false}},{"type":"Feature","geometry":{"type":"Point","coordinates":[-76.5279221,3.4645153]},"properties":{"place_id":"ChIJ-zkIGBWmMI4RRAGRngOSM04","address":"Av 5A Norte #23, San Vicente","area":"Versalles","zone":"Urbana","place_report_count":1,"evaluation_count":1,"nivel_dano_max":"bajo","severidad_max":"bajo","habitabilidad":"h","tipo_inmueble":"","recomendaciones":"","rud_records":0,"rud_unique_docs":0,"rud_households":0,"rud_women":0,"rud_minors":0,"rud_older65":0,"rud_match_methods":"","rud_match_confidence":"","has_rud_match":false}},{"type":"Feature","geometry":{"type":"Point","coordinates":[-76.5247528,3.4646496]},"properties":{"place_id":"ChIJWYy0wz-mMI4RL5hSppvK32Q","address":"Av De Las Americas 23bn83 San Vicente","area":"San Vicente","zone":"Urbana","place_report_count":1,"evaluation_count":1,"nivel_dano_max":"bajo","severidad_max":"bajo","habitabilidad":"r2","tipo_inmueble":"institucional","recomendaciones":"seguimiento","rud_records":0,"rud_unique_docs":0,"rud_households":0,"rud_women":0,"rud_minors":0,"rud_older65":0,"rud_match_methods":"","rud_match_confidence":"","has_rud_match":false}},{"type":"Feature","geometry":{"type":"Point","coordinates":[-76.5184178,3.4647753]},"properties":{"place_id":"ChIJ5XfD6TimMI4RpP4TnLv0WMg","address":"Cra 5y3, A Cl 31BN Ignacio Rengifo Fatima","area":"Berlin","zone":"Urbana","place_report_count":1,"evaluation_count":1,"nivel_dano_max":"sin_dano","severidad_max":"sin_dano","habitabilidad":"h","tipo_inmueble":"educativo","recomendaciones":"","rud_records":0,"rud_unique_docs":0,"rud_households":0,"rud_women":0,"rud_minors":0,"rud_older65":0,"rud_match_methods":"","rud_match_confidence":"","has_rud_match":false}},{"type":"Feature","geometry":{"type":"Point","coordinates":[-76.52599599999999,3.4648491]},"properties":{"place_id":"EkdBdi4gNCBOdGUuICYgQ2wuIDIzYyBOdGUuLCBTYW4gVmljZW50ZSwgQ2FsaSwgVmFsbGUgZGVsIENhdWNhLCBDb2xvbWJpYSJmImQKFAoSCekFkWMVpjCOEUn2VieN-BehEhQKEgnpBZFjFaYwjhFJ9lYnjfgXoRoUChIJVYqacRemMI4R4R0NVuV-MCcaFAoSCbXsHdo_pjCOEcEMKR40AEx-IgoNq7EQAhVID2PS","address":"Cl 23C Norte, San Vicente","area":"Versalles","zone":"Urbana","place_report_count":1,"evaluation_count":1,"nivel_dano_max":"medio","severidad_max":"medio_alto","habitabilidad":"r2","tipo_inmueble":"oficina","recomendaciones":"","rud_records":0,"rud_unique_docs":0,"rud_households":0,"rud_women":0,"rud_minors":0,"rud_older65":0,"rud_match_methods":"","rud_match_confidence":"","has_rud_match":false}},{"type":"Feature","geometry":{"type":"Point","coordinates":[-76.5287039,3.4650227]},"properties":{"place_id":"ChIJC2QrNwCnMI4Reh_SmnMHXAk","address":"Av Estacion San Vicente","area":"Versalles","zone":"Urbana","place_report_count":1,"evaluation_count":1,"nivel_dano_max":"alto","severidad_max":"medio_alto","habitabilidad":"i2","tipo_inmueble":"residencial","recomendaciones":"","rud_records":0,"rud_unique_docs":0,"rud_households":0,"rud_women":0,"rud_minors":0,"rud_older65":0,"rud_match_methods":"","rud_match_confidence":"","has_rud_match":false}},{"type":"Feature","geometry":{"type":"Point","coordinates":[-76.5267169,3.4652055]},"properties":{"place_id":"ChIJK3aUcRWmMI4RweLM2YeNPcc","address":"Av 5 Norte #23BN-35, San Vicente","area":"Versalles","zone":"Urbana","place_report_count":1,"evaluation_count":2,"nivel_dano_max":"bajo","severidad_max":"bajo","habitabilidad":"h","tipo_inmueble":"salud","recomendaciones":"","rud_records":0,"rud_unique_docs":0,"rud_households":0,"rud_women":0,"rud_minors":0,"rud_older65":0,"rud_match_methods":"","rud_match_confidence":"","has_rud_match":false}},{"type":"Feature","geometry":{"type":"Point","coordinates":[-76.5283515,3.4652464]},"properties":{"place_id":"EkhBdi4gNWIgTnRlLiAmIENsLiAyM2EgTnRlLiwgU2FuIFZpY2VudGUsIENhbGksIFZhbGxlIGRlbCBDYXVjYSwgQ29sb21iaWEiZiJkChQKEgmJDKwDFaYwjhFFnEy_NDpGJxIUChIJiQysAxWmMI4RRZxMvzQ6RicaFAoSCYvdj9iYqDCOEcbI0cycf1jEGhQKEgkrzVVFFaYwjhEvLSg_dnR3pSIKDTDBEAIVRbNi0g","address":"Av 5B Norte, Cl 23A N San Vicente","area":"Versalles","zone":"Urbana","place_report_count":1,"evaluation_count":1,"nivel_dano_max":"alto","severidad_max":"alto","habitabilidad":"i2","tipo_inmueble":"","recomendaciones":"","rud_records":0,"rud_unique_docs":0,"rud_households":0,"rud_women":0,"rud_minors":0,"rud_older65":0,"rud_match_methods":"","rud_match_confidence":"","has_rud_match":false}},{"type":"Feature","geometry":{"type":"Point","coordinates":[-76.53089251086078,3.465589730624089]},"properties":{"place_id":"verified:3.46559,-76.53089","address":"Av 6A Norte #23N-68, San Vicente","area":"SANTA MONICA","zone":"Urbana","place_report_count":1,"evaluation_count":0,"nivel_dano_max":null,"severidad_max":null,"habitabilidad":"","tipo_inmueble":"","recomendaciones":"","rud_records":1,"rud_unique_docs":1,"rud_households":1,"rud_women":0,"rud_minors":0,"rud_older65":1,"rud_match_methods":"road_key","rud_match_confidence":"alta","has_rud_match":true}},{"type":"Feature","geometry":{"type":"Point","coordinates":[-76.64348020000001,3.4667384]},"properties":{"place_id":"ChIJM84uE127MI4RFaPfkjgOUAc","address":"Felidia","area":"Corregimiento La Elvira Alto Aguacatal","zone":"Urbana","place_report_count":1,"evaluation_count":1,"nivel_dano_max":"medio","severidad_max":"medio_alto","habitabilidad":"r1","tipo_inmueble":"residencial","recomendaciones":"","rud_records":0,"rud_unique_docs":0,"rud_households":0,"rud_women":0,"rud_minors":0,"rud_older65":0,"rud_match_methods":"","rud_match_confidence":"","has_rud_match":false}},{"type":"Feature","geometry":{"type":"Point","coordinates":[-76.5255773,3.466924]},"properties":{"place_id":"EjlBdi4gM2EgTnRlLiwgU2FuIFZpY2VudGUsIENhbGksIFZhbGxlIGRlbCBDYXVjYSwgQ29sb21iaWEiLiosChQKEgmbt25fnagwjhHk4EtUtUESwRIUChIJn1GwqRWmMI4RCUfBRAokRAY","address":"Av 3A Norte, San Vicente","area":"San Vicente Versalles","zone":"Urbana","place_report_count":1,"evaluation_count":1,"nivel_dano_max":"bajo","severidad_max":"bajo","habitabilidad":"r1","tipo_inmueble":"","recomendaciones":"","rud_records":0,"rud_unique_docs":0,"rud_households":0,"rud_women":0,"rud_minors":0,"rud_older65":0,"rud_match_methods":"","rud_match_confidence":"","has_rud_match":false}},{"type":"Feature","geometry":{"type":"Point","coordinates":[-76.52717299999999,3.4671656]},"properties":{"place_id":"EktDbC4gMjRhIE50ZS4gIzVuLTI0IGFwdG8gMTIwNCwgU2FuIFZpY2VudGUsIENhbGksIFZhbGxlIGRlbCBDYXVjYSwgQ29sb21iaWEiJRojChYKFAoSCcfI28EVpjCOEdRBFaReqaTZEglhcHRvIDEyMDQ","address":"Cl 24A Norte #5N-24, 1204 San Vicente","area":"San Vicente","zone":"Urbana","place_report_count":1,"evaluation_count":1,"nivel_dano_max":"alto","severidad_max":"alto","habitabilidad":"i2","tipo_inmueble":"residencial","recomendaciones":"","rud_records":0,"rud_unique_docs":0,"rud_households":0,"rud_women":0,"rud_minors":0,"rud_older65":0,"rud_match_methods":"","rud_match_confidence":"","has_rud_match":false}},{"type":"Feature","geometry":{"type":"Point","coordinates":[-76.5239546,3.4675087]},"properties":{"place_id":"ChIJoSj3bT6mMI4Rpv4dDSwFdUU","address":"Cl 24A Norte #2B-51, San Vicente","area":"San Vicente","zone":"Urbana","place_report_count":1,"evaluation_count":1,"nivel_dano_max":"alto","severidad_max":"medio_alto","habitabilidad":"i2","tipo_inmueble":"residencial","recomendaciones":"","rud_records":0,"rud_unique_docs":0,"rud_households":0,"rud_women":0,"rud_minors":0,"rud_older65":0,"rud_match_methods":"","rud_match_confidence":"","has_rud_match":false}},{"type":"Feature","geometry":{"type":"Point","coordinates":[-76.5158678,3.4684887]},"properties":{"place_id":"EkhDbC4gMzggTnRlLiAmIENyYS4gNSBOdGUuLCBCdWVubyBNYWRyaWQsIENhbGksIFZhbGxlIGRlbCBDYXVjYSwgQ29sb21iaWEiZiJkChQKEgkzLxMjOqYwjhGAsZuS7ItgDBIUChIJMy8TIzqmMI4RgLGbkuyLYAwaFAoSCdslgbg8pjCOEVsxx3DnIIFjGhQKEgkv4fzVgagwjhEBVORfIZW5HiIKDdc_EQIV6ppk0g","address":"Cl 38 Norte, Cra 5 N Bueno Madrid","area":"Bueno Madrid","zone":"Urbana","place_report_count":1,"evaluation_count":1,"nivel_dano_max":"medio","severidad_max":"medio_alto","habitabilidad":"r1","tipo_inmueble":"residencial","recomendaciones":"","rud_records":0,"rud_unique_docs":0,"rud_households":0,"rud_women":0,"rud_minors":0,"rud_older65":0,"rud_match_methods":"","rud_match_confidence":"","has_rud_match":false}},{"type":"Feature","geometry":{"type":"Point","coordinates":[-76.5164379,3.468772]},"properties":{"place_id":"ElFDbC4gMzggIyA1IE5PUlRFLTMwIGFwYXJ0YW1lbnRvIDA0NSwgQm9saXZhcmlhbm8sIENhbGksIFZhbGxlIGRlbCBDYXVjYSwgQ29sb21iaWEiKxopChYKFAoSCZu9WjA6pjCOEW0KJJW0Fk1fEg9hcGFydGFtZW50byAwNDU","address":"Cl 38 #5-30, Bolivariano","area":"Barrio Bueno Madrid","zone":"Urbana","place_report_count":2,"evaluation_count":1,"nivel_dano_max":"bajo","severidad_max":"medio","habitabilidad":"h","tipo_inmueble":"residencial","recomendaciones":"","rud_records":0,"rud_unique_docs":0,"rud_households":0,"rud_women":0,"rud_minors":0,"rud_older65":0,"rud_match_methods":"","rud_match_confidence":"","has_rud_match":false}},{"type":"Feature","geometry":{"type":"Point","coordinates":[-76.49034594252187,3.469202032363995]},"properties":{"place_id":"verified:3.46920,-76.49035","address":"Cra 3 #63-34, Pampalinda","area":"PAMPALINDA PUENTE BLANCO","zone":"Rural","place_report_count":1,"evaluation_count":0,"nivel_dano_max":null,"severidad_max":null,"habitabilidad":"","tipo_inmueble":"","recomendaciones":"","rud_records":4,"rud_unique_docs":4,"rud_households":2,"rud_women":2,"rud_minors":0,"rud_older65":3,"rud_match_methods":"road_key","rud_match_confidence":"alta","has_rud_match":true}},{"type":"Feature","geometry":{"type":"Point","coordinates":[-76.530849,3.4693942]},"properties":{"place_id":"ChIJr--BjiihMI4RKHz8aWiE1iE","address":"Av 6B Norte #26N-28, Santa Monica Residential","area":"SANTA MONICA RESIDENCIAL","zone":"Urbana","place_report_count":1,"evaluation_count":0,"nivel_dano_max":null,"severidad_max":null,"habitabilidad":"","tipo_inmueble":"","recomendaciones":"","rud_records":9,"rud_unique_docs":9,"rud_households":4,"rud_women":6,"rud_minors":1,"rud_older65":7,"rud_match_methods":"road_key","rud_match_confidence":"alta","has_rud_match":true}},{"type":"Feature","geometry":{"type":"Point","coordinates":[-76.503822,3.469427]},"properties":{"place_id":"manual:3.46943,-76.50382","address":"Cra 59 #1E-43, Pampalinda","area":"CUARTO DE LEGUA","zone":"Urbana","place_report_count":1,"evaluation_count":0,"nivel_dano_max":null,"severidad_max":null,"habitabilidad":"","tipo_inmueble":"","recomendaciones":"","rud_records":6,"rud_unique_docs":6,"rud_households":4,"rud_women":1,"rud_minors":0,"rud_older65":5,"rud_match_methods":"road_key","rud_match_confidence":"alta","has_rud_match":true}},{"type":"Feature","geometry":{"type":"Point","coordinates":[-76.5161746,3.4694291]},"properties":{"place_id":"ChIJEZpNRjqmMI4RZ5Fxrv_1BgY","address":"Cl 38A Norte #5AN, 105 Bolivariano","area":"Bolivariano","zone":"Urbana","place_report_count":1,"evaluation_count":1,"nivel_dano_max":"bajo","severidad_max":"bajo","habitabilidad":"h","tipo_inmueble":"residencial","recomendaciones":"","rud_records":0,"rud_unique_docs":0,"rud_households":0,"rud_women":0,"rud_minors":0,"rud_older65":0,"rud_match_methods":"","rud_match_confidence":"","has_rud_match":false}},{"type":"Feature","geometry":{"type":"Point","coordinates":[-76.5179321,3.4696638]},"properties":{"place_id":"EkhDbC4gMzRhIE50ZS4gJiBBdi4gMmEgTnRlLiwgQm9saXZhcmlhbm8sIENhbGksIFZhbGxlIGRlbCBDYXVjYSwgQ29sb21iaWEiZiJkChQKEglT9aW7O6YwjhHnQ-rjfoiTchIUChIJU_WluzumMI4R50Pq436Ik3IaFAoSCQM_E448pjCOEdBkYXvOfVELGhQKEgnPxctnJaYwjhEpdQNWEEh5ayIKDb5tEQIVR0pk0g","address":"Cl 34AN #2AN-70, La Flora","area":"PRADOS DEL NORTE","zone":"Urbana","place_report_count":1,"evaluation_count":0,"nivel_dano_max":null,"severidad_max":null,"habitabilidad":"","tipo_inmueble":"","recomendaciones":"","rud_records":28,"rud_unique_docs":28,"rud_households":15,"rud_women":15,"rud_minors":4,"rud_older65":5,"rud_match_methods":"road_key","rud_match_confidence":"alta","has_rud_match":true}},{"type":"Feature","geometry":{"type":"Point","coordinates":[-76.51787809999999,3.4696818]},"properties":{"place_id":"ChIJuZNgrF-nMI4RK_1l9w3b6lU","address":"Cl 38 #5N-53, Unidad Residencial Bueno Madrid","area":"Bueno Madrid","zone":"Urbana","place_report_count":2,"evaluation_count":4,"nivel_dano_max":"alto","severidad_max":"alto","habitabilidad":"i2, r1","tipo_inmueble":"residencial","recomendaciones":"","rud_records":0,"rud_unique_docs":0,"rud_households":0,"rud_women":0,"rud_minors":0,"rud_older65":0,"rud_match_methods":"","rud_match_confidence":"","has_rud_match":false}},{"type":"Feature","geometry":{"type":"Point","coordinates":[-76.52645,3.4697]},"properties":{"place_id":"manual:3.46970,-76.52645","address":"Av 6 Norte #33-06","area":"SAN VICENTE","zone":"Urbana","place_report_count":1,"evaluation_count":0,"nivel_dano_max":null,"severidad_max":null,"habitabilidad":"","tipo_inmueble":"","recomendaciones":"","rud_records":15,"rud_unique_docs":15,"rud_households":8,"rud_women":12,"rud_minors":0,"rud_older65":6,"rud_match_methods":"road_key","rud_match_confidence":"alta","has_rud_match":true}},{"type":"Feature","geometry":{"type":"Point","coordinates":[-76.5264503,3.4702956]},"properties":{"place_id":"ChIJVYqacRemMI4R4R0NVuV-MCc","address":"Av 4 Norte","area":"La mega","zone":"Urbana","place_report_count":1,"evaluation_count":1,"nivel_dano_max":"alto","severidad_max":"medio_alto","habitabilidad":"i2","tipo_inmueble":"residencial","recomendaciones":"","rud_records":0,"rud_unique_docs":0,"rud_households":0,"rud_women":0,"rud_minors":0,"rud_older65":0,"rud_match_methods":"","rud_match_confidence":"","has_rud_match":false}},{"type":"Feature","geometry":{"type":"Point","coordinates":[-76.4869143,3.4703104]},"properties":{"place_id":"ChIJ939Z9MSnMI4R5jNWQlrKEQQ","address":"Cra 3 #69-59, Santa Barbara","area":"SANTA BARBARA","zone":"Urbana","place_report_count":1,"evaluation_count":1,"nivel_dano_max":"bajo","severidad_max":"medio","habitabilidad":"r2","tipo_inmueble":"comercial","recomendaciones":"","rud_records":2,"rud_unique_docs":2,"rud_households":2,"rud_women":1,"rud_minors":0,"rud_older65":0,"rud_match_methods":"nomenclatura_sector","rud_match_confidence":"media","has_rud_match":true}},{"type":"Feature","geometry":{"type":"Point","coordinates":[-76.5136617,3.4708734]},"properties":{"place_id":"ChIJhSW6ezCmMI4R3qq6A-jL9Gw","address":"Cl 41 Norte #5N-23, Bolivariano","area":"Ignacio rengifo","zone":"Urbana","place_report_count":1,"evaluation_count":1,"nivel_dano_max":"sin_dano","severidad_max":"sin_dano","habitabilidad":"h","tipo_inmueble":"educativo","recomendaciones":"","rud_records":0,"rud_unique_docs":0,"rud_households":0,"rud_women":0,"rud_minors":0,"rud_older65":0,"rud_match_methods":"","rud_match_confidence":"","has_rud_match":false}},{"type":"Feature","geometry":{"type":"Point","coordinates":[-76.48692729999999,3.4709425]},"properties":{"place_id":"ChIJ70hs7MSnMI4RpWxPpAKqQuM","address":"Cra 3 #69-59, Santa Barbara","area":"Guayacanes","zone":"Urbana","place_report_count":1,"evaluation_count":1,"nivel_dano_max":"bajo","severidad_max":"bajo","habitabilidad":"h","tipo_inmueble":"comercial","recomendaciones":"seguimiento","rud_records":0,"rud_unique_docs":0,"rud_households":0,"rud_women":0,"rud_minors":0,"rud_older65":0,"rud_match_methods":"","rud_match_confidence":"","has_rud_match":false}},{"type":"Feature","geometry":{"type":"Point","coordinates":[-76.4997154,3.4712008]},"properties":{"place_id":"ChIJv1cECs2nMI4Rk88WMr5pn_I","address":"Cra 1d1 #53-140, Los Andes","area":"Los Andes","zone":"Urbana","place_report_count":3,"evaluation_count":1,"nivel_dano_max":"bajo","severidad_max":"medio","habitabilidad":"h","tipo_inmueble":"residencial","recomendaciones":"seguimiento","rud_records":0,"rud_unique_docs":0,"rud_households":0,"rud_women":0,"rud_minors":0,"rud_older65":0,"rud_match_methods":"","rud_match_confidence":"","has_rud_match":false}},{"type":"Feature","geometry":{"type":"Point","coordinates":[-76.5228545,3.4723388]},"properties":{"place_id":"EjtDbC4gMzRhIE50ZS4gJiBBdi4gM2MgTnRlLiwgQ2FsaSwgVmFsbGUgZGVsIENhdWNhLCBDb2xvbWJpYSJmImQKFAoSCe1n6ic9pjCOEVfAR3Ct-n6VEhQKEgntZ-onPaYwjhFXwEdwrfp-lRoUChIJAz8TjjymMI4R0GRhe859UQsaFAoSCV2FSEEnpjCOERN4Ow0npBO1IgoNPNYRAhX_iWPS","address":"Cl 34A Norte #3, Cn 22 Prados Del N","area":"Prados del Norte","zone":"Urbana","place_report_count":1,"evaluation_count":1,"nivel_dano_max":"medio","severidad_max":"medio_alto","habitabilidad":"i2","tipo_inmueble":"","recomendaciones":"","rud_records":0,"rud_unique_docs":0,"rud_households":0,"rud_women":0,"rud_minors":0,"rud_older65":0,"rud_match_methods":"","rud_match_confidence":"","has_rud_match":false}},{"type":"Feature","geometry":{"type":"Point","coordinates":[-76.5074833,3.4731882]},"properties":{"place_id":"EidDcmEuIDEsIENhbGksIFZhbGxlIGRlbCBDYXVjYSwgQ29sb21iaWEiLiosChQKEglXkUACMqYwjhGPcBLukHZmKBIUChIJESedtkOmMI4R--NFJ63l3jc","address":"Cra 1","area":"Chiminangos 1","zone":"Urbana","place_report_count":1,"evaluation_count":7,"nivel_dano_max":"medio","severidad_max":"medio_alto","habitabilidad":"r1, r2","tipo_inmueble":"residencial","recomendaciones":"","rud_records":0,"rud_unique_docs":0,"rud_households":0,"rud_women":0,"rud_minors":0,"rud_older65":0,"rud_match_methods":"","rud_match_confidence":"","has_rud_match":false}},{"type":"Feature","geometry":{"type":"Point","coordinates":[-76.4793064,3.4743524]},"properties":{"place_id":"ChIJFYK3h-enMI4RdHuAdm4ZPyM","address":"Cra 2B #78-03, Petecuy Primera Etapa","area":"PETECUY","zone":"Urbana","place_report_count":1,"evaluation_count":0,"nivel_dano_max":null,"severidad_max":null,"habitabilidad":"","tipo_inmueble":"","recomendaciones":"","rud_records":1,"rud_unique_docs":1,"rud_households":1,"rud_women":0,"rud_minors":0,"rud_older65":0,"rud_match_methods":"road_key","rud_match_confidence":"alta","has_rud_match":true}},{"type":"Feature","geometry":{"type":"Point","coordinates":[-76.505468,3.4744679]},"properties":{"place_id":"EjxDcmEuIDEgIzUwLTE2LCBCYXJyYW5xdWlsbGEsIENhbGksIFZhbGxlIGRlbCBDYXVjYSwgQ29sb21iaWEiMBIuChQKEgl_H7CpLaYwjhG0Ig3X0RP8FxAQKhQKEglXkUACMqYwjhGPcBLukHZmKA","address":"Cra 1 #50-16, Barranquilla","area":"Panamericana","zone":"Urbana","place_report_count":1,"evaluation_count":1,"nivel_dano_max":"bajo","severidad_max":"medio","habitabilidad":"r1","tipo_inmueble":"","recomendaciones":"","rud_records":0,"rud_unique_docs":0,"rud_households":0,"rud_women":0,"rud_minors":0,"rud_older65":0,"rud_match_methods":"","rud_match_confidence":"","has_rud_match":false}},{"type":"Feature","geometry":{"type":"Point","coordinates":[-76.51972810000001,3.4744724]},"properties":{"place_id":"EjhBdi4gMyBOdGUuICMzNyBOb3J0ZS04NCwgQ2FsaSwgVmFsbGUgZGVsIENhdWNhLCBDb2xvbWJpYSIwEi4KFAoSCfm50V8jpjCOEV6mjVIQZuRbEFQqFAoSCR18lmImpjCOEdSaNkQpTYrO","address":"Av 3 Norte #37-84","area":"SIN INFORMACIÓN","zone":"Urbana","place_report_count":1,"evaluation_count":0,"nivel_dano_max":null,"severidad_max":null,"habitabilidad":"","tipo_inmueble":"","recomendaciones":"","rud_records":3,"rud_unique_docs":3,"rud_households":1,"rud_women":1,"rud_minors":0,"rud_older65":1,"rud_match_methods":"direccion_normalizada","rud_match_confidence":"alta","has_rud_match":true}},{"type":"Feature","geometry":{"type":"Point","coordinates":[-76.5255864,3.4745564]},"properties":{"place_id":"ChIJ2yrTxVqnMI4R_y_VjivRXSc","address":"Av 6A Norte #33-06, San Vicente","area":"SAN VICENTE","zone":"Rural","place_report_count":1,"evaluation_count":1,"nivel_dano_max":"medio","severidad_max":"medio","habitabilidad":"r1","tipo_inmueble":"residencial","recomendaciones":"","rud_records":135,"rud_unique_docs":135,"rud_households":70,"rud_women":91,"rud_minors":8,"rud_older65":65,"rud_match_methods":"nomenclatura_sector","rud_match_confidence":"media","has_rud_match":true}},{"type":"Feature","geometry":{"type":"Point","coordinates":[-76.4938004,3.4754167]},"properties":{"place_id":"EjpDbC4gNjIgIzFjIDEtMTgsIENvbXVuYSA1LCBDYWxpLCBWYWxsZSBkZWwgQ2F1Y2EsIENvbG9tYmlhIjASLgoUChIJGeFI_NCnMI4RMtHs7biGVg4QEioUChIJxc_WT8qnMI4RqzV2jSPLg5A","address":"Cl 62 #1C-18, Comuna 5","area":"BARRANQUILLA","zone":"Urbana","place_report_count":1,"evaluation_count":0,"nivel_dano_max":null,"severidad_max":null,"habitabilidad":"","tipo_inmueble":"","recomendaciones":"","rud_records":4,"rud_unique_docs":4,"rud_households":2,"rud_women":3,"rud_minors":0,"rud_older65":2,"rud_match_methods":"road_key","rud_match_confidence":"alta","has_rud_match":true}},{"type":"Feature","geometry":{"type":"Point","coordinates":[-76.49105524550284,3.4762106268846082]},"properties":{"place_id":"verified:3.47621,-76.49106","address":"Cra 1c5 #64A-43, Comuna 5","area":"CH505NANG6S 1","zone":"Urbana","place_report_count":1,"evaluation_count":0,"nivel_dano_max":null,"severidad_max":null,"habitabilidad":"","tipo_inmueble":"","recomendaciones":"","rud_records":3,"rud_unique_docs":3,"rud_households":1,"rud_women":2,"rud_minors":0,"rud_older65":1,"rud_match_methods":"road_key","rud_match_confidence":"alta","has_rud_match":true}},{"type":"Feature","geometry":{"type":"Point","coordinates":[-76.48983869999999,3.4763994]},"properties":{"place_id":"EjtDcmEuIDFjIDIgIzY3LTIwLCBDb211bmEgNSwgQ2FsaSwgVmFsbGUgZGVsIENhdWNhLCBDb2xvbWJpYSIwEi4KFAoSCa1DtRXapzCOEcWAKml7E-IAEBQqFAoSCXuYDL3QpzCOEfB2XExViz4N","address":"Cra 1c2 #67-20, Comuna 5","area":"CHIMINANGOS 2","zone":"Urbana","place_report_count":1,"evaluation_count":0,"nivel_dano_max":null,"severidad_max":null,"habitabilidad":"","tipo_inmueble":"","recomendaciones":"","rud_records":5,"rud_unique_docs":5,"rud_households":2,"rud_women":3,"rud_minors":2,"rud_older65":1,"rud_match_methods":"road_key","rud_match_confidence":"alta","has_rud_match":true}},{"type":"Feature","geometry":{"type":"Point","coordinates":[-76.48936139999999,3.476501]},"properties":{"place_id":"EjtDcmEuIDFjIDEgIzY4LTEyLCBDb211bmEgNSwgQ2FsaSwgVmFsbGUgZGVsIENhdWNhLCBDb2xvbWJpYSIwEi4KFAoSCVvkjDzapzCOEUA_hd3dApRFEAwqFAoSCduaL6XQpzCOEQsRBZGNG8UP","address":"Cra 1c1 #68-12, Comuna 5","area":"CHIMINANGOS 1","zone":"Rural","place_report_count":1,"evaluation_count":1,"nivel_dano_max":"bajo","severidad_max":"bajo","habitabilidad":"r2","tipo_inmueble":"residencial","recomendaciones":"","rud_records":2,"rud_unique_docs":2,"rud_households":1,"rud_women":2,"rud_minors":0,"rud_older65":0,"rud_match_methods":"road_key","rud_match_confidence":"alta","has_rud_match":true}},{"type":"Feature","geometry":{"type":"Point","coordinates":[-76.48969579999999,3.4765852]},"properties":{"place_id":"ChIJp093FtqnMI4R8XlhqZk55S4","address":"Cra 1C Bis #67-42, Chiminangos I","area":"CHIMINANGOS 1","zone":"Rural","place_report_count":1,"evaluation_count":0,"nivel_dano_max":null,"severidad_max":null,"habitabilidad":"","tipo_inmueble":"","recomendaciones":"","rud_records":1,"rud_unique_docs":1,"rud_households":1,"rud_women":1,"rud_minors":0,"rud_older65":0,"rud_match_methods":"road_key","rud_match_confidence":"alta","has_rud_match":true}},{"type":"Feature","geometry":{"type":"Point","coordinates":[-76.4933205,3.4766055]},"properties":{"place_id":"ChIJ3WWD3NCnMI4R-CjWggTYUQU","address":"Cl 62B #1A-275, Comuna 5","area":"CHIMINANGOS 2","zone":"Urbana","place_report_count":1,"evaluation_count":1,"nivel_dano_max":"alto","severidad_max":"alto","habitabilidad":"i2","tipo_inmueble":"residencial","recomendaciones":"","rud_records":2,"rud_unique_docs":2,"rud_households":1,"rud_women":1,"rud_minors":0,"rud_older65":1,"rud_match_methods":"road_key","rud_match_confidence":"alta","has_rud_match":true}},{"type":"Feature","geometry":{"type":"Point","coordinates":[-76.49054629999999,3.4766496]},"properties":{"place_id":"ChIJQ0-VDtqnMI4Rr2XgG95cJe8","address":"Cra 1c3 #64A-41, Comuna 5","area":"CHIMINANGOS 1","zone":"Rural","place_report_count":1,"evaluation_count":0,"nivel_dano_max":null,"severidad_max":null,"habitabilidad":"","tipo_inmueble":"","recomendaciones":"","rud_records":5,"rud_unique_docs":5,"rud_households":2,"rud_women":4,"rud_minors":3,"rud_older65":0,"rud_match_methods":"road_key","rud_match_confidence":"alta","has_rud_match":true}},{"type":"Feature","geometry":{"type":"Point","coordinates":[-76.49075049999999,3.4766738]},"properties":{"place_id":"EjxDcmEuIDFjIDMgIzY0YS0yMSwgQ29tdW5hIDUsIENhbGksIFZhbGxlIGRlbCBDYXVjYSwgQ29sb21iaWEiMBIuChQKEgmLJmcJ2qcwjhHaXDpLqpBKmBAVKhQKEgk91cnx0KcwjhGQPOHXYlHJjQ","address":"Cra 1c3 #64A-21, Comuna 5","area":"CHIMINANGOS 1","zone":"Urbana","place_report_count":1,"evaluation_count":0,"nivel_dano_max":null,"severidad_max":null,"habitabilidad":"","tipo_inmueble":"","recomendaciones":"","rud_records":4,"rud_unique_docs":4,"rud_households":1,"rud_women":1,"rud_minors":1,"rud_older65":0,"rud_match_methods":"road_key","rud_match_confidence":"alta","has_rud_match":true}},{"type":"Feature","geometry":{"type":"Point","coordinates":[-76.4892375,3.4766904]},"properties":{"place_id":"verified:3.47669,-76.48924","address":"Cra 1C Bis #68-22, Comuna 5","area":"CHIMINANGOS 1","zone":"Rural","place_report_count":1,"evaluation_count":0,"nivel_dano_max":null,"severidad_max":null,"habitabilidad":"","tipo_inmueble":"","recomendaciones":"","rud_records":10,"rud_unique_docs":10,"rud_households":4,"rud_women":8,"rud_minors":2,"rud_older65":3,"rud_match_methods":"road_key","rud_match_confidence":"alta","has_rud_match":true}},{"type":"Feature","geometry":{"type":"Point","coordinates":[-76.4913486,3.4768837]},"properties":{"place_id":"EjtDcmEuIDFjIDMgIzY0LTExLCBDb211bmEgNSwgQ2FsaSwgVmFsbGUgZGVsIENhdWNhLCBDb2xvbWJpYSIwEi4KFAoSCft0NqbQpzCOEZzR7wINbK9YEAsqFAoSCT3VyfHQpzCOEZA84ddiUcmN","address":"Cra 1c3 #64-11, Comuna 5","area":"CHIMINANGOS I","zone":"Rural","place_report_count":1,"evaluation_count":0,"nivel_dano_max":null,"severidad_max":null,"habitabilidad":"","tipo_inmueble":"","recomendaciones":"","rud_records":2,"rud_unique_docs":2,"rud_households":1,"rud_women":2,"rud_minors":0,"rud_older65":1,"rud_match_methods":"road_key","rud_match_confidence":"alta","has_rud_match":true}},{"type":"Feature","geometry":{"type":"Point","coordinates":[-76.493472,3.4769658]},"properties":{"place_id":"ChIJDX2k0NCnMI4R39l1ShuJUHk","address":"Cl 62b9 #1A, 250 Comuna 5","area":"Chiminango 2","zone":"Urbana","place_report_count":1,"evaluation_count":4,"nivel_dano_max":"alto","severidad_max":"alto","habitabilidad":"i2","tipo_inmueble":"residencial","recomendaciones":"","rud_records":0,"rud_unique_docs":0,"rud_households":0,"rud_women":0,"rud_minors":0,"rud_older65":0,"rud_match_methods":"","rud_match_confidence":"","has_rud_match":false}},{"type":"Feature","geometry":{"type":"Point","coordinates":[-76.49322351372113,3.47709]},"properties":{"place_id":"verified:3.47709,-76.49322","address":"Cl 62b50 #1A-2, Chiminangos Ii","area":"Chiminangos 2","zone":"Urbana","place_report_count":1,"evaluation_count":3,"nivel_dano_max":"bajo","severidad_max":"medio","habitabilidad":"h, r1","tipo_inmueble":"residencial","recomendaciones":"seguimiento","rud_records":0,"rud_unique_docs":0,"rud_households":0,"rud_women":0,"rud_minors":0,"rud_older65":0,"rud_match_methods":"","rud_match_confidence":"","has_rud_match":false}},{"type":"Feature","geometry":{"type":"Point","coordinates":[-76.4912942,3.4771223]},"properties":{"place_id":"Ej1DcmEuIDFjIEJpcyAjNjQtMTIsIENvbXVuYSA1LCBDYWxpLCBWYWxsZSBkZWwgQ2F1Y2EsIENvbG9tYmlhIjASLgoUChIJ_3okqtCnMI4R1Qy0N0z-0GEQDCoUChIJOS2w6dCnMI4Rqo8LMeXhkNk","address":"Cra 1C Bis #64-12, Comuna 5","area":"Chiminangos","zone":"Urbana","place_report_count":1,"evaluation_count":1,"nivel_dano_max":"bajo","severidad_max":"bajo","habitabilidad":"r2","tipo_inmueble":"residencial","recomendaciones":"","rud_records":0,"rud_unique_docs":0,"rud_households":0,"rud_women":0,"rud_minors":0,"rud_older65":0,"rud_match_methods":"","rud_match_confidence":"","has_rud_match":false}},{"type":"Feature","geometry":{"type":"Point","coordinates":[-76.4927362,3.4771466]},"properties":{"place_id":"ChIJT6E_ydCnMI4RWjyI-yk6S4c","address":"Cl 62b75 #1A-9, Sector 5 Agrupacion 1 1d12 Chiminangos Ii","area":"Chiminangos","zone":"Urbana","place_report_count":2,"evaluation_count":6,"nivel_dano_max":"alto","severidad_max":"medio_alto","habitabilidad":"i2, r1","tipo_inmueble":"residencial","recomendaciones":"","rud_records":0,"rud_unique_docs":0,"rud_households":0,"rud_women":0,"rud_minors":0,"rud_older65":0,"rud_match_methods":"","rud_match_confidence":"","has_rud_match":false}},{"type":"Feature","geometry":{"type":"Point","coordinates":[-76.4916509,3.4771597]},"properties":{"place_id":"EjtDcmEuIDFjIDEgIzYzLTMxLCBDb211bmEgNSwgQ2FsaSwgVmFsbGUgZGVsIENhdWNhLCBDb2xvbWJpYSIwEi4KFAoSCaF2Fq7QpzCOERhqsz6OW4q0EB8qFAoSCduaL6XQpzCOEQsRBZGNG8UP","address":"Cra 1c1 #63-31, Comuna 5","area":"CHIMINANGOS 1","zone":"Rural","place_report_count":1,"evaluation_count":0,"nivel_dano_max":null,"severidad_max":null,"habitabilidad":"","tipo_inmueble":"","recomendaciones":"","rud_records":6,"rud_unique_docs":6,"rud_households":3,"rud_women":3,"rud_minors":0,"rud_older65":3,"rud_match_methods":"road_key","rud_match_confidence":"alta","has_rud_match":true}},{"type":"Feature","geometry":{"type":"Point","coordinates":[-76.49279059999999,3.4771599]},"properties":{"place_id":"ChIJ_7pKydCnMI4RJsDsgk1NT4M","address":"Cl 62b365 #1A-9, Comuna 5","area":"Chiminangos","zone":"Urbana","place_report_count":2,"evaluation_count":1,"nivel_dano_max":"alto","severidad_max":"medio_alto","habitabilidad":"i2","tipo_inmueble":"","recomendaciones":"","rud_records":0,"rud_unique_docs":0,"rud_households":0,"rud_women":0,"rud_minors":0,"rud_older65":0,"rud_match_methods":"","rud_match_confidence":"","has_rud_match":false}},{"type":"Feature","geometry":{"type":"Point","coordinates":[-76.4927589,3.477171]},"properties":{"place_id":"Ek1DbC4gNjJiICMxQTktIDM2NSBzZWN0b3IgMSB0b3JyZSBiLCBDb211bmEgNSwgQ2FsaSwgVmFsbGUgZGVsIENhdWNhLCBDb2xvbWJpYSIsGioKFgoUChIJ9zd_mFmnMI4RW4sKtnu1xkgSEHNlY3RvciAxIHRvcnJlIGI","address":"Cl 62b365 #1A-9 Torre B, Sector 1 Comuna 5","area":"Chiminango 2","zone":"Urbana","place_report_count":1,"evaluation_count":3,"nivel_dano_max":"bajo","severidad_max":"medio","habitabilidad":"h","tipo_inmueble":"residencial","recomendaciones":"monitoreo","rud_records":0,"rud_unique_docs":0,"rud_households":0,"rud_women":0,"rud_minors":0,"rud_older65":0,"rud_match_methods":"","rud_match_confidence":"","has_rud_match":false}},{"type":"Feature","geometry":{"type":"Point","coordinates":[-76.4927309,3.4771722]},"properties":{"place_id":"ChIJW7p-ydCnMI4RMtJD0dTulSI","address":"Cl 62b9 #1A, 275 Comuna 5","area":"Barrio Chininangos","zone":"Urbana","place_report_count":8,"evaluation_count":39,"nivel_dano_max":"alto","severidad_max":"alto","habitabilidad":"h, i2, r1, r2","tipo_inmueble":"residencial","recomendaciones":"monitoreo, seguimiento","rud_records":0,"rud_unique_docs":0,"rud_households":0,"rud_women":0,"rud_minors":0,"rud_older65":0,"rud_match_methods":"","rud_match_confidence":"","has_rud_match":false}},{"type":"Feature","geometry":{"type":"Point","coordinates":[-76.4917243,3.4771729]},"properties":{"place_id":"EkNDcmEuIDFjIEJpcyAjIDEtNjMgNjQgMjIsIENvbXVuYSA1LCBDYWxpLCBWYWxsZSBkZWwgQ2F1Y2EsIENvbG9tYmlhIiEaHwoWChQKEgm9ruKx0KcwjhFCVHIsH_7uDhIFNjQgMjI","address":"Cra 1C Bis #1-63, 64 22 Comuna 5","area":"CHIMINANGO I","zone":"Urbana","place_report_count":1,"evaluation_count":2,"nivel_dano_max":"alto","severidad_max":"medio_alto","habitabilidad":"i2, r2","tipo_inmueble":"residencial","recomendaciones":"","rud_records":2,"rud_unique_docs":2,"rud_households":1,"rud_women":1,"rud_minors":0,"rud_older65":2,"rud_match_methods":"road_key","rud_match_confidence":"alta","has_rud_match":true}},{"type":"Feature","geometry":{"type":"Point","coordinates":[-76.4906479,3.4771991]},"properties":{"place_id":"ChIJ3Sk5qtCnMI4RW7TUEatcHhk","address":"Todo El Sector De Chimingandos De Apartamentos Chiminangos I","area":"Chiminangos 1","zone":"Urbana","place_report_count":2,"evaluation_count":4,"nivel_dano_max":"medio","severidad_max":"medio_alto","habitabilidad":"i3, r1","tipo_inmueble":"residencial","recomendaciones":"","rud_records":0,"rud_unique_docs":0,"rud_households":0,"rud_women":0,"rud_minors":0,"rud_older65":0,"rud_match_methods":"","rud_match_confidence":"","has_rud_match":false}},{"type":"Feature","geometry":{"type":"Point","coordinates":[-76.4926546,3.4772118]},"properties":{"place_id":"ChIJW7p-ydCnMI4Rio92wQVIyic","address":"Cl 62b80 #1A-9, Comuna 5","area":"Chiminango 2 sector 6","zone":"Urbana","place_report_count":2,"evaluation_count":2,"nivel_dano_max":"medio","severidad_max":"medio_alto","habitabilidad":"h, r2","tipo_inmueble":"residencial","recomendaciones":"","rud_records":0,"rud_unique_docs":0,"rud_households":0,"rud_women":0,"rud_minors":0,"rud_older65":0,"rud_match_methods":"","rud_match_confidence":"","has_rud_match":false}},{"type":"Feature","geometry":{"type":"Point","coordinates":[-76.4918118,3.4772352]},"properties":{"place_id":"ChIJSX6RsdCnMI4RRI-_O97ldT8","address":"Cra 1c1 #63-09, Comuna 5","area":"CHIMINANGOS 1","zone":"Rural","place_report_count":1,"evaluation_count":0,"nivel_dano_max":null,"severidad_max":null,"habitabilidad":"","tipo_inmueble":"","recomendaciones":"","rud_records":1,"rud_unique_docs":1,"rud_households":1,"rud_women":1,"rud_minors":0,"rud_older65":1,"rud_match_methods":"road_key","rud_match_confidence":"alta","has_rud_match":true}},{"type":"Feature","geometry":{"type":"Point","coordinates":[-76.4911824,3.477307]},"properties":{"place_id":"Ej1DcmEuIDFjIEJpcyAjNjQtMTksIENvbXVuYSA1LCBDYWxpLCBWYWxsZSBkZWwgQ2F1Y2EsIENvbG9tYmlhIjASLgoUChIJ_3okqtCnMI4R1Ay0N0z-0GEQEyoUChIJOS2w6dCnMI4Rqo8LMeXhkNk","address":"Cra 1C Bis #64-19, Comuna 5","area":"CHIMINANGOS 1","zone":"Rural","place_report_count":2,"evaluation_count":0,"nivel_dano_max":null,"severidad_max":null,"habitabilidad":"","tipo_inmueble":"","recomendaciones":"","rud_records":5,"rud_unique_docs":5,"rud_households":4,"rud_women":3,"rud_minors":0,"rud_older65":0,"rud_match_methods":"road_key","rud_match_confidence":"alta","has_rud_match":true}},{"type":"Feature","geometry":{"type":"Point","coordinates":[-76.4943857,3.4773245]},"properties":{"place_id":"EjFDbC4gNjIsIENvbXVuYSA1LCBDYWxpLCBWYWxsZSBkZWwgQ2F1Y2EsIENvbG9tYmlhIi4qLAoUChIJxc_WT8qnMI4RqzV2jSPLg5ASFAoSCfNpOdbWpzCOEbwIr6FLcMK1","address":"Cl 62, b1 a9 365 Chiminangos Ii","area":"CHIMINANGOS 2","zone":"Urbana","place_report_count":1,"evaluation_count":0,"nivel_dano_max":null,"severidad_max":null,"habitabilidad":"","tipo_inmueble":"","recomendaciones":"","rud_records":4,"rud_unique_docs":4,"rud_households":1,"rud_women":1,"rud_minors":2,"rud_older65":0,"rud_match_methods":"road_key","rud_match_confidence":"alta","has_rud_match":true}},{"type":"Feature","geometry":{"type":"Point","coordinates":[-76.4911758,3.4773416]},"properties":{"place_id":"EjlDcmEuIDFjICM2NC0yMCwgQ29tdW5hIDUsIENhbGksIFZhbGxlIGRlbCBDYXVjYSwgQ29sb21iaWEiMBIuChQKEgkxc76q0KcwjhG3czrz02ERCxAUKhQKEgmhneCx0KcwjhG302eMfVlU-w","address":"Cra 1C #64-20, Comuna 5","area":"CHIMINANGOS 1","zone":"Urbana","place_report_count":1,"evaluation_count":0,"nivel_dano_max":null,"severidad_max":null,"habitabilidad":"","tipo_inmueble":"","recomendaciones":"","rud_records":1,"rud_unique_docs":1,"rud_households":1,"rud_women":0,"rud_minors":0,"rud_older65":0,"rud_match_methods":"road_key","rud_match_confidence":"alta","has_rud_match":true}},{"type":"Feature","geometry":{"type":"Point","coordinates":[-76.49149729999999,3.4773806]},"properties":{"place_id":"Ej1DcmEuIDFjIEJpcyAjNjMtNDEsIENvbXVuYSA1LCBDYWxpLCBWYWxsZSBkZWwgQ2F1Y2EsIENvbG9tYmlhIjASLgoUChIJPY-jrdCnMI4RAGiouTc9gpAQKSoUChIJOS2w6dCnMI4Rqo8LMeXhkNk","address":"Cra 1C Bis #63-41, Comuna 5","area":"Chiminangos","zone":"Urbana","place_report_count":1,"evaluation_count":1,"nivel_dano_max":"bajo","severidad_max":"bajo","habitabilidad":"r2","tipo_inmueble":"residencial","recomendaciones":"","rud_records":0,"rud_unique_docs":0,"rud_households":0,"rud_women":0,"rud_minors":0,"rud_older65":0,"rud_match_methods":"","rud_match_confidence":"","has_rud_match":false}},{"type":"Feature","geometry":{"type":"Point","coordinates":[-76.4915869,3.4774307]},"properties":{"place_id":"EjlDcmEuIDFjICM2My0zMCwgQ29tdW5hIDUsIENhbGksIFZhbGxlIGRlbCBDYXVjYSwgQ29sb21iaWEiMBIuChQKEgkRLdFS16cwjhET-sVimJYQURAeKhQKEgmhneCx0KcwjhG302eMfVlU-w","address":"Cra 1C #63-30, Comuna 5","area":"CHIMINANGOS 1","zone":"Rural","place_report_count":1,"evaluation_count":0,"nivel_dano_max":null,"severidad_max":null,"habitabilidad":"","tipo_inmueble":"","recomendaciones":"","rud_records":2,"rud_unique_docs":2,"rud_households":1,"rud_women":1,"rud_minors":0,"rud_older65":1,"rud_match_methods":"road_key","rud_match_confidence":"alta","has_rud_match":true}},{"type":"Feature","geometry":{"type":"Point","coordinates":[-76.4908077,3.4774456]},"properties":{"place_id":"EjJDbC4gNjRhLCBDb211bmEgNSwgQ2FsaSwgVmFsbGUgZGVsIENhdWNhLCBDb2xvbWJpYSIuKiwKFAoSCSfG30HFpzCOEXVltNFsuOTfEhQKEgndKTmq0KcwjhFbtNQRq1weGQ","address":"Cl 64A, Comuna 5","area":"Chiminango 1","zone":"Urbana","place_report_count":1,"evaluation_count":1,"nivel_dano_max":"medio","severidad_max":"medio_alto","habitabilidad":"r1","tipo_inmueble":"institucional","recomendaciones":"","rud_records":0,"rud_unique_docs":0,"rud_households":0,"rud_women":0,"rud_minors":0,"rud_older65":0,"rud_match_methods":"","rud_match_confidence":"","has_rud_match":false}},{"type":"Feature","geometry":{"type":"Point","coordinates":[-76.4912014,3.4775685]},"properties":{"place_id":"ChIJnyDZVNenMI4RhP60gZ7fF8w","address":"Cra 1b4 #64-18, Comuna 5","area":"Chiminangos","zone":"Urbana","place_report_count":1,"evaluation_count":3,"nivel_dano_max":"bajo","severidad_max":"bajo","habitabilidad":"r2","tipo_inmueble":"residencial","recomendaciones":"","rud_records":0,"rud_unique_docs":0,"rud_households":0,"rud_women":0,"rud_minors":0,"rud_older65":0,"rud_match_methods":"","rud_match_confidence":"","has_rud_match":false}},{"type":"Feature","geometry":{"type":"Point","coordinates":[-76.4915473,3.4776002]},"properties":{"place_id":"EjlDcmEuIDFjICM2My0yOSwgQ29tdW5hIDUsIENhbGksIFZhbGxlIGRlbCBDYXVjYSwgQ29sb21iaWEiMBIuChQKEgkRLdFS16cwjhES-sVimJYQURAdKhQKEgmhneCx0KcwjhG302eMfVlU-w","address":"Cra 1C #63-29, Comuna 5","area":"CHIMINANGOS 1","zone":"Urbana","place_report_count":1,"evaluation_count":0,"nivel_dano_max":null,"severidad_max":null,"habitabilidad":"","tipo_inmueble":"","recomendaciones":"","rud_records":5,"rud_unique_docs":5,"rud_households":3,"rud_women":2,"rud_minors":1,"rud_older65":1,"rud_match_methods":"road_key","rud_match_confidence":"alta","has_rud_match":true}},{"type":"Feature","geometry":{"type":"Point","coordinates":[-76.4909591,3.4778581]},"properties":{"place_id":"EjlDcmEgMUIzICM2NC0zMSwgQ29tdW5hIDUsIENhbGksIFZhbGxlIGRlbCBDYXVjYSwgQ29sb21iaWEiMBIuChQKEgkTb_n92acwjhHW0uSGXAczVRAfKhQKEgkpDyGS2acwjhEUukMOPYZ03g","address":"Cra 1b3 #64-31, Comuna 5","area":"CHIMINANGOS 1","zone":"Urbana","place_report_count":1,"evaluation_count":0,"nivel_dano_max":null,"severidad_max":null,"habitabilidad":"","tipo_inmueble":"","recomendaciones":"","rud_records":4,"rud_unique_docs":4,"rud_households":2,"rud_women":1,"rud_minors":1,"rud_older65":0,"rud_match_methods":"road_key","rud_match_confidence":"alta","has_rud_match":true}},{"type":"Feature","geometry":{"type":"Point","coordinates":[-76.502572,3.4778629]},"properties":{"place_id":"EjVDcmEuIDEsIEJhcnJhbnF1aWxsYSwgQ2FsaSwgVmFsbGUgZGVsIENhdWNhLCBDb2xvbWJpYSIuKiwKFAoSCVeRQAIypjCOEY9wEu6QdmYoEhQKEglNknQZ06cwjhHSaONsBuM-RA","address":"Cra 1, Barranquilla","area":"Torres de Comfandi","zone":"Urbana","place_report_count":1,"evaluation_count":1,"nivel_dano_max":"bajo","severidad_max":"bajo","habitabilidad":"h","tipo_inmueble":"residencial","recomendaciones":"","rud_records":0,"rud_unique_docs":0,"rud_households":0,"rud_women":0,"rud_minors":0,"rud_older65":0,"rud_match_methods":"","rud_match_confidence":"","has_rud_match":false}},{"type":"Feature","geometry":{"type":"Point","coordinates":[-76.4911159,3.4778931]},"properties":{"place_id":"verified:3.47789,-76.49112","address":"Cra 1b3 #64-11, Comuna 5","area":"CHIMINANGOS 1","zone":"Urbana","place_report_count":1,"evaluation_count":0,"nivel_dano_max":null,"severidad_max":null,"habitabilidad":"","tipo_inmueble":"","recomendaciones":"","rud_records":4,"rud_unique_docs":4,"rud_households":2,"rud_women":2,"rud_minors":1,"rud_older65":0,"rud_match_methods":"road_key","rud_match_confidence":"alta","has_rud_match":true}},{"type":"Feature","geometry":{"type":"Point","coordinates":[-76.4914477,3.4779651]},"properties":{"place_id":"EjlDcmEgMUIzICM2My0zMSwgQ29tdW5hIDUsIENhbGksIFZhbGxlIGRlbCBDYXVjYSwgQ29sb21iaWEiMBIuChQKEgmDYxlR16cwjhEefSQFzocodxAfKhQKEgkpDyGS2acwjhEUukMOPYZ03g","address":"Cra 1b3 #63-31, Comuna 5","area":"CHIMINANGOS 1","zone":"Urbana","place_report_count":1,"evaluation_count":0,"nivel_dano_max":null,"severidad_max":null,"habitabilidad":"","tipo_inmueble":"","recomendaciones":"","rud_records":8,"rud_unique_docs":8,"rud_households":1,"rud_women":7,"rud_minors":4,"rud_older65":1,"rud_match_methods":"road_key","rud_match_confidence":"alta","has_rud_match":true}},{"type":"Feature","geometry":{"type":"Point","coordinates":[-76.49082539999999,3.4780209]},"properties":{"place_id":"EjtDcmEuIDFiIDIgIzY0LTQzLCBDb211bmEgNSwgQ2FsaSwgVmFsbGUgZGVsIENhdWNhLCBDb2xvbWJpYSIwEi4KFAoSCe3WQ_3ZpzCOEaAxWZTqiGxKECsqFAoSCVl3OkvXpzCOEUYw7AFqKfAt","address":"Cra 1b2 #64-43, Comuna 5","area":"CHIMINANGOS 1","zone":"Rural","place_report_count":1,"evaluation_count":0,"nivel_dano_max":null,"severidad_max":null,"habitabilidad":"","tipo_inmueble":"","recomendaciones":"","rud_records":12,"rud_unique_docs":12,"rud_households":5,"rud_women":7,"rud_minors":0,"rud_older65":2,"rud_match_methods":"road_key","rud_match_confidence":"alta","has_rud_match":true}},{"type":"Feature","geometry":{"type":"Point","coordinates":[-76.49099799999999,3.478058]},"properties":{"place_id":"EjtDcmEuIDFiIDIgIzY0LTIxLCBDb211bmEgNSwgQ2FsaSwgVmFsbGUgZGVsIENhdWNhLCBDb2xvbWJpYSIwEi4KFAoSCe3WQ_3ZpzCOEaAxWZTqiGxKEBUqFAoSCVl3OkvXpzCOEUYw7AFqKfAt","address":"Cra 1b2 #64-21, Comuna 5","area":"CHIMINANGOS 1","zone":"Urbana","place_report_count":1,"evaluation_count":0,"nivel_dano_max":null,"severidad_max":null,"habitabilidad":"","tipo_inmueble":"","recomendaciones":"","rud_records":6,"rud_unique_docs":6,"rud_households":1,"rud_women":4,"rud_minors":1,"rud_older65":1,"rud_match_methods":"road_key","rud_match_confidence":"alta","has_rud_match":true}},{"type":"Feature","geometry":{"type":"Point","coordinates":[-76.49348034313051,3.478066842733087]},"properties":{"place_id":"verified:3.47807,-76.49348","address":"Cl 62b1, A 9 250","area":"CHIMINANGOS 2","zone":"Rural","place_report_count":1,"evaluation_count":0,"nivel_dano_max":null,"severidad_max":null,"habitabilidad":"","tipo_inmueble":"","recomendaciones":"","rud_records":7,"rud_unique_docs":7,"rud_households":4,"rud_women":5,"rud_minors":0,"rud_older65":1,"rud_match_methods":"direccion_normalizada","rud_match_confidence":"alta","has_rud_match":true}},{"type":"Feature","geometry":{"type":"Point","coordinates":[-76.4931778,3.4781588]},"properties":{"place_id":"ChIJ82k51tanMI4RvAivoUtwwrU","address":"Sector 4H 52 Chiminangos Parte 2 Chiminangos Ii","area":"Chiminangos 2","zone":"Urbana","place_report_count":3,"evaluation_count":2,"nivel_dano_max":"medio","severidad_max":"medio_alto","habitabilidad":"r1, r2","tipo_inmueble":"residencial","recomendaciones":"","rud_records":0,"rud_unique_docs":0,"rud_households":0,"rud_women":0,"rud_minors":0,"rud_older65":0,"rud_match_methods":"","rud_match_confidence":"","has_rud_match":false}},{"type":"Feature","geometry":{"type":"Point","coordinates":[-76.4931952,3.4781626]},"properties":{"place_id":"ChIJh-KwIACnMI4RM5bp3lpCnLQ","address":"Cerca De Chiminangos Comuna 5","area":"Chiminango","zone":"Urbana","place_report_count":1,"evaluation_count":1,"nivel_dano_max":"medio","severidad_max":"medio_alto","habitabilidad":"r1","tipo_inmueble":"residencial","recomendaciones":"","rud_records":0,"rud_unique_docs":0,"rud_households":0,"rud_women":0,"rud_minors":0,"rud_older65":0,"rud_match_methods":"","rud_match_confidence":"","has_rud_match":false}},{"type":"Feature","geometry":{"type":"Point","coordinates":[-76.491484,3.4781882]},"properties":{"place_id":"EjtDcmEuIDFiIDIgIzYzLTIxLCBDb211bmEgNSwgQ2FsaSwgVmFsbGUgZGVsIENhdWNhLCBDb2xvbWJpYSIwEi4KFAoSCe0TDlrXpzCOETyZRdFKpnh5EBUqFAoSCVl3OkvXpzCOEUYw7AFqKfAt","address":"Cra 1b2 #63-21, Comuna 5","area":"CHIMINANGO I","zone":"Urbana","place_report_count":1,"evaluation_count":1,"nivel_dano_max":"medio","severidad_max":"medio_alto","habitabilidad":"r1","tipo_inmueble":"residencial","recomendaciones":"","rud_records":3,"rud_unique_docs":3,"rud_households":1,"rud_women":1,"rud_minors":0,"rud_older65":2,"rud_match_methods":"road_key","rud_match_confidence":"alta","has_rud_match":true}},{"type":"Feature","geometry":{"type":"Point","coordinates":[-76.4930579,3.4781918]},"properties":{"place_id":"ChIJSSGRO9enMI4RM78k-K-Acus","address":"Cl 62B, Comuna 5","area":"Chiminango","zone":"Urbana","place_report_count":1,"evaluation_count":2,"nivel_dano_max":"bajo","severidad_max":"bajo","habitabilidad":"h","tipo_inmueble":"residencial","recomendaciones":"monitoreo, seguimiento","rud_records":0,"rud_unique_docs":0,"rud_households":0,"rud_women":0,"rud_minors":0,"rud_older65":0,"rud_match_methods":"","rud_match_confidence":"","has_rud_match":false}},{"type":"Feature","geometry":{"type":"Point","coordinates":[-76.4953633,3.4785054]},"properties":{"place_id":"EjpDbC4gNjIgIzFhIDktNzUsIENvbXVuYSA1LCBDYWxpLCBWYWxsZSBkZWwgQ2F1Y2EsIENvbG9tYmlhIjASLgoUChIJR94BuNanMI4RFPrjkzEr9LQQSyoUChIJxc_WT8qnMI4RqzV2jSPLg5A","address":"Cl 62 #1A-75, Comuna 5","area":"CHIMINANGOS 2","zone":"Urbana","place_report_count":1,"evaluation_count":0,"nivel_dano_max":null,"severidad_max":null,"habitabilidad":"","tipo_inmueble":"","recomendaciones":"","rud_records":2,"rud_unique_docs":2,"rud_households":1,"rud_women":1,"rud_minors":0,"rud_older65":1,"rud_match_methods":"road_key","rud_match_confidence":"alta","has_rud_match":true}},{"type":"Feature","geometry":{"type":"Point","coordinates":[-76.49149030756492,3.4785253742528104]},"properties":{"place_id":"verified:3.47853,-76.49149","address":"Cra 1b1 #63-10","area":"CHIMINANGOS II","zone":"Urbana","place_report_count":1,"evaluation_count":0,"nivel_dano_max":null,"severidad_max":null,"habitabilidad":"","tipo_inmueble":"","recomendaciones":"","rud_records":5,"rud_unique_docs":5,"rud_households":3,"rud_women":4,"rud_minors":1,"rud_older65":2,"rud_match_methods":"road_key","rud_match_confidence":"alta","has_rud_match":true}},{"type":"Feature","geometry":{"type":"Point","coordinates":[-76.4930759,3.4787224]},"properties":{"place_id":"ChIJt8Byf9SnMI4RFYgOR4ciG54","address":"Comuna 5","area":"Chiminango","zone":"Urbana","place_report_count":1,"evaluation_count":1,"nivel_dano_max":"medio","severidad_max":"medio_alto","habitabilidad":"r2","tipo_inmueble":"residencial","recomendaciones":"","rud_records":0,"rud_unique_docs":0,"rud_households":0,"rud_women":0,"rud_minors":0,"rud_older65":0,"rud_match_methods":"","rud_match_confidence":"","has_rud_match":false}},{"type":"Feature","geometry":{"type":"Point","coordinates":[-76.4942313,3.4792435]},"properties":{"place_id":"recovered-from-arcgis-merge:46fb35a7-d932-4411-9b34-049b4c28c869","address":"Cl 62B #1, Comuna 5","area":"Chiminangos 2","zone":"Urbana","place_report_count":2,"evaluation_count":13,"nivel_dano_max":"alto","severidad_max":"medio_alto","habitabilidad":"i2, r1, r2","tipo_inmueble":"residencial","recomendaciones":"","rud_records":0,"rud_unique_docs":0,"rud_households":0,"rud_women":0,"rud_minors":0,"rud_older65":0,"rud_match_methods":"","rud_match_confidence":"","has_rud_match":false}},{"type":"Feature","geometry":{"type":"Point","coordinates":[-76.48961990000001,3.4792992]},"properties":{"place_id":"ChIJZ-7ox9mnMI4RKFrvYg09xZc","address":"Cra 1B #69-63, Comuna 5","area":"Chiminangos 2","zone":"Urbana","place_report_count":1,"evaluation_count":2,"nivel_dano_max":"alto","severidad_max":"medio_alto","habitabilidad":"h, r1","tipo_inmueble":"residencial","recomendaciones":"","rud_records":0,"rud_unique_docs":0,"rud_households":0,"rud_women":0,"rud_minors":0,"rud_older65":0,"rud_match_methods":"","rud_match_confidence":"","has_rud_match":false}},{"type":"Feature","geometry":{"type":"Point","coordinates":[-76.4928607,3.4794782]},"properties":{"place_id":"ChIJXTdyDtenMI4RPpjGJ0gNHrY","address":"Cl 62B #1A-6, Comuna 5","area":"CHIMINANGOS","zone":"Rural","place_report_count":3,"evaluation_count":7,"nivel_dano_max":"alto","severidad_max":"medio_alto","habitabilidad":"i2, r2","tipo_inmueble":"residencial","recomendaciones":"","rud_records":9,"rud_unique_docs":9,"rud_households":5,"rud_women":5,"rud_minors":0,"rud_older65":4,"rud_match_methods":"road_key","rud_match_confidence":"alta","has_rud_match":true}},{"type":"Feature","geometry":{"type":"Point","coordinates":[-76.4929066,3.4799472]},"properties":{"place_id":"EjtDbC4gNjJiICMxYSA5LTgwLCBDb211bmEgNSwgQ2FsaSwgVmFsbGUgZGVsIENhdWNhLCBDb2xvbWJpYSIwEi4KFAoSCS-Vwg3XpzCOERyrTuVCvYVOEFAqFAoSCUkhkTvXpzCOETO_JPivgHLr","address":"Cl 62b9 #1A, 80 Comuna 5","area":"Chiminangos","zone":"Urbana","place_report_count":1,"evaluation_count":1,"nivel_dano_max":"medio","severidad_max":"medio_alto","habitabilidad":"r1","tipo_inmueble":"residencial","recomendaciones":"","rud_records":0,"rud_unique_docs":0,"rud_households":0,"rud_women":0,"rud_minors":0,"rud_older65":0,"rud_match_methods":"","rud_match_confidence":"","has_rud_match":false}},{"type":"Feature","geometry":{"type":"Point","coordinates":[-76.49777183187658,3.480661654775446]},"properties":{"place_id":"verified:3.48066,-76.49777","address":"Cra 1 Bis #62-06, Comuna 5","area":"METROPOLITANO DEL NORTE","zone":"Rural","place_report_count":1,"evaluation_count":0,"nivel_dano_max":null,"severidad_max":null,"habitabilidad":"","tipo_inmueble":"","recomendaciones":"","rud_records":4,"rud_unique_docs":4,"rud_households":1,"rud_women":2,"rud_minors":1,"rud_older65":1,"rud_match_methods":"road_key","rud_match_confidence":"alta","has_rud_match":true}},{"type":"Feature","geometry":{"type":"Point","coordinates":[-76.4962153,3.4814273]},"properties":{"place_id":"ChIJ-R-qDdanMI4RnDuOiacJsT0","address":"Cl 62A #1-120, Comuna 5","area":"Chiminangos","zone":"Urbana","place_report_count":1,"evaluation_count":1,"nivel_dano_max":"medio","severidad_max":"medio","habitabilidad":"r2","tipo_inmueble":"residencial","recomendaciones":"evacuar_parcial","rud_records":0,"rud_unique_docs":0,"rud_households":0,"rud_women":0,"rud_minors":0,"rud_older65":0,"rud_match_methods":"","rud_match_confidence":"","has_rud_match":false}},{"type":"Feature","geometry":{"type":"Point","coordinates":[-76.5191074,3.4815332]},"properties":{"place_id":"ChIJpxFAOCemMI4RlwHMiSo2POc","address":"Av 3F Norte #45-67, Vipasa","area":"Vipasa","zone":"Urbana","place_report_count":1,"evaluation_count":1,"nivel_dano_max":"bajo","severidad_max":"bajo","habitabilidad":"h","tipo_inmueble":"residencial","recomendaciones":"","rud_records":0,"rud_unique_docs":0,"rud_households":0,"rud_women":0,"rud_minors":0,"rud_older65":0,"rud_match_methods":"","rud_match_confidence":"","has_rud_match":false}},{"type":"Feature","geometry":{"type":"Point","coordinates":[-76.5252646,3.4816118]},"properties":{"place_id":"ChIJVek-IiCmMI4RkCHcP0858dI","address":"Av 6 Norte #44-31, La Campina La Campina","area":"LA FLORA","zone":"Urbana","place_report_count":1,"evaluation_count":0,"nivel_dano_max":null,"severidad_max":null,"habitabilidad":"","tipo_inmueble":"","recomendaciones":"","rud_records":1,"rud_unique_docs":1,"rud_households":1,"rud_women":0,"rud_minors":0,"rud_older65":0,"rud_match_methods":"road_key","rud_match_confidence":"alta","has_rud_match":true}},{"type":"Feature","geometry":{"type":"Point","coordinates":[-76.5242098,3.4820498]},"properties":{"place_id":"ChIJfTWoKBWmMI4RKldEGi9C2VE","address":"Av 5A Norte #44-65, Torres De Viscaya La Flora","area":"LA FLORA","zone":"Urbana","place_report_count":2,"evaluation_count":0,"nivel_dano_max":null,"severidad_max":null,"habitabilidad":"","tipo_inmueble":"","recomendaciones":"","rud_records":3,"rud_unique_docs":3,"rud_households":2,"rud_women":2,"rud_minors":0,"rud_older65":1,"rud_match_methods":"road_key","rud_match_confidence":"alta","has_rud_match":true}},{"type":"Feature","geometry":{"type":"Point","coordinates":[-76.5244144,3.482082]},"properties":{"place_id":"ChIJ-3wLEyCmMI4R7P61liS9kws","address":"Av 5A Norte #44-35, La Flora","area":"LA FLORA","zone":"Urbana","place_report_count":1,"evaluation_count":0,"nivel_dano_max":null,"severidad_max":null,"habitabilidad":"","tipo_inmueble":"","recomendaciones":"","rud_records":19,"rud_unique_docs":19,"rud_households":9,"rud_women":14,"rud_minors":0,"rud_older65":8,"rud_match_methods":"road_key","rud_match_confidence":"alta","has_rud_match":true}},{"type":"Feature","geometry":{"type":"Point","coordinates":[-76.5244069,3.4825549]},"properties":{"place_id":"ChIJIxyMDCCmMI4RcL5h5iFQJWg","address":"Av 5A Norte #44N-65","area":"LA FLORA","zone":"Urbana","place_report_count":1,"evaluation_count":0,"nivel_dano_max":null,"severidad_max":null,"habitabilidad":"","tipo_inmueble":"","recomendaciones":"","rud_records":61,"rud_unique_docs":61,"rud_households":27,"rud_women":37,"rud_minors":10,"rud_older65":18,"rud_match_methods":"direccion_normalizada, road_key","rud_match_confidence":"alta","has_rud_match":true}},{"type":"Feature","geometry":{"type":"Point","coordinates":[-76.52124429999999,3.4831655]},"properties":{"place_id":"EjpBdi4gNCBOdGUuICYgQ2wuIDQ3YSBOdGUuLCBDYWxpLCBWYWxsZSBkZWwgQ2F1Y2EsIENvbG9tYmlhImYiZAoUChIJkwG3GJ6oMI4RK5-xq2jV9D8SFAoSCZMBtxieqDCOESufsato1fQ_GhQKEglVippxF6YwjhHhHQ1W5X4wJxoUChIJN6AgSSemMI4REWTri5nQW4oiCg0nfRMCFeXIY9I","address":"Av 4 Norte #47AN-83, La Flora","area":"LA FLORA","zone":"Urbana","place_report_count":1,"evaluation_count":0,"nivel_dano_max":null,"severidad_max":null,"habitabilidad":"","tipo_inmueble":"","recomendaciones":"","rud_records":4,"rud_unique_docs":4,"rud_households":1,"rud_women":2,"rud_minors":0,"rud_older65":0,"rud_match_methods":"nomenclatura_sector","rud_match_confidence":"media","has_rud_match":true}},{"type":"Feature","geometry":{"type":"Point","coordinates":[-76.5108795,3.4832914]},"properties":{"place_id":"ChIJ48gvY4KoMI4R7s6jOpl6wJU","address":"Av 2G Norte #44","area":"Pacara","zone":"Urbana","place_report_count":2,"evaluation_count":1,"nivel_dano_max":"bajo","severidad_max":"medio","habitabilidad":"h","tipo_inmueble":"residencial","recomendaciones":"","rud_records":0,"rud_unique_docs":0,"rud_households":0,"rud_women":0,"rud_minors":0,"rud_older65":0,"rud_match_methods":"","rud_match_confidence":"","has_rud_match":false}},{"type":"Feature","geometry":{"type":"Point","coordinates":[-76.5235328,3.4835232]},"properties":{"place_id":"ChIJr9VyZCCmMI4RyPMCnYFXQYo","address":"Cl 63 Norte #3E-70, La Flora","area":"La florq","zone":"Urbana","place_report_count":2,"evaluation_count":1,"nivel_dano_max":"alto","severidad_max":"medio_alto","habitabilidad":"i2","tipo_inmueble":"","recomendaciones":"","rud_records":0,"rud_unique_docs":0,"rud_households":0,"rud_women":0,"rud_minors":0,"rud_older65":0,"rud_match_methods":"","rud_match_confidence":"","has_rud_match":false}},{"type":"Feature","geometry":{"type":"Point","coordinates":[-76.49595769999999,3.4836075]},"properties":{"place_id":"ChIJVUxJuHioMI4RwCh0EDWde7c","address":"Cl 66 #1-30, Comuna 5","area":"VILLA DEL SOL","zone":"Urbana","place_report_count":1,"evaluation_count":0,"nivel_dano_max":null,"severidad_max":null,"habitabilidad":"","tipo_inmueble":"","recomendaciones":"","rud_records":3,"rud_unique_docs":3,"rud_households":1,"rud_women":1,"rud_minors":1,"rud_older65":0,"rud_match_methods":"road_key","rud_match_confidence":"alta","has_rud_match":true}},{"type":"Feature","geometry":{"type":"Point","coordinates":[-76.5117214,3.4836784]},"properties":{"place_id":"ChIJkSokjIKoMI4RLNhyikosKjg","address":"Av 2H Norte #52AN-34","area":"CIUDAD LOS ALAMOS","zone":"Urbana","place_report_count":2,"evaluation_count":0,"nivel_dano_max":null,"severidad_max":null,"habitabilidad":"","tipo_inmueble":"","recomendaciones":"","rud_records":13,"rud_unique_docs":13,"rud_households":6,"rud_women":7,"rud_minors":1,"rud_older65":2,"rud_match_methods":"direccion_normalizada","rud_match_confidence":"alta","has_rud_match":true}},{"type":"Feature","geometry":{"type":"Point","coordinates":[-76.51477489999999,3.4837162]},"properties":{"place_id":"ChIJMQm1SJ2oMI4R2XMGw7yPfjY","address":"Av 3A Norte #51N-14, Vipasa","area":"Vipasa","zone":"Urbana","place_report_count":1,"evaluation_count":1,"nivel_dano_max":"medio","severidad_max":"medio_alto","habitabilidad":"r1","tipo_inmueble":"residencial","recomendaciones":"restringir_peatones","rud_records":0,"rud_unique_docs":0,"rud_households":0,"rud_women":0,"rud_minors":0,"rud_older65":0,"rud_match_methods":"","rud_match_confidence":"","has_rud_match":false}},{"type":"Feature","geometry":{"type":"Point","coordinates":[-76.514923,3.483802]},"properties":{"place_id":"EklDbC4gNTEgTnRlLiAmIEF2LiAzYSBOdGUuLCBVcmIuIExhIEZsb3JhLCBDYWxpLCBWYWxsZSBkZWwgQ2F1Y2EsIENvbG9tYmlhImYiZAoUChIJW_U7Rp2oMI4RIsXQwYNZR7oSFAoSCVv1O0adqDCOESLF0MGDWUe6GhQKEgkXpFrvJ6YwjhFcBsvJdEDyJxoUChIJm7duX52oMI4R5OBLVLVBEsEiCg0ElhMCFdK_ZNI","address":"Av 3A Norte, Urb La Flora","area":"Vipasa","zone":"Urbana","place_report_count":1,"evaluation_count":1,"nivel_dano_max":"sin_dano","severidad_max":"sin_dano","habitabilidad":"h","tipo_inmueble":"institucional","recomendaciones":"","rud_records":0,"rud_unique_docs":0,"rud_households":0,"rud_women":0,"rud_minors":0,"rud_older65":0,"rud_match_methods":"","rud_match_confidence":"","has_rud_match":false}},{"type":"Feature","geometry":{"type":"Point","coordinates":[-76.5117068,3.4846646]},"properties":{"place_id":"ChIJq9dU94KoMI4RdLmt41aH1LM","address":"Av 2H Norte #54N-05","area":"LOS ALAMOS","zone":"Urbana","place_report_count":1,"evaluation_count":0,"nivel_dano_max":null,"severidad_max":null,"habitabilidad":"","tipo_inmueble":"","recomendaciones":"","rud_records":5,"rud_unique_docs":5,"rud_households":3,"rud_women":3,"rud_minors":0,"rud_older65":2,"rud_match_methods":"direccion_normalizada, road_key","rud_match_confidence":"alta","has_rud_match":true}},{"type":"Feature","geometry":{"type":"Point","coordinates":[-76.5135426,3.4851664]},"properties":{"place_id":"ChIJ33fG14KoMI4RbzSLA_KgtsQ","address":"Cl 53 Norte #3A-02, El Rincon","area":"LA FLORA","zone":"Urbana","place_report_count":1,"evaluation_count":0,"nivel_dano_max":null,"severidad_max":null,"habitabilidad":"","tipo_inmueble":"","recomendaciones":"","rud_records":5,"rud_unique_docs":5,"rud_households":1,"rud_women":2,"rud_minors":1,"rud_older65":2,"rud_match_methods":"road_key","rud_match_confidence":"alta","has_rud_match":true}},{"type":"Feature","geometry":{"type":"Point","coordinates":[-76.5161287,3.4855897]},"properties":{"place_id":"ChIJuU2H5JyoMI4RTEKvjHjLYdw","address":"Av 3 Este #52, N Vipasa","area":"La flora","zone":"Urbana","place_report_count":1,"evaluation_count":1,"nivel_dano_max":"sin_dano","severidad_max":"sin_dano","habitabilidad":"h","tipo_inmueble":"","recomendaciones":"","rud_records":0,"rud_unique_docs":0,"rud_households":0,"rud_women":0,"rud_minors":0,"rud_older65":0,"rud_match_methods":"","rud_match_confidence":"","has_rud_match":false}},{"type":"Feature","geometry":{"type":"Point","coordinates":[-76.5218961,3.4856367]},"properties":{"place_id":"EjlDbC4gNDggTnRlLiAjNGEgTm9ydGUtODAsIENhbGksIFZhbGxlIGRlbCBDYXVjYSwgQ29sb21iaWEiMBIuChQKEgnNNa_3nqgwjhHKzPDwFDDzxBBQKhQKEgm9sZ4tJ6YwjhGSQjXYRSqQ6w","address":"Cl 48 Norte #4A-80","area":"LA FLORA","zone":"Urbana","place_report_count":1,"evaluation_count":0,"nivel_dano_max":null,"severidad_max":null,"habitabilidad":"","tipo_inmueble":"","recomendaciones":"","rud_records":2,"rud_unique_docs":2,"rud_households":1,"rud_women":1,"rud_minors":0,"rud_older65":2,"rud_match_methods":"road_key","rud_match_confidence":"alta","has_rud_match":true}},{"type":"Feature","geometry":{"type":"Point","coordinates":[-76.5250901,3.4861765]},"properties":{"place_id":"ChIJE3_1LACpMI4RIp8KMULS7Es","address":"Av 5C Norte #47AN-69","area":"La33buitrera","zone":"Urbana","place_report_count":1,"evaluation_count":1,"nivel_dano_max":"medio","severidad_max":"medio_alto","habitabilidad":"i2","tipo_inmueble":"residencial","recomendaciones":"","rud_records":0,"rud_unique_docs":0,"rud_households":0,"rud_women":0,"rud_minors":0,"rud_older65":0,"rud_match_methods":"","rud_match_confidence":"","has_rud_match":false}},{"type":"Feature","geometry":{"type":"Point","coordinates":[-76.524203,3.486268]},"properties":{"place_id":"EixBdi4gNWIgTnRlLiwgQ2FsaSwgVmFsbGUgZGVsIENhdWNhLCBDb2xvbWJpYSIuKiwKFAoSCYvdj9iYqDCOEcbI0cycf1jEEhQKEgmv1XJkIKYwjhHI8wKdgVdBig","address":"Av 5B Norte","area":"La flora","zone":"Urbana","place_report_count":1,"evaluation_count":2,"nivel_dano_max":"bajo","severidad_max":"medio","habitabilidad":"h","tipo_inmueble":"residencial","recomendaciones":"","rud_records":0,"rud_unique_docs":0,"rud_households":0,"rud_women":0,"rud_minors":0,"rud_older65":0,"rud_match_methods":"","rud_match_confidence":"","has_rud_match":false}},{"type":"Feature","geometry":{"type":"Point","coordinates":[-76.52256129999999,3.486411]},"properties":{"place_id":"EjlDbC4gNDkgTnRlLiAmIEF2LiA1IE50ZS4sIENhbGksIFZhbGxlIGRlbCBDYXVjYSwgQ29sb21iaWEiZiJkChQKEgkLqh3hnqgwjhFQUWCKlGMBNBIUChIJC6od4Z6oMI4RUFFgipRjATQaFAoSCS9iWDonpjCOETqnJlNCO44uGhQKEgkxJc_anqgwjhGbtf7iQzaLgCIKDe77EwIVc5Vj0g","address":"Cl 49 Norte, Av 5 N","area":"La flora","zone":"Urbana","place_report_count":1,"evaluation_count":1,"nivel_dano_max":"alto","severidad_max":"alto","habitabilidad":"i2","tipo_inmueble":"residencial","recomendaciones":"","rud_records":0,"rud_unique_docs":0,"rud_households":0,"rud_women":0,"rud_minors":0,"rud_older65":0,"rud_match_methods":"","rud_match_confidence":"","has_rud_match":false}},{"type":"Feature","geometry":{"type":"Point","coordinates":[-76.5107983,3.4870042]},"properties":{"place_id":"ChIJi5_144KoMI4Rm6bU-jNGDPI","address":"Cl 58 Norte #5BN-75, Urbanizacion La Flora","area":"LA FLORA","zone":"Urbana","place_report_count":1,"evaluation_count":1,"nivel_dano_max":"bajo","severidad_max":"medio","habitabilidad":"h","tipo_inmueble":"residencial","recomendaciones":"","rud_records":28,"rud_unique_docs":28,"rud_households":12,"rud_women":16,"rud_minors":5,"rud_older65":5,"rud_match_methods":"road_key","rud_match_confidence":"alta","has_rud_match":true}},{"type":"Feature","geometry":{"type":"Point","coordinates":[-76.4915771,3.4871706]},"properties":{"place_id":"ChIJawf0QYypMI4RnH80OMikhlY","address":"Cra 1a3 #141, Comuna 6 Palmira","area":"Chiminangos 1","zone":"Urbana","place_report_count":1,"evaluation_count":1,"nivel_dano_max":"medio","severidad_max":"medio_alto","habitabilidad":"r1","tipo_inmueble":"residencial","recomendaciones":"","rud_records":0,"rud_unique_docs":0,"rud_households":0,"rud_women":0,"rud_minors":0,"rud_older65":0,"rud_match_methods":"","rud_match_confidence":"","has_rud_match":false}},{"type":"Feature","geometry":{"type":"Point","coordinates":[-76.5203073,3.4885312]},"properties":{"place_id":"ChIJ57suWpmoMI4Rzdadlg9-hTA","address":"Av 4B Norte #52-70, Menga","area":"LA FLORA","zone":"Urbana","place_report_count":6,"evaluation_count":7,"nivel_dano_max":"alto","severidad_max":"alto","habitabilidad":"i2, r1","tipo_inmueble":"residencial","recomendaciones":"","rud_records":7,"rud_unique_docs":7,"rud_households":2,"rud_women":3,"rud_minors":0,"rud_older65":3,"rud_match_methods":"nomenclatura_sector","rud_match_confidence":"media","has_rud_match":true}},{"type":"Feature","geometry":{"type":"Point","coordinates":[-76.483994,3.4887153]},"properties":{"place_id":"ChIJoYMYwXOoMI4RPYkv6VesS7Q","address":"Cl 84 #1A-1, Comuna 6","area":"CALIMIO","zone":"Urbana","place_report_count":1,"evaluation_count":10,"nivel_dano_max":"alto","severidad_max":"alto","habitabilidad":"h, i1, i2, r1","tipo_inmueble":"residencial","recomendaciones":"monitoreo, seguimiento","rud_records":13,"rud_unique_docs":13,"rud_households":5,"rud_women":6,"rud_minors":2,"rud_older65":0,"rud_match_methods":"nomenclatura_sector","rud_match_confidence":"media","has_rud_match":true}},{"type":"Feature","geometry":{"type":"Point","coordinates":[-76.52039,3.48888]},"properties":{"place_id":"verified:3.48888,-76.52039","address":"Av 4B Norte #52N-76","area":"LA FLORA CONJ R ARAGON","zone":"Urbana","place_report_count":1,"evaluation_count":0,"nivel_dano_max":null,"severidad_max":null,"habitabilidad":"","tipo_inmueble":"","recomendaciones":"","rud_records":22,"rud_unique_docs":22,"rud_households":8,"rud_women":13,"rud_minors":4,"rud_older65":2,"rud_match_methods":"direccion_normalizada","rud_match_confidence":"alta","has_rud_match":true}},{"type":"Feature","geometry":{"type":"Point","coordinates":[-76.50453,3.489]},"properties":{"place_id":"verified:3.48900,-76.50453","address":"Cl 67n2, A 50","area":"CIUDAD DE   ALAMOS","zone":"Urbana","place_report_count":1,"evaluation_count":0,"nivel_dano_max":null,"severidad_max":null,"habitabilidad":"","tipo_inmueble":"","recomendaciones":"","rud_records":2,"rud_unique_docs":2,"rud_households":1,"rud_women":2,"rud_minors":0,"rud_older65":2,"rud_match_methods":"road_key","rud_match_confidence":"alta","has_rud_match":true}},{"type":"Feature","geometry":{"type":"Point","coordinates":[-76.5199406,3.4895787]},"properties":{"place_id":"ChIJ3yxwtVKpMI4RoGnbVFR2zYk","address":"Cl 58 Norte #4N-76, Torremolinos Menga","area":"LA FLORA","zone":"Urbana","place_report_count":9,"evaluation_count":0,"nivel_dano_max":null,"severidad_max":null,"habitabilidad":"","tipo_inmueble":"","recomendaciones":"","rud_records":3,"rud_unique_docs":3,"rud_households":1,"rud_women":3,"rud_minors":0,"rud_older65":1,"rud_match_methods":"road_key","rud_match_confidence":"alta","has_rud_match":true}},{"type":"Feature","geometry":{"type":"Point","coordinates":[-76.524451,3.489607]},"properties":{"place_id":"ChIJIVtekpioMI4RbKgPUcuKaFw","address":"Av 6 #52-24, Menga","area":"LA FLORA","zone":"Urbana","place_report_count":1,"evaluation_count":0,"nivel_dano_max":null,"severidad_max":null,"habitabilidad":"","tipo_inmueble":"","recomendaciones":"","rud_records":28,"rud_unique_docs":28,"rud_households":11,"rud_women":18,"rud_minors":5,"rud_older65":8,"rud_match_methods":"road_key","rud_match_confidence":"alta","has_rud_match":true}},{"type":"Feature","geometry":{"type":"Point","coordinates":[-76.5210788,3.4896302]},"properties":{"place_id":"EkBDbC4gNTggTnRlLiAjNGIgTm9ydGUtNjMsIE1lbmdhLCBDYWxpLCBWYWxsZSBkZWwgQ2F1Y2EsIENvbG9tYmlhIjASLgoUChIJf6t0dJmoMI4RkwzIogjFjhgQPyoUChIJi5_144KoMI4Rm6bU-jNGDPI","address":"Cl 58 Norte #4B-63, Menga","area":"LA FLORA","zone":"Urbana","place_report_count":2,"evaluation_count":0,"nivel_dano_max":null,"severidad_max":null,"habitabilidad":"","tipo_inmueble":"","recomendaciones":"","rud_records":22,"rud_unique_docs":22,"rud_households":10,"rud_women":12,"rud_minors":3,"rud_older65":3,"rud_match_methods":"road_key","rud_match_confidence":"alta","has_rud_match":true}},{"type":"Feature","geometry":{"type":"Point","coordinates":[-76.5171854,3.4896474]},"properties":{"place_id":"EklBdi4gM2YgTnRlLiAjNTkgTm9ydGUtMTI1LCBVcmIuIExhIEZsb3JhLCBDYWxpLCBWYWxsZSBkZWwgQ2F1Y2EsIENvbG9tYmlhIjASLgoUChIJNZJRB5uoMI4RmtijStUu8EIQfSoUChIJeSLh652oMI4RNFrZb4rX7TQ","address":"Av 3F Norte #59-125, Urb La Flora","area":"LA FLORA","zone":"Urbana","place_report_count":1,"evaluation_count":0,"nivel_dano_max":null,"severidad_max":null,"habitabilidad":"","tipo_inmueble":"","recomendaciones":"","rud_records":2,"rud_unique_docs":2,"rud_households":2,"rud_women":2,"rud_minors":0,"rud_older65":1,"rud_match_methods":"road_key","rud_match_confidence":"alta","has_rud_match":true}},{"type":"Feature","geometry":{"type":"Point","coordinates":[-76.52233149999999,3.4902971]},"properties":{"place_id":"ChIJMT-FBK-pMI4R7ns7KOx2Zrs","address":"Cl 58 Norte #5B-62, Menga","area":"LA FLORA","zone":"Urbana","place_report_count":47,"evaluation_count":0,"nivel_dano_max":null,"severidad_max":null,"habitabilidad":"","tipo_inmueble":"","recomendaciones":"","rud_records":100,"rud_unique_docs":100,"rud_households":47,"rud_women":55,"rud_minors":15,"rud_older65":14,"rud_match_methods":"road_key","rud_match_confidence":"alta","has_rud_match":true}},{"type":"Feature","geometry":{"type":"Point","coordinates":[-76.5221679,3.490362]},"properties":{"place_id":"EkRDbC4gNTggTnRlLiAjIDVCLTYyIGFwdG8gNTA3LCBNZW5nYSwgQ2FsaSwgVmFsbGUgZGVsIENhdWNhLCBDb2xvbWJpYSIkGiIKFgoUChIJ1VNqqJmoMI4Ryw3kZ6JfCq4SCGFwdG8gNTA3","address":"Cl 58n507 #5B-62, Menga","area":"La flora","zone":"Urbana","place_report_count":1,"evaluation_count":1,"nivel_dano_max":"medio","severidad_max":"medio_alto","habitabilidad":"r2","tipo_inmueble":"residencial","recomendaciones":"","rud_records":0,"rud_unique_docs":0,"rud_households":0,"rud_women":0,"rud_minors":0,"rud_older65":0,"rud_match_methods":"","rud_match_confidence":"","has_rud_match":false}},{"type":"Feature","geometry":{"type":"Point","coordinates":[-76.5234456,3.4903882]},"properties":{"place_id":"ChIJv-KVV5ioMI4RP-OWHkWGKDU","address":"Av 5B Norte #64N-80, Menga","area":"LA Flora","zone":"Urbana","place_report_count":2,"evaluation_count":1,"nivel_dano_max":"alto","severidad_max":"alto","habitabilidad":"i2","tipo_inmueble":"residencial","recomendaciones":"","rud_records":0,"rud_unique_docs":0,"rud_households":0,"rud_women":0,"rud_minors":0,"rud_older65":0,"rud_match_methods":"","rud_match_confidence":"","has_rud_match":false}},{"type":"Feature","geometry":{"type":"Point","coordinates":[-76.522494,3.4905477]},"properties":{"place_id":"ChIJsepUqZmoMI4R3TJaWiWAPWs","address":"Av 5B Norte #58N-67, Menga","area":"LA FLORA","zone":"Rural","place_report_count":3,"evaluation_count":0,"nivel_dano_max":null,"severidad_max":null,"habitabilidad":"","tipo_inmueble":"","recomendaciones":"","rud_records":21,"rud_unique_docs":21,"rud_households":7,"rud_women":13,"rud_minors":6,"rud_older65":4,"rud_match_methods":"road_key","rud_match_confidence":"alta","has_rud_match":true}},{"type":"Feature","geometry":{"type":"Point","coordinates":[-76.5203691,3.4905622]},"properties":{"place_id":"ChIJNc4KhJmoMI4RVyqT2T7eh4w","address":"Av 4B Norte #58N-60, Menga","area":"LA FLORA - PASEO REAL","zone":"Urbana","place_report_count":8,"evaluation_count":0,"nivel_dano_max":null,"severidad_max":null,"habitabilidad":"","tipo_inmueble":"","recomendaciones":"","rud_records":32,"rud_unique_docs":32,"rud_households":18,"rud_women":19,"rud_minors":3,"rud_older65":14,"rud_match_methods":"road_key","rud_match_confidence":"alta","has_rud_match":true}},{"type":"Feature","geometry":{"type":"Point","coordinates":[-76.52161,3.49071]},"properties":{"place_id":"verified:3.49071,-76.52161","address":"Cl 58 Norte #5BN-62","area":"LA FLORA","zone":"Urbana","place_report_count":1,"evaluation_count":0,"nivel_dano_max":null,"severidad_max":null,"habitabilidad":"","tipo_inmueble":"","recomendaciones":"","rud_records":9,"rud_unique_docs":9,"rud_households":4,"rud_women":4,"rud_minors":2,"rud_older65":1,"rud_match_methods":"road_key","rud_match_confidence":"alta","has_rud_match":true}},{"type":"Feature","geometry":{"type":"Point","coordinates":[-76.516639,3.491167]},"properties":{"place_id":"ChIJAWk99pqoMI4RoEmmL-jPvPk","address":"Cl 63 Norte #3E-60, Aguacatal","area":"La flora","zone":"Urbana","place_report_count":2,"evaluation_count":1,"nivel_dano_max":"bajo","severidad_max":"medio","habitabilidad":"h","tipo_inmueble":"residencial","recomendaciones":"","rud_records":0,"rud_unique_docs":0,"rud_households":0,"rud_women":0,"rud_minors":0,"rud_older65":0,"rud_match_methods":"","rud_match_confidence":"","has_rud_match":false}},{"type":"Feature","geometry":{"type":"Point","coordinates":[-76.51918549999999,3.4913363]},"properties":{"place_id":"ChIJkbosPZqoMI4R64ursgntLz0","address":"Cl 64 Norte #4-90, Menga","area":"LA FLORA","zone":"Urbana","place_report_count":13,"evaluation_count":1,"nivel_dano_max":"medio","severidad_max":"medio","habitabilidad":"r1","tipo_inmueble":"residencial","recomendaciones":"evacuar_parcial","rud_records":83,"rud_unique_docs":83,"rud_households":27,"rud_women":40,"rud_minors":23,"rud_older65":10,"rud_match_methods":"nomenclatura_sector","rud_match_confidence":"media","has_rud_match":true}},{"type":"Feature","geometry":{"type":"Point","coordinates":[-76.5210068,3.4913759]},"properties":{"place_id":"EjNDbC4gNjQgTnRlLiwgTWVuZ2EsIENhbGksIFZhbGxlIGRlbCBDYXVjYSwgQ29sb21iaWEiLiosChQKEglphUb3magwjhEoqyHo1E3lgxIUChIJw_166ruoMI4RaPSuD-OWSfM","address":"Av 5BN #64N-80, Menga","area":"LA FLORA","zone":"Urbana","place_report_count":2,"evaluation_count":0,"nivel_dano_max":null,"severidad_max":null,"habitabilidad":"","tipo_inmueble":"","recomendaciones":"","rud_records":80,"rud_unique_docs":80,"rud_households":33,"rud_women":45,"rud_minors":15,"rud_older65":10,"rud_match_methods":"road_key","rud_match_confidence":"alta","has_rud_match":true}},{"type":"Feature","geometry":{"type":"Point","coordinates":[-76.5173987,3.4914867]},"properties":{"place_id":"ChIJaYVG95moMI4RKKsh6NRN5YM","address":"Cl 64 Norte","area":"La Flora","zone":"Urbana","place_report_count":1,"evaluation_count":1,"nivel_dano_max":"alto","severidad_max":"alto","habitabilidad":"i2","tipo_inmueble":"residencial","recomendaciones":"","rud_records":0,"rud_unique_docs":0,"rud_households":0,"rud_women":0,"rud_minors":0,"rud_older65":0,"rud_match_methods":"","rud_match_confidence":"","has_rud_match":false}},{"type":"Feature","geometry":{"type":"Point","coordinates":[-76.5201647,3.4924034]},"properties":{"place_id":"ChIJa73M_pmoMI4Rpou3SP0NCUA","address":"Cl 67 Norte #4B-77, Menga","area":"LA FLORA","zone":"Urbana","place_report_count":3,"evaluation_count":0,"nivel_dano_max":null,"severidad_max":null,"habitabilidad":"","tipo_inmueble":"","recomendaciones":"","rud_records":70,"rud_unique_docs":70,"rud_households":25,"rud_women":37,"rud_minors":14,"rud_older65":5,"rud_match_methods":"road_key","rud_match_confidence":"alta","has_rud_match":true}},{"type":"Feature","geometry":{"type":"Point","coordinates":[-76.5204906,3.4925004]},"properties":{"place_id":"ChIJo2vw_JmoMI4RllkPITTusso","address":"Cl 67 Norte #4B-85, Menga","area":"LA FLORA","zone":"Urbana","place_report_count":3,"evaluation_count":0,"nivel_dano_max":null,"severidad_max":null,"habitabilidad":"","tipo_inmueble":"","recomendaciones":"","rud_records":4,"rud_unique_docs":4,"rud_households":1,"rud_women":1,"rud_minors":0,"rud_older65":0,"rud_match_methods":"road_key","rud_match_confidence":"alta","has_rud_match":true}},{"type":"Feature","geometry":{"type":"Point","coordinates":[-76.4886422,3.495259]},"properties":{"place_id":"ChIJBzpmdYmpMI4RlNkVbnAcoYA","address":"Dg 7 Norte #5259, Comuna 6","area":"La paz","zone":"Urbana","place_report_count":1,"evaluation_count":1,"nivel_dano_max":"sin_dano","severidad_max":"sin_dano","habitabilidad":"h","tipo_inmueble":"residencial","recomendaciones":"apuntalar","rud_records":0,"rud_unique_docs":0,"rud_households":0,"rud_women":0,"rud_minors":0,"rud_older65":0,"rud_match_methods":"","rud_match_confidence":"","has_rud_match":false}},{"type":"Feature","geometry":{"type":"Point","coordinates":[-76.4932676,3.4968677]},"properties":{"place_id":"EkJDcmEuIDROICM3Ny0wOCBhcHRvIDMwMiwgQ09NVU5BIDYsIENhbGksIFZhbGxlIGRlbCBDYXVjYSwgQ29sb21iaWEiJBoiChYKFAoSCV1gv9BlqDCOEXBPNkn-Zq_EEghhcHRvIDMwMg","address":"Cra 4n77 #04-302, Ciudadela Floralia","area":"Floralia","zone":"Urbana","place_report_count":1,"evaluation_count":1,"nivel_dano_max":"bajo","severidad_max":"bajo","habitabilidad":"h","tipo_inmueble":"","recomendaciones":"seguimiento","rud_records":0,"rud_unique_docs":0,"rud_households":0,"rud_women":0,"rud_minors":0,"rud_older65":0,"rud_match_methods":"","rud_match_confidence":"","has_rud_match":false}},{"type":"Feature","geometry":{"type":"Point","coordinates":[-76.6009423,3.5137453]},"properties":{"place_id":"ChIJZdGug6GvMI4RJUkUvca9bh4","address":"Cl De Los Carboneros La Elvira","area":"Corregimiento La Elvira Alto Aguacatal","zone":"Urbana","place_report_count":1,"evaluation_count":1,"nivel_dano_max":"alto","severidad_max":"alto","habitabilidad":"i2","tipo_inmueble":"residencial","recomendaciones":"","rud_records":0,"rud_unique_docs":0,"rud_households":0,"rud_women":0,"rud_minors":0,"rud_older65":0,"rud_match_methods":"","rud_match_confidence":"","has_rud_match":false}},{"type":"Feature","geometry":{"type":"Point","coordinates":[-76.603022,3.5151905]},"properties":{"place_id":"ChIJzQxdPq-vMI4RebmmdaNCTlw","address":"La Paila De Lilia La Elvira","area":"Vra. La Elvita Cto. Alto Aguacatal","zone":"Urbana","place_report_count":1,"evaluation_count":1,"nivel_dano_max":"medio","severidad_max":"medio_alto","habitabilidad":"r1","tipo_inmueble":"residencial","recomendaciones":"","rud_records":0,"rud_unique_docs":0,"rud_households":0,"rud_women":0,"rud_minors":0,"rud_older65":0,"rud_match_methods":"","rud_match_confidence":"","has_rud_match":false}},{"type":"Feature","geometry":{"type":"Point","coordinates":[-76.6213832,3.5175472]},"properties":{"place_id":"manual:3.51755,-76.62138","address":"Dagua","area":"Km18","zone":"Urbana","place_report_count":1,"evaluation_count":15,"nivel_dano_max":"alto","severidad_max":"alto","habitabilidad":"h, i1, i2, r1","tipo_inmueble":"institucional, residencial","recomendaciones":"intervencion, monitoreo, seguimiento","rud_records":0,"rud_unique_docs":0,"rud_households":0,"rud_women":0,"rud_minors":0,"rud_older65":0,"rud_match_methods":"","rud_match_confidence":"","has_rud_match":false}},{"type":"Feature","geometry":{"type":"Point","coordinates":[-76.59857,3.5194]},"properties":{"place_id":"ChIJlxcG-6ivMI4Rreb7rJPC-xE","address":"La Elvira","area":"la Elvira cabecera","zone":"Urbana","place_report_count":1,"evaluation_count":4,"nivel_dano_max":"alto","severidad_max":"alto","habitabilidad":"h, i2, r1","tipo_inmueble":"institucional, residencial","recomendaciones":"seguimiento","rud_records":0,"rud_unique_docs":0,"rud_households":0,"rud_women":0,"rud_minors":0,"rud_older65":0,"rud_match_methods":"","rud_match_confidence":"","has_rud_match":false}},{"type":"Feature","geometry":{"type":"Point","coordinates":[-76.598291,3.521199]},"properties":{"place_id":"ChIJ0QjaCACvMI4RH4iVrvdPgN8","address":"gcc2 Hj La Elvira","area":"Km 18 cgto la Alvira alto aguacatal","zone":"Urbana","place_report_count":1,"evaluation_count":3,"nivel_dano_max":"alto","severidad_max":"alto","habitabilidad":"h, i2","tipo_inmueble":"residencial","recomendaciones":"","rud_records":0,"rud_unique_docs":0,"rud_households":0,"rud_women":0,"rud_minors":0,"rud_older65":0,"rud_match_methods":"","rud_match_confidence":"","has_rud_match":false}},{"type":"Feature","geometry":{"type":"Point","coordinates":[-76.58776,3.54198]},"properties":{"place_id":"ChIJddwn7fKuMI4RSkmj0Od0fxk","address":"Corregimiento La Paz Vi Golondrinas Https Maps App Goo Gl tdiqnxax5rbkegbk7 Golondrinas","area":"La paz","zone":"Urbana","place_report_count":1,"evaluation_count":4,"nivel_dano_max":"alto","severidad_max":"alto","habitabilidad":"i2, r1","tipo_inmueble":"residencial","recomendaciones":"","rud_records":0,"rud_unique_docs":0,"rud_households":0,"rud_women":0,"rud_minors":0,"rud_older65":0,"rud_match_methods":"","rud_match_confidence":"","has_rud_match":false}}]}