{"type":"FeatureCollection","features":[{"type":"Feature","geometry":{"type":"Point","coordinates":[-76.5785051,3.313972]},"properties":{"place_id":"8b74a525-bc65-4693-a0bb-546b04befa35","place_report_count":0,"worst_collapse_type":null,"place_has_arcgis_id":true,"evaluation_count":1,"evaluation_ids_count":1,"barrio":"Pance","nivel_dano_max":"bajo","severidad_max":"bajo","habitabilidad_codigos":"h","recomendaciones":"seguimiento","evaluaciones_adicionales":"otra","usos":"educativo","sistema_estructural":"porticos","material":"conc_arr","epoca_construccion":"antes_1984","estado_conservacion":"bueno","calidad_diseno":"bueno","ocupantes_max":32,"heridos_max":null,"muertos_max":null,"gps_accuracy_median":null,"rud_records":0,"rud_households":0,"rud_addresses":0,"rud_women":0,"rud_minors":0,"rud_older65":0,"rud_afro":0,"rud_indigenous":0,"rud_estado_averiado":0,"rud_estado_no_habitable":0,"rud_estado_habitable":0,"rud_estado_destruido":0,"rud_estado_no_informa":0,"rud_tenencia_propietario":0,"rud_tenencia_arrendatario":0,"rud_tenencia_ocupante":0,"rud_tenencia_poseedor":0,"rud_tenencia_no_informa":0,"rud_match_methods":"","rud_match_confidences":"","has_rud_match":false}},{"type":"Feature","geometry":{"type":"Point","coordinates":[-76.501455,3.31649]},"properties":{"place_id":"463c9ac5-51f8-42e5-81da-5b8ba2ff5974","place_report_count":0,"worst_collapse_type":null,"place_has_arcgis_id":false,"evaluation_count":1,"evaluation_ids_count":1,"barrio":"El Hormiguero","nivel_dano_max":"bajo","severidad_max":"bajo","habitabilidad_codigos":"h","recomendaciones":"seguimiento","evaluaciones_adicionales":"","usos":"educativo","sistema_estructural":"porticos","material":"conc_arr","epoca_construccion":"1984_1997","estado_conservacion":"bueno","calidad_diseno":"bueno","ocupantes_max":380,"heridos_max":null,"muertos_max":null,"gps_accuracy_median":1.9,"rud_records":0,"rud_households":0,"rud_addresses":0,"rud_women":0,"rud_minors":0,"rud_older65":0,"rud_afro":0,"rud_indigenous":0,"rud_estado_averiado":0,"rud_estado_no_habitable":0,"rud_estado_habitable":0,"rud_estado_destruido":0,"rud_estado_no_informa":0,"rud_tenencia_propietario":0,"rud_tenencia_arrendatario":0,"rud_tenencia_ocupante":0,"rud_tenencia_poseedor":0,"rud_tenencia_no_informa":0,"rud_match_methods":"","rud_match_confidences":"","has_rud_match":false}},{"type":"Feature","geometry":{"type":"Point","coordinates":[-76.5670185,3.3667683]},"properties":{"place_id":"4670a8c8-14a9-474a-a4a3-a4e4cef592a6","place_report_count":0,"worst_collapse_type":null,"place_has_arcgis_id":false,"evaluation_count":1,"evaluation_ids_count":1,"barrio":"La33buitrera","nivel_dano_max":"medio","severidad_max":"medio_alto","habitabilidad_codigos":"i2","recomendaciones":"demoler, evacuar_total, monitoreo, seguimiento","evaluaciones_adicionales":"estructural","usos":"residencial","sistema_estructural":"porticos","material":"conc_arr","epoca_construccion":"antes_1984","estado_conservacion":"malo","calidad_diseno":"regular","ocupantes_max":4,"heridos_max":0,"muertos_max":0,"gps_accuracy_median":9.94,"rud_records":0,"rud_households":0,"rud_addresses":0,"rud_women":0,"rud_minors":0,"rud_older65":0,"rud_afro":0,"rud_indigenous":0,"rud_estado_averiado":0,"rud_estado_no_habitable":0,"rud_estado_habitable":0,"rud_estado_destruido":0,"rud_estado_no_informa":0,"rud_tenencia_propietario":0,"rud_tenencia_arrendatario":0,"rud_tenencia_ocupante":0,"rud_tenencia_poseedor":0,"rud_tenencia_no_informa":0,"rud_match_methods":"","rud_match_confidences":"","has_rud_match":false}},{"type":"Feature","geometry":{"type":"Point","coordinates":[-76.5090903,3.3673695]},"properties":{"place_id":"d3e10a2d-c7f6-4889-ac0b-8b978cae8180","place_report_count":0,"worst_collapse_type":"B","place_has_arcgis_id":true,"evaluation_count":1,"evaluation_ids_count":1,"barrio":"Ciudad melendez","nivel_dano_max":"alto","severidad_max":"medio_alto","habitabilidad_codigos":"r1","recomendaciones":"demoler, evacuar_parcial, monitoreo, restringir_peatones, restringir_vehiculos","evaluaciones_adicionales":"estructural","usos":"comercial, residencial","sistema_estructural":"dual","material":"conc_mamposteria","epoca_construccion":"despues_2010","estado_conservacion":"bueno","calidad_diseno":"bueno","ocupantes_max":500,"heridos_max":0,"muertos_max":0,"gps_accuracy_median":null,"rud_records":4,"rud_households":1,"rud_addresses":1,"rud_women":2,"rud_minors":0,"rud_older65":1,"rud_afro":0,"rud_indigenous":0,"rud_estado_averiado":0,"rud_estado_no_habitable":4,"rud_estado_habitable":0,"rud_estado_destruido":0,"rud_estado_no_informa":0,"rud_tenencia_propietario":4,"rud_tenencia_arrendatario":0,"rud_tenencia_ocupante":0,"rud_tenencia_poseedor":0,"rud_tenencia_no_informa":0,"rud_match_methods":"direccion_normalizada","rud_match_confidences":"alta","has_rud_match":true}},{"type":"Feature","geometry":{"type":"Point","coordinates":[-76.5687719,3.3684167]},"properties":{"place_id":"43b3048a-37a5-4e60-a9b2-24256f0c5fdc","place_report_count":0,"worst_collapse_type":null,"place_has_arcgis_id":false,"evaluation_count":1,"evaluation_ids_count":1,"barrio":"Buitrera","nivel_dano_max":"alto","severidad_max":"alto","habitabilidad_codigos":"i2","recomendaciones":"monitoreo, restringir_peatones, restringir_vehiculos, seguimiento","evaluaciones_adicionales":"estructural","usos":"residencial","sistema_estructural":"porticos","material":"conc_arr","epoca_construccion":"1984_1997","estado_conservacion":"regular","calidad_diseno":"malo","ocupantes_max":8,"heridos_max":0,"muertos_max":0,"gps_accuracy_median":9.94,"rud_records":0,"rud_households":0,"rud_addresses":0,"rud_women":0,"rud_minors":0,"rud_older65":0,"rud_afro":0,"rud_indigenous":0,"rud_estado_averiado":0,"rud_estado_no_habitable":0,"rud_estado_habitable":0,"rud_estado_destruido":0,"rud_estado_no_informa":0,"rud_tenencia_propietario":0,"rud_tenencia_arrendatario":0,"rud_tenencia_ocupante":0,"rud_tenencia_poseedor":0,"rud_tenencia_no_informa":0,"rud_match_methods":"","rud_match_confidences":"","has_rud_match":false}},{"type":"Feature","geometry":{"type":"Point","coordinates":[-76.5557588,3.3688733]},"properties":{"place_id":"a21de403-ffbc-4aab-b5a7-de2272150863","place_report_count":0,"worst_collapse_type":null,"place_has_arcgis_id":false,"evaluation_count":1,"evaluation_ids_count":1,"barrio":"Polvorines","nivel_dano_max":"bajo","severidad_max":"medio","habitabilidad_codigos":"h","recomendaciones":"demoler","evaluaciones_adicionales":"estructural, geotecnica","usos":"residencial","sistema_estructural":"muros_carga","material":"concreto_mc","epoca_construccion":"despues_2010","estado_conservacion":"bueno","calidad_diseno":"bueno","ocupantes_max":60,"heridos_max":0,"muertos_max":0,"gps_accuracy_median":2.0,"rud_records":0,"rud_households":0,"rud_addresses":0,"rud_women":0,"rud_minors":0,"rud_older65":0,"rud_afro":0,"rud_indigenous":0,"rud_estado_averiado":0,"rud_estado_no_habitable":0,"rud_estado_habitable":0,"rud_estado_destruido":0,"rud_estado_no_informa":0,"rud_tenencia_propietario":0,"rud_tenencia_arrendatario":0,"rud_tenencia_ocupante":0,"rud_tenencia_poseedor":0,"rud_tenencia_no_informa":0,"rud_match_methods":"","rud_match_confidences":"","has_rud_match":false}},{"type":"Feature","geometry":{"type":"Point","coordinates":[-76.5549183,3.3689183]},"properties":{"place_id":"f623228f-70fb-4c41-8a4b-60433db71caf","place_report_count":0,"worst_collapse_type":null,"place_has_arcgis_id":false,"evaluation_count":1,"evaluation_ids_count":1,"barrio":"Altos de Santa Elena","nivel_dano_max":"sin_dano","severidad_max":"sin_dano","habitabilidad_codigos":"h","recomendaciones":"","evaluaciones_adicionales":"","usos":"residencial","sistema_estructural":"dual","material":"conc_mamposteria","epoca_construccion":"despues_2010","estado_conservacion":"bueno","calidad_diseno":"bueno","ocupantes_max":60,"heridos_max":0,"muertos_max":0,"gps_accuracy_median":1.8,"rud_records":8,"rud_households":2,"rud_addresses":1,"rud_women":4,"rud_minors":4,"rud_older65":0,"rud_afro":0,"rud_indigenous":0,"rud_estado_averiado":8,"rud_estado_no_habitable":0,"rud_estado_habitable":0,"rud_estado_destruido":0,"rud_estado_no_informa":0,"rud_tenencia_propietario":8,"rud_tenencia_arrendatario":0,"rud_tenencia_ocupante":0,"rud_tenencia_poseedor":0,"rud_tenencia_no_informa":0,"rud_match_methods":"direccion_normalizada","rud_match_confidences":"alta","has_rud_match":true}},{"type":"Feature","geometry":{"type":"Point","coordinates":[-76.5551468,3.3689265]},"properties":{"place_id":"1ef8d02e-6406-4a23-a999-1499985b9c5b","place_report_count":0,"worst_collapse_type":null,"place_has_arcgis_id":false,"evaluation_count":1,"evaluation_ids_count":1,"barrio":"Altos de santa Elena","nivel_dano_max":"medio","severidad_max":"medio_alto","habitabilidad_codigos":"r1","recomendaciones":"demoler, evacuar_parcial, monitoreo, seguimiento, vigilancia","evaluaciones_adicionales":"estructural, geotecnica","usos":"residencial","sistema_estructural":"muros_carga","material":"mamp_reforzada","epoca_construccion":"despues_2010","estado_conservacion":"regular","calidad_diseno":"regular","ocupantes_max":60,"heridos_max":0,"muertos_max":0,"gps_accuracy_median":5.62,"rud_records":17,"rud_households":7,"rud_addresses":4,"rud_women":9,"rud_minors":2,"rud_older65":0,"rud_afro":4,"rud_indigenous":0,"rud_estado_averiado":17,"rud_estado_no_habitable":0,"rud_estado_habitable":0,"rud_estado_destruido":0,"rud_estado_no_informa":0,"rud_tenencia_propietario":15,"rud_tenencia_arrendatario":2,"rud_tenencia_ocupante":0,"rud_tenencia_poseedor":0,"rud_tenencia_no_informa":0,"rud_match_methods":"direccion_normalizada, nomenclatura_sector","rud_match_confidences":"alta, media","has_rud_match":true}},{"type":"Feature","geometry":{"type":"Point","coordinates":[-76.5556081,3.3689419]},"properties":{"place_id":"420f643d-ee16-4676-a890-a6e69a24cf7e","place_report_count":0,"worst_collapse_type":null,"place_has_arcgis_id":false,"evaluation_count":1,"evaluation_ids_count":1,"barrio":"santa helena","nivel_dano_max":"medio","severidad_max":"medio_alto","habitabilidad_codigos":"r1","recomendaciones":"monitoreo, seguimiento","evaluaciones_adicionales":"estructural","usos":"residencial","sistema_estructural":"muros_carga","material":"mamp_reforzada","epoca_construccion":"despues_2010","estado_conservacion":"regular","calidad_diseno":"regular","ocupantes_max":50,"heridos_max":0,"muertos_max":0,"gps_accuracy_median":null,"rud_records":4,"rud_households":2,"rud_addresses":1,"rud_women":1,"rud_minors":0,"rud_older65":0,"rud_afro":0,"rud_indigenous":0,"rud_estado_averiado":4,"rud_estado_no_habitable":0,"rud_estado_habitable":0,"rud_estado_destruido":0,"rud_estado_no_informa":0,"rud_tenencia_propietario":4,"rud_tenencia_arrendatario":0,"rud_tenencia_ocupante":0,"rud_tenencia_poseedor":0,"rud_tenencia_no_informa":0,"rud_match_methods":"direccion_normalizada","rud_match_confidences":"alta","has_rud_match":true}},{"type":"Feature","geometry":{"type":"Point","coordinates":[-76.55611,3.3690217]},"properties":{"place_id":"1fdbef39-354e-4e21-904d-ad4865212302","place_report_count":0,"worst_collapse_type":null,"place_has_arcgis_id":false,"evaluation_count":1,"evaluation_ids_count":1,"barrio":"Altos de Santa Elena","nivel_dano_max":"bajo","severidad_max":"bajo","habitabilidad_codigos":"h","recomendaciones":"seguimiento","evaluaciones_adicionales":"","usos":"residencial","sistema_estructural":"muros_carga","material":"concreto_mc","epoca_construccion":"despues_2010","estado_conservacion":"bueno","calidad_diseno":"bueno","ocupantes_max":80,"heridos_max":0,"muertos_max":0,"gps_accuracy_median":2.0,"rud_records":1,"rud_households":1,"rud_addresses":1,"rud_women":0,"rud_minors":0,"rud_older65":0,"rud_afro":0,"rud_indigenous":0,"rud_estado_averiado":1,"rud_estado_no_habitable":0,"rud_estado_habitable":0,"rud_estado_destruido":0,"rud_estado_no_informa":0,"rud_tenencia_propietario":1,"rud_tenencia_arrendatario":0,"rud_tenencia_ocupante":0,"rud_tenencia_poseedor":0,"rud_tenencia_no_informa":0,"rud_match_methods":"direccion_normalizada","rud_match_confidences":"alta","has_rud_match":true}},{"type":"Feature","geometry":{"type":"Point","coordinates":[-76.6095074,3.369029]},"properties":{"place_id":"529ca74a-7dc5-43ae-8afa-7a0b0757f54a","place_report_count":0,"worst_collapse_type":null,"place_has_arcgis_id":false,"evaluation_count":1,"evaluation_ids_count":1,"barrio":"Buitrera","nivel_dano_max":"alto","severidad_max":"alto","habitabilidad_codigos":"i2","recomendaciones":"demoler, evacuar_parcial, monitoreo, seguimiento","evaluaciones_adicionales":"estructural","usos":"residencial","sistema_estructural":"muros_carga","material":"madera_mc","epoca_construccion":"1984_1997","estado_conservacion":"malo","calidad_diseno":"malo","ocupantes_max":5,"heridos_max":0,"muertos_max":0,"gps_accuracy_median":9.94,"rud_records":0,"rud_households":0,"rud_addresses":0,"rud_women":0,"rud_minors":0,"rud_older65":0,"rud_afro":0,"rud_indigenous":0,"rud_estado_averiado":0,"rud_estado_no_habitable":0,"rud_estado_habitable":0,"rud_estado_destruido":0,"rud_estado_no_informa":0,"rud_tenencia_propietario":0,"rud_tenencia_arrendatario":0,"rud_tenencia_ocupante":0,"rud_tenencia_poseedor":0,"rud_tenencia_no_informa":0,"rud_match_methods":"","rud_match_confidences":"","has_rud_match":false}},{"type":"Feature","geometry":{"type":"Point","coordinates":[-76.5548433,3.3690617]},"properties":{"place_id":"9d0f645c-e236-45b9-b515-24fcf229bf01","place_report_count":0,"worst_collapse_type":null,"place_has_arcgis_id":false,"evaluation_count":1,"evaluation_ids_count":1,"barrio":"Altos de Santa Elena","nivel_dano_max":"sin_dano","severidad_max":"sin_dano","habitabilidad_codigos":"h","recomendaciones":"","evaluaciones_adicionales":"","usos":"residencial","sistema_estructural":"muros_carga","material":"concreto_mc","epoca_construccion":"despues_2010","estado_conservacion":"bueno","calidad_diseno":"bueno","ocupantes_max":60,"heridos_max":0,"muertos_max":0,"gps_accuracy_median":1.8,"rud_records":0,"rud_households":0,"rud_addresses":0,"rud_women":0,"rud_minors":0,"rud_older65":0,"rud_afro":0,"rud_indigenous":0,"rud_estado_averiado":0,"rud_estado_no_habitable":0,"rud_estado_habitable":0,"rud_estado_destruido":0,"rud_estado_no_informa":0,"rud_tenencia_propietario":0,"rud_tenencia_arrendatario":0,"rud_tenencia_ocupante":0,"rud_tenencia_poseedor":0,"rud_tenencia_no_informa":0,"rud_match_methods":"","rud_match_confidences":"","has_rud_match":false}},{"type":"Feature","geometry":{"type":"Point","coordinates":[-76.6094129,3.3690693]},"properties":{"place_id":"68b73831-8b30-4f5b-9613-d043abe0a347","place_report_count":0,"worst_collapse_type":null,"place_has_arcgis_id":false,"evaluation_count":1,"evaluation_ids_count":1,"barrio":"Buitrera","nivel_dano_max":"alto","severidad_max":"alto","habitabilidad_codigos":"i1","recomendaciones":"apuntalar, seguimiento, sustancias","evaluaciones_adicionales":"estructural, geotecnica","usos":"residencial","sistema_estructural":"no_claro","material":"mat_no_claro","epoca_construccion":"1984_1997","estado_conservacion":"malo","calidad_diseno":"malo","ocupantes_max":6,"heridos_max":0,"muertos_max":0,"gps_accuracy_median":3.79,"rud_records":0,"rud_households":0,"rud_addresses":0,"rud_women":0,"rud_minors":0,"rud_older65":0,"rud_afro":0,"rud_indigenous":0,"rud_estado_averiado":0,"rud_estado_no_habitable":0,"rud_estado_habitable":0,"rud_estado_destruido":0,"rud_estado_no_informa":0,"rud_tenencia_propietario":0,"rud_tenencia_arrendatario":0,"rud_tenencia_ocupante":0,"rud_tenencia_poseedor":0,"rud_tenencia_no_informa":0,"rud_match_methods":"","rud_match_confidences":"","has_rud_match":false}},{"type":"Feature","geometry":{"type":"Point","coordinates":[-76.5550505,3.369154]},"properties":{"place_id":"52452910-f1e0-49e7-a2da-b99b9780999c","place_report_count":0,"worst_collapse_type":null,"place_has_arcgis_id":false,"evaluation_count":1,"evaluation_ids_count":1,"barrio":"Altos de santa Elena","nivel_dano_max":"medio","severidad_max":"medio_alto","habitabilidad_codigos":"r1","recomendaciones":"evacuar_parcial, monitoreo, seguimiento","evaluaciones_adicionales":"estructural, geotecnica","usos":"residencial","sistema_estructural":"muros_carga","material":"mamp_reforzada","epoca_construccion":"despues_2010","estado_conservacion":"bueno","calidad_diseno":"regular","ocupantes_max":50,"heridos_max":0,"muertos_max":0,"gps_accuracy_median":5.53,"rud_records":0,"rud_households":0,"rud_addresses":0,"rud_women":0,"rud_minors":0,"rud_older65":0,"rud_afro":0,"rud_indigenous":0,"rud_estado_averiado":0,"rud_estado_no_habitable":0,"rud_estado_habitable":0,"rud_estado_destruido":0,"rud_estado_no_informa":0,"rud_tenencia_propietario":0,"rud_tenencia_arrendatario":0,"rud_tenencia_ocupante":0,"rud_tenencia_poseedor":0,"rud_tenencia_no_informa":0,"rud_match_methods":"","rud_match_confidences":"","has_rud_match":false}},{"type":"Feature","geometry":{"type":"Point","coordinates":[-76.5552189,3.3693328]},"properties":{"place_id":"3e262680-12ad-4dc4-83a8-530b281bb589","place_report_count":1,"worst_collapse_type":null,"place_has_arcgis_id":false,"evaluation_count":1,"evaluation_ids_count":1,"barrio":"Altos de Santa Elena","nivel_dano_max":"medio","severidad_max":"medio_alto","habitabilidad_codigos":"r1","recomendaciones":"apuntalar, demoler","evaluaciones_adicionales":"","usos":"residencial","sistema_estructural":"muros_carga","material":"concreto_mc","epoca_construccion":"despues_2010","estado_conservacion":"bueno","calidad_diseno":"bueno","ocupantes_max":65,"heridos_max":0,"muertos_max":0,"gps_accuracy_median":2.31,"rud_records":0,"rud_households":0,"rud_addresses":0,"rud_women":0,"rud_minors":0,"rud_older65":0,"rud_afro":0,"rud_indigenous":0,"rud_estado_averiado":0,"rud_estado_no_habitable":0,"rud_estado_habitable":0,"rud_estado_destruido":0,"rud_estado_no_informa":0,"rud_tenencia_propietario":0,"rud_tenencia_arrendatario":0,"rud_tenencia_ocupante":0,"rud_tenencia_poseedor":0,"rud_tenencia_no_informa":0,"rud_match_methods":"","rud_match_confidences":"","has_rud_match":false}},{"type":"Feature","geometry":{"type":"Point","coordinates":[-76.5549196,3.3693394]},"properties":{"place_id":"1a6a4195-5771-415e-b0fd-bcafaab81c44","place_report_count":0,"worst_collapse_type":null,"place_has_arcgis_id":false,"evaluation_count":1,"evaluation_ids_count":1,"barrio":"Altos de santa Elena","nivel_dano_max":"bajo","severidad_max":"bajo","habitabilidad_codigos":"h","recomendaciones":"seguimiento","evaluaciones_adicionales":"geotecnica","usos":"residencial","sistema_estructural":"muros_carga","material":"mamp_reforzada","epoca_construccion":"despues_2010","estado_conservacion":"bueno","calidad_diseno":"regular","ocupantes_max":0,"heridos_max":0,"muertos_max":0,"gps_accuracy_median":9.85,"rud_records":0,"rud_households":0,"rud_addresses":0,"rud_women":0,"rud_minors":0,"rud_older65":0,"rud_afro":0,"rud_indigenous":0,"rud_estado_averiado":0,"rud_estado_no_habitable":0,"rud_estado_habitable":0,"rud_estado_destruido":0,"rud_estado_no_informa":0,"rud_tenencia_propietario":0,"rud_tenencia_arrendatario":0,"rud_tenencia_ocupante":0,"rud_tenencia_poseedor":0,"rud_tenencia_no_informa":0,"rud_match_methods":"","rud_match_confidences":"","has_rud_match":false}},{"type":"Feature","geometry":{"type":"Point","coordinates":[-76.555766,3.3694048]},"properties":{"place_id":"12c6bdd0-4110-4dcb-93c4-f02b23b525a9","place_report_count":0,"worst_collapse_type":null,"place_has_arcgis_id":false,"evaluation_count":1,"evaluation_ids_count":1,"barrio":"Polvorines","nivel_dano_max":"bajo","severidad_max":"medio","habitabilidad_codigos":"h","recomendaciones":"demoler","evaluaciones_adicionales":"estructural","usos":"residencial","sistema_estructural":"muros_carga","material":"concreto_mc","epoca_construccion":"despues_2010","estado_conservacion":"bueno","calidad_diseno":"bueno","ocupantes_max":60,"heridos_max":0,"muertos_max":0,"gps_accuracy_median":27.0,"rud_records":0,"rud_households":0,"rud_addresses":0,"rud_women":0,"rud_minors":0,"rud_older65":0,"rud_afro":0,"rud_indigenous":0,"rud_estado_averiado":0,"rud_estado_no_habitable":0,"rud_estado_habitable":0,"rud_estado_destruido":0,"rud_estado_no_informa":0,"rud_tenencia_propietario":0,"rud_tenencia_arrendatario":0,"rud_tenencia_ocupante":0,"rud_tenencia_poseedor":0,"rud_tenencia_no_informa":0,"rud_match_methods":"","rud_match_confidences":"","has_rud_match":false}},{"type":"Feature","geometry":{"type":"Point","coordinates":[-76.5555667,3.3694133]},"properties":{"place_id":"43b77b1a-f658-4bba-9485-9d0919c3d51d","place_report_count":0,"worst_collapse_type":null,"place_has_arcgis_id":false,"evaluation_count":1,"evaluation_ids_count":1,"barrio":"Altos de Santa Elena","nivel_dano_max":"bajo","severidad_max":"bajo","habitabilidad_codigos":"h","recomendaciones":"monitoreo, seguimiento","evaluaciones_adicionales":"estructural","usos":"residencial","sistema_estructural":"muros_carga","material":"concreto_mc","epoca_construccion":"despues_2010","estado_conservacion":"bueno","calidad_diseno":"bueno","ocupantes_max":60,"heridos_max":0,"muertos_max":0,"gps_accuracy_median":1.6,"rud_records":1,"rud_households":1,"rud_addresses":1,"rud_women":1,"rud_minors":0,"rud_older65":0,"rud_afro":0,"rud_indigenous":0,"rud_estado_averiado":1,"rud_estado_no_habitable":0,"rud_estado_habitable":0,"rud_estado_destruido":0,"rud_estado_no_informa":0,"rud_tenencia_propietario":1,"rud_tenencia_arrendatario":0,"rud_tenencia_ocupante":0,"rud_tenencia_poseedor":0,"rud_tenencia_no_informa":0,"rud_match_methods":"direccion_normalizada","rud_match_confidences":"alta","has_rud_match":true}},{"type":"Feature","geometry":{"type":"Point","coordinates":[-76.5545417,3.3694277]},"properties":{"place_id":"2d0f08b6-dba6-402c-9fc8-fc33bfef251e","place_report_count":0,"worst_collapse_type":null,"place_has_arcgis_id":false,"evaluation_count":1,"evaluation_ids_count":1,"barrio":"Santa elena","nivel_dano_max":"bajo","severidad_max":"bajo","habitabilidad_codigos":"r1","recomendaciones":"seguimiento","evaluaciones_adicionales":"otra","usos":"residencial","sistema_estructural":"muros_carga","material":"mamp_reforzada","epoca_construccion":"despues_2010","estado_conservacion":"bueno","calidad_diseno":"bueno","ocupantes_max":60,"heridos_max":null,"muertos_max":null,"gps_accuracy_median":9.36,"rud_records":0,"rud_households":0,"rud_addresses":0,"rud_women":0,"rud_minors":0,"rud_older65":0,"rud_afro":0,"rud_indigenous":0,"rud_estado_averiado":0,"rud_estado_no_habitable":0,"rud_estado_habitable":0,"rud_estado_destruido":0,"rud_estado_no_informa":0,"rud_tenencia_propietario":0,"rud_tenencia_arrendatario":0,"rud_tenencia_ocupante":0,"rud_tenencia_poseedor":0,"rud_tenencia_no_informa":0,"rud_match_methods":"","rud_match_confidences":"","has_rud_match":false}},{"type":"Feature","geometry":{"type":"Point","coordinates":[-76.555648,3.369445]},"properties":{"place_id":"57ce6da7-4bce-4806-932a-305ce843a2ef","place_report_count":0,"worst_collapse_type":null,"place_has_arcgis_id":false,"evaluation_count":1,"evaluation_ids_count":1,"barrio":"Altos de Santa Elena","nivel_dano_max":"sin_dano","severidad_max":"sin_dano","habitabilidad_codigos":"h","recomendaciones":"","evaluaciones_adicionales":"","usos":"residencial","sistema_estructural":"muros_carga","material":"concreto_mc","epoca_construccion":"","estado_conservacion":"bueno","calidad_diseno":"bueno","ocupantes_max":null,"heridos_max":0,"muertos_max":0,"gps_accuracy_median":9.94,"rud_records":0,"rud_households":0,"rud_addresses":0,"rud_women":0,"rud_minors":0,"rud_older65":0,"rud_afro":0,"rud_indigenous":0,"rud_estado_averiado":0,"rud_estado_no_habitable":0,"rud_estado_habitable":0,"rud_estado_destruido":0,"rud_estado_no_informa":0,"rud_tenencia_propietario":0,"rud_tenencia_arrendatario":0,"rud_tenencia_ocupante":0,"rud_tenencia_poseedor":0,"rud_tenencia_no_informa":0,"rud_match_methods":"","rud_match_confidences":"","has_rud_match":false}},{"type":"Feature","geometry":{"type":"Point","coordinates":[-76.5552218,3.3694646]},"properties":{"place_id":"10fff85b-3f32-497b-aa92-2615ca1c5344","place_report_count":1,"worst_collapse_type":null,"place_has_arcgis_id":false,"evaluation_count":1,"evaluation_ids_count":1,"barrio":"Meléndez","nivel_dano_max":"bajo","severidad_max":"bajo","habitabilidad_codigos":"h","recomendaciones":"seguimiento","evaluaciones_adicionales":"","usos":"residencial","sistema_estructural":"muros_carga","material":"concreto_mc","epoca_construccion":"despues_2010","estado_conservacion":"bueno","calidad_diseno":"bueno","ocupantes_max":60,"heridos_max":0,"muertos_max":0,"gps_accuracy_median":3.43,"rud_records":0,"rud_households":0,"rud_addresses":0,"rud_women":0,"rud_minors":0,"rud_older65":0,"rud_afro":0,"rud_indigenous":0,"rud_estado_averiado":0,"rud_estado_no_habitable":0,"rud_estado_habitable":0,"rud_estado_destruido":0,"rud_estado_no_informa":0,"rud_tenencia_propietario":0,"rud_tenencia_arrendatario":0,"rud_tenencia_ocupante":0,"rud_tenencia_poseedor":0,"rud_tenencia_no_informa":0,"rud_match_methods":"","rud_match_confidences":"","has_rud_match":false}},{"type":"Feature","geometry":{"type":"Point","coordinates":[-76.5558878,3.3694679]},"properties":{"place_id":"051ca1f1-dc97-4b15-9ce2-4fc635bd8c35","place_report_count":1,"worst_collapse_type":null,"place_has_arcgis_id":false,"evaluation_count":1,"evaluation_ids_count":1,"barrio":"Altos ew Santa Elena","nivel_dano_max":"sin_dano","severidad_max":"sin_dano","habitabilidad_codigos":"h","recomendaciones":"","evaluaciones_adicionales":"","usos":"residencial","sistema_estructural":"muros_carga","material":"concreto_mc","epoca_construccion":"despues_2010","estado_conservacion":"bueno","calidad_diseno":"bueno","ocupantes_max":80,"heridos_max":null,"muertos_max":null,"gps_accuracy_median":8.41,"rud_records":0,"rud_households":0,"rud_addresses":0,"rud_women":0,"rud_minors":0,"rud_older65":0,"rud_afro":0,"rud_indigenous":0,"rud_estado_averiado":0,"rud_estado_no_habitable":0,"rud_estado_habitable":0,"rud_estado_destruido":0,"rud_estado_no_informa":0,"rud_tenencia_propietario":0,"rud_tenencia_arrendatario":0,"rud_tenencia_ocupante":0,"rud_tenencia_poseedor":0,"rud_tenencia_no_informa":0,"rud_match_methods":"","rud_match_confidences":"","has_rud_match":false}},{"type":"Feature","geometry":{"type":"Point","coordinates":[-76.5560847,3.3695232]},"properties":{"place_id":"e8f33a5e-9fbc-4492-ba23-ab09178baf58","place_report_count":0,"worst_collapse_type":null,"place_has_arcgis_id":false,"evaluation_count":1,"evaluation_ids_count":1,"barrio":"Altos de Santa Elena","nivel_dano_max":"sin_dano","severidad_max":"sin_dano","habitabilidad_codigos":"h","recomendaciones":"","evaluaciones_adicionales":"","usos":"residencial","sistema_estructural":"muros_carga","material":"concreto_mc","epoca_construccion":"1998_2010","estado_conservacion":"bueno","calidad_diseno":"bueno","ocupantes_max":4,"heridos_max":0,"muertos_max":0,"gps_accuracy_median":3.79,"rud_records":0,"rud_households":0,"rud_addresses":0,"rud_women":0,"rud_minors":0,"rud_older65":0,"rud_afro":0,"rud_indigenous":0,"rud_estado_averiado":0,"rud_estado_no_habitable":0,"rud_estado_habitable":0,"rud_estado_destruido":0,"rud_estado_no_informa":0,"rud_tenencia_propietario":0,"rud_tenencia_arrendatario":0,"rud_tenencia_ocupante":0,"rud_tenencia_poseedor":0,"rud_tenencia_no_informa":0,"rud_match_methods":"","rud_match_confidences":"","has_rud_match":false}},{"type":"Feature","geometry":{"type":"Point","coordinates":[-76.5562283,3.3695481]},"properties":{"place_id":"3990e737-d3cc-4453-8c28-4bb52473a095","place_report_count":0,"worst_collapse_type":null,"place_has_arcgis_id":false,"evaluation_count":1,"evaluation_ids_count":1,"barrio":"Altos de Santa Elena","nivel_dano_max":"sin_dano","severidad_max":"sin_dano","habitabilidad_codigos":"h","recomendaciones":"","evaluaciones_adicionales":"","usos":"residencial","sistema_estructural":"muros_carga","material":"concreto_mc","epoca_construccion":"1998_2010","estado_conservacion":"bueno","calidad_diseno":"bueno","ocupantes_max":2,"heridos_max":0,"muertos_max":0,"gps_accuracy_median":9.94,"rud_records":0,"rud_households":0,"rud_addresses":0,"rud_women":0,"rud_minors":0,"rud_older65":0,"rud_afro":0,"rud_indigenous":0,"rud_estado_averiado":0,"rud_estado_no_habitable":0,"rud_estado_habitable":0,"rud_estado_destruido":0,"rud_estado_no_informa":0,"rud_tenencia_propietario":0,"rud_tenencia_arrendatario":0,"rud_tenencia_ocupante":0,"rud_tenencia_poseedor":0,"rud_tenencia_no_informa":0,"rud_match_methods":"","rud_match_confidences":"","has_rud_match":false}},{"type":"Feature","geometry":{"type":"Point","coordinates":[-76.5557274,3.3695512]},"properties":{"place_id":"7b7e8284-c452-401c-bb3f-b585eff0ce3a","place_report_count":1,"worst_collapse_type":null,"place_has_arcgis_id":false,"evaluation_count":1,"evaluation_ids_count":1,"barrio":"Altos de Santa Elena","nivel_dano_max":"bajo","severidad_max":"bajo","habitabilidad_codigos":"h","recomendaciones":"seguimiento","evaluaciones_adicionales":"otra","usos":"residencial","sistema_estructural":"muros_carga","material":"concreto_mc","epoca_construccion":"despues_2010","estado_conservacion":"bueno","calidad_diseno":"bueno","ocupantes_max":60,"heridos_max":0,"muertos_max":0,"gps_accuracy_median":4.15,"rud_records":0,"rud_households":0,"rud_addresses":0,"rud_women":0,"rud_minors":0,"rud_older65":0,"rud_afro":0,"rud_indigenous":0,"rud_estado_averiado":0,"rud_estado_no_habitable":0,"rud_estado_habitable":0,"rud_estado_destruido":0,"rud_estado_no_informa":0,"rud_tenencia_propietario":0,"rud_tenencia_arrendatario":0,"rud_tenencia_ocupante":0,"rud_tenencia_poseedor":0,"rud_tenencia_no_informa":0,"rud_match_methods":"","rud_match_confidences":"","has_rud_match":false}},{"type":"Feature","geometry":{"type":"Point","coordinates":[-76.5556667,3.3696103]},"properties":{"place_id":"68f8fadd-1683-4535-bed0-54dbb5870a93","place_report_count":1,"worst_collapse_type":null,"place_has_arcgis_id":false,"evaluation_count":1,"evaluation_ids_count":1,"barrio":"Altos de Santa Elena","nivel_dano_max":"bajo","severidad_max":"bajo","habitabilidad_codigos":"h","recomendaciones":"","evaluaciones_adicionales":"","usos":"residencial","sistema_estructural":"muros_carga","material":"conc_prefab_mc","epoca_construccion":"despues_2010","estado_conservacion":"bueno","calidad_diseno":"bueno","ocupantes_max":80,"heridos_max":0,"muertos_max":0,"gps_accuracy_median":3.79,"rud_records":3,"rud_households":1,"rud_addresses":1,"rud_women":3,"rud_minors":0,"rud_older65":0,"rud_afro":3,"rud_indigenous":0,"rud_estado_averiado":3,"rud_estado_no_habitable":0,"rud_estado_habitable":0,"rud_estado_destruido":0,"rud_estado_no_informa":0,"rud_tenencia_propietario":0,"rud_tenencia_arrendatario":3,"rud_tenencia_ocupante":0,"rud_tenencia_poseedor":0,"rud_tenencia_no_informa":0,"rud_match_methods":"nomenclatura_sector","rud_match_confidences":"media","has_rud_match":true}},{"type":"Feature","geometry":{"type":"Point","coordinates":[-76.554465,3.3696583]},"properties":{"place_id":"46e8826a-9aad-447d-8fb4-66fc591bcb3c","place_report_count":0,"worst_collapse_type":null,"place_has_arcgis_id":false,"evaluation_count":1,"evaluation_ids_count":1,"barrio":"Altos de Santa Elena","nivel_dano_max":"bajo","severidad_max":"bajo","habitabilidad_codigos":"h","recomendaciones":"apuntalar","evaluaciones_adicionales":"","usos":"residencial","sistema_estructural":"muros_carga","material":"concreto_mc","epoca_construccion":"1998_2010","estado_conservacion":"bueno","calidad_diseno":"bueno","ocupantes_max":80,"heridos_max":null,"muertos_max":null,"gps_accuracy_median":1.6,"rud_records":0,"rud_households":0,"rud_addresses":0,"rud_women":0,"rud_minors":0,"rud_older65":0,"rud_afro":0,"rud_indigenous":0,"rud_estado_averiado":0,"rud_estado_no_habitable":0,"rud_estado_habitable":0,"rud_estado_destruido":0,"rud_estado_no_informa":0,"rud_tenencia_propietario":0,"rud_tenencia_arrendatario":0,"rud_tenencia_ocupante":0,"rud_tenencia_poseedor":0,"rud_tenencia_no_informa":0,"rud_match_methods":"","rud_match_confidences":"","has_rud_match":false}},{"type":"Feature","geometry":{"type":"Point","coordinates":[-76.5550709,3.3696605]},"properties":{"place_id":"ce557d84-6d8c-4746-a1ec-64f7db2e1672","place_report_count":1,"worst_collapse_type":null,"place_has_arcgis_id":false,"evaluation_count":1,"evaluation_ids_count":1,"barrio":"Altos de Santa Elena","nivel_dano_max":"bajo","severidad_max":"bajo","habitabilidad_codigos":"r2","recomendaciones":"intervencion","evaluaciones_adicionales":"geotecnica","usos":"residencial","sistema_estructural":"muros_carga","material":"concreto_mc","epoca_construccion":"despues_2010","estado_conservacion":"bueno","calidad_diseno":"bueno","ocupantes_max":43,"heridos_max":0,"muertos_max":0,"gps_accuracy_median":6.18,"rud_records":0,"rud_households":0,"rud_addresses":0,"rud_women":0,"rud_minors":0,"rud_older65":0,"rud_afro":0,"rud_indigenous":0,"rud_estado_averiado":0,"rud_estado_no_habitable":0,"rud_estado_habitable":0,"rud_estado_destruido":0,"rud_estado_no_informa":0,"rud_tenencia_propietario":0,"rud_tenencia_arrendatario":0,"rud_tenencia_ocupante":0,"rud_tenencia_poseedor":0,"rud_tenencia_no_informa":0,"rud_match_methods":"","rud_match_confidences":"","has_rud_match":false}},{"type":"Feature","geometry":{"type":"Point","coordinates":[-76.5544714,3.3697914]},"properties":{"place_id":"2f5adb1e-1041-4ab2-9018-922be42fd661","place_report_count":0,"worst_collapse_type":null,"place_has_arcgis_id":false,"evaluation_count":1,"evaluation_ids_count":1,"barrio":"santa helena","nivel_dano_max":"bajo","severidad_max":"medio","habitabilidad_codigos":"h","recomendaciones":"monitoreo, seguimiento","evaluaciones_adicionales":"estructural","usos":"residencial","sistema_estructural":"muros_carga","material":"mamp_reforzada","epoca_construccion":"despues_2010","estado_conservacion":"regular","calidad_diseno":"regular","ocupantes_max":60,"heridos_max":0,"muertos_max":0,"gps_accuracy_median":null,"rud_records":0,"rud_households":0,"rud_addresses":0,"rud_women":0,"rud_minors":0,"rud_older65":0,"rud_afro":0,"rud_indigenous":0,"rud_estado_averiado":0,"rud_estado_no_habitable":0,"rud_estado_habitable":0,"rud_estado_destruido":0,"rud_estado_no_informa":0,"rud_tenencia_propietario":0,"rud_tenencia_arrendatario":0,"rud_tenencia_ocupante":0,"rud_tenencia_poseedor":0,"rud_tenencia_no_informa":0,"rud_match_methods":"","rud_match_confidences":"","has_rud_match":false}},{"type":"Feature","geometry":{"type":"Point","coordinates":[-76.5540223,3.3699063]},"properties":{"place_id":"ba16c7be-5c11-4992-b2ab-3252e9551ba6","place_report_count":0,"worst_collapse_type":null,"place_has_arcgis_id":false,"evaluation_count":1,"evaluation_ids_count":1,"barrio":"Altos de Santa Elena","nivel_dano_max":"sin_dano","severidad_max":"sin_dano","habitabilidad_codigos":"h","recomendaciones":"seguimiento","evaluaciones_adicionales":"otra","usos":"residencial","sistema_estructural":"muros_carga","material":"mamp_reforzada","epoca_construccion":"despues_2010","estado_conservacion":"bueno","calidad_diseno":"bueno","ocupantes_max":60,"heridos_max":null,"muertos_max":null,"gps_accuracy_median":9.75,"rud_records":0,"rud_households":0,"rud_addresses":0,"rud_women":0,"rud_minors":0,"rud_older65":0,"rud_afro":0,"rud_indigenous":0,"rud_estado_averiado":0,"rud_estado_no_habitable":0,"rud_estado_habitable":0,"rud_estado_destruido":0,"rud_estado_no_informa":0,"rud_tenencia_propietario":0,"rud_tenencia_arrendatario":0,"rud_tenencia_ocupante":0,"rud_tenencia_poseedor":0,"rud_tenencia_no_informa":0,"rud_match_methods":"","rud_match_confidences":"","has_rud_match":false}},{"type":"Feature","geometry":{"type":"Point","coordinates":[-76.5549771,3.3699361]},"properties":{"place_id":"13343431-14b0-4720-90b7-629c59d52095","place_report_count":1,"worst_collapse_type":null,"place_has_arcgis_id":false,"evaluation_count":1,"evaluation_ids_count":1,"barrio":"Alto de Santa Elena","nivel_dano_max":"bajo","severidad_max":"bajo","habitabilidad_codigos":"r2","recomendaciones":"apuntalar, monitoreo, restringir_peatones","evaluaciones_adicionales":"estructural","usos":"residencial","sistema_estructural":"muros_carga","material":"concreto_mc","epoca_construccion":"despues_2010","estado_conservacion":"regular","calidad_diseno":"bueno","ocupantes_max":75,"heridos_max":0,"muertos_max":0,"gps_accuracy_median":9.31,"rud_records":10,"rud_households":3,"rud_addresses":1,"rud_women":5,"rud_minors":4,"rud_older65":1,"rud_afro":0,"rud_indigenous":0,"rud_estado_averiado":10,"rud_estado_no_habitable":0,"rud_estado_habitable":0,"rud_estado_destruido":0,"rud_estado_no_informa":0,"rud_tenencia_propietario":6,"rud_tenencia_arrendatario":0,"rud_tenencia_ocupante":0,"rud_tenencia_poseedor":4,"rud_tenencia_no_informa":0,"rud_match_methods":"direccion_normalizada","rud_match_confidences":"alta","has_rud_match":true}},{"type":"Feature","geometry":{"type":"Point","coordinates":[-76.5555831,3.3700834]},"properties":{"place_id":"f645b7ee-6e77-4670-8289-cfd520a4e0f7","place_report_count":0,"worst_collapse_type":null,"place_has_arcgis_id":false,"evaluation_count":1,"evaluation_ids_count":1,"barrio":"Altos de Santa Elena","nivel_dano_max":"bajo","severidad_max":"bajo","habitabilidad_codigos":"h","recomendaciones":"","evaluaciones_adicionales":"","usos":"residencial","sistema_estructural":"muros_carga","material":"conc_prefab_mc","epoca_construccion":"despues_2010","estado_conservacion":"bueno","calidad_diseno":"bueno","ocupantes_max":80,"heridos_max":0,"muertos_max":0,"gps_accuracy_median":9.94,"rud_records":0,"rud_households":0,"rud_addresses":0,"rud_women":0,"rud_minors":0,"rud_older65":0,"rud_afro":0,"rud_indigenous":0,"rud_estado_averiado":0,"rud_estado_no_habitable":0,"rud_estado_habitable":0,"rud_estado_destruido":0,"rud_estado_no_informa":0,"rud_tenencia_propietario":0,"rud_tenencia_arrendatario":0,"rud_tenencia_ocupante":0,"rud_tenencia_poseedor":0,"rud_tenencia_no_informa":0,"rud_match_methods":"","rud_match_confidences":"","has_rud_match":false}},{"type":"Feature","geometry":{"type":"Point","coordinates":[-76.5548689,3.3701598]},"properties":{"place_id":"4cf2fa00-8cf0-49da-9e7e-97396f7bc64d","place_report_count":1,"worst_collapse_type":null,"place_has_arcgis_id":false,"evaluation_count":1,"evaluation_ids_count":1,"barrio":"Melendez","nivel_dano_max":"sin_dano","severidad_max":"sin_dano","habitabilidad_codigos":"h","recomendaciones":"","evaluaciones_adicionales":"","usos":"residencial","sistema_estructural":"muros_carga","material":"concreto_mc","epoca_construccion":"despues_2010","estado_conservacion":"bueno","calidad_diseno":"bueno","ocupantes_max":60,"heridos_max":0,"muertos_max":0,"gps_accuracy_median":9.0,"rud_records":0,"rud_households":0,"rud_addresses":0,"rud_women":0,"rud_minors":0,"rud_older65":0,"rud_afro":0,"rud_indigenous":0,"rud_estado_averiado":0,"rud_estado_no_habitable":0,"rud_estado_habitable":0,"rud_estado_destruido":0,"rud_estado_no_informa":0,"rud_tenencia_propietario":0,"rud_tenencia_arrendatario":0,"rud_tenencia_ocupante":0,"rud_tenencia_poseedor":0,"rud_tenencia_no_informa":0,"rud_match_methods":"","rud_match_confidences":"","has_rud_match":false}},{"type":"Feature","geometry":{"type":"Point","coordinates":[-76.5544183,3.3701767]},"properties":{"place_id":"a5f6e0d7-441d-4b65-8392-43a5c04e1789","place_report_count":0,"worst_collapse_type":null,"place_has_arcgis_id":true,"evaluation_count":1,"evaluation_ids_count":1,"barrio":"Altos de Santa Elena","nivel_dano_max":"medio","severidad_max":"medio_alto","habitabilidad_codigos":"r2","recomendaciones":"seguimiento","evaluaciones_adicionales":"estructural, geotecnica","usos":"residencial","sistema_estructural":"muros_carga","material":"mamp_reforzada","epoca_construccion":"despues_2010","estado_conservacion":"bueno","calidad_diseno":"bueno","ocupantes_max":72,"heridos_max":0,"muertos_max":0,"gps_accuracy_median":9.4,"rud_records":6,"rud_households":1,"rud_addresses":1,"rud_women":2,"rud_minors":0,"rud_older65":2,"rud_afro":0,"rud_indigenous":0,"rud_estado_averiado":0,"rud_estado_no_habitable":0,"rud_estado_habitable":6,"rud_estado_destruido":0,"rud_estado_no_informa":0,"rud_tenencia_propietario":6,"rud_tenencia_arrendatario":0,"rud_tenencia_ocupante":0,"rud_tenencia_poseedor":0,"rud_tenencia_no_informa":0,"rud_match_methods":"nomenclatura_sector","rud_match_confidences":"media","has_rud_match":true}},{"type":"Feature","geometry":{"type":"Point","coordinates":[-76.5560437,3.3701845]},"properties":{"place_id":"114b575a-4682-4db2-80b0-fd3133e1df38","place_report_count":1,"worst_collapse_type":null,"place_has_arcgis_id":false,"evaluation_count":1,"evaluation_ids_count":1,"barrio":"Altos de Santa Elena","nivel_dano_max":"bajo","severidad_max":"bajo","habitabilidad_codigos":"h","recomendaciones":"","evaluaciones_adicionales":"","usos":"residencial","sistema_estructural":"otro","material":"","epoca_construccion":"1998_2010","estado_conservacion":"regular","calidad_diseno":"regular","ocupantes_max":64,"heridos_max":0,"muertos_max":0,"gps_accuracy_median":null,"rud_records":0,"rud_households":0,"rud_addresses":0,"rud_women":0,"rud_minors":0,"rud_older65":0,"rud_afro":0,"rud_indigenous":0,"rud_estado_averiado":0,"rud_estado_no_habitable":0,"rud_estado_habitable":0,"rud_estado_destruido":0,"rud_estado_no_informa":0,"rud_tenencia_propietario":0,"rud_tenencia_arrendatario":0,"rud_tenencia_ocupante":0,"rud_tenencia_poseedor":0,"rud_tenencia_no_informa":0,"rud_match_methods":"","rud_match_confidences":"","has_rud_match":false}},{"type":"Feature","geometry":{"type":"Point","coordinates":[-76.554115,3.3701867]},"properties":{"place_id":"5c59edaf-0c0d-46a7-8288-28b8f90e6772","place_report_count":0,"worst_collapse_type":null,"place_has_arcgis_id":false,"evaluation_count":1,"evaluation_ids_count":1,"barrio":"Bajo jordan","nivel_dano_max":"medio","severidad_max":"medio_alto","habitabilidad_codigos":"r1","recomendaciones":"","evaluaciones_adicionales":"estructural","usos":"residencial","sistema_estructural":"muros_carga","material":"concreto_mc","epoca_construccion":"despues_2010","estado_conservacion":"bueno","calidad_diseno":"regular","ocupantes_max":95,"heridos_max":null,"muertos_max":null,"gps_accuracy_median":6.3,"rud_records":0,"rud_households":0,"rud_addresses":0,"rud_women":0,"rud_minors":0,"rud_older65":0,"rud_afro":0,"rud_indigenous":0,"rud_estado_averiado":0,"rud_estado_no_habitable":0,"rud_estado_habitable":0,"rud_estado_destruido":0,"rud_estado_no_informa":0,"rud_tenencia_propietario":0,"rud_tenencia_arrendatario":0,"rud_tenencia_ocupante":0,"rud_tenencia_poseedor":0,"rud_tenencia_no_informa":0,"rud_match_methods":"","rud_match_confidences":"","has_rud_match":false}},{"type":"Feature","geometry":{"type":"Point","coordinates":[-76.5556416,3.3701997]},"properties":{"place_id":"9f8bc342-3e0f-46d0-a1bc-c3d3a9ee0536","place_report_count":1,"worst_collapse_type":null,"place_has_arcgis_id":false,"evaluation_count":1,"evaluation_ids_count":1,"barrio":"Altos dw Santa Elena","nivel_dano_max":"bajo","severidad_max":"bajo","habitabilidad_codigos":"r1","recomendaciones":"aislamiento, apuntalar, demoler, evacuar_parcial","evaluaciones_adicionales":"otra","usos":"residencial","sistema_estructural":"muros_carga","material":"concreto_mc","epoca_construccion":"despues_2010","estado_conservacion":"bueno","calidad_diseno":"bueno","ocupantes_max":86,"heridos_max":0,"muertos_max":0,"gps_accuracy_median":3.79,"rud_records":0,"rud_households":0,"rud_addresses":0,"rud_women":0,"rud_minors":0,"rud_older65":0,"rud_afro":0,"rud_indigenous":0,"rud_estado_averiado":0,"rud_estado_no_habitable":0,"rud_estado_habitable":0,"rud_estado_destruido":0,"rud_estado_no_informa":0,"rud_tenencia_propietario":0,"rud_tenencia_arrendatario":0,"rud_tenencia_ocupante":0,"rud_tenencia_poseedor":0,"rud_tenencia_no_informa":0,"rud_match_methods":"","rud_match_confidences":"","has_rud_match":false}},{"type":"Feature","geometry":{"type":"Point","coordinates":[-76.5556382,3.3702584]},"properties":{"place_id":"0f7d1bf3-b0af-4756-8355-1763c6c7f576","place_report_count":0,"worst_collapse_type":null,"place_has_arcgis_id":false,"evaluation_count":1,"evaluation_ids_count":1,"barrio":"Altos de Santa Elena","nivel_dano_max":"bajo","severidad_max":"bajo","habitabilidad_codigos":"h","recomendaciones":"seguimiento","evaluaciones_adicionales":"otra","usos":"residencial","sistema_estructural":"muros_carga","material":"mamp_confinada","epoca_construccion":"despues_2010","estado_conservacion":"bueno","calidad_diseno":"bueno","ocupantes_max":20,"heridos_max":0,"muertos_max":0,"gps_accuracy_median":6.09,"rud_records":0,"rud_households":0,"rud_addresses":0,"rud_women":0,"rud_minors":0,"rud_older65":0,"rud_afro":0,"rud_indigenous":0,"rud_estado_averiado":0,"rud_estado_no_habitable":0,"rud_estado_habitable":0,"rud_estado_destruido":0,"rud_estado_no_informa":0,"rud_tenencia_propietario":0,"rud_tenencia_arrendatario":0,"rud_tenencia_ocupante":0,"rud_tenencia_poseedor":0,"rud_tenencia_no_informa":0,"rud_match_methods":"","rud_match_confidences":"","has_rud_match":false}},{"type":"Feature","geometry":{"type":"Point","coordinates":[-76.5554066,3.3702684]},"properties":{"place_id":"9d720d12-7b63-420b-aa0e-f5e65d511d9e","place_report_count":1,"worst_collapse_type":null,"place_has_arcgis_id":false,"evaluation_count":1,"evaluation_ids_count":1,"barrio":"Altos de Santa Elena","nivel_dano_max":"bajo","severidad_max":"bajo","habitabilidad_codigos":"h","recomendaciones":"","evaluaciones_adicionales":"","usos":"residencial","sistema_estructural":"muros_carga","material":"conc_prefab_mc","epoca_construccion":"despues_2010","estado_conservacion":"bueno","calidad_diseno":"bueno","ocupantes_max":80,"heridos_max":0,"muertos_max":0,"gps_accuracy_median":3.81,"rud_records":0,"rud_households":0,"rud_addresses":0,"rud_women":0,"rud_minors":0,"rud_older65":0,"rud_afro":0,"rud_indigenous":0,"rud_estado_averiado":0,"rud_estado_no_habitable":0,"rud_estado_habitable":0,"rud_estado_destruido":0,"rud_estado_no_informa":0,"rud_tenencia_propietario":0,"rud_tenencia_arrendatario":0,"rud_tenencia_ocupante":0,"rud_tenencia_poseedor":0,"rud_tenencia_no_informa":0,"rud_match_methods":"","rud_match_confidences":"","has_rud_match":false}},{"type":"Feature","geometry":{"type":"Point","coordinates":[-76.5562153,3.3702699]},"properties":{"place_id":"fd12b0a7-7eb6-43fc-a334-1fe23c176c8e","place_report_count":1,"worst_collapse_type":null,"place_has_arcgis_id":false,"evaluation_count":1,"evaluation_ids_count":1,"barrio":"Altos de Santa Elena","nivel_dano_max":"sin_dano","severidad_max":"sin_dano","habitabilidad_codigos":"h","recomendaciones":"seguimiento","evaluaciones_adicionales":"","usos":"residencial","sistema_estructural":"otro","material":"","epoca_construccion":"1998_2010","estado_conservacion":"bueno","calidad_diseno":"bueno","ocupantes_max":100,"heridos_max":0,"muertos_max":0,"gps_accuracy_median":null,"rud_records":40,"rud_households":13,"rud_addresses":13,"rud_women":21,"rud_minors":9,"rud_older65":4,"rud_afro":10,"rud_indigenous":1,"rud_estado_averiado":40,"rud_estado_no_habitable":0,"rud_estado_habitable":0,"rud_estado_destruido":0,"rud_estado_no_informa":0,"rud_tenencia_propietario":40,"rud_tenencia_arrendatario":0,"rud_tenencia_ocupante":0,"rud_tenencia_poseedor":0,"rud_tenencia_no_informa":0,"rud_match_methods":"nomenclatura_sector","rud_match_confidences":"media","has_rud_match":true}},{"type":"Feature","geometry":{"type":"Point","coordinates":[-76.5553128,3.3702915]},"properties":{"place_id":"4392cdde-3726-43c5-95a5-913230801809","place_report_count":1,"worst_collapse_type":null,"place_has_arcgis_id":false,"evaluation_count":1,"evaluation_ids_count":1,"barrio":"Altos de Santa Elena","nivel_dano_max":"bajo","severidad_max":"bajo","habitabilidad_codigos":"h","recomendaciones":"","evaluaciones_adicionales":"","usos":"residencial","sistema_estructural":"muros_carga","material":"conc_prefab_mc","epoca_construccion":"despues_2010","estado_conservacion":"bueno","calidad_diseno":"bueno","ocupantes_max":80,"heridos_max":0,"muertos_max":0,"gps_accuracy_median":9.94,"rud_records":0,"rud_households":0,"rud_addresses":0,"rud_women":0,"rud_minors":0,"rud_older65":0,"rud_afro":0,"rud_indigenous":0,"rud_estado_averiado":0,"rud_estado_no_habitable":0,"rud_estado_habitable":0,"rud_estado_destruido":0,"rud_estado_no_informa":0,"rud_tenencia_propietario":0,"rud_tenencia_arrendatario":0,"rud_tenencia_ocupante":0,"rud_tenencia_poseedor":0,"rud_tenencia_no_informa":0,"rud_match_methods":"","rud_match_confidences":"","has_rud_match":false}},{"type":"Feature","geometry":{"type":"Point","coordinates":[-76.5564657,3.3703947]},"properties":{"place_id":"242bfd3d-ef9f-484a-920d-7382e70b1234","place_report_count":1,"worst_collapse_type":null,"place_has_arcgis_id":false,"evaluation_count":1,"evaluation_ids_count":1,"barrio":"Altos de Santa Elena","nivel_dano_max":"sin_dano","severidad_max":"sin_dano","habitabilidad_codigos":"h","recomendaciones":"","evaluaciones_adicionales":"","usos":"residencial","sistema_estructural":"muros_carga","material":"concreto_mc","epoca_construccion":"despues_2010","estado_conservacion":"bueno","calidad_diseno":"bueno","ocupantes_max":160,"heridos_max":null,"muertos_max":null,"gps_accuracy_median":7.2,"rud_records":17,"rud_households":6,"rud_addresses":6,"rud_women":7,"rud_minors":2,"rud_older65":3,"rud_afro":3,"rud_indigenous":0,"rud_estado_averiado":17,"rud_estado_no_habitable":0,"rud_estado_habitable":0,"rud_estado_destruido":0,"rud_estado_no_informa":0,"rud_tenencia_propietario":10,"rud_tenencia_arrendatario":7,"rud_tenencia_ocupante":0,"rud_tenencia_poseedor":0,"rud_tenencia_no_informa":0,"rud_match_methods":"nomenclatura_sector","rud_match_confidences":"media","has_rud_match":true}},{"type":"Feature","geometry":{"type":"Point","coordinates":[-76.5550497,3.3704767]},"properties":{"place_id":"bddd57b3-9fac-4453-8b04-b7710d9f724d","place_report_count":1,"worst_collapse_type":null,"place_has_arcgis_id":false,"evaluation_count":1,"evaluation_ids_count":1,"barrio":"Altos Santa Elena","nivel_dano_max":"bajo","severidad_max":"bajo","habitabilidad_codigos":"h","recomendaciones":"","evaluaciones_adicionales":"","usos":"residencial","sistema_estructural":"muros_carga","material":"conc_prefab_mc","epoca_construccion":"despues_2010","estado_conservacion":"bueno","calidad_diseno":"bueno","ocupantes_max":80,"heridos_max":0,"muertos_max":0,"gps_accuracy_median":3.79,"rud_records":0,"rud_households":0,"rud_addresses":0,"rud_women":0,"rud_minors":0,"rud_older65":0,"rud_afro":0,"rud_indigenous":0,"rud_estado_averiado":0,"rud_estado_no_habitable":0,"rud_estado_habitable":0,"rud_estado_destruido":0,"rud_estado_no_informa":0,"rud_tenencia_propietario":0,"rud_tenencia_arrendatario":0,"rud_tenencia_ocupante":0,"rud_tenencia_poseedor":0,"rud_tenencia_no_informa":0,"rud_match_methods":"","rud_match_confidences":"","has_rud_match":false}},{"type":"Feature","geometry":{"type":"Point","coordinates":[-76.5552401,3.3705277]},"properties":{"place_id":"fc54d0d7-b8e8-455d-8240-e520074df62b","place_report_count":1,"worst_collapse_type":null,"place_has_arcgis_id":false,"evaluation_count":1,"evaluation_ids_count":1,"barrio":"Altos de Santa Elena","nivel_dano_max":"bajo","severidad_max":"bajo","habitabilidad_codigos":"h","recomendaciones":"","evaluaciones_adicionales":"","usos":"residencial","sistema_estructural":"muros_carga","material":"conc_prefab_mc","epoca_construccion":"despues_2010","estado_conservacion":"bueno","calidad_diseno":"bueno","ocupantes_max":80,"heridos_max":0,"muertos_max":0,"gps_accuracy_median":3.79,"rud_records":0,"rud_households":0,"rud_addresses":0,"rud_women":0,"rud_minors":0,"rud_older65":0,"rud_afro":0,"rud_indigenous":0,"rud_estado_averiado":0,"rud_estado_no_habitable":0,"rud_estado_habitable":0,"rud_estado_destruido":0,"rud_estado_no_informa":0,"rud_tenencia_propietario":0,"rud_tenencia_arrendatario":0,"rud_tenencia_ocupante":0,"rud_tenencia_poseedor":0,"rud_tenencia_no_informa":0,"rud_match_methods":"","rud_match_confidences":"","has_rud_match":false}},{"type":"Feature","geometry":{"type":"Point","coordinates":[-76.556885,3.3705652]},"properties":{"place_id":"2e0ec799-0b34-4ed7-9c6f-9de5463e60c5","place_report_count":0,"worst_collapse_type":null,"place_has_arcgis_id":false,"evaluation_count":1,"evaluation_ids_count":1,"barrio":"Santa Elena","nivel_dano_max":"bajo","severidad_max":"bajo","habitabilidad_codigos":"r1","recomendaciones":"demoler","evaluaciones_adicionales":"","usos":"residencial","sistema_estructural":"otro","material":"losa_columna","epoca_construccion":"despues_2010","estado_conservacion":"regular","calidad_diseno":"bueno","ocupantes_max":60,"heridos_max":0,"muertos_max":0,"gps_accuracy_median":7.85,"rud_records":0,"rud_households":0,"rud_addresses":0,"rud_women":0,"rud_minors":0,"rud_older65":0,"rud_afro":0,"rud_indigenous":0,"rud_estado_averiado":0,"rud_estado_no_habitable":0,"rud_estado_habitable":0,"rud_estado_destruido":0,"rud_estado_no_informa":0,"rud_tenencia_propietario":0,"rud_tenencia_arrendatario":0,"rud_tenencia_ocupante":0,"rud_tenencia_poseedor":0,"rud_tenencia_no_informa":0,"rud_match_methods":"","rud_match_confidences":"","has_rud_match":false}},{"type":"Feature","geometry":{"type":"Point","coordinates":[-76.5569647,3.3706123]},"properties":{"place_id":"81820c02-e1c7-4b4e-abbd-7816469d6038","place_report_count":0,"worst_collapse_type":null,"place_has_arcgis_id":false,"evaluation_count":1,"evaluation_ids_count":1,"barrio":"Cali","nivel_dano_max":"sin_dano","severidad_max":"sin_dano","habitabilidad_codigos":"r2","recomendaciones":"","evaluaciones_adicionales":"","usos":"residencial","sistema_estructural":"otro","material":"losa_columna","epoca_construccion":"despues_2010","estado_conservacion":"bueno","calidad_diseno":"bueno","ocupantes_max":90,"heridos_max":0,"muertos_max":0,"gps_accuracy_median":9.95,"rud_records":0,"rud_households":0,"rud_addresses":0,"rud_women":0,"rud_minors":0,"rud_older65":0,"rud_afro":0,"rud_indigenous":0,"rud_estado_averiado":0,"rud_estado_no_habitable":0,"rud_estado_habitable":0,"rud_estado_destruido":0,"rud_estado_no_informa":0,"rud_tenencia_propietario":0,"rud_tenencia_arrendatario":0,"rud_tenencia_ocupante":0,"rud_tenencia_poseedor":0,"rud_tenencia_no_informa":0,"rud_match_methods":"","rud_match_confidences":"","has_rud_match":false}},{"type":"Feature","geometry":{"type":"Point","coordinates":[-76.5571196,3.3706731]},"properties":{"place_id":"dbab79ea-f5ca-4c3a-83ad-ff552a7ef319","place_report_count":0,"worst_collapse_type":null,"place_has_arcgis_id":false,"evaluation_count":1,"evaluation_ids_count":1,"barrio":"Alto de santa elena","nivel_dano_max":"bajo","severidad_max":"medio","habitabilidad_codigos":"h","recomendaciones":"","evaluaciones_adicionales":"","usos":"residencial","sistema_estructural":"muros_carga","material":"mamp_reforzada","epoca_construccion":"1998_2010","estado_conservacion":"bueno","calidad_diseno":"bueno","ocupantes_max":70,"heridos_max":0,"muertos_max":0,"gps_accuracy_median":7.95,"rud_records":0,"rud_households":0,"rud_addresses":0,"rud_women":0,"rud_minors":0,"rud_older65":0,"rud_afro":0,"rud_indigenous":0,"rud_estado_averiado":0,"rud_estado_no_habitable":0,"rud_estado_habitable":0,"rud_estado_destruido":0,"rud_estado_no_informa":0,"rud_tenencia_propietario":0,"rud_tenencia_arrendatario":0,"rud_tenencia_ocupante":0,"rud_tenencia_poseedor":0,"rud_tenencia_no_informa":0,"rud_match_methods":"","rud_match_confidences":"","has_rud_match":false}},{"type":"Feature","geometry":{"type":"Point","coordinates":[-76.5567417,3.3706783]},"properties":{"place_id":"b4f7c300-cb00-40f4-bc67-0cdd38ca1924","place_report_count":0,"worst_collapse_type":null,"place_has_arcgis_id":false,"evaluation_count":1,"evaluation_ids_count":1,"barrio":"Melendez altos de Danta Elena","nivel_dano_max":"sin_dano","severidad_max":"sin_dano","habitabilidad_codigos":"h","recomendaciones":"seguimiento","evaluaciones_adicionales":"otra","usos":"residencial","sistema_estructural":"otro","material":"losa_columna","epoca_construccion":"despues_2010","estado_conservacion":"bueno","calidad_diseno":"bueno","ocupantes_max":60,"heridos_max":0,"muertos_max":0,"gps_accuracy_median":1.7,"rud_records":0,"rud_households":0,"rud_addresses":0,"rud_women":0,"rud_minors":0,"rud_older65":0,"rud_afro":0,"rud_indigenous":0,"rud_estado_averiado":0,"rud_estado_no_habitable":0,"rud_estado_habitable":0,"rud_estado_destruido":0,"rud_estado_no_informa":0,"rud_tenencia_propietario":0,"rud_tenencia_arrendatario":0,"rud_tenencia_ocupante":0,"rud_tenencia_poseedor":0,"rud_tenencia_no_informa":0,"rud_match_methods":"","rud_match_confidences":"","has_rud_match":false}},{"type":"Feature","geometry":{"type":"Point","coordinates":[-76.5554267,3.3706883]},"properties":{"place_id":"6c284bad-be7d-4dcb-a438-7c88c1fdf0e0","place_report_count":0,"worst_collapse_type":null,"place_has_arcgis_id":true,"evaluation_count":1,"evaluation_ids_count":1,"barrio":"Santa Helena","nivel_dano_max":"bajo","severidad_max":"bajo","habitabilidad_codigos":"h","recomendaciones":"apuntalar, desconectar, monitoreo, seguimiento","evaluaciones_adicionales":"estructural, geotecnica","usos":"residencial","sistema_estructural":"muros_carga","material":"concreto_mc","epoca_construccion":"1998_2010","estado_conservacion":"regular","calidad_diseno":"bueno","ocupantes_max":0,"heridos_max":null,"muertos_max":null,"gps_accuracy_median":1.8,"rud_records":0,"rud_households":0,"rud_addresses":0,"rud_women":0,"rud_minors":0,"rud_older65":0,"rud_afro":0,"rud_indigenous":0,"rud_estado_averiado":0,"rud_estado_no_habitable":0,"rud_estado_habitable":0,"rud_estado_destruido":0,"rud_estado_no_informa":0,"rud_tenencia_propietario":0,"rud_tenencia_arrendatario":0,"rud_tenencia_ocupante":0,"rud_tenencia_poseedor":0,"rud_tenencia_no_informa":0,"rud_match_methods":"","rud_match_confidences":"","has_rud_match":false}},{"type":"Feature","geometry":{"type":"Point","coordinates":[-76.555892,3.3707221]},"properties":{"place_id":"6cc5746f-609d-48af-b36b-a20438849f51","place_report_count":1,"worst_collapse_type":null,"place_has_arcgis_id":false,"evaluation_count":1,"evaluation_ids_count":1,"barrio":"Altos de Santa Elena","nivel_dano_max":"medio","severidad_max":"medio","habitabilidad_codigos":"r1","recomendaciones":"evacuar_parcial, monitoreo, seguimiento","evaluaciones_adicionales":"estructural","usos":"residencial","sistema_estructural":"muros_carga","material":"concreto_mc","epoca_construccion":"despues_2010","estado_conservacion":"regular","calidad_diseno":"regular","ocupantes_max":60,"heridos_max":0,"muertos_max":0,"gps_accuracy_median":9.94,"rud_records":1,"rud_households":1,"rud_addresses":1,"rud_women":0,"rud_minors":0,"rud_older65":0,"rud_afro":0,"rud_indigenous":0,"rud_estado_averiado":0,"rud_estado_no_habitable":1,"rud_estado_habitable":0,"rud_estado_destruido":0,"rud_estado_no_informa":0,"rud_tenencia_propietario":1,"rud_tenencia_arrendatario":0,"rud_tenencia_ocupante":0,"rud_tenencia_poseedor":0,"rud_tenencia_no_informa":0,"rud_match_methods":"direccion_normalizada","rud_match_confidences":"alta","has_rud_match":true}},{"type":"Feature","geometry":{"type":"Point","coordinates":[-76.5543634,3.3707344]},"properties":{"place_id":"3cb43b2e-7d26-4e2b-bf6a-0bc5752c807b","place_report_count":1,"worst_collapse_type":null,"place_has_arcgis_id":false,"evaluation_count":2,"evaluation_ids_count":2,"barrio":"Altos de Santa Helena","nivel_dano_max":"bajo","severidad_max":"medio","habitabilidad_codigos":"h, r2","recomendaciones":"evacuar_parcial, seguimiento","evaluaciones_adicionales":"estructural, geotecnica","usos":"residencial","sistema_estructural":"muros_carga, otro","material":"losa_columna, mamp_reforzada","epoca_construccion":"despues_2010","estado_conservacion":"regular","calidad_diseno":"bueno, regular","ocupantes_max":80,"heridos_max":0,"muertos_max":0,"gps_accuracy_median":null,"rud_records":0,"rud_households":0,"rud_addresses":0,"rud_women":0,"rud_minors":0,"rud_older65":0,"rud_afro":0,"rud_indigenous":0,"rud_estado_averiado":0,"rud_estado_no_habitable":0,"rud_estado_habitable":0,"rud_estado_destruido":0,"rud_estado_no_informa":0,"rud_tenencia_propietario":0,"rud_tenencia_arrendatario":0,"rud_tenencia_ocupante":0,"rud_tenencia_poseedor":0,"rud_tenencia_no_informa":0,"rud_match_methods":"","rud_match_confidences":"","has_rud_match":false}},{"type":"Feature","geometry":{"type":"Point","coordinates":[-76.5553731,3.370744]},"properties":{"place_id":"7407db50-300b-42df-8e0b-4c3b47ea0a60","place_report_count":0,"worst_collapse_type":null,"place_has_arcgis_id":false,"evaluation_count":1,"evaluation_ids_count":1,"barrio":"santa helena","nivel_dano_max":"bajo","severidad_max":"bajo","habitabilidad_codigos":"h","recomendaciones":"monitoreo, seguimiento","evaluaciones_adicionales":"estructural","usos":"residencial","sistema_estructural":"muros_carga","material":"mamp_reforzada","epoca_construccion":"despues_2010","estado_conservacion":"regular","calidad_diseno":"regular","ocupantes_max":55,"heridos_max":0,"muertos_max":0,"gps_accuracy_median":null,"rud_records":0,"rud_households":0,"rud_addresses":0,"rud_women":0,"rud_minors":0,"rud_older65":0,"rud_afro":0,"rud_indigenous":0,"rud_estado_averiado":0,"rud_estado_no_habitable":0,"rud_estado_habitable":0,"rud_estado_destruido":0,"rud_estado_no_informa":0,"rud_tenencia_propietario":0,"rud_tenencia_arrendatario":0,"rud_tenencia_ocupante":0,"rud_tenencia_poseedor":0,"rud_tenencia_no_informa":0,"rud_match_methods":"","rud_match_confidences":"","has_rud_match":false}},{"type":"Feature","geometry":{"type":"Point","coordinates":[-76.5558176,3.3707595]},"properties":{"place_id":"f4e9c7d9-d3c3-4898-b57e-8eb0c1fc0aea","place_report_count":1,"worst_collapse_type":null,"place_has_arcgis_id":false,"evaluation_count":1,"evaluation_ids_count":1,"barrio":"Altos de Santa Elena","nivel_dano_max":"alto","severidad_max":"medio","habitabilidad_codigos":"r1","recomendaciones":"monitoreo, seguimiento, vigilancia","evaluaciones_adicionales":"estructural","usos":"residencial","sistema_estructural":"muros_carga","material":"concreto_mc","epoca_construccion":"1998_2010","estado_conservacion":"regular","calidad_diseno":"regular","ocupantes_max":60,"heridos_max":0,"muertos_max":0,"gps_accuracy_median":3.79,"rud_records":8,"rud_households":4,"rud_addresses":1,"rud_women":5,"rud_minors":0,"rud_older65":0,"rud_afro":0,"rud_indigenous":0,"rud_estado_averiado":0,"rud_estado_no_habitable":8,"rud_estado_habitable":0,"rud_estado_destruido":0,"rud_estado_no_informa":0,"rud_tenencia_propietario":6,"rud_tenencia_arrendatario":2,"rud_tenencia_ocupante":0,"rud_tenencia_poseedor":0,"rud_tenencia_no_informa":0,"rud_match_methods":"direccion_normalizada","rud_match_confidences":"alta","has_rud_match":true}},{"type":"Feature","geometry":{"type":"Point","coordinates":[-76.556055,3.3707917]},"properties":{"place_id":"efebe370-c8ca-4431-8b8f-db5d6c393982","place_report_count":0,"worst_collapse_type":null,"place_has_arcgis_id":true,"evaluation_count":1,"evaluation_ids_count":1,"barrio":"Altos de santa elena","nivel_dano_max":"bajo","severidad_max":"bajo","habitabilidad_codigos":"h","recomendaciones":"monitoreo","evaluaciones_adicionales":"estructural","usos":"residencial","sistema_estructural":"muros_carga","material":"concreto_mc","epoca_construccion":"1998_2010","estado_conservacion":"bueno","calidad_diseno":"bueno","ocupantes_max":160,"heridos_max":0,"muertos_max":0,"gps_accuracy_median":2.1,"rud_records":29,"rud_households":12,"rud_addresses":12,"rud_women":16,"rud_minors":4,"rud_older65":2,"rud_afro":3,"rud_indigenous":0,"rud_estado_averiado":29,"rud_estado_no_habitable":0,"rud_estado_habitable":0,"rud_estado_destruido":0,"rud_estado_no_informa":0,"rud_tenencia_propietario":21,"rud_tenencia_arrendatario":8,"rud_tenencia_ocupante":0,"rud_tenencia_poseedor":0,"rud_tenencia_no_informa":0,"rud_match_methods":"nomenclatura_sector","rud_match_confidences":"media","has_rud_match":true}},{"type":"Feature","geometry":{"type":"Point","coordinates":[-76.5554742515087,3.3710621483624]},"properties":{"place_id":"aeae93be-ef55-405e-9cfa-1fb090fb66aa","place_report_count":1,"worst_collapse_type":"B","place_has_arcgis_id":false,"evaluation_count":1,"evaluation_ids_count":1,"barrio":"Altos de Santa Elena","nivel_dano_max":"alto","severidad_max":"alto","habitabilidad_codigos":"i2","recomendaciones":"demoler, desconectar, evacuar_total, evacuar_vecinas, restringir_peatones, seguimiento, sustancias, vigilancia","evaluaciones_adicionales":"estructural","usos":"residencial","sistema_estructural":"muros_carga","material":"mamp_reforzada","epoca_construccion":"1998_2010","estado_conservacion":"","calidad_diseno":"bueno","ocupantes_max":55,"heridos_max":0,"muertos_max":0,"gps_accuracy_median":2.04,"rud_records":4,"rud_households":4,"rud_addresses":1,"rud_women":3,"rud_minors":0,"rud_older65":0,"rud_afro":1,"rud_indigenous":0,"rud_estado_averiado":0,"rud_estado_no_habitable":4,"rud_estado_habitable":0,"rud_estado_destruido":0,"rud_estado_no_informa":0,"rud_tenencia_propietario":4,"rud_tenencia_arrendatario":0,"rud_tenencia_ocupante":0,"rud_tenencia_poseedor":0,"rud_tenencia_no_informa":0,"rud_match_methods":"direccion_normalizada","rud_match_confidences":"alta","has_rud_match":true}},{"type":"Feature","geometry":{"type":"Point","coordinates":[-76.555825,3.371065]},"properties":{"place_id":"95351893-e709-49b5-967a-f02cbdf3a874","place_report_count":0,"worst_collapse_type":null,"place_has_arcgis_id":false,"evaluation_count":1,"evaluation_ids_count":1,"barrio":"Altos de Santa Helena","nivel_dano_max":"alto","severidad_max":"alto","habitabilidad_codigos":"i2","recomendaciones":"demoler, desconectar, evacuar_total, evacuar_vecinas, restringir_peatones, restringir_vehiculos","evaluaciones_adicionales":"","usos":"residencial","sistema_estructural":"muros_carga","material":"mamp_reforzada","epoca_construccion":"1998_2010","estado_conservacion":"malo","calidad_diseno":"malo","ocupantes_max":160,"heridos_max":null,"muertos_max":null,"gps_accuracy_median":1.8,"rud_records":0,"rud_households":0,"rud_addresses":0,"rud_women":0,"rud_minors":0,"rud_older65":0,"rud_afro":0,"rud_indigenous":0,"rud_estado_averiado":0,"rud_estado_no_habitable":0,"rud_estado_habitable":0,"rud_estado_destruido":0,"rud_estado_no_informa":0,"rud_tenencia_propietario":0,"rud_tenencia_arrendatario":0,"rud_tenencia_ocupante":0,"rud_tenencia_poseedor":0,"rud_tenencia_no_informa":0,"rud_match_methods":"","rud_match_confidences":"","has_rud_match":false}},{"type":"Feature","geometry":{"type":"Point","coordinates":[-76.5562462,3.371088]},"properties":{"place_id":"d868c65c-1e9f-40dd-8b5d-51499d9ff8fa","place_report_count":0,"worst_collapse_type":null,"place_has_arcgis_id":false,"evaluation_count":1,"evaluation_ids_count":1,"barrio":"Polvorines","nivel_dano_max":"sin_dano","severidad_max":"sin_dano","habitabilidad_codigos":"h","recomendaciones":"","evaluaciones_adicionales":"otra","usos":"residencial","sistema_estructural":"dual","material":"conc_mamposteria","epoca_construccion":"1998_2010","estado_conservacion":"bueno","calidad_diseno":"bueno","ocupantes_max":null,"heridos_max":0,"muertos_max":0,"gps_accuracy_median":8.88,"rud_records":0,"rud_households":0,"rud_addresses":0,"rud_women":0,"rud_minors":0,"rud_older65":0,"rud_afro":0,"rud_indigenous":0,"rud_estado_averiado":0,"rud_estado_no_habitable":0,"rud_estado_habitable":0,"rud_estado_destruido":0,"rud_estado_no_informa":0,"rud_tenencia_propietario":0,"rud_tenencia_arrendatario":0,"rud_tenencia_ocupante":0,"rud_tenencia_poseedor":0,"rud_tenencia_no_informa":0,"rud_match_methods":"","rud_match_confidences":"","has_rud_match":false}},{"type":"Feature","geometry":{"type":"Point","coordinates":[-76.55545794,3.37110644]},"properties":{"place_id":"688809e9-acd8-46b0-84ec-667d3b7965ce","place_report_count":0,"worst_collapse_type":"B","place_has_arcgis_id":false,"evaluation_count":1,"evaluation_ids_count":1,"barrio":"Altos de Santa Elena","nivel_dano_max":"alto","severidad_max":"medio_alto","habitabilidad_codigos":"i2","recomendaciones":"demoler, desconectar, evacuar_total, evacuar_vecinas, intervencion, restringir_peatones, vigilancia","evaluaciones_adicionales":"estructural","usos":"residencial","sistema_estructural":"muros_carga","material":"mamp_reforzada","epoca_construccion":"despues_2010","estado_conservacion":"malo","calidad_diseno":"bueno","ocupantes_max":100,"heridos_max":null,"muertos_max":null,"gps_accuracy_median":3.79,"rud_records":0,"rud_households":0,"rud_addresses":0,"rud_women":0,"rud_minors":0,"rud_older65":0,"rud_afro":0,"rud_indigenous":0,"rud_estado_averiado":0,"rud_estado_no_habitable":0,"rud_estado_habitable":0,"rud_estado_destruido":0,"rud_estado_no_informa":0,"rud_tenencia_propietario":0,"rud_tenencia_arrendatario":0,"rud_tenencia_ocupante":0,"rud_tenencia_poseedor":0,"rud_tenencia_no_informa":0,"rud_match_methods":"","rud_match_confidences":"","has_rud_match":false}},{"type":"Feature","geometry":{"type":"Point","coordinates":[-76.5550333,3.37123]},"properties":{"place_id":"17938453-b695-4a69-b8d9-9e3c71451bed","place_report_count":0,"worst_collapse_type":null,"place_has_arcgis_id":false,"evaluation_count":1,"evaluation_ids_count":1,"barrio":"Altos de Santa Helena","nivel_dano_max":"alto","severidad_max":"alto","habitabilidad_codigos":"i2","recomendaciones":"demoler, desconectar, evacuar_total, evacuar_vecinas, restringir_peatones, restringir_vehiculos","evaluaciones_adicionales":"","usos":"residencial","sistema_estructural":"muros_carga","material":"mamp_reforzada","epoca_construccion":"1984_1997","estado_conservacion":"malo","calidad_diseno":"malo","ocupantes_max":160,"heridos_max":null,"muertos_max":null,"gps_accuracy_median":2.0,"rud_records":0,"rud_households":0,"rud_addresses":0,"rud_women":0,"rud_minors":0,"rud_older65":0,"rud_afro":0,"rud_indigenous":0,"rud_estado_averiado":0,"rud_estado_no_habitable":0,"rud_estado_habitable":0,"rud_estado_destruido":0,"rud_estado_no_informa":0,"rud_tenencia_propietario":0,"rud_tenencia_arrendatario":0,"rud_tenencia_ocupante":0,"rud_tenencia_poseedor":0,"rud_tenencia_no_informa":0,"rud_match_methods":"","rud_match_confidences":"","has_rud_match":false}},{"type":"Feature","geometry":{"type":"Point","coordinates":[-76.5551774613753,3.37125660806704]},"properties":{"place_id":"700742c8-8dc9-4910-b3ab-49e7f8b628ea","place_report_count":1,"worst_collapse_type":"B","place_has_arcgis_id":false,"evaluation_count":1,"evaluation_ids_count":1,"barrio":"Altos de Santa elena","nivel_dano_max":"alto","severidad_max":"alto","habitabilidad_codigos":"i2","recomendaciones":"","evaluaciones_adicionales":"","usos":"residencial","sistema_estructural":"muros_carga","material":"mamp_reforzada","epoca_construccion":"1998_2010","estado_conservacion":"malo","calidad_diseno":"regular","ocupantes_max":60,"heridos_max":null,"muertos_max":null,"gps_accuracy_median":null,"rud_records":0,"rud_households":0,"rud_addresses":0,"rud_women":0,"rud_minors":0,"rud_older65":0,"rud_afro":0,"rud_indigenous":0,"rud_estado_averiado":0,"rud_estado_no_habitable":0,"rud_estado_habitable":0,"rud_estado_destruido":0,"rud_estado_no_informa":0,"rud_tenencia_propietario":0,"rud_tenencia_arrendatario":0,"rud_tenencia_ocupante":0,"rud_tenencia_poseedor":0,"rud_tenencia_no_informa":0,"rud_match_methods":"","rud_match_confidences":"","has_rud_match":false}},{"type":"Feature","geometry":{"type":"Point","coordinates":[-76.5563366,3.3713306]},"properties":{"place_id":"3df2f278-5398-4536-8536-48a54e06713a","place_report_count":1,"worst_collapse_type":null,"place_has_arcgis_id":false,"evaluation_count":1,"evaluation_ids_count":1,"barrio":"Altos de Santa Elena","nivel_dano_max":"bajo","severidad_max":"bajo","habitabilidad_codigos":"h","recomendaciones":"","evaluaciones_adicionales":"","usos":"residencial","sistema_estructural":"muros_carga","material":"mamp_reforzada","epoca_construccion":"despues_2010","estado_conservacion":"bueno","calidad_diseno":"bueno","ocupantes_max":80,"heridos_max":0,"muertos_max":0,"gps_accuracy_median":3.79,"rud_records":0,"rud_households":0,"rud_addresses":0,"rud_women":0,"rud_minors":0,"rud_older65":0,"rud_afro":0,"rud_indigenous":0,"rud_estado_averiado":0,"rud_estado_no_habitable":0,"rud_estado_habitable":0,"rud_estado_destruido":0,"rud_estado_no_informa":0,"rud_tenencia_propietario":0,"rud_tenencia_arrendatario":0,"rud_tenencia_ocupante":0,"rud_tenencia_poseedor":0,"rud_tenencia_no_informa":0,"rud_match_methods":"","rud_match_confidences":"","has_rud_match":false}},{"type":"Feature","geometry":{"type":"Point","coordinates":[-76.55581,3.37134333333333]},"properties":{"place_id":"811422d9-917f-40e5-bf83-2923f66ec6a6","place_report_count":1,"worst_collapse_type":"B","place_has_arcgis_id":false,"evaluation_count":1,"evaluation_ids_count":1,"barrio":"Altos de santa elena","nivel_dano_max":"alto","severidad_max":"alto","habitabilidad_codigos":"i2","recomendaciones":"aislamiento, apuntalar, demoler, desconectar, evacuar_parcial, evacuar_total, evacuar_vecinas, intervencion, monitoreo, restringir_peatones, restringir_vehiculos, seguimiento, vigilancia","evaluaciones_adicionales":"estructural","usos":"residencial","sistema_estructural":"muros_carga","material":"mamp_reforzada","epoca_construccion":"despues_2010","estado_conservacion":"malo","calidad_diseno":"malo","ocupantes_max":60,"heridos_max":null,"muertos_max":null,"gps_accuracy_median":10.0,"rud_records":0,"rud_households":0,"rud_addresses":0,"rud_women":0,"rud_minors":0,"rud_older65":0,"rud_afro":0,"rud_indigenous":0,"rud_estado_averiado":0,"rud_estado_no_habitable":0,"rud_estado_habitable":0,"rud_estado_destruido":0,"rud_estado_no_informa":0,"rud_tenencia_propietario":0,"rud_tenencia_arrendatario":0,"rud_tenencia_ocupante":0,"rud_tenencia_poseedor":0,"rud_tenencia_no_informa":0,"rud_match_methods":"","rud_match_confidences":"","has_rud_match":false}},{"type":"Feature","geometry":{"type":"Point","coordinates":[-76.5552663512095,3.37134725715445]},"properties":{"place_id":"849071e0-7782-4c3b-8399-3cc20e603b7b","place_report_count":1,"worst_collapse_type":"B","place_has_arcgis_id":false,"evaluation_count":1,"evaluation_ids_count":1,"barrio":"Altos de santa Elena","nivel_dano_max":"alto","severidad_max":"alto","habitabilidad_codigos":"i2","recomendaciones":"","evaluaciones_adicionales":"estructural, geotecnica","usos":"residencial","sistema_estructural":"muros_carga","material":"mamp_reforzada","epoca_construccion":"despues_2010","estado_conservacion":"malo","calidad_diseno":"regular","ocupantes_max":60,"heridos_max":0,"muertos_max":0,"gps_accuracy_median":null,"rud_records":9,"rud_households":3,"rud_addresses":1,"rud_women":4,"rud_minors":1,"rud_older65":1,"rud_afro":0,"rud_indigenous":2,"rud_estado_averiado":0,"rud_estado_no_habitable":9,"rud_estado_habitable":0,"rud_estado_destruido":0,"rud_estado_no_informa":0,"rud_tenencia_propietario":7,"rud_tenencia_arrendatario":2,"rud_tenencia_ocupante":0,"rud_tenencia_poseedor":0,"rud_tenencia_no_informa":0,"rud_match_methods":"direccion_normalizada","rud_match_confidences":"alta","has_rud_match":true}},{"type":"Feature","geometry":{"type":"Point","coordinates":[-76.5553733333333,3.371355]},"properties":{"place_id":"116e9d78-ae6b-404b-ac2b-7d1acc2004f1","place_report_count":1,"worst_collapse_type":"B","place_has_arcgis_id":false,"evaluation_count":1,"evaluation_ids_count":1,"barrio":"Altos de santa elena","nivel_dano_max":"alto","severidad_max":"alto","habitabilidad_codigos":"i2","recomendaciones":"aislamiento, desconectar, evacuar_parcial, evacuar_total, evacuar_vecinas, intervencion, monitoreo, restringir_peatones, restringir_vehiculos, seguimiento, vigilancia","evaluaciones_adicionales":"estructural, geotecnica","usos":"residencial","sistema_estructural":"muros_carga","material":"mamp_confinada","epoca_construccion":"despues_2010","estado_conservacion":"malo","calidad_diseno":"malo","ocupantes_max":60,"heridos_max":null,"muertos_max":null,"gps_accuracy_median":10.3,"rud_records":0,"rud_households":0,"rud_addresses":0,"rud_women":0,"rud_minors":0,"rud_older65":0,"rud_afro":0,"rud_indigenous":0,"rud_estado_averiado":0,"rud_estado_no_habitable":0,"rud_estado_habitable":0,"rud_estado_destruido":0,"rud_estado_no_informa":0,"rud_tenencia_propietario":0,"rud_tenencia_arrendatario":0,"rud_tenencia_ocupante":0,"rud_tenencia_poseedor":0,"rud_tenencia_no_informa":0,"rud_match_methods":"","rud_match_confidences":"","has_rud_match":false}},{"type":"Feature","geometry":{"type":"Point","coordinates":[-76.5462996,3.3714047]},"properties":{"place_id":"3d579972-36e3-450a-9182-8953aefaaead","place_report_count":0,"worst_collapse_type":null,"place_has_arcgis_id":true,"evaluation_count":1,"evaluation_ids_count":1,"barrio":"Melendez","nivel_dano_max":"sin_dano","severidad_max":"sin_dano","habitabilidad_codigos":"h","recomendaciones":"","evaluaciones_adicionales":"","usos":"educativo","sistema_estructural":"muros_carga","material":"mamp_reforzada","epoca_construccion":"despues_2010","estado_conservacion":"bueno","calidad_diseno":"bueno","ocupantes_max":50,"heridos_max":null,"muertos_max":null,"gps_accuracy_median":null,"rud_records":0,"rud_households":0,"rud_addresses":0,"rud_women":0,"rud_minors":0,"rud_older65":0,"rud_afro":0,"rud_indigenous":0,"rud_estado_averiado":0,"rud_estado_no_habitable":0,"rud_estado_habitable":0,"rud_estado_destruido":0,"rud_estado_no_informa":0,"rud_tenencia_propietario":0,"rud_tenencia_arrendatario":0,"rud_tenencia_ocupante":0,"rud_tenencia_poseedor":0,"rud_tenencia_no_informa":0,"rud_match_methods":"","rud_match_confidences":"","has_rud_match":false}},{"type":"Feature","geometry":{"type":"Point","coordinates":[-76.5546843,3.3715333]},"properties":{"place_id":"575b006a-81c0-4f63-801d-791c825a596f","place_report_count":0,"worst_collapse_type":null,"place_has_arcgis_id":false,"evaluation_count":1,"evaluation_ids_count":1,"barrio":"Altos de santa elena","nivel_dano_max":"alto","severidad_max":"alto","habitabilidad_codigos":"i2","recomendaciones":"demoler, desconectar, evacuar_total, evacuar_vecinas, restringir_peatones, restringir_vehiculos","evaluaciones_adicionales":"","usos":"residencial","sistema_estructural":"muros_carga","material":"mamp_reforzada","epoca_construccion":"1998_2010","estado_conservacion":"malo","calidad_diseno":"malo","ocupantes_max":160,"heridos_max":0,"muertos_max":0,"gps_accuracy_median":null,"rud_records":3,"rud_households":1,"rud_addresses":1,"rud_women":1,"rud_minors":1,"rud_older65":1,"rud_afro":0,"rud_indigenous":0,"rud_estado_averiado":0,"rud_estado_no_habitable":3,"rud_estado_habitable":0,"rud_estado_destruido":0,"rud_estado_no_informa":0,"rud_tenencia_propietario":0,"rud_tenencia_arrendatario":3,"rud_tenencia_ocupante":0,"rud_tenencia_poseedor":0,"rud_tenencia_no_informa":0,"rud_match_methods":"direccion_normalizada","rud_match_confidences":"alta","has_rud_match":true}},{"type":"Feature","geometry":{"type":"Point","coordinates":[-76.5564464,3.3715393]},"properties":{"place_id":"e0cc5ee4-a469-44ff-8e99-1700f603f1ab","place_report_count":1,"worst_collapse_type":null,"place_has_arcgis_id":false,"evaluation_count":1,"evaluation_ids_count":1,"barrio":"Altos de Santa Elena","nivel_dano_max":"bajo","severidad_max":"medio","habitabilidad_codigos":"r2","recomendaciones":"apuntalar, restringir_peatones","evaluaciones_adicionales":"estructural","usos":"residencial","sistema_estructural":"muros_carga","material":"mamp_reforzada","epoca_construccion":"despues_2010","estado_conservacion":"regular","calidad_diseno":"regular","ocupantes_max":80,"heridos_max":0,"muertos_max":0,"gps_accuracy_median":3.79,"rud_records":0,"rud_households":0,"rud_addresses":0,"rud_women":0,"rud_minors":0,"rud_older65":0,"rud_afro":0,"rud_indigenous":0,"rud_estado_averiado":0,"rud_estado_no_habitable":0,"rud_estado_habitable":0,"rud_estado_destruido":0,"rud_estado_no_informa":0,"rud_tenencia_propietario":0,"rud_tenencia_arrendatario":0,"rud_tenencia_ocupante":0,"rud_tenencia_poseedor":0,"rud_tenencia_no_informa":0,"rud_match_methods":"","rud_match_confidences":"","has_rud_match":false}},{"type":"Feature","geometry":{"type":"Point","coordinates":[-76.55536581,3.37154318]},"properties":{"place_id":"de71f8d3-9988-4b0c-ac34-6e2e290fb3df","place_report_count":1,"worst_collapse_type":"B","place_has_arcgis_id":false,"evaluation_count":1,"evaluation_ids_count":1,"barrio":"Polvorines","nivel_dano_max":"alto","severidad_max":"alto","habitabilidad_codigos":"i2","recomendaciones":"monitoreo, restringir_peatones","evaluaciones_adicionales":"estructural","usos":"residencial","sistema_estructural":"muros_carga","material":"mamp_reforzada","epoca_construccion":"1998_2010","estado_conservacion":"regular","calidad_diseno":"bueno","ocupantes_max":80,"heridos_max":null,"muertos_max":null,"gps_accuracy_median":9.94,"rud_records":0,"rud_households":0,"rud_addresses":0,"rud_women":0,"rud_minors":0,"rud_older65":0,"rud_afro":0,"rud_indigenous":0,"rud_estado_averiado":0,"rud_estado_no_habitable":0,"rud_estado_habitable":0,"rud_estado_destruido":0,"rud_estado_no_informa":0,"rud_tenencia_propietario":0,"rud_tenencia_arrendatario":0,"rud_tenencia_ocupante":0,"rud_tenencia_poseedor":0,"rud_tenencia_no_informa":0,"rud_match_methods":"","rud_match_confidences":"","has_rud_match":false}},{"type":"Feature","geometry":{"type":"Point","coordinates":[-76.5553833,3.3716433]},"properties":{"place_id":"bf2b0dbf-f43c-4c0b-9497-6b8b4c94c2cd","place_report_count":0,"worst_collapse_type":null,"place_has_arcgis_id":false,"evaluation_count":1,"evaluation_ids_count":1,"barrio":"Altos de santa elena","nivel_dano_max":"medio","severidad_max":"medio_alto","habitabilidad_codigos":"i2","recomendaciones":"apuntalar, evacuar_total, monitoreo, restringir_peatones, restringir_vehiculos","evaluaciones_adicionales":"estructural","usos":"residencial","sistema_estructural":"muros_carga","material":"mamp_confinada","epoca_construccion":"1998_2010","estado_conservacion":"regular","calidad_diseno":"regular","ocupantes_max":160,"heridos_max":0,"muertos_max":0,"gps_accuracy_median":1.8,"rud_records":44,"rud_households":20,"rud_addresses":4,"rud_women":23,"rud_minors":6,"rud_older65":6,"rud_afro":7,"rud_indigenous":2,"rud_estado_averiado":0,"rud_estado_no_habitable":44,"rud_estado_habitable":0,"rud_estado_destruido":0,"rud_estado_no_informa":0,"rud_tenencia_propietario":34,"rud_tenencia_arrendatario":9,"rud_tenencia_ocupante":0,"rud_tenencia_poseedor":1,"rud_tenencia_no_informa":0,"rud_match_methods":"direccion_normalizada, nomenclatura_sector","rud_match_confidences":"alta, media","has_rud_match":true}},{"type":"Feature","geometry":{"type":"Point","coordinates":[-76.5557156,3.3716905]},"properties":{"place_id":"8366e13d-0e18-494e-8347-14144176a4f5","place_report_count":1,"worst_collapse_type":"B","place_has_arcgis_id":false,"evaluation_count":1,"evaluation_ids_count":1,"barrio":"Altos de Santa Elena","nivel_dano_max":"bajo","severidad_max":"bajo","habitabilidad_codigos":"h","recomendaciones":"","evaluaciones_adicionales":"","usos":"residencial","sistema_estructural":"muros_carga","material":"mamp_reforzada","epoca_construccion":"despues_2010","estado_conservacion":"bueno","calidad_diseno":"bueno","ocupantes_max":80,"heridos_max":0,"muertos_max":0,"gps_accuracy_median":3.79,"rud_records":0,"rud_households":0,"rud_addresses":0,"rud_women":0,"rud_minors":0,"rud_older65":0,"rud_afro":0,"rud_indigenous":0,"rud_estado_averiado":0,"rud_estado_no_habitable":0,"rud_estado_habitable":0,"rud_estado_destruido":0,"rud_estado_no_informa":0,"rud_tenencia_propietario":0,"rud_tenencia_arrendatario":0,"rud_tenencia_ocupante":0,"rud_tenencia_poseedor":0,"rud_tenencia_no_informa":0,"rud_match_methods":"","rud_match_confidences":"","has_rud_match":false}},{"type":"Feature","geometry":{"type":"Point","coordinates":[-76.5562233,3.3717367]},"properties":{"place_id":"086aac7a-b380-4bb0-9582-be216c1e2a5d","place_report_count":1,"worst_collapse_type":null,"place_has_arcgis_id":false,"evaluation_count":2,"evaluation_ids_count":2,"barrio":"Altos de Santa Elena","nivel_dano_max":"bajo","severidad_max":"bajo","habitabilidad_codigos":"h","recomendaciones":"","evaluaciones_adicionales":"","usos":"residencial","sistema_estructural":"muros_carga","material":"mamp_reforzada","epoca_construccion":"despues_2010","estado_conservacion":"bueno","calidad_diseno":"bueno","ocupantes_max":80,"heridos_max":0,"muertos_max":0,"gps_accuracy_median":3.79,"rud_records":0,"rud_households":0,"rud_addresses":0,"rud_women":0,"rud_minors":0,"rud_older65":0,"rud_afro":0,"rud_indigenous":0,"rud_estado_averiado":0,"rud_estado_no_habitable":0,"rud_estado_habitable":0,"rud_estado_destruido":0,"rud_estado_no_informa":0,"rud_tenencia_propietario":0,"rud_tenencia_arrendatario":0,"rud_tenencia_ocupante":0,"rud_tenencia_poseedor":0,"rud_tenencia_no_informa":0,"rud_match_methods":"","rud_match_confidences":"","has_rud_match":false}},{"type":"Feature","geometry":{"type":"Point","coordinates":[-76.555847,3.3718253]},"properties":{"place_id":"b2d919b8-0901-42de-96c5-99462c7a7145","place_report_count":1,"worst_collapse_type":null,"place_has_arcgis_id":false,"evaluation_count":1,"evaluation_ids_count":1,"barrio":"Altos de Santa Elena","nivel_dano_max":"bajo","severidad_max":"bajo","habitabilidad_codigos":"h","recomendaciones":"","evaluaciones_adicionales":"","usos":"residencial","sistema_estructural":"muros_carga","material":"mamp_reforzada","epoca_construccion":"despues_2010","estado_conservacion":"bueno","calidad_diseno":"bueno","ocupantes_max":80,"heridos_max":0,"muertos_max":0,"gps_accuracy_median":3.79,"rud_records":0,"rud_households":0,"rud_addresses":0,"rud_women":0,"rud_minors":0,"rud_older65":0,"rud_afro":0,"rud_indigenous":0,"rud_estado_averiado":0,"rud_estado_no_habitable":0,"rud_estado_habitable":0,"rud_estado_destruido":0,"rud_estado_no_informa":0,"rud_tenencia_propietario":0,"rud_tenencia_arrendatario":0,"rud_tenencia_ocupante":0,"rud_tenencia_poseedor":0,"rud_tenencia_no_informa":0,"rud_match_methods":"","rud_match_confidences":"","has_rud_match":false}},{"type":"Feature","geometry":{"type":"Point","coordinates":[-76.555745,3.371835]},"properties":{"place_id":"d14b5b4c-b1b8-4deb-808e-09cad0ed9e50","place_report_count":0,"worst_collapse_type":null,"place_has_arcgis_id":false,"evaluation_count":1,"evaluation_ids_count":1,"barrio":"Altos de Santa Elena","nivel_dano_max":"medio","severidad_max":"medio","habitabilidad_codigos":"h","recomendaciones":"seguimiento","evaluaciones_adicionales":"estructural","usos":"residencial","sistema_estructural":"dual","material":"conc_mamposteria","epoca_construccion":"1998_2010","estado_conservacion":"regular","calidad_diseno":"regular","ocupantes_max":3,"heridos_max":null,"muertos_max":null,"gps_accuracy_median":2.8,"rud_records":0,"rud_households":0,"rud_addresses":0,"rud_women":0,"rud_minors":0,"rud_older65":0,"rud_afro":0,"rud_indigenous":0,"rud_estado_averiado":0,"rud_estado_no_habitable":0,"rud_estado_habitable":0,"rud_estado_destruido":0,"rud_estado_no_informa":0,"rud_tenencia_propietario":0,"rud_tenencia_arrendatario":0,"rud_tenencia_ocupante":0,"rud_tenencia_poseedor":0,"rud_tenencia_no_informa":0,"rud_match_methods":"","rud_match_confidences":"","has_rud_match":false}},{"type":"Feature","geometry":{"type":"Point","coordinates":[-76.5493958,3.3719229]},"properties":{"place_id":"5bc7bd9d-6373-4212-b780-12e48e147238","place_report_count":0,"worst_collapse_type":null,"place_has_arcgis_id":false,"evaluation_count":1,"evaluation_ids_count":1,"barrio":"Altos de Santa Elena","nivel_dano_max":"bajo","severidad_max":"bajo","habitabilidad_codigos":"h","recomendaciones":"seguimiento","evaluaciones_adicionales":"estructural","usos":"residencial","sistema_estructural":"muros_carga","material":"concreto_mc","epoca_construccion":"1998_2010","estado_conservacion":"bueno","calidad_diseno":"bueno","ocupantes_max":80,"heridos_max":null,"muertos_max":null,"gps_accuracy_median":9.94,"rud_records":14,"rud_households":5,"rud_addresses":1,"rud_women":8,"rud_minors":3,"rud_older65":0,"rud_afro":0,"rud_indigenous":0,"rud_estado_averiado":14,"rud_estado_no_habitable":0,"rud_estado_habitable":0,"rud_estado_destruido":0,"rud_estado_no_informa":0,"rud_tenencia_propietario":8,"rud_tenencia_arrendatario":6,"rud_tenencia_ocupante":0,"rud_tenencia_poseedor":0,"rud_tenencia_no_informa":0,"rud_match_methods":"direccion_normalizada","rud_match_confidences":"alta","has_rud_match":true}},{"type":"Feature","geometry":{"type":"Point","coordinates":[-76.5557983,3.37216]},"properties":{"place_id":"f9d774f1-a017-45ff-9777-ae058e2dcdb5","place_report_count":0,"worst_collapse_type":null,"place_has_arcgis_id":false,"evaluation_count":10,"evaluation_ids_count":10,"barrio":"Altos de Santa Elena","nivel_dano_max":"medio","severidad_max":"medio_alto","habitabilidad_codigos":"h, i2","recomendaciones":"evacuar_total, evacuar_vecinas, monitoreo, restringir_peatones, seguimiento","evaluaciones_adicionales":"estructural, otra","usos":"residencial","sistema_estructural":"muros_carga, otro","material":"concreto_mc","epoca_construccion":"despues_2010","estado_conservacion":"bueno","calidad_diseno":"bueno","ocupantes_max":60,"heridos_max":0,"muertos_max":0,"gps_accuracy_median":1.8,"rud_records":0,"rud_households":0,"rud_addresses":0,"rud_women":0,"rud_minors":0,"rud_older65":0,"rud_afro":0,"rud_indigenous":0,"rud_estado_averiado":0,"rud_estado_no_habitable":0,"rud_estado_habitable":0,"rud_estado_destruido":0,"rud_estado_no_informa":0,"rud_tenencia_propietario":0,"rud_tenencia_arrendatario":0,"rud_tenencia_ocupante":0,"rud_tenencia_poseedor":0,"rud_tenencia_no_informa":0,"rud_match_methods":"","rud_match_confidences":"","has_rud_match":false}},{"type":"Feature","geometry":{"type":"Point","coordinates":[-76.5558533,3.3721667]},"properties":{"place_id":"44707b8b-2495-4f67-814d-022e11638466","place_report_count":0,"worst_collapse_type":null,"place_has_arcgis_id":false,"evaluation_count":1,"evaluation_ids_count":1,"barrio":"Altos de Santa Elena","nivel_dano_max":"medio","severidad_max":"medio_alto","habitabilidad_codigos":"r1","recomendaciones":"evacuar_total, seguimiento","evaluaciones_adicionales":"estructural","usos":"residencial","sistema_estructural":"muros_carga","material":"mamp_reforzada","epoca_construccion":"despues_2010","estado_conservacion":"regular","calidad_diseno":"bueno","ocupantes_max":60,"heridos_max":0,"muertos_max":0,"gps_accuracy_median":1.9,"rud_records":0,"rud_households":0,"rud_addresses":0,"rud_women":0,"rud_minors":0,"rud_older65":0,"rud_afro":0,"rud_indigenous":0,"rud_estado_averiado":0,"rud_estado_no_habitable":0,"rud_estado_habitable":0,"rud_estado_destruido":0,"rud_estado_no_informa":0,"rud_tenencia_propietario":0,"rud_tenencia_arrendatario":0,"rud_tenencia_ocupante":0,"rud_tenencia_poseedor":0,"rud_tenencia_no_informa":0,"rud_match_methods":"","rud_match_confidences":"","has_rud_match":false}},{"type":"Feature","geometry":{"type":"Point","coordinates":[-76.5545662023245,3.37222485470063]},"properties":{"place_id":"7d52ad2b-4310-4f91-91e8-dbc1fe1296f9","place_report_count":1,"worst_collapse_type":"B","place_has_arcgis_id":false,"evaluation_count":1,"evaluation_ids_count":1,"barrio":"Altos de Santa elena","nivel_dano_max":"medio","severidad_max":"medio","habitabilidad_codigos":"i2","recomendaciones":"aislamiento, evacuar_total, intervencion, monitoreo, restringir_peatones, restringir_vehiculos, seguimiento, vigilancia","evaluaciones_adicionales":"estructural, geotecnica","usos":"residencial","sistema_estructural":"muros_carga","material":"mamp_reforzada","epoca_construccion":"1998_2010","estado_conservacion":"regular","calidad_diseno":"regular","ocupantes_max":60,"heridos_max":null,"muertos_max":null,"gps_accuracy_median":7.33,"rud_records":0,"rud_households":0,"rud_addresses":0,"rud_women":0,"rud_minors":0,"rud_older65":0,"rud_afro":0,"rud_indigenous":0,"rud_estado_averiado":0,"rud_estado_no_habitable":0,"rud_estado_habitable":0,"rud_estado_destruido":0,"rud_estado_no_informa":0,"rud_tenencia_propietario":0,"rud_tenencia_arrendatario":0,"rud_tenencia_ocupante":0,"rud_tenencia_poseedor":0,"rud_tenencia_no_informa":0,"rud_match_methods":"","rud_match_confidences":"","has_rud_match":false}},{"type":"Feature","geometry":{"type":"Point","coordinates":[-76.5549333333333,3.37224666666667]},"properties":{"place_id":"61b9ec03-fc37-4568-9bff-ca7d05386a58","place_report_count":1,"worst_collapse_type":"B","place_has_arcgis_id":false,"evaluation_count":1,"evaluation_ids_count":1,"barrio":"Altos de Santa Elena","nivel_dano_max":"alto","severidad_max":"alto","habitabilidad_codigos":"i2","recomendaciones":"apuntalar, demoler, desconectar, evacuar_parcial, monitoreo, vigilancia","evaluaciones_adicionales":"estructural, geotecnica, otra","usos":"residencial","sistema_estructural":"muros_carga","material":"mamp_reforzada","epoca_construccion":"despues_2010","estado_conservacion":"regular","calidad_diseno":"regular","ocupantes_max":60,"heridos_max":0,"muertos_max":0,"gps_accuracy_median":3.6,"rud_records":157,"rud_households":58,"rud_addresses":57,"rud_women":88,"rud_minors":29,"rud_older65":10,"rud_afro":6,"rud_indigenous":3,"rud_estado_averiado":73,"rud_estado_no_habitable":80,"rud_estado_habitable":0,"rud_estado_destruido":0,"rud_estado_no_informa":4,"rud_tenencia_propietario":119,"rud_tenencia_arrendatario":38,"rud_tenencia_ocupante":0,"rud_tenencia_poseedor":0,"rud_tenencia_no_informa":0,"rud_match_methods":"nomenclatura_sector","rud_match_confidences":"media","has_rud_match":true}},{"type":"Feature","geometry":{"type":"Point","coordinates":[-76.5558033,3.3722517]},"properties":{"place_id":"d7b0c088-d941-48df-b891-e0ad59f9715b","place_report_count":0,"worst_collapse_type":null,"place_has_arcgis_id":false,"evaluation_count":1,"evaluation_ids_count":1,"barrio":"Altos de Santa Elena","nivel_dano_max":"medio","severidad_max":"medio_alto","habitabilidad_codigos":"r1","recomendaciones":"evacuar_total","evaluaciones_adicionales":"estructural","usos":"residencial","sistema_estructural":"muros_carga","material":"mamp_reforzada","epoca_construccion":"despues_2010","estado_conservacion":"regular","calidad_diseno":"bueno","ocupantes_max":60,"heridos_max":0,"muertos_max":0,"gps_accuracy_median":1.7,"rud_records":0,"rud_households":0,"rud_addresses":0,"rud_women":0,"rud_minors":0,"rud_older65":0,"rud_afro":0,"rud_indigenous":0,"rud_estado_averiado":0,"rud_estado_no_habitable":0,"rud_estado_habitable":0,"rud_estado_destruido":0,"rud_estado_no_informa":0,"rud_tenencia_propietario":0,"rud_tenencia_arrendatario":0,"rud_tenencia_ocupante":0,"rud_tenencia_poseedor":0,"rud_tenencia_no_informa":0,"rud_match_methods":"","rud_match_confidences":"","has_rud_match":false}},{"type":"Feature","geometry":{"type":"Point","coordinates":[-76.55506,3.37227333333333]},"properties":{"place_id":"f8a5a1c6-afa2-4917-84a4-d791e8746794","place_report_count":1,"worst_collapse_type":"B","place_has_arcgis_id":false,"evaluation_count":1,"evaluation_ids_count":1,"barrio":"Altos de santa elena","nivel_dano_max":"alto","severidad_max":"alto","habitabilidad_codigos":"i2","recomendaciones":"aislamiento, apuntalar, desconectar, evacuar_parcial, evacuar_total, evacuar_vecinas, intervencion, monitoreo, restringir_peatones, restringir_vehiculos, seguimiento, vigilancia","evaluaciones_adicionales":"estructural, geotecnica","usos":"residencial","sistema_estructural":"muros_carga","material":"mamp_reforzada","epoca_construccion":"despues_2010","estado_conservacion":"malo","calidad_diseno":"malo","ocupantes_max":60,"heridos_max":null,"muertos_max":null,"gps_accuracy_median":12.1,"rud_records":0,"rud_households":0,"rud_addresses":0,"rud_women":0,"rud_minors":0,"rud_older65":0,"rud_afro":0,"rud_indigenous":0,"rud_estado_averiado":0,"rud_estado_no_habitable":0,"rud_estado_habitable":0,"rud_estado_destruido":0,"rud_estado_no_informa":0,"rud_tenencia_propietario":0,"rud_tenencia_arrendatario":0,"rud_tenencia_ocupante":0,"rud_tenencia_poseedor":0,"rud_tenencia_no_informa":0,"rud_match_methods":"","rud_match_confidences":"","has_rud_match":false}},{"type":"Feature","geometry":{"type":"Point","coordinates":[-76.554772,3.3723001]},"properties":{"place_id":"36bdfee5-7e8f-4354-80d1-9ba64fd66439","place_report_count":1,"worst_collapse_type":null,"place_has_arcgis_id":false,"evaluation_count":1,"evaluation_ids_count":1,"barrio":"Altos de santa Elena","nivel_dano_max":"medio","severidad_max":"medio","habitabilidad_codigos":"r1","recomendaciones":"","evaluaciones_adicionales":"estructural, geotecnica","usos":"residencial","sistema_estructural":"muros_carga","material":"mamp_reforzada","epoca_construccion":"despues_2010","estado_conservacion":"regular","calidad_diseno":"regular","ocupantes_max":80,"heridos_max":0,"muertos_max":0,"gps_accuracy_median":8.95,"rud_records":0,"rud_households":0,"rud_addresses":0,"rud_women":0,"rud_minors":0,"rud_older65":0,"rud_afro":0,"rud_indigenous":0,"rud_estado_averiado":0,"rud_estado_no_habitable":0,"rud_estado_habitable":0,"rud_estado_destruido":0,"rud_estado_no_informa":0,"rud_tenencia_propietario":0,"rud_tenencia_arrendatario":0,"rud_tenencia_ocupante":0,"rud_tenencia_poseedor":0,"rud_tenencia_no_informa":0,"rud_match_methods":"","rud_match_confidences":"","has_rud_match":false}},{"type":"Feature","geometry":{"type":"Point","coordinates":[-76.555580701679,3.37230966892093]},"properties":{"place_id":"ae3cbfae-1f5d-4521-8b3a-9d6932bbbdf3","place_report_count":1,"worst_collapse_type":"B","place_has_arcgis_id":false,"evaluation_count":2,"evaluation_ids_count":2,"barrio":"Altos de Santa Elena, Refugio","nivel_dano_max":"alto","severidad_max":"alto","habitabilidad_codigos":"i2, r1","recomendaciones":"evacuar_total, intervencion, monitoreo, seguimiento, vigilancia","evaluaciones_adicionales":"estructural, geotecnica","usos":"residencial","sistema_estructural":"muros_carga","material":"mamp_reforzada","epoca_construccion":"1998_2010, despues_2010","estado_conservacion":"bueno, regular","calidad_diseno":"bueno","ocupantes_max":60,"heridos_max":0,"muertos_max":0,"gps_accuracy_median":2.43,"rud_records":0,"rud_households":0,"rud_addresses":0,"rud_women":0,"rud_minors":0,"rud_older65":0,"rud_afro":0,"rud_indigenous":0,"rud_estado_averiado":0,"rud_estado_no_habitable":0,"rud_estado_habitable":0,"rud_estado_destruido":0,"rud_estado_no_informa":0,"rud_tenencia_propietario":0,"rud_tenencia_arrendatario":0,"rud_tenencia_ocupante":0,"rud_tenencia_poseedor":0,"rud_tenencia_no_informa":0,"rud_match_methods":"","rud_match_confidences":"","has_rud_match":false}},{"type":"Feature","geometry":{"type":"Point","coordinates":[-76.555693284814,3.37241380210657]},"properties":{"place_id":"c05758fd-a9a3-4ffd-9a0b-c66bd8d61209","place_report_count":1,"worst_collapse_type":"B","place_has_arcgis_id":false,"evaluation_count":2,"evaluation_ids_count":2,"barrio":"Altoa de santa elena torre 12, Altos de santa Elena","nivel_dano_max":"medio","severidad_max":"medio","habitabilidad_codigos":"h, i2","recomendaciones":"evacuar_total, monitoreo, restringir_peatones, seguimiento, vigilancia","evaluaciones_adicionales":"estructural, geotecnica","usos":"residencial","sistema_estructural":"muros_carga","material":"mamp_reforzada","epoca_construccion":"despues_2010","estado_conservacion":"bueno, regular","calidad_diseno":"bueno, regular","ocupantes_max":60,"heridos_max":null,"muertos_max":null,"gps_accuracy_median":9.9,"rud_records":0,"rud_households":0,"rud_addresses":0,"rud_women":0,"rud_minors":0,"rud_older65":0,"rud_afro":0,"rud_indigenous":0,"rud_estado_averiado":0,"rud_estado_no_habitable":0,"rud_estado_habitable":0,"rud_estado_destruido":0,"rud_estado_no_informa":0,"rud_tenencia_propietario":0,"rud_tenencia_arrendatario":0,"rud_tenencia_ocupante":0,"rud_tenencia_poseedor":0,"rud_tenencia_no_informa":0,"rud_match_methods":"","rud_match_confidences":"","has_rud_match":false}},{"type":"Feature","geometry":{"type":"Point","coordinates":[-76.55569099,3.37245352]},"properties":{"place_id":"84021662-66b0-427b-a067-0ef1b163b1e2","place_report_count":1,"worst_collapse_type":"B","place_has_arcgis_id":false,"evaluation_count":1,"evaluation_ids_count":1,"barrio":"Altos de santa Elena","nivel_dano_max":"alto","severidad_max":"alto","habitabilidad_codigos":"i2","recomendaciones":"apuntalar, demoler, evacuar_total, monitoreo, restringir_peatones, seguimiento","evaluaciones_adicionales":"estructural","usos":"residencial","sistema_estructural":"muros_carga","material":"mamp_reforzada","epoca_construccion":"","estado_conservacion":"regular","calidad_diseno":"bueno","ocupantes_max":80,"heridos_max":0,"muertos_max":0,"gps_accuracy_median":3.79,"rud_records":0,"rud_households":0,"rud_addresses":0,"rud_women":0,"rud_minors":0,"rud_older65":0,"rud_afro":0,"rud_indigenous":0,"rud_estado_averiado":0,"rud_estado_no_habitable":0,"rud_estado_habitable":0,"rud_estado_destruido":0,"rud_estado_no_informa":0,"rud_tenencia_propietario":0,"rud_tenencia_arrendatario":0,"rud_tenencia_ocupante":0,"rud_tenencia_poseedor":0,"rud_tenencia_no_informa":0,"rud_match_methods":"","rud_match_confidences":"","has_rud_match":false}},{"type":"Feature","geometry":{"type":"Point","coordinates":[-76.5552166868117,3.3724559825201]},"properties":{"place_id":"218c2c2b-6625-4e28-a143-b288bea6092c","place_report_count":1,"worst_collapse_type":"B","place_has_arcgis_id":false,"evaluation_count":1,"evaluation_ids_count":1,"barrio":"Altos de Santa Elena","nivel_dano_max":"medio","severidad_max":"medio","habitabilidad_codigos":"i2","recomendaciones":"aislamiento, evacuar_total, monitoreo, restringir_peatones, seguimiento, vigilancia","evaluaciones_adicionales":"estructural, geotecnica","usos":"residencial","sistema_estructural":"muros_carga","material":"mamp_reforzada","epoca_construccion":"1998_2010","estado_conservacion":"regular","calidad_diseno":"regular","ocupantes_max":60,"heridos_max":null,"muertos_max":null,"gps_accuracy_median":null,"rud_records":0,"rud_households":0,"rud_addresses":0,"rud_women":0,"rud_minors":0,"rud_older65":0,"rud_afro":0,"rud_indigenous":0,"rud_estado_averiado":0,"rud_estado_no_habitable":0,"rud_estado_habitable":0,"rud_estado_destruido":0,"rud_estado_no_informa":0,"rud_tenencia_propietario":0,"rud_tenencia_arrendatario":0,"rud_tenencia_ocupante":0,"rud_tenencia_poseedor":0,"rud_tenencia_no_informa":0,"rud_match_methods":"","rud_match_confidences":"","has_rud_match":false}},{"type":"Feature","geometry":{"type":"Point","coordinates":[-76.55573,3.3724817]},"properties":{"place_id":"9d604721-f8d0-4b79-8db6-b88030b0da9e","place_report_count":0,"worst_collapse_type":null,"place_has_arcgis_id":false,"evaluation_count":1,"evaluation_ids_count":1,"barrio":"Altos de Santa Helena","nivel_dano_max":"medio","severidad_max":"medio_alto","habitabilidad_codigos":"r1","recomendaciones":"evacuar_total, seguimiento","evaluaciones_adicionales":"estructural","usos":"residencial","sistema_estructural":"muros_carga","material":"mamp_reforzada","epoca_construccion":"despues_2010","estado_conservacion":"regular","calidad_diseno":"bueno","ocupantes_max":60,"heridos_max":0,"muertos_max":0,"gps_accuracy_median":1.8,"rud_records":16,"rud_households":6,"rud_addresses":6,"rud_women":4,"rud_minors":0,"rud_older65":3,"rud_afro":0,"rud_indigenous":0,"rud_estado_averiado":0,"rud_estado_no_habitable":16,"rud_estado_habitable":0,"rud_estado_destruido":0,"rud_estado_no_informa":0,"rud_tenencia_propietario":14,"rud_tenencia_arrendatario":2,"rud_tenencia_ocupante":0,"rud_tenencia_poseedor":0,"rud_tenencia_no_informa":0,"rud_match_methods":"nomenclatura_sector","rud_match_confidences":"media","has_rud_match":true}},{"type":"Feature","geometry":{"type":"Point","coordinates":[-76.5555637008599,3.37256429705515]},"properties":{"place_id":"4901af9c-758b-4751-b62e-4f2726e43e22","place_report_count":1,"worst_collapse_type":"B","place_has_arcgis_id":false,"evaluation_count":1,"evaluation_ids_count":1,"barrio":"Polvorines","nivel_dano_max":"medio","severidad_max":"sin_dano","habitabilidad_codigos":"i2","recomendaciones":"evacuar_parcial","evaluaciones_adicionales":"estructural","usos":"residencial","sistema_estructural":"muros_carga","material":"mamp_reforzada","epoca_construccion":"1998_2010","estado_conservacion":"regular","calidad_diseno":"bueno","ocupantes_max":80,"heridos_max":1,"muertos_max":0,"gps_accuracy_median":null,"rud_records":0,"rud_households":0,"rud_addresses":0,"rud_women":0,"rud_minors":0,"rud_older65":0,"rud_afro":0,"rud_indigenous":0,"rud_estado_averiado":0,"rud_estado_no_habitable":0,"rud_estado_habitable":0,"rud_estado_destruido":0,"rud_estado_no_informa":0,"rud_tenencia_propietario":0,"rud_tenencia_arrendatario":0,"rud_tenencia_ocupante":0,"rud_tenencia_poseedor":0,"rud_tenencia_no_informa":0,"rud_match_methods":"","rud_match_confidences":"","has_rud_match":false}},{"type":"Feature","geometry":{"type":"Point","coordinates":[-76.5556567,3.3725717]},"properties":{"place_id":"ab221db9-f15d-4f08-be4f-0902a0b7eb84","place_report_count":0,"worst_collapse_type":null,"place_has_arcgis_id":false,"evaluation_count":1,"evaluation_ids_count":1,"barrio":"Altos de Santa Elena","nivel_dano_max":"medio","severidad_max":"medio_alto","habitabilidad_codigos":"r1","recomendaciones":"evacuar_total","evaluaciones_adicionales":"estructural","usos":"residencial","sistema_estructural":"muros_carga","material":"mamp_reforzada","epoca_construccion":"despues_2010","estado_conservacion":"regular","calidad_diseno":"bueno","ocupantes_max":60,"heridos_max":0,"muertos_max":0,"gps_accuracy_median":2.3,"rud_records":2,"rud_households":1,"rud_addresses":1,"rud_women":0,"rud_minors":0,"rud_older65":0,"rud_afro":0,"rud_indigenous":0,"rud_estado_averiado":0,"rud_estado_no_habitable":2,"rud_estado_habitable":0,"rud_estado_destruido":0,"rud_estado_no_informa":0,"rud_tenencia_propietario":0,"rud_tenencia_arrendatario":2,"rud_tenencia_ocupante":0,"rud_tenencia_poseedor":0,"rud_tenencia_no_informa":0,"rud_match_methods":"nomenclatura_sector","rud_match_confidences":"media","has_rud_match":true}},{"type":"Feature","geometry":{"type":"Point","coordinates":[-76.5560983,3.3727183]},"properties":{"place_id":"888085e7-a055-4429-8fb2-f8f22a709cc6","place_report_count":0,"worst_collapse_type":null,"place_has_arcgis_id":false,"evaluation_count":1,"evaluation_ids_count":1,"barrio":"Altos de Santa Elena","nivel_dano_max":"medio","severidad_max":"medio_alto","habitabilidad_codigos":"r1","recomendaciones":"evacuar_total, seguimiento","evaluaciones_adicionales":"estructural","usos":"residencial","sistema_estructural":"muros_carga","material":"mamp_reforzada","epoca_construccion":"despues_2010","estado_conservacion":"regular","calidad_diseno":"bueno","ocupantes_max":60,"heridos_max":0,"muertos_max":0,"gps_accuracy_median":1.8,"rud_records":0,"rud_households":0,"rud_addresses":0,"rud_women":0,"rud_minors":0,"rud_older65":0,"rud_afro":0,"rud_indigenous":0,"rud_estado_averiado":0,"rud_estado_no_habitable":0,"rud_estado_habitable":0,"rud_estado_destruido":0,"rud_estado_no_informa":0,"rud_tenencia_propietario":0,"rud_tenencia_arrendatario":0,"rud_tenencia_ocupante":0,"rud_tenencia_poseedor":0,"rud_tenencia_no_informa":0,"rud_match_methods":"","rud_match_confidences":"","has_rud_match":false}},{"type":"Feature","geometry":{"type":"Point","coordinates":[-76.5548802,3.3727655]},"properties":{"place_id":"eaba4f89-9535-45b0-88f7-c83318b8d027","place_report_count":0,"worst_collapse_type":null,"place_has_arcgis_id":false,"evaluation_count":1,"evaluation_ids_count":1,"barrio":"Alto polvorines","nivel_dano_max":"alto","severidad_max":"alto","habitabilidad_codigos":"i2","recomendaciones":"monitoreo, seguimiento, sustancias","evaluaciones_adicionales":"estructural","usos":"","sistema_estructural":"","material":"","epoca_construccion":"","estado_conservacion":"regular","calidad_diseno":"regular","ocupantes_max":null,"heridos_max":null,"muertos_max":null,"gps_accuracy_median":8.85,"rud_records":0,"rud_households":0,"rud_addresses":0,"rud_women":0,"rud_minors":0,"rud_older65":0,"rud_afro":0,"rud_indigenous":0,"rud_estado_averiado":0,"rud_estado_no_habitable":0,"rud_estado_habitable":0,"rud_estado_destruido":0,"rud_estado_no_informa":0,"rud_tenencia_propietario":0,"rud_tenencia_arrendatario":0,"rud_tenencia_ocupante":0,"rud_tenencia_poseedor":0,"rud_tenencia_no_informa":0,"rud_match_methods":"","rud_match_confidences":"","has_rud_match":false}},{"type":"Feature","geometry":{"type":"Point","coordinates":[-76.5513,3.373985]},"properties":{"place_id":"4b1e2784-8221-4663-996f-7260ef5d482b","place_report_count":0,"worst_collapse_type":null,"place_has_arcgis_id":false,"evaluation_count":1,"evaluation_ids_count":1,"barrio":"Alto Melendez","nivel_dano_max":"bajo","severidad_max":"bajo","habitabilidad_codigos":"h","recomendaciones":"","evaluaciones_adicionales":"","usos":"educativo","sistema_estructural":"muros_carga","material":"","epoca_construccion":"antes_1984","estado_conservacion":"regular","calidad_diseno":"regular","ocupantes_max":154,"heridos_max":null,"muertos_max":null,"gps_accuracy_median":1.7,"rud_records":0,"rud_households":0,"rud_addresses":0,"rud_women":0,"rud_minors":0,"rud_older65":0,"rud_afro":0,"rud_indigenous":0,"rud_estado_averiado":0,"rud_estado_no_habitable":0,"rud_estado_habitable":0,"rud_estado_destruido":0,"rud_estado_no_informa":0,"rud_tenencia_propietario":0,"rud_tenencia_arrendatario":0,"rud_tenencia_ocupante":0,"rud_tenencia_poseedor":0,"rud_tenencia_no_informa":0,"rud_match_methods":"","rud_match_confidences":"","has_rud_match":false}},{"type":"Feature","geometry":{"type":"Point","coordinates":[-76.559115,3.3747267]},"properties":{"place_id":"465e6e2a-b34c-405f-8374-af25d1c6de96","place_report_count":0,"worst_collapse_type":null,"place_has_arcgis_id":false,"evaluation_count":1,"evaluation_ids_count":1,"barrio":"Polvorines","nivel_dano_max":"alto","severidad_max":"alto","habitabilidad_codigos":"i2","recomendaciones":"","evaluaciones_adicionales":"","usos":"educativo","sistema_estructural":"porticos","material":"conc_arr","epoca_construccion":"antes_1984","estado_conservacion":"regular","calidad_diseno":"regular","ocupantes_max":590,"heridos_max":null,"muertos_max":null,"gps_accuracy_median":2.6,"rud_records":0,"rud_households":0,"rud_addresses":0,"rud_women":0,"rud_minors":0,"rud_older65":0,"rud_afro":0,"rud_indigenous":0,"rud_estado_averiado":0,"rud_estado_no_habitable":0,"rud_estado_habitable":0,"rud_estado_destruido":0,"rud_estado_no_informa":0,"rud_tenencia_propietario":0,"rud_tenencia_arrendatario":0,"rud_tenencia_ocupante":0,"rud_tenencia_poseedor":0,"rud_tenencia_no_informa":0,"rud_match_methods":"","rud_match_confidences":"","has_rud_match":false}},{"type":"Feature","geometry":{"type":"Point","coordinates":[-76.5515218,3.3751364]},"properties":{"place_id":"35076b3a-423a-4205-bac1-27dad19eb3fc","place_report_count":0,"worst_collapse_type":null,"place_has_arcgis_id":false,"evaluation_count":1,"evaluation_ids_count":1,"barrio":"Bajo jordan","nivel_dano_max":"alto","severidad_max":"alto","habitabilidad_codigos":"i2","recomendaciones":"evacuar_total","evaluaciones_adicionales":"estructural","usos":"residencial","sistema_estructural":"porticos","material":"conc_no_arr","epoca_construccion":"","estado_conservacion":"malo","calidad_diseno":"malo","ocupantes_max":16,"heridos_max":0,"muertos_max":0,"gps_accuracy_median":9.45,"rud_records":0,"rud_households":0,"rud_addresses":0,"rud_women":0,"rud_minors":0,"rud_older65":0,"rud_afro":0,"rud_indigenous":0,"rud_estado_averiado":0,"rud_estado_no_habitable":0,"rud_estado_habitable":0,"rud_estado_destruido":0,"rud_estado_no_informa":0,"rud_tenencia_propietario":0,"rud_tenencia_arrendatario":0,"rud_tenencia_ocupante":0,"rud_tenencia_poseedor":0,"rud_tenencia_no_informa":0,"rud_match_methods":"","rud_match_confidences":"","has_rud_match":false}},{"type":"Feature","geometry":{"type":"Point","coordinates":[-76.5513979,3.3751444]},"properties":{"place_id":"2aa562ec-3944-412d-bfcf-d84bf28d7fda","place_report_count":0,"worst_collapse_type":null,"place_has_arcgis_id":false,"evaluation_count":3,"evaluation_ids_count":3,"barrio":"Bajo Jordab, Bajo jordan, Jordan","nivel_dano_max":"alto","severidad_max":"alto","habitabilidad_codigos":"i2","recomendaciones":"aislamiento, apuntalar, demoler, desconectar, evacuar_parcial, evacuar_total, evacuar_vecinas, intervencion, monitoreo, restringir_peatones, restringir_vehiculos, seguimiento, vigilancia","evaluaciones_adicionales":"estructural, geotecnica, otra","usos":"comercial, residencial","sistema_estructural":"muros_carga, porticos","material":"conc_no_arr, mamp_confinada, mamp_simple","epoca_construccion":"1998_2010, despues_2010","estado_conservacion":"malo, regular","calidad_diseno":"malo, regular","ocupantes_max":15,"heridos_max":0,"muertos_max":0,"gps_accuracy_median":3.79,"rud_records":0,"rud_households":0,"rud_addresses":0,"rud_women":0,"rud_minors":0,"rud_older65":0,"rud_afro":0,"rud_indigenous":0,"rud_estado_averiado":0,"rud_estado_no_habitable":0,"rud_estado_habitable":0,"rud_estado_destruido":0,"rud_estado_no_informa":0,"rud_tenencia_propietario":0,"rud_tenencia_arrendatario":0,"rud_tenencia_ocupante":0,"rud_tenencia_poseedor":0,"rud_tenencia_no_informa":0,"rud_match_methods":"","rud_match_confidences":"","has_rud_match":false}},{"type":"Feature","geometry":{"type":"Point","coordinates":[-76.5514741,3.3751745]},"properties":{"place_id":"d6071645-0df0-446e-a4e3-6075b3007155","place_report_count":0,"worst_collapse_type":null,"place_has_arcgis_id":false,"evaluation_count":1,"evaluation_ids_count":1,"barrio":"Bajo jordan","nivel_dano_max":"alto","severidad_max":"alto","habitabilidad_codigos":"i2","recomendaciones":"","evaluaciones_adicionales":"","usos":"comercial, residencial","sistema_estructural":"porticos","material":"conc_no_arr","epoca_construccion":"despues_2010","estado_conservacion":"malo","calidad_diseno":"regular","ocupantes_max":3,"heridos_max":0,"muertos_max":0,"gps_accuracy_median":8.18,"rud_records":0,"rud_households":0,"rud_addresses":0,"rud_women":0,"rud_minors":0,"rud_older65":0,"rud_afro":0,"rud_indigenous":0,"rud_estado_averiado":0,"rud_estado_no_habitable":0,"rud_estado_habitable":0,"rud_estado_destruido":0,"rud_estado_no_informa":0,"rud_tenencia_propietario":0,"rud_tenencia_arrendatario":0,"rud_tenencia_ocupante":0,"rud_tenencia_poseedor":0,"rud_tenencia_no_informa":0,"rud_match_methods":"","rud_match_confidences":"","has_rud_match":false}},{"type":"Feature","geometry":{"type":"Point","coordinates":[-76.5516987,3.3760558]},"properties":{"place_id":"031895ac-2e32-49e5-953b-1b35218252b8","place_report_count":0,"worst_collapse_type":null,"place_has_arcgis_id":false,"evaluation_count":1,"evaluation_ids_count":1,"barrio":"Jordan","nivel_dano_max":"bajo","severidad_max":"bajo","habitabilidad_codigos":"h","recomendaciones":"apuntalar","evaluaciones_adicionales":"","usos":"comercial, reunion","sistema_estructural":"porticos","material":"conc_arr","epoca_construccion":"despues_2010","estado_conservacion":"bueno","calidad_diseno":"bueno","ocupantes_max":5,"heridos_max":0,"muertos_max":0,"gps_accuracy_median":17.25,"rud_records":0,"rud_households":0,"rud_addresses":0,"rud_women":0,"rud_minors":0,"rud_older65":0,"rud_afro":0,"rud_indigenous":0,"rud_estado_averiado":0,"rud_estado_no_habitable":0,"rud_estado_habitable":0,"rud_estado_destruido":0,"rud_estado_no_informa":0,"rud_tenencia_propietario":0,"rud_tenencia_arrendatario":0,"rud_tenencia_ocupante":0,"rud_tenencia_poseedor":0,"rud_tenencia_no_informa":0,"rud_match_methods":"","rud_match_confidences":"","has_rud_match":false}},{"type":"Feature","geometry":{"type":"Point","coordinates":[-76.554945,3.3761067]},"properties":{"place_id":"e8859081-936c-43e6-a18f-dd5fc1d5aba8","place_report_count":0,"worst_collapse_type":null,"place_has_arcgis_id":false,"evaluation_count":1,"evaluation_ids_count":1,"barrio":"Alto jordan","nivel_dano_max":"sin_dano","severidad_max":"sin_dano","habitabilidad_codigos":"h","recomendaciones":"","evaluaciones_adicionales":"","usos":"educativo","sistema_estructural":"porticos","material":"conc_arr","epoca_construccion":"antes_1984","estado_conservacion":"regular","calidad_diseno":"regular","ocupantes_max":485,"heridos_max":null,"muertos_max":null,"gps_accuracy_median":2.1,"rud_records":0,"rud_households":0,"rud_addresses":0,"rud_women":0,"rud_minors":0,"rud_older65":0,"rud_afro":0,"rud_indigenous":0,"rud_estado_averiado":0,"rud_estado_no_habitable":0,"rud_estado_habitable":0,"rud_estado_destruido":0,"rud_estado_no_informa":0,"rud_tenencia_propietario":0,"rud_tenencia_arrendatario":0,"rud_tenencia_ocupante":0,"rud_tenencia_poseedor":0,"rud_tenencia_no_informa":0,"rud_match_methods":"","rud_match_confidences":"","has_rud_match":false}},{"type":"Feature","geometry":{"type":"Point","coordinates":[-76.55020859999999,3.3767031]},"properties":{"place_id":"b0fe00ee-e319-46ce-9714-89dc8c14641e","place_report_count":1,"worst_collapse_type":"B","place_has_arcgis_id":false,"evaluation_count":2,"evaluation_ids_count":2,"barrio":"Bajo Jordan, Jordan bajo","nivel_dano_max":"alto","severidad_max":"alto","habitabilidad_codigos":"i2","recomendaciones":"","evaluaciones_adicionales":"","usos":"residencial","sistema_estructural":"dual","material":"conc_mamposteria","epoca_construccion":"antes_1984","estado_conservacion":"regular","calidad_diseno":"regular","ocupantes_max":8,"heridos_max":0,"muertos_max":0,"gps_accuracy_median":null,"rud_records":0,"rud_households":0,"rud_addresses":0,"rud_women":0,"rud_minors":0,"rud_older65":0,"rud_afro":0,"rud_indigenous":0,"rud_estado_averiado":0,"rud_estado_no_habitable":0,"rud_estado_habitable":0,"rud_estado_destruido":0,"rud_estado_no_informa":0,"rud_tenencia_propietario":0,"rud_tenencia_arrendatario":0,"rud_tenencia_ocupante":0,"rud_tenencia_poseedor":0,"rud_tenencia_no_informa":0,"rud_match_methods":"","rud_match_confidences":"","has_rud_match":false}},{"type":"Feature","geometry":{"type":"Point","coordinates":[-76.551229,3.3768714]},"properties":{"place_id":"06388f6a-5a4e-4937-bcb7-25e2980df8c1","place_report_count":0,"worst_collapse_type":null,"place_has_arcgis_id":false,"evaluation_count":1,"evaluation_ids_count":1,"barrio":"El Jordan","nivel_dano_max":"sin_dano","severidad_max":"sin_dano","habitabilidad_codigos":"h","recomendaciones":"","evaluaciones_adicionales":"","usos":"educativo, institucional","sistema_estructural":"porticos","material":"conc_no_arr","epoca_construccion":"despues_2010","estado_conservacion":"","calidad_diseno":"","ocupantes_max":null,"heridos_max":null,"muertos_max":null,"gps_accuracy_median":4.87,"rud_records":0,"rud_households":0,"rud_addresses":0,"rud_women":0,"rud_minors":0,"rud_older65":0,"rud_afro":0,"rud_indigenous":0,"rud_estado_averiado":0,"rud_estado_no_habitable":0,"rud_estado_habitable":0,"rud_estado_destruido":0,"rud_estado_no_informa":0,"rud_tenencia_propietario":0,"rud_tenencia_arrendatario":0,"rud_tenencia_ocupante":0,"rud_tenencia_poseedor":0,"rud_tenencia_no_informa":0,"rud_match_methods":"","rud_match_confidences":"","has_rud_match":false}},{"type":"Feature","geometry":{"type":"Point","coordinates":[-76.5519165,3.3775535]},"properties":{"place_id":"cf57c43a-2a57-4786-be8f-c55e7399301b","place_report_count":0,"worst_collapse_type":"B","place_has_arcgis_id":true,"evaluation_count":2,"evaluation_ids_count":2,"barrio":"Bajo Jordan, Bajo jordan","nivel_dano_max":"bajo","severidad_max":"sin_dano","habitabilidad_codigos":"h","recomendaciones":"","evaluaciones_adicionales":"estructural, geotecnica","usos":"residencial","sistema_estructural":"no_claro","material":"mat_no_claro","epoca_construccion":"antes_1984","estado_conservacion":"regular","calidad_diseno":"malo","ocupantes_max":6,"heridos_max":0,"muertos_max":0,"gps_accuracy_median":null,"rud_records":0,"rud_households":0,"rud_addresses":0,"rud_women":0,"rud_minors":0,"rud_older65":0,"rud_afro":0,"rud_indigenous":0,"rud_estado_averiado":0,"rud_estado_no_habitable":0,"rud_estado_habitable":0,"rud_estado_destruido":0,"rud_estado_no_informa":0,"rud_tenencia_propietario":0,"rud_tenencia_arrendatario":0,"rud_tenencia_ocupante":0,"rud_tenencia_poseedor":0,"rud_tenencia_no_informa":0,"rud_match_methods":"","rud_match_confidences":"","has_rud_match":false}},{"type":"Feature","geometry":{"type":"Point","coordinates":[-76.5519089,3.3777238]},"properties":{"place_id":"fb9da620-fd1a-4ce5-ada3-f985057dce7d","place_report_count":0,"worst_collapse_type":"A","place_has_arcgis_id":true,"evaluation_count":2,"evaluation_ids_count":2,"barrio":"Bajo Jordan, Jordan bajo","nivel_dano_max":"alto","severidad_max":"alto","habitabilidad_codigos":"i2","recomendaciones":"demoler","evaluaciones_adicionales":"","usos":"residencial","sistema_estructural":"muros_carga","material":"mamp_simple","epoca_construccion":"antes_1984","estado_conservacion":"malo","calidad_diseno":"malo","ocupantes_max":6,"heridos_max":0,"muertos_max":0,"gps_accuracy_median":null,"rud_records":0,"rud_households":0,"rud_addresses":0,"rud_women":0,"rud_minors":0,"rud_older65":0,"rud_afro":0,"rud_indigenous":0,"rud_estado_averiado":0,"rud_estado_no_habitable":0,"rud_estado_habitable":0,"rud_estado_destruido":0,"rud_estado_no_informa":0,"rud_tenencia_propietario":0,"rud_tenencia_arrendatario":0,"rud_tenencia_ocupante":0,"rud_tenencia_poseedor":0,"rud_tenencia_no_informa":0,"rud_match_methods":"","rud_match_confidences":"","has_rud_match":false}},{"type":"Feature","geometry":{"type":"Point","coordinates":[-76.5586775,3.3779234]},"properties":{"place_id":"5139da39-01bf-4cfc-909d-1efd7b4fa4ba","place_report_count":1,"worst_collapse_type":"B","place_has_arcgis_id":false,"evaluation_count":0,"evaluation_ids_count":0,"barrio":"","nivel_dano_max":null,"severidad_max":null,"habitabilidad_codigos":"","recomendaciones":"","evaluaciones_adicionales":"","usos":"","sistema_estructural":"","material":"","epoca_construccion":"","estado_conservacion":"","calidad_diseno":"","ocupantes_max":null,"heridos_max":null,"muertos_max":null,"gps_accuracy_median":null,"rud_records":0,"rud_households":0,"rud_addresses":0,"rud_women":0,"rud_minors":0,"rud_older65":0,"rud_afro":0,"rud_indigenous":0,"rud_estado_averiado":0,"rud_estado_no_habitable":0,"rud_estado_habitable":0,"rud_estado_destruido":0,"rud_estado_no_informa":0,"rud_tenencia_propietario":0,"rud_tenencia_arrendatario":0,"rud_tenencia_ocupante":0,"rud_tenencia_poseedor":0,"rud_tenencia_no_informa":0,"rud_match_methods":"","rud_match_confidences":"","has_rud_match":false}},{"type":"Feature","geometry":{"type":"Point","coordinates":[-76.5589717,3.3780933]},"properties":{"place_id":"8ee387c4-c8fc-4e86-afbb-7dd9eda26363","place_report_count":0,"worst_collapse_type":null,"place_has_arcgis_id":false,"evaluation_count":1,"evaluation_ids_count":1,"barrio":"Pampa del mirador","nivel_dano_max":"bajo","severidad_max":"bajo","habitabilidad_codigos":"h","recomendaciones":"","evaluaciones_adicionales":"","usos":"educativo","sistema_estructural":"dual","material":"concreto_dual","epoca_construccion":"antes_1984","estado_conservacion":"regular","calidad_diseno":"regular","ocupantes_max":160,"heridos_max":null,"muertos_max":null,"gps_accuracy_median":1.5,"rud_records":0,"rud_households":0,"rud_addresses":0,"rud_women":0,"rud_minors":0,"rud_older65":0,"rud_afro":0,"rud_indigenous":0,"rud_estado_averiado":0,"rud_estado_no_habitable":0,"rud_estado_habitable":0,"rud_estado_destruido":0,"rud_estado_no_informa":0,"rud_tenencia_propietario":0,"rud_tenencia_arrendatario":0,"rud_tenencia_ocupante":0,"rud_tenencia_poseedor":0,"rud_tenencia_no_informa":0,"rud_match_methods":"","rud_match_confidences":"","has_rud_match":false}},{"type":"Feature","geometry":{"type":"Point","coordinates":[-76.5457442,3.3785996]},"properties":{"place_id":"cc31d414-d31a-44bc-acaf-8c6e265ad899","place_report_count":0,"worst_collapse_type":null,"place_has_arcgis_id":false,"evaluation_count":1,"evaluation_ids_count":1,"barrio":"Meléndez","nivel_dano_max":"bajo","severidad_max":"bajo","habitabilidad_codigos":"h","recomendaciones":"","evaluaciones_adicionales":"","usos":"educativo, institucional","sistema_estructural":"dual","material":"conc_mamposteria","epoca_construccion":"1998_2010","estado_conservacion":"bueno","calidad_diseno":"bueno","ocupantes_max":350,"heridos_max":null,"muertos_max":null,"gps_accuracy_median":14.25,"rud_records":0,"rud_households":0,"rud_addresses":0,"rud_women":0,"rud_minors":0,"rud_older65":0,"rud_afro":0,"rud_indigenous":0,"rud_estado_averiado":0,"rud_estado_no_habitable":0,"rud_estado_habitable":0,"rud_estado_destruido":0,"rud_estado_no_informa":0,"rud_tenencia_propietario":0,"rud_tenencia_arrendatario":0,"rud_tenencia_ocupante":0,"rud_tenencia_poseedor":0,"rud_tenencia_no_informa":0,"rud_match_methods":"","rud_match_confidences":"","has_rud_match":false}},{"type":"Feature","geometry":{"type":"Point","coordinates":[-76.5453587,3.3801996]},"properties":{"place_id":"6dbe7330-6ce8-48f6-9804-3ebb7d195f50","place_report_count":0,"worst_collapse_type":null,"place_has_arcgis_id":false,"evaluation_count":1,"evaluation_ids_count":1,"barrio":"Meléndez","nivel_dano_max":"sin_dano","severidad_max":"sin_dano","habitabilidad_codigos":"h","recomendaciones":"","evaluaciones_adicionales":"","usos":"educativo, institucional","sistema_estructural":"porticos","material":"conc_no_arr","epoca_construccion":"1984_1997","estado_conservacion":"bueno","calidad_diseno":"bueno","ocupantes_max":230,"heridos_max":null,"muertos_max":null,"gps_accuracy_median":14.25,"rud_records":0,"rud_households":0,"rud_addresses":0,"rud_women":0,"rud_minors":0,"rud_older65":0,"rud_afro":0,"rud_indigenous":0,"rud_estado_averiado":0,"rud_estado_no_habitable":0,"rud_estado_habitable":0,"rud_estado_destruido":0,"rud_estado_no_informa":0,"rud_tenencia_propietario":0,"rud_tenencia_arrendatario":0,"rud_tenencia_ocupante":0,"rud_tenencia_poseedor":0,"rud_tenencia_no_informa":0,"rud_match_methods":"","rud_match_confidences":"","has_rud_match":false}},{"type":"Feature","geometry":{"type":"Point","coordinates":[-76.5287517,3.3810867]},"properties":{"place_id":"afec7fe2-0bd6-49df-bdc2-3f19af54d642","place_report_count":0,"worst_collapse_type":null,"place_has_arcgis_id":true,"evaluation_count":1,"evaluation_ids_count":1,"barrio":"La Reforma","nivel_dano_max":"bajo","severidad_max":"bajo","habitabilidad_codigos":"r1","recomendaciones":"demoler","evaluaciones_adicionales":"","usos":"educativo","sistema_estructural":"porticos","material":"conc_arr","epoca_construccion":"antes_1984","estado_conservacion":"regular","calidad_diseno":"regular","ocupantes_max":14,"heridos_max":null,"muertos_max":null,"gps_accuracy_median":3.2,"rud_records":0,"rud_households":0,"rud_addresses":0,"rud_women":0,"rud_minors":0,"rud_older65":0,"rud_afro":0,"rud_indigenous":0,"rud_estado_averiado":0,"rud_estado_no_habitable":0,"rud_estado_habitable":0,"rud_estado_destruido":0,"rud_estado_no_informa":0,"rud_tenencia_propietario":0,"rud_tenencia_arrendatario":0,"rud_tenencia_ocupante":0,"rud_tenencia_poseedor":0,"rud_tenencia_no_informa":0,"rud_match_methods":"","rud_match_confidences":"","has_rud_match":false}},{"type":"Feature","geometry":{"type":"Point","coordinates":[-76.5528468,3.3840818]},"properties":{"place_id":"adaadcfc-5698-47c1-8c54-575522961a7c","place_report_count":0,"worst_collapse_type":"B","place_has_arcgis_id":true,"evaluation_count":4,"evaluation_ids_count":4,"barrio":"Alto Napoles, Alto Nápoles","nivel_dano_max":"alto","severidad_max":"alto","habitabilidad_codigos":"i2","recomendaciones":"aislamiento, apuntalar, demoler, evacuar_total, intervencion, monitoreo, seguimiento, sustancias","evaluaciones_adicionales":"estructural, geotecnica","usos":"comercial, residencial","sistema_estructural":"otro, porticos","material":"conc_no_arr, losa_columna","epoca_construccion":"antes_1984, despues_2010","estado_conservacion":"bueno","calidad_diseno":"bueno","ocupantes_max":5,"heridos_max":0,"muertos_max":0,"gps_accuracy_median":5.36,"rud_records":0,"rud_households":0,"rud_addresses":0,"rud_women":0,"rud_minors":0,"rud_older65":0,"rud_afro":0,"rud_indigenous":0,"rud_estado_averiado":0,"rud_estado_no_habitable":0,"rud_estado_habitable":0,"rud_estado_destruido":0,"rud_estado_no_informa":0,"rud_tenencia_propietario":0,"rud_tenencia_arrendatario":0,"rud_tenencia_ocupante":0,"rud_tenencia_poseedor":0,"rud_tenencia_no_informa":0,"rud_match_methods":"","rud_match_confidences":"","has_rud_match":false}},{"type":"Feature","geometry":{"type":"Point","coordinates":[-76.554606,3.3862515]},"properties":{"place_id":"5f2c0430-2b11-4daf-8102-cc01cec30351","place_report_count":0,"worst_collapse_type":null,"place_has_arcgis_id":true,"evaluation_count":1,"evaluation_ids_count":1,"barrio":"Prados del sur","nivel_dano_max":"alto","severidad_max":"alto","habitabilidad_codigos":"i2","recomendaciones":"apuntalar, demoler, vigilancia","evaluaciones_adicionales":"estructural","usos":"residencial","sistema_estructural":"dual","material":"conc_mamposteria","epoca_construccion":"1998_2010","estado_conservacion":"regular","calidad_diseno":"bueno","ocupantes_max":9,"heridos_max":null,"muertos_max":null,"gps_accuracy_median":null,"rud_records":0,"rud_households":0,"rud_addresses":0,"rud_women":0,"rud_minors":0,"rud_older65":0,"rud_afro":0,"rud_indigenous":0,"rud_estado_averiado":0,"rud_estado_no_habitable":0,"rud_estado_habitable":0,"rud_estado_destruido":0,"rud_estado_no_informa":0,"rud_tenencia_propietario":0,"rud_tenencia_arrendatario":0,"rud_tenencia_ocupante":0,"rud_tenencia_poseedor":0,"rud_tenencia_no_informa":0,"rud_match_methods":"","rud_match_confidences":"","has_rud_match":false}},{"type":"Feature","geometry":{"type":"Point","coordinates":[-76.5525103036262,3.38650915549609]},"properties":{"place_id":"2f2625ae-749e-4cd0-a778-b9d5236f90b9","place_report_count":1,"worst_collapse_type":"B","place_has_arcgis_id":false,"evaluation_count":1,"evaluation_ids_count":1,"barrio":"Nápoles","nivel_dano_max":"medio","severidad_max":"medio","habitabilidad_codigos":"i2","recomendaciones":"evacuar_total","evaluaciones_adicionales":"estructural","usos":"residencial","sistema_estructural":"muros_carga","material":"concreto_mc","epoca_construccion":"1984_1997","estado_conservacion":"regular","calidad_diseno":"regular","ocupantes_max":60,"heridos_max":4,"muertos_max":0,"gps_accuracy_median":null,"rud_records":0,"rud_households":0,"rud_addresses":0,"rud_women":0,"rud_minors":0,"rud_older65":0,"rud_afro":0,"rud_indigenous":0,"rud_estado_averiado":0,"rud_estado_no_habitable":0,"rud_estado_habitable":0,"rud_estado_destruido":0,"rud_estado_no_informa":0,"rud_tenencia_propietario":0,"rud_tenencia_arrendatario":0,"rud_tenencia_ocupante":0,"rud_tenencia_poseedor":0,"rud_tenencia_no_informa":0,"rud_match_methods":"","rud_match_confidences":"","has_rud_match":false}},{"type":"Feature","geometry":{"type":"Point","coordinates":[-76.5521883,3.387005]},"properties":{"place_id":"57c8f1af-a672-4334-a80f-9ef0ff80921b","place_report_count":0,"worst_collapse_type":"B","place_has_arcgis_id":false,"evaluation_count":1,"evaluation_ids_count":1,"barrio":"napoles","nivel_dano_max":"alto","severidad_max":"alto","habitabilidad_codigos":"i2","recomendaciones":"","evaluaciones_adicionales":"estructural","usos":"residencial","sistema_estructural":"muros_carga","material":"concreto_mc","epoca_construccion":"1984_1997","estado_conservacion":"malo","calidad_diseno":"malo","ocupantes_max":null,"heridos_max":null,"muertos_max":null,"gps_accuracy_median":3.6,"rud_records":206,"rud_households":77,"rud_addresses":1,"rud_women":120,"rud_minors":37,"rud_older65":21,"rud_afro":2,"rud_indigenous":0,"rud_estado_averiado":0,"rud_estado_no_habitable":203,"rud_estado_habitable":0,"rud_estado_destruido":0,"rud_estado_no_informa":3,"rud_tenencia_propietario":133,"rud_tenencia_arrendatario":70,"rud_tenencia_ocupante":0,"rud_tenencia_poseedor":0,"rud_tenencia_no_informa":3,"rud_match_methods":"direccion_normalizada","rud_match_confidences":"alta","has_rud_match":true}},{"type":"Feature","geometry":{"type":"Point","coordinates":[-76.5408433,3.3873933]},"properties":{"place_id":"afcb6a19-3509-4038-9dd2-e2698df16f5e","place_report_count":0,"worst_collapse_type":null,"place_has_arcgis_id":false,"evaluation_count":2,"evaluation_ids_count":2,"barrio":"Capri","nivel_dano_max":"bajo","severidad_max":"medio","habitabilidad_codigos":"r1","recomendaciones":"demoler, evacuar_parcial, monitoreo, restringir_peatones, restringir_vehiculos, seguimiento, vigilancia","evaluaciones_adicionales":"estructural, otra","usos":"comercial","sistema_estructural":"porticos","material":"conc_arr","epoca_construccion":"despues_2010","estado_conservacion":"bueno","calidad_diseno":"bueno","ocupantes_max":1500,"heridos_max":0,"muertos_max":0,"gps_accuracy_median":9.1,"rud_records":0,"rud_households":0,"rud_addresses":0,"rud_women":0,"rud_minors":0,"rud_older65":0,"rud_afro":0,"rud_indigenous":0,"rud_estado_averiado":0,"rud_estado_no_habitable":0,"rud_estado_habitable":0,"rud_estado_destruido":0,"rud_estado_no_informa":0,"rud_tenencia_propietario":0,"rud_tenencia_arrendatario":0,"rud_tenencia_ocupante":0,"rud_tenencia_poseedor":0,"rud_tenencia_no_informa":0,"rud_match_methods":"","rud_match_confidences":"","has_rud_match":false}},{"type":"Feature","geometry":{"type":"Point","coordinates":[-76.5513255,3.38744]},"properties":{"place_id":"b3007b75-3eed-4bb1-a75c-d7cb1f34a0e4","place_report_count":0,"worst_collapse_type":null,"place_has_arcgis_id":true,"evaluation_count":1,"evaluation_ids_count":1,"barrio":"Prados del Sur","nivel_dano_max":"medio","severidad_max":"medio_alto","habitabilidad_codigos":"r1","recomendaciones":"","evaluaciones_adicionales":"estructural","usos":"residencial","sistema_estructural":"dual","material":"concreto_dual","epoca_construccion":"1984_1997","estado_conservacion":"malo","calidad_diseno":"regular","ocupantes_max":6,"heridos_max":0,"muertos_max":0,"gps_accuracy_median":1.02,"rud_records":0,"rud_households":0,"rud_addresses":0,"rud_women":0,"rud_minors":0,"rud_older65":0,"rud_afro":0,"rud_indigenous":0,"rud_estado_averiado":0,"rud_estado_no_habitable":0,"rud_estado_habitable":0,"rud_estado_destruido":0,"rud_estado_no_informa":0,"rud_tenencia_propietario":0,"rud_tenencia_arrendatario":0,"rud_tenencia_ocupante":0,"rud_tenencia_poseedor":0,"rud_tenencia_no_informa":0,"rud_match_methods":"","rud_match_confidences":"","has_rud_match":false}},{"type":"Feature","geometry":{"type":"Point","coordinates":[-76.5535777620971,3.38854264933616]},"properties":{"place_id":"25413a10-8cd0-4594-92e4-c23ec5ddc666","place_report_count":1,"worst_collapse_type":"B","place_has_arcgis_id":false,"evaluation_count":1,"evaluation_ids_count":1,"barrio":"Napoles","nivel_dano_max":"alto","severidad_max":"medio_alto","habitabilidad_codigos":"i2","recomendaciones":"aislamiento, evacuar_parcial, monitoreo, restringir_peatones, restringir_vehiculos, seguimiento, vigilancia","evaluaciones_adicionales":"estructural","usos":"residencial","sistema_estructural":"muros_carga","material":"conc_prefab_mc","epoca_construccion":"1984_1997","estado_conservacion":"regular","calidad_diseno":"regular","ocupantes_max":80,"heridos_max":null,"muertos_max":null,"gps_accuracy_median":5.0,"rud_records":0,"rud_households":0,"rud_addresses":0,"rud_women":0,"rud_minors":0,"rud_older65":0,"rud_afro":0,"rud_indigenous":0,"rud_estado_averiado":0,"rud_estado_no_habitable":0,"rud_estado_habitable":0,"rud_estado_destruido":0,"rud_estado_no_informa":0,"rud_tenencia_propietario":0,"rud_tenencia_arrendatario":0,"rud_tenencia_ocupante":0,"rud_tenencia_poseedor":0,"rud_tenencia_no_informa":0,"rud_match_methods":"","rud_match_confidences":"","has_rud_match":false}},{"type":"Feature","geometry":{"type":"Point","coordinates":[-76.5525696,3.3887109]},"properties":{"place_id":"0ffa850b-8633-4489-874f-9ff96494bab7","place_report_count":1,"worst_collapse_type":null,"place_has_arcgis_id":false,"evaluation_count":1,"evaluation_ids_count":1,"barrio":"Napoles","nivel_dano_max":"medio","severidad_max":"medio_alto","habitabilidad_codigos":"r2","recomendaciones":"aislamiento, demoler, evacuar_parcial, monitoreo, restringir_peatones, seguimiento, vigilancia","evaluaciones_adicionales":"estructural","usos":"residencial","sistema_estructural":"muros_carga","material":"mamp_simple","epoca_construccion":"desconocida","estado_conservacion":"bueno","calidad_diseno":"bueno","ocupantes_max":100,"heridos_max":null,"muertos_max":null,"gps_accuracy_median":4.0,"rud_records":0,"rud_households":0,"rud_addresses":0,"rud_women":0,"rud_minors":0,"rud_older65":0,"rud_afro":0,"rud_indigenous":0,"rud_estado_averiado":0,"rud_estado_no_habitable":0,"rud_estado_habitable":0,"rud_estado_destruido":0,"rud_estado_no_informa":0,"rud_tenencia_propietario":0,"rud_tenencia_arrendatario":0,"rud_tenencia_ocupante":0,"rud_tenencia_poseedor":0,"rud_tenencia_no_informa":0,"rud_match_methods":"","rud_match_confidences":"","has_rud_match":false}},{"type":"Feature","geometry":{"type":"Point","coordinates":[-76.5522902179509,3.38873300235718]},"properties":{"place_id":"50284fb8-7dda-40fe-bd8c-3a2830c9aad9","place_report_count":1,"worst_collapse_type":"B","place_has_arcgis_id":false,"evaluation_count":1,"evaluation_ids_count":1,"barrio":"Napoles","nivel_dano_max":"alto","severidad_max":"alto","habitabilidad_codigos":"i2","recomendaciones":"aislamiento, demoler, evacuar_total, monitoreo, restringir_peatones, seguimiento, vigilancia","evaluaciones_adicionales":"estructural","usos":"residencial","sistema_estructural":"muros_carga","material":"mamp_reforzada","epoca_construccion":"desconocida","estado_conservacion":"regular","calidad_diseno":"bueno","ocupantes_max":75,"heridos_max":null,"muertos_max":null,"gps_accuracy_median":3.0,"rud_records":0,"rud_households":0,"rud_addresses":0,"rud_women":0,"rud_minors":0,"rud_older65":0,"rud_afro":0,"rud_indigenous":0,"rud_estado_averiado":0,"rud_estado_no_habitable":0,"rud_estado_habitable":0,"rud_estado_destruido":0,"rud_estado_no_informa":0,"rud_tenencia_propietario":0,"rud_tenencia_arrendatario":0,"rud_tenencia_ocupante":0,"rud_tenencia_poseedor":0,"rud_tenencia_no_informa":0,"rud_match_methods":"","rud_match_confidences":"","has_rud_match":false}},{"type":"Feature","geometry":{"type":"Point","coordinates":[-76.5524966666667,3.38876833333333]},"properties":{"place_id":"eb0a3b55-1de7-4358-9a9c-be9cb287aaef","place_report_count":0,"worst_collapse_type":"B","place_has_arcgis_id":false,"evaluation_count":1,"evaluation_ids_count":1,"barrio":"Napoles","nivel_dano_max":"alto","severidad_max":"alto","habitabilidad_codigos":"i2","recomendaciones":"","evaluaciones_adicionales":"estructural, geotecnica","usos":"residencial","sistema_estructural":"muros_carga","material":"conc_prefab_mc","epoca_construccion":"1984_1997","estado_conservacion":"regular","calidad_diseno":"regular","ocupantes_max":60,"heridos_max":null,"muertos_max":null,"gps_accuracy_median":3.3,"rud_records":21,"rud_households":9,"rud_addresses":1,"rud_women":12,"rud_minors":1,"rud_older65":3,"rud_afro":2,"rud_indigenous":0,"rud_estado_averiado":7,"rud_estado_no_habitable":13,"rud_estado_habitable":1,"rud_estado_destruido":0,"rud_estado_no_informa":0,"rud_tenencia_propietario":14,"rud_tenencia_arrendatario":7,"rud_tenencia_ocupante":0,"rud_tenencia_poseedor":0,"rud_tenencia_no_informa":0,"rud_match_methods":"direccion_normalizada","rud_match_confidences":"alta","has_rud_match":true}},{"type":"Feature","geometry":{"type":"Point","coordinates":[-76.552265,3.38877166666667]},"properties":{"place_id":"73076258-5085-4b24-a8ff-2370b8e0653e","place_report_count":1,"worst_collapse_type":"B","place_has_arcgis_id":false,"evaluation_count":1,"evaluation_ids_count":1,"barrio":"Los Farallones","nivel_dano_max":"alto","severidad_max":"medio_alto","habitabilidad_codigos":"i2","recomendaciones":"aislamiento, apuntalar, evacuar_total, evacuar_vecinas, monitoreo, seguimiento","evaluaciones_adicionales":"estructural","usos":"residencial","sistema_estructural":"muros_carga","material":"concreto_mc","epoca_construccion":"1984_1997","estado_conservacion":"bueno","calidad_diseno":"bueno","ocupantes_max":48,"heridos_max":0,"muertos_max":0,"gps_accuracy_median":1.6,"rud_records":0,"rud_households":0,"rud_addresses":0,"rud_women":0,"rud_minors":0,"rud_older65":0,"rud_afro":0,"rud_indigenous":0,"rud_estado_averiado":0,"rud_estado_no_habitable":0,"rud_estado_habitable":0,"rud_estado_destruido":0,"rud_estado_no_informa":0,"rud_tenencia_propietario":0,"rud_tenencia_arrendatario":0,"rud_tenencia_ocupante":0,"rud_tenencia_poseedor":0,"rud_tenencia_no_informa":0,"rud_match_methods":"","rud_match_confidences":"","has_rud_match":false}},{"type":"Feature","geometry":{"type":"Point","coordinates":[-76.552265,3.38877166666667]},"properties":{"place_id":"0eacadd3-2362-4dd6-bae0-affca1f899db","place_report_count":1,"worst_collapse_type":"B","place_has_arcgis_id":false,"evaluation_count":1,"evaluation_ids_count":1,"barrio":"Los Farallones","nivel_dano_max":"alto","severidad_max":"medio_alto","habitabilidad_codigos":"i2","recomendaciones":"aislamiento, apuntalar, demoler, desconectar, evacuar_total, evacuar_vecinas, monitoreo, seguimiento","evaluaciones_adicionales":"estructural","usos":"residencial","sistema_estructural":"muros_carga","material":"concreto_mc","epoca_construccion":"1984_1997","estado_conservacion":"bueno","calidad_diseno":"bueno","ocupantes_max":48,"heridos_max":0,"muertos_max":0,"gps_accuracy_median":1.6,"rud_records":0,"rud_households":0,"rud_addresses":0,"rud_women":0,"rud_minors":0,"rud_older65":0,"rud_afro":0,"rud_indigenous":0,"rud_estado_averiado":0,"rud_estado_no_habitable":0,"rud_estado_habitable":0,"rud_estado_destruido":0,"rud_estado_no_informa":0,"rud_tenencia_propietario":0,"rud_tenencia_arrendatario":0,"rud_tenencia_ocupante":0,"rud_tenencia_poseedor":0,"rud_tenencia_no_informa":0,"rud_match_methods":"","rud_match_confidences":"","has_rud_match":false}},{"type":"Feature","geometry":{"type":"Point","coordinates":[-76.5526212,3.388774]},"properties":{"place_id":"dc3e2899-2536-4109-8c27-c1242ae61f38","place_report_count":1,"worst_collapse_type":null,"place_has_arcgis_id":false,"evaluation_count":1,"evaluation_ids_count":1,"barrio":"Napoles","nivel_dano_max":"medio","severidad_max":"medio_alto","habitabilidad_codigos":"i1","recomendaciones":"aislamiento, intervencion, monitoreo, seguimiento","evaluaciones_adicionales":"estructural","usos":"residencial","sistema_estructural":"muros_carga","material":"conc_prefab_mc","epoca_construccion":"1984_1997","estado_conservacion":"bueno","calidad_diseno":"bueno","ocupantes_max":45,"heridos_max":0,"muertos_max":0,"gps_accuracy_median":9.17,"rud_records":2,"rud_households":2,"rud_addresses":1,"rud_women":1,"rud_minors":0,"rud_older65":0,"rud_afro":0,"rud_indigenous":0,"rud_estado_averiado":0,"rud_estado_no_habitable":2,"rud_estado_habitable":0,"rud_estado_destruido":0,"rud_estado_no_informa":0,"rud_tenencia_propietario":2,"rud_tenencia_arrendatario":0,"rud_tenencia_ocupante":0,"rud_tenencia_poseedor":0,"rud_tenencia_no_informa":0,"rud_match_methods":"nomenclatura_sector","rud_match_confidences":"media","has_rud_match":true}},{"type":"Feature","geometry":{"type":"Point","coordinates":[-76.5523729031267,3.38884020606236]},"properties":{"place_id":"6fd3ff60-513c-4546-ad2f-48d0b7baef24","place_report_count":1,"worst_collapse_type":"B","place_has_arcgis_id":false,"evaluation_count":1,"evaluation_ids_count":1,"barrio":"Los Farallones","nivel_dano_max":"alto","severidad_max":"medio_alto","habitabilidad_codigos":"i2","recomendaciones":"aislamiento, apuntalar, demoler, desconectar, evacuar_total, evacuar_vecinas, monitoreo, seguimiento","evaluaciones_adicionales":"estructural","usos":"residencial","sistema_estructural":"muros_carga","material":"concreto_mc","epoca_construccion":"1984_1997","estado_conservacion":"bueno","calidad_diseno":"bueno","ocupantes_max":48,"heridos_max":0,"muertos_max":0,"gps_accuracy_median":null,"rud_records":0,"rud_households":0,"rud_addresses":0,"rud_women":0,"rud_minors":0,"rud_older65":0,"rud_afro":0,"rud_indigenous":0,"rud_estado_averiado":0,"rud_estado_no_habitable":0,"rud_estado_habitable":0,"rud_estado_destruido":0,"rud_estado_no_informa":0,"rud_tenencia_propietario":0,"rud_tenencia_arrendatario":0,"rud_tenencia_ocupante":0,"rud_tenencia_poseedor":0,"rud_tenencia_no_informa":0,"rud_match_methods":"","rud_match_confidences":"","has_rud_match":false}},{"type":"Feature","geometry":{"type":"Point","coordinates":[-76.5523729031267,3.38884020606236]},"properties":{"place_id":"dffcfb4f-9bc9-4d27-9248-6be0b6e96e61","place_report_count":1,"worst_collapse_type":"B","place_has_arcgis_id":false,"evaluation_count":1,"evaluation_ids_count":1,"barrio":"Los Farallones","nivel_dano_max":"alto","severidad_max":"medio_alto","habitabilidad_codigos":"i2","recomendaciones":"aislamiento, apuntalar, demoler, desconectar, evacuar_total, evacuar_vecinas, monitoreo, seguimiento","evaluaciones_adicionales":"estructural","usos":"residencial","sistema_estructural":"muros_carga","material":"concreto_mc","epoca_construccion":"1984_1997","estado_conservacion":"bueno","calidad_diseno":"bueno","ocupantes_max":48,"heridos_max":0,"muertos_max":0,"gps_accuracy_median":null,"rud_records":0,"rud_households":0,"rud_addresses":0,"rud_women":0,"rud_minors":0,"rud_older65":0,"rud_afro":0,"rud_indigenous":0,"rud_estado_averiado":0,"rud_estado_no_habitable":0,"rud_estado_habitable":0,"rud_estado_destruido":0,"rud_estado_no_informa":0,"rud_tenencia_propietario":0,"rud_tenencia_arrendatario":0,"rud_tenencia_ocupante":0,"rud_tenencia_poseedor":0,"rud_tenencia_no_informa":0,"rud_match_methods":"","rud_match_confidences":"","has_rud_match":false}},{"type":"Feature","geometry":{"type":"Point","coordinates":[-76.5536106178823,3.38889602255761]},"properties":{"place_id":"2a2fe658-9fb7-45b6-875c-876351149663","place_report_count":1,"worst_collapse_type":"B","place_has_arcgis_id":false,"evaluation_count":1,"evaluation_ids_count":1,"barrio":"Napoles","nivel_dano_max":"alto","severidad_max":"alto","habitabilidad_codigos":"i2","recomendaciones":"apuntalar, evacuar_total, intervencion, monitoreo, restringir_peatones, restringir_vehiculos, vigilancia","evaluaciones_adicionales":"estructural, geotecnica","usos":"residencial","sistema_estructural":"muros_carga","material":"conc_prefab_mc","epoca_construccion":"1984_1997","estado_conservacion":"malo","calidad_diseno":"malo","ocupantes_max":60,"heridos_max":null,"muertos_max":null,"gps_accuracy_median":9.32,"rud_records":0,"rud_households":0,"rud_addresses":0,"rud_women":0,"rud_minors":0,"rud_older65":0,"rud_afro":0,"rud_indigenous":0,"rud_estado_averiado":0,"rud_estado_no_habitable":0,"rud_estado_habitable":0,"rud_estado_destruido":0,"rud_estado_no_informa":0,"rud_tenencia_propietario":0,"rud_tenencia_arrendatario":0,"rud_tenencia_ocupante":0,"rud_tenencia_poseedor":0,"rud_tenencia_no_informa":0,"rud_match_methods":"","rud_match_confidences":"","has_rud_match":false}},{"type":"Feature","geometry":{"type":"Point","coordinates":[-76.5527413,3.3889217]},"properties":{"place_id":"ad1d5825-7279-4bf0-9edf-0e9f36cba1c2","place_report_count":1,"worst_collapse_type":null,"place_has_arcgis_id":false,"evaluation_count":1,"evaluation_ids_count":1,"barrio":"Napoles","nivel_dano_max":"sin_dano","severidad_max":"bajo","habitabilidad_codigos":"h","recomendaciones":"seguimiento","evaluaciones_adicionales":"","usos":"residencial","sistema_estructural":"muros_carga","material":"conc_prefab_mc","epoca_construccion":"1984_1997","estado_conservacion":"bueno","calidad_diseno":"bueno","ocupantes_max":45,"heridos_max":0,"muertos_max":0,"gps_accuracy_median":3.65,"rud_records":0,"rud_households":0,"rud_addresses":0,"rud_women":0,"rud_minors":0,"rud_older65":0,"rud_afro":0,"rud_indigenous":0,"rud_estado_averiado":0,"rud_estado_no_habitable":0,"rud_estado_habitable":0,"rud_estado_destruido":0,"rud_estado_no_informa":0,"rud_tenencia_propietario":0,"rud_tenencia_arrendatario":0,"rud_tenencia_ocupante":0,"rud_tenencia_poseedor":0,"rud_tenencia_no_informa":0,"rud_match_methods":"","rud_match_confidences":"","has_rud_match":false}},{"type":"Feature","geometry":{"type":"Point","coordinates":[-76.553217926994,3.38894380722195]},"properties":{"place_id":"b4600cc9-40ee-48d6-aee5-824432d33d3d","place_report_count":1,"worst_collapse_type":"B","place_has_arcgis_id":false,"evaluation_count":1,"evaluation_ids_count":1,"barrio":"Napoles","nivel_dano_max":"alto","severidad_max":"alto","habitabilidad_codigos":"i2","recomendaciones":"aislamiento, evacuar_parcial, monitoreo, restringir_peatones, restringir_vehiculos, seguimiento, vigilancia","evaluaciones_adicionales":"estructural","usos":"residencial","sistema_estructural":"muros_carga","material":"conc_prefab_mc","epoca_construccion":"1984_1997","estado_conservacion":"malo","calidad_diseno":"bueno","ocupantes_max":80,"heridos_max":null,"muertos_max":null,"gps_accuracy_median":2.5,"rud_records":0,"rud_households":0,"rud_addresses":0,"rud_women":0,"rud_minors":0,"rud_older65":0,"rud_afro":0,"rud_indigenous":0,"rud_estado_averiado":0,"rud_estado_no_habitable":0,"rud_estado_habitable":0,"rud_estado_destruido":0,"rud_estado_no_informa":0,"rud_tenencia_propietario":0,"rud_tenencia_arrendatario":0,"rud_tenencia_ocupante":0,"rud_tenencia_poseedor":0,"rud_tenencia_no_informa":0,"rud_match_methods":"","rud_match_confidences":"","has_rud_match":false}},{"type":"Feature","geometry":{"type":"Point","coordinates":[-76.5532304189482,3.38895714737913]},"properties":{"place_id":"2dcec5ef-b069-4abf-b07f-18b6139dd3ee","place_report_count":0,"worst_collapse_type":"B","place_has_arcgis_id":false,"evaluation_count":1,"evaluation_ids_count":1,"barrio":"COLINAS DEL SUR","nivel_dano_max":"alto","severidad_max":"alto","habitabilidad_codigos":"i2","recomendaciones":"aislamiento, desconectar, evacuar_parcial, evacuar_total, evacuar_vecinas, intervencion, monitoreo, restringir_peatones, restringir_vehiculos, seguimiento, vigilancia","evaluaciones_adicionales":"estructural, geotecnica","usos":"residencial","sistema_estructural":"muros_carga","material":"concreto_mc","epoca_construccion":"1984_1997","estado_conservacion":"malo","calidad_diseno":"regular","ocupantes_max":60,"heridos_max":0,"muertos_max":0,"gps_accuracy_median":null,"rud_records":0,"rud_households":0,"rud_addresses":0,"rud_women":0,"rud_minors":0,"rud_older65":0,"rud_afro":0,"rud_indigenous":0,"rud_estado_averiado":0,"rud_estado_no_habitable":0,"rud_estado_habitable":0,"rud_estado_destruido":0,"rud_estado_no_informa":0,"rud_tenencia_propietario":0,"rud_tenencia_arrendatario":0,"rud_tenencia_ocupante":0,"rud_tenencia_poseedor":0,"rud_tenencia_no_informa":0,"rud_match_methods":"","rud_match_confidences":"","has_rud_match":false}},{"type":"Feature","geometry":{"type":"Point","coordinates":[-76.552544105798,3.38895889464766]},"properties":{"place_id":"1b85ddc7-6ee5-45a1-85c1-1df6e7ed2aa1","place_report_count":1,"worst_collapse_type":"B","place_has_arcgis_id":false,"evaluation_count":1,"evaluation_ids_count":1,"barrio":"Napoles","nivel_dano_max":"alto","severidad_max":"alto","habitabilidad_codigos":"i2","recomendaciones":"aislamiento, demoler, evacuar_total, monitoreo, restringir_peatones, restringir_vehiculos, seguimiento, vigilancia","evaluaciones_adicionales":"estructural","usos":"residencial","sistema_estructural":"muros_carga","material":"mamp_simple","epoca_construccion":"1984_1997","estado_conservacion":"malo","calidad_diseno":"regular","ocupantes_max":50,"heridos_max":null,"muertos_max":null,"gps_accuracy_median":2.5,"rud_records":0,"rud_households":0,"rud_addresses":0,"rud_women":0,"rud_minors":0,"rud_older65":0,"rud_afro":0,"rud_indigenous":0,"rud_estado_averiado":0,"rud_estado_no_habitable":0,"rud_estado_habitable":0,"rud_estado_destruido":0,"rud_estado_no_informa":0,"rud_tenencia_propietario":0,"rud_tenencia_arrendatario":0,"rud_tenencia_ocupante":0,"rud_tenencia_poseedor":0,"rud_tenencia_no_informa":0,"rud_match_methods":"","rud_match_confidences":"","has_rud_match":false}},{"type":"Feature","geometry":{"type":"Point","coordinates":[-76.5528235152885,3.38899724309166]},"properties":{"place_id":"ed58c6de-831f-49bc-a738-9079277ae7aa","place_report_count":0,"worst_collapse_type":"B","place_has_arcgis_id":false,"evaluation_count":1,"evaluation_ids_count":1,"barrio":"Nápoles","nivel_dano_max":"alto","severidad_max":"alto","habitabilidad_codigos":"i2","recomendaciones":"desconectar, evacuar_total, evacuar_vecinas, restringir_peatones","evaluaciones_adicionales":"","usos":"residencial","sistema_estructural":"muros_carga","material":"concreto_mc","epoca_construccion":"1984_1997","estado_conservacion":"regular","calidad_diseno":"regular","ocupantes_max":80,"heridos_max":null,"muertos_max":null,"gps_accuracy_median":null,"rud_records":0,"rud_households":0,"rud_addresses":0,"rud_women":0,"rud_minors":0,"rud_older65":0,"rud_afro":0,"rud_indigenous":0,"rud_estado_averiado":0,"rud_estado_no_habitable":0,"rud_estado_habitable":0,"rud_estado_destruido":0,"rud_estado_no_informa":0,"rud_tenencia_propietario":0,"rud_tenencia_arrendatario":0,"rud_tenencia_ocupante":0,"rud_tenencia_poseedor":0,"rud_tenencia_no_informa":0,"rud_match_methods":"","rud_match_confidences":"","has_rud_match":false}},{"type":"Feature","geometry":{"type":"Point","coordinates":[-76.5528103290203,3.38900427932802]},"properties":{"place_id":"7d82e022-a1f8-4fb0-ad5d-a2e92f7d8db7","place_report_count":0,"worst_collapse_type":"B","place_has_arcgis_id":false,"evaluation_count":1,"evaluation_ids_count":1,"barrio":"Nápoles","nivel_dano_max":"alto","severidad_max":"alto","habitabilidad_codigos":"i2","recomendaciones":"evacuar_total","evaluaciones_adicionales":"estructural","usos":"residencial","sistema_estructural":"muros_carga","material":"concreto_mc","epoca_construccion":"1984_1997","estado_conservacion":"regular","calidad_diseno":"regular","ocupantes_max":60,"heridos_max":null,"muertos_max":null,"gps_accuracy_median":11.98,"rud_records":0,"rud_households":0,"rud_addresses":0,"rud_women":0,"rud_minors":0,"rud_older65":0,"rud_afro":0,"rud_indigenous":0,"rud_estado_averiado":0,"rud_estado_no_habitable":0,"rud_estado_habitable":0,"rud_estado_destruido":0,"rud_estado_no_informa":0,"rud_tenencia_propietario":0,"rud_tenencia_arrendatario":0,"rud_tenencia_ocupante":0,"rud_tenencia_poseedor":0,"rud_tenencia_no_informa":0,"rud_match_methods":"","rud_match_confidences":"","has_rud_match":false}},{"type":"Feature","geometry":{"type":"Point","coordinates":[-76.55325429,3.38900529]},"properties":{"place_id":"bccac6ef-699e-463e-aaa2-99054ed8ad87","place_report_count":1,"worst_collapse_type":"B","place_has_arcgis_id":false,"evaluation_count":1,"evaluation_ids_count":1,"barrio":"Napoles","nivel_dano_max":"alto","severidad_max":"alto","habitabilidad_codigos":"i2","recomendaciones":"desconectar, evacuar_total, intervencion, restringir_peatones, restringir_vehiculos, seguimiento","evaluaciones_adicionales":"otra","usos":"residencial","sistema_estructural":"muros_carga","material":"concreto_mc","epoca_construccion":"1984_1997","estado_conservacion":"malo","calidad_diseno":"bueno","ocupantes_max":80,"heridos_max":null,"muertos_max":null,"gps_accuracy_median":3.79,"rud_records":0,"rud_households":0,"rud_addresses":0,"rud_women":0,"rud_minors":0,"rud_older65":0,"rud_afro":0,"rud_indigenous":0,"rud_estado_averiado":0,"rud_estado_no_habitable":0,"rud_estado_habitable":0,"rud_estado_destruido":0,"rud_estado_no_informa":0,"rud_tenencia_propietario":0,"rud_tenencia_arrendatario":0,"rud_tenencia_ocupante":0,"rud_tenencia_poseedor":0,"rud_tenencia_no_informa":0,"rud_match_methods":"","rud_match_confidences":"","has_rud_match":false}},{"type":"Feature","geometry":{"type":"Point","coordinates":[-76.53609,3.38901]},"properties":{"place_id":"cd8e52b2-9c2a-4600-a685-23b676706a6c","place_report_count":0,"worst_collapse_type":null,"place_has_arcgis_id":false,"evaluation_count":1,"evaluation_ids_count":1,"barrio":"Quintas de don Simon","nivel_dano_max":"medio","severidad_max":"medio_alto","habitabilidad_codigos":"r2","recomendaciones":"aislamiento, demoler, evacuar_parcial, monitoreo, restringir_peatones","evaluaciones_adicionales":"estructural","usos":"residencial","sistema_estructural":"dual","material":"concreto_dual","epoca_construccion":"despues_2010","estado_conservacion":"regular","calidad_diseno":"bueno","ocupantes_max":300,"heridos_max":1,"muertos_max":0,"gps_accuracy_median":4.7,"rud_records":71,"rud_households":34,"rud_addresses":1,"rud_women":35,"rud_minors":6,"rud_older65":15,"rud_afro":0,"rud_indigenous":0,"rud_estado_averiado":0,"rud_estado_no_habitable":71,"rud_estado_habitable":0,"rud_estado_destruido":0,"rud_estado_no_informa":0,"rud_tenencia_propietario":50,"rud_tenencia_arrendatario":21,"rud_tenencia_ocupante":0,"rud_tenencia_poseedor":0,"rud_tenencia_no_informa":0,"rud_match_methods":"direccion_normalizada","rud_match_confidences":"alta","has_rud_match":true}},{"type":"Feature","geometry":{"type":"Point","coordinates":[-76.5526163,3.3890534]},"properties":{"place_id":"a5824e77-b762-49be-bd59-839452139b19","place_report_count":6,"worst_collapse_type":"B","place_has_arcgis_id":false,"evaluation_count":0,"evaluation_ids_count":0,"barrio":"","nivel_dano_max":null,"severidad_max":null,"habitabilidad_codigos":"","recomendaciones":"","evaluaciones_adicionales":"","usos":"","sistema_estructural":"","material":"","epoca_construccion":"","estado_conservacion":"","calidad_diseno":"","ocupantes_max":null,"heridos_max":null,"muertos_max":null,"gps_accuracy_median":null,"rud_records":0,"rud_households":0,"rud_addresses":0,"rud_women":0,"rud_minors":0,"rud_older65":0,"rud_afro":0,"rud_indigenous":0,"rud_estado_averiado":0,"rud_estado_no_habitable":0,"rud_estado_habitable":0,"rud_estado_destruido":0,"rud_estado_no_informa":0,"rud_tenencia_propietario":0,"rud_tenencia_arrendatario":0,"rud_tenencia_ocupante":0,"rud_tenencia_poseedor":0,"rud_tenencia_no_informa":0,"rud_match_methods":"","rud_match_confidences":"","has_rud_match":false}},{"type":"Feature","geometry":{"type":"Point","coordinates":[-76.5526163,3.3890534]},"properties":{"place_id":"d13ae738-0378-42ef-a9db-8d25953d06bc","place_report_count":1,"worst_collapse_type":"B","place_has_arcgis_id":false,"evaluation_count":0,"evaluation_ids_count":0,"barrio":"","nivel_dano_max":null,"severidad_max":null,"habitabilidad_codigos":"","recomendaciones":"","evaluaciones_adicionales":"","usos":"","sistema_estructural":"","material":"","epoca_construccion":"","estado_conservacion":"","calidad_diseno":"","ocupantes_max":null,"heridos_max":null,"muertos_max":null,"gps_accuracy_median":null,"rud_records":0,"rud_households":0,"rud_addresses":0,"rud_women":0,"rud_minors":0,"rud_older65":0,"rud_afro":0,"rud_indigenous":0,"rud_estado_averiado":0,"rud_estado_no_habitable":0,"rud_estado_habitable":0,"rud_estado_destruido":0,"rud_estado_no_informa":0,"rud_tenencia_propietario":0,"rud_tenencia_arrendatario":0,"rud_tenencia_ocupante":0,"rud_tenencia_poseedor":0,"rud_tenencia_no_informa":0,"rud_match_methods":"","rud_match_confidences":"","has_rud_match":false}},{"type":"Feature","geometry":{"type":"Point","coordinates":[-76.552605,3.3890656]},"properties":{"place_id":"dc92fa7e-f7fc-4961-93b5-a899f95fd773","place_report_count":1,"worst_collapse_type":"B","place_has_arcgis_id":false,"evaluation_count":0,"evaluation_ids_count":0,"barrio":"","nivel_dano_max":null,"severidad_max":null,"habitabilidad_codigos":"","recomendaciones":"","evaluaciones_adicionales":"","usos":"","sistema_estructural":"","material":"","epoca_construccion":"","estado_conservacion":"","calidad_diseno":"","ocupantes_max":null,"heridos_max":null,"muertos_max":null,"gps_accuracy_median":null,"rud_records":0,"rud_households":0,"rud_addresses":0,"rud_women":0,"rud_minors":0,"rud_older65":0,"rud_afro":0,"rud_indigenous":0,"rud_estado_averiado":0,"rud_estado_no_habitable":0,"rud_estado_habitable":0,"rud_estado_destruido":0,"rud_estado_no_informa":0,"rud_tenencia_propietario":0,"rud_tenencia_arrendatario":0,"rud_tenencia_ocupante":0,"rud_tenencia_poseedor":0,"rud_tenencia_no_informa":0,"rud_match_methods":"","rud_match_confidences":"","has_rud_match":false}},{"type":"Feature","geometry":{"type":"Point","coordinates":[-76.5532487673308,3.38907805865571]},"properties":{"place_id":"5777edf9-44de-4302-973e-f145a1208622","place_report_count":1,"worst_collapse_type":"B","place_has_arcgis_id":false,"evaluation_count":2,"evaluation_ids_count":2,"barrio":"Napoles","nivel_dano_max":"alto","severidad_max":"medio_alto","habitabilidad_codigos":"i1, i2","recomendaciones":"evacuar_total, evacuar_vecinas, intervencion, monitoreo, restringir_peatones, seguimiento","evaluaciones_adicionales":"estructural","usos":"residencial","sistema_estructural":"muros_carga, otro","material":"losa_columna, mamp_simple","epoca_construccion":"1984_1997, antes_1984","estado_conservacion":"bueno, regular","calidad_diseno":"bueno","ocupantes_max":60,"heridos_max":0,"muertos_max":0,"gps_accuracy_median":8.68,"rud_records":0,"rud_households":0,"rud_addresses":0,"rud_women":0,"rud_minors":0,"rud_older65":0,"rud_afro":0,"rud_indigenous":0,"rud_estado_averiado":0,"rud_estado_no_habitable":0,"rud_estado_habitable":0,"rud_estado_destruido":0,"rud_estado_no_informa":0,"rud_tenencia_propietario":0,"rud_tenencia_arrendatario":0,"rud_tenencia_ocupante":0,"rud_tenencia_poseedor":0,"rud_tenencia_no_informa":0,"rud_match_methods":"","rud_match_confidences":"","has_rud_match":false}},{"type":"Feature","geometry":{"type":"Point","coordinates":[-76.5532487673308,3.38907805865571]},"properties":{"place_id":"efa3ef31-cb19-4aa4-9ca2-bb99b2defef4","place_report_count":1,"worst_collapse_type":"B","place_has_arcgis_id":false,"evaluation_count":1,"evaluation_ids_count":1,"barrio":"Napoles","nivel_dano_max":"alto","severidad_max":"medio_alto","habitabilidad_codigos":"i2","recomendaciones":"evacuar_total, intervencion, monitoreo","evaluaciones_adicionales":"estructural","usos":"residencial","sistema_estructural":"otro","material":"losa_columna","epoca_construccion":"1984_1997","estado_conservacion":"bueno","calidad_diseno":"bueno","ocupantes_max":60,"heridos_max":0,"muertos_max":0,"gps_accuracy_median":10.87,"rud_records":0,"rud_households":0,"rud_addresses":0,"rud_women":0,"rud_minors":0,"rud_older65":0,"rud_afro":0,"rud_indigenous":0,"rud_estado_averiado":0,"rud_estado_no_habitable":0,"rud_estado_habitable":0,"rud_estado_destruido":0,"rud_estado_no_informa":0,"rud_tenencia_propietario":0,"rud_tenencia_arrendatario":0,"rud_tenencia_ocupante":0,"rud_tenencia_poseedor":0,"rud_tenencia_no_informa":0,"rud_match_methods":"","rud_match_confidences":"","has_rud_match":false}},{"type":"Feature","geometry":{"type":"Point","coordinates":[-76.5524543,3.389093]},"properties":{"place_id":"1f608d58-2629-41d6-b384-9b260fb7478f","place_report_count":1,"worst_collapse_type":"B","place_has_arcgis_id":false,"evaluation_count":0,"evaluation_ids_count":0,"barrio":"","nivel_dano_max":null,"severidad_max":null,"habitabilidad_codigos":"","recomendaciones":"","evaluaciones_adicionales":"","usos":"","sistema_estructural":"","material":"","epoca_construccion":"","estado_conservacion":"","calidad_diseno":"","ocupantes_max":null,"heridos_max":null,"muertos_max":null,"gps_accuracy_median":null,"rud_records":0,"rud_households":0,"rud_addresses":0,"rud_women":0,"rud_minors":0,"rud_older65":0,"rud_afro":0,"rud_indigenous":0,"rud_estado_averiado":0,"rud_estado_no_habitable":0,"rud_estado_habitable":0,"rud_estado_destruido":0,"rud_estado_no_informa":0,"rud_tenencia_propietario":0,"rud_tenencia_arrendatario":0,"rud_tenencia_ocupante":0,"rud_tenencia_poseedor":0,"rud_tenencia_no_informa":0,"rud_match_methods":"","rud_match_confidences":"","has_rud_match":false}},{"type":"Feature","geometry":{"type":"Point","coordinates":[-76.55266,3.38912]},"properties":{"place_id":"9ecb689c-0bad-4f0b-b336-cc85d3d6cda3","place_report_count":1,"worst_collapse_type":"B","place_has_arcgis_id":false,"evaluation_count":0,"evaluation_ids_count":0,"barrio":"","nivel_dano_max":null,"severidad_max":null,"habitabilidad_codigos":"","recomendaciones":"","evaluaciones_adicionales":"","usos":"","sistema_estructural":"","material":"","epoca_construccion":"","estado_conservacion":"","calidad_diseno":"","ocupantes_max":null,"heridos_max":null,"muertos_max":null,"gps_accuracy_median":null,"rud_records":0,"rud_households":0,"rud_addresses":0,"rud_women":0,"rud_minors":0,"rud_older65":0,"rud_afro":0,"rud_indigenous":0,"rud_estado_averiado":0,"rud_estado_no_habitable":0,"rud_estado_habitable":0,"rud_estado_destruido":0,"rud_estado_no_informa":0,"rud_tenencia_propietario":0,"rud_tenencia_arrendatario":0,"rud_tenencia_ocupante":0,"rud_tenencia_poseedor":0,"rud_tenencia_no_informa":0,"rud_match_methods":"","rud_match_confidences":"","has_rud_match":false}},{"type":"Feature","geometry":{"type":"Point","coordinates":[-76.552662,3.3891233]},"properties":{"place_id":"8c16c853-3263-4404-81b2-c0d5e0be77e8","place_report_count":6,"worst_collapse_type":"B","place_has_arcgis_id":false,"evaluation_count":0,"evaluation_ids_count":0,"barrio":"","nivel_dano_max":null,"severidad_max":null,"habitabilidad_codigos":"","recomendaciones":"","evaluaciones_adicionales":"","usos":"","sistema_estructural":"","material":"","epoca_construccion":"","estado_conservacion":"","calidad_diseno":"","ocupantes_max":null,"heridos_max":null,"muertos_max":null,"gps_accuracy_median":null,"rud_records":0,"rud_households":0,"rud_addresses":0,"rud_women":0,"rud_minors":0,"rud_older65":0,"rud_afro":0,"rud_indigenous":0,"rud_estado_averiado":0,"rud_estado_no_habitable":0,"rud_estado_habitable":0,"rud_estado_destruido":0,"rud_estado_no_informa":0,"rud_tenencia_propietario":0,"rud_tenencia_arrendatario":0,"rud_tenencia_ocupante":0,"rud_tenencia_poseedor":0,"rud_tenencia_no_informa":0,"rud_match_methods":"","rud_match_confidences":"","has_rud_match":false}},{"type":"Feature","geometry":{"type":"Point","coordinates":[-76.55235239,3.3891451]},"properties":{"place_id":"e42eb7e1-2024-4afe-b29a-82d732e26abf","place_report_count":1,"worst_collapse_type":"B","place_has_arcgis_id":false,"evaluation_count":1,"evaluation_ids_count":1,"barrio":"Napoles","nivel_dano_max":"alto","severidad_max":"alto","habitabilidad_codigos":"i2","recomendaciones":"intervencion, monitoreo, seguimiento","evaluaciones_adicionales":"estructural","usos":"residencial","sistema_estructural":"muros_carga","material":"concreto_mc","epoca_construccion":"1984_1997","estado_conservacion":"bueno","calidad_diseno":"bueno","ocupantes_max":80,"heridos_max":null,"muertos_max":null,"gps_accuracy_median":3.79,"rud_records":0,"rud_households":0,"rud_addresses":0,"rud_women":0,"rud_minors":0,"rud_older65":0,"rud_afro":0,"rud_indigenous":0,"rud_estado_averiado":0,"rud_estado_no_habitable":0,"rud_estado_habitable":0,"rud_estado_destruido":0,"rud_estado_no_informa":0,"rud_tenencia_propietario":0,"rud_tenencia_arrendatario":0,"rud_tenencia_ocupante":0,"rud_tenencia_poseedor":0,"rud_tenencia_no_informa":0,"rud_match_methods":"","rud_match_confidences":"","has_rud_match":false}},{"type":"Feature","geometry":{"type":"Point","coordinates":[-76.553015,3.38914833333333]},"properties":{"place_id":"d58d3fbe-b523-4924-9576-14fc8d93865a","place_report_count":1,"worst_collapse_type":"B","place_has_arcgis_id":false,"evaluation_count":1,"evaluation_ids_count":1,"barrio":"Napoles","nivel_dano_max":"alto","severidad_max":"medio_alto","habitabilidad_codigos":"i2","recomendaciones":"evacuar_parcial, restringir_peatones, seguimiento","evaluaciones_adicionales":"otra","usos":"residencial","sistema_estructural":"muros_carga","material":"mamp_simple","epoca_construccion":"1984_1997","estado_conservacion":"","calidad_diseno":"","ocupantes_max":20,"heridos_max":null,"muertos_max":null,"gps_accuracy_median":2.0,"rud_records":0,"rud_households":0,"rud_addresses":0,"rud_women":0,"rud_minors":0,"rud_older65":0,"rud_afro":0,"rud_indigenous":0,"rud_estado_averiado":0,"rud_estado_no_habitable":0,"rud_estado_habitable":0,"rud_estado_destruido":0,"rud_estado_no_informa":0,"rud_tenencia_propietario":0,"rud_tenencia_arrendatario":0,"rud_tenencia_ocupante":0,"rud_tenencia_poseedor":0,"rud_tenencia_no_informa":0,"rud_match_methods":"","rud_match_confidences":"","has_rud_match":false}},{"type":"Feature","geometry":{"type":"Point","coordinates":[-76.5526793769206,3.38918685750668]},"properties":{"place_id":"4b06ef94-6530-4717-8696-031bb745952e","place_report_count":0,"worst_collapse_type":"B","place_has_arcgis_id":false,"evaluation_count":1,"evaluation_ids_count":1,"barrio":"Colinas del sur","nivel_dano_max":"alto","severidad_max":"alto","habitabilidad_codigos":"i2","recomendaciones":"aislamiento, desconectar, evacuar_parcial, evacuar_total, evacuar_vecinas, intervencion, monitoreo, restringir_peatones, restringir_vehiculos, seguimiento, vigilancia","evaluaciones_adicionales":"estructural, geotecnica","usos":"residencial","sistema_estructural":"muros_carga","material":"concreto_mc","epoca_construccion":"1984_1997","estado_conservacion":"malo","calidad_diseno":"malo","ocupantes_max":60,"heridos_max":null,"muertos_max":null,"gps_accuracy_median":null,"rud_records":0,"rud_households":0,"rud_addresses":0,"rud_women":0,"rud_minors":0,"rud_older65":0,"rud_afro":0,"rud_indigenous":0,"rud_estado_averiado":0,"rud_estado_no_habitable":0,"rud_estado_habitable":0,"rud_estado_destruido":0,"rud_estado_no_informa":0,"rud_tenencia_propietario":0,"rud_tenencia_arrendatario":0,"rud_tenencia_ocupante":0,"rud_tenencia_poseedor":0,"rud_tenencia_no_informa":0,"rud_match_methods":"","rud_match_confidences":"","has_rud_match":false}},{"type":"Feature","geometry":{"type":"Point","coordinates":[-76.5528929,3.3892139]},"properties":{"place_id":"4bad4532-a90f-456e-9063-5d4ec95b29f5","place_report_count":1,"worst_collapse_type":"B","place_has_arcgis_id":false,"evaluation_count":0,"evaluation_ids_count":0,"barrio":"","nivel_dano_max":null,"severidad_max":null,"habitabilidad_codigos":"","recomendaciones":"","evaluaciones_adicionales":"","usos":"","sistema_estructural":"","material":"","epoca_construccion":"","estado_conservacion":"","calidad_diseno":"","ocupantes_max":null,"heridos_max":null,"muertos_max":null,"gps_accuracy_median":null,"rud_records":0,"rud_households":0,"rud_addresses":0,"rud_women":0,"rud_minors":0,"rud_older65":0,"rud_afro":0,"rud_indigenous":0,"rud_estado_averiado":0,"rud_estado_no_habitable":0,"rud_estado_habitable":0,"rud_estado_destruido":0,"rud_estado_no_informa":0,"rud_tenencia_propietario":0,"rud_tenencia_arrendatario":0,"rud_tenencia_ocupante":0,"rud_tenencia_poseedor":0,"rud_tenencia_no_informa":0,"rud_match_methods":"","rud_match_confidences":"","has_rud_match":false}},{"type":"Feature","geometry":{"type":"Point","coordinates":[-76.5533334741538,3.38931940287236]},"properties":{"place_id":"e128c45e-5a1b-48eb-808a-0db1be0b81bb","place_report_count":1,"worst_collapse_type":"B","place_has_arcgis_id":false,"evaluation_count":1,"evaluation_ids_count":1,"barrio":"Las farallones","nivel_dano_max":"alto","severidad_max":"medio_alto","habitabilidad_codigos":"i2","recomendaciones":"aislamiento, evacuar_parcial, monitoreo, restringir_peatones, seguimiento","evaluaciones_adicionales":"estructural","usos":"residencial","sistema_estructural":"muros_carga","material":"conc_prefab_mc","epoca_construccion":"1984_1997","estado_conservacion":"bueno","calidad_diseno":"bueno","ocupantes_max":65,"heridos_max":null,"muertos_max":null,"gps_accuracy_median":null,"rud_records":0,"rud_households":0,"rud_addresses":0,"rud_women":0,"rud_minors":0,"rud_older65":0,"rud_afro":0,"rud_indigenous":0,"rud_estado_averiado":0,"rud_estado_no_habitable":0,"rud_estado_habitable":0,"rud_estado_destruido":0,"rud_estado_no_informa":0,"rud_tenencia_propietario":0,"rud_tenencia_arrendatario":0,"rud_tenencia_ocupante":0,"rud_tenencia_poseedor":0,"rud_tenencia_no_informa":0,"rud_match_methods":"","rud_match_confidences":"","has_rud_match":false}},{"type":"Feature","geometry":{"type":"Point","coordinates":[-76.553795,3.38933833333333]},"properties":{"place_id":"a39544a4-d431-466f-8588-4ab63871d7aa","place_report_count":1,"worst_collapse_type":"B","place_has_arcgis_id":false,"evaluation_count":1,"evaluation_ids_count":1,"barrio":"Napoles","nivel_dano_max":"alto","severidad_max":"alto","habitabilidad_codigos":"i2","recomendaciones":"apuntalar, evacuar_total, monitoreo, restringir_peatones, restringir_vehiculos","evaluaciones_adicionales":"estructural, geotecnica","usos":"residencial","sistema_estructural":"muros_carga","material":"conc_prefab_mc","epoca_construccion":"1984_1997","estado_conservacion":"","calidad_diseno":"","ocupantes_max":60,"heridos_max":null,"muertos_max":null,"gps_accuracy_median":6.8,"rud_records":0,"rud_households":0,"rud_addresses":0,"rud_women":0,"rud_minors":0,"rud_older65":0,"rud_afro":0,"rud_indigenous":0,"rud_estado_averiado":0,"rud_estado_no_habitable":0,"rud_estado_habitable":0,"rud_estado_destruido":0,"rud_estado_no_informa":0,"rud_tenencia_propietario":0,"rud_tenencia_arrendatario":0,"rud_tenencia_ocupante":0,"rud_tenencia_poseedor":0,"rud_tenencia_no_informa":0,"rud_match_methods":"","rud_match_confidences":"","has_rud_match":false}},{"type":"Feature","geometry":{"type":"Point","coordinates":[-76.5530352,3.389339]},"properties":{"place_id":"7b1da15a-dac6-46ed-8d71-063d80240e45","place_report_count":2,"worst_collapse_type":"B","place_has_arcgis_id":false,"evaluation_count":0,"evaluation_ids_count":0,"barrio":"","nivel_dano_max":null,"severidad_max":null,"habitabilidad_codigos":"","recomendaciones":"","evaluaciones_adicionales":"","usos":"","sistema_estructural":"","material":"","epoca_construccion":"","estado_conservacion":"","calidad_diseno":"","ocupantes_max":null,"heridos_max":null,"muertos_max":null,"gps_accuracy_median":null,"rud_records":0,"rud_households":0,"rud_addresses":0,"rud_women":0,"rud_minors":0,"rud_older65":0,"rud_afro":0,"rud_indigenous":0,"rud_estado_averiado":0,"rud_estado_no_habitable":0,"rud_estado_habitable":0,"rud_estado_destruido":0,"rud_estado_no_informa":0,"rud_tenencia_propietario":0,"rud_tenencia_arrendatario":0,"rud_tenencia_ocupante":0,"rud_tenencia_poseedor":0,"rud_tenencia_no_informa":0,"rud_match_methods":"","rud_match_confidences":"","has_rud_match":false}},{"type":"Feature","geometry":{"type":"Point","coordinates":[-76.5530352,3.389339]},"properties":{"place_id":"9adafe01-38da-487a-9034-8868a01af6cb","place_report_count":1,"worst_collapse_type":"B","place_has_arcgis_id":false,"evaluation_count":0,"evaluation_ids_count":0,"barrio":"","nivel_dano_max":null,"severidad_max":null,"habitabilidad_codigos":"","recomendaciones":"","evaluaciones_adicionales":"","usos":"","sistema_estructural":"","material":"","epoca_construccion":"","estado_conservacion":"","calidad_diseno":"","ocupantes_max":null,"heridos_max":null,"muertos_max":null,"gps_accuracy_median":null,"rud_records":0,"rud_households":0,"rud_addresses":0,"rud_women":0,"rud_minors":0,"rud_older65":0,"rud_afro":0,"rud_indigenous":0,"rud_estado_averiado":0,"rud_estado_no_habitable":0,"rud_estado_habitable":0,"rud_estado_destruido":0,"rud_estado_no_informa":0,"rud_tenencia_propietario":0,"rud_tenencia_arrendatario":0,"rud_tenencia_ocupante":0,"rud_tenencia_poseedor":0,"rud_tenencia_no_informa":0,"rud_match_methods":"","rud_match_confidences":"","has_rud_match":false}},{"type":"Feature","geometry":{"type":"Point","coordinates":[-76.5476555,3.3893997]},"properties":{"place_id":"7bca5a66-a4c7-4a91-9ace-6c0cdfc003a8","place_report_count":0,"worst_collapse_type":null,"place_has_arcgis_id":false,"evaluation_count":1,"evaluation_ids_count":1,"barrio":"Alferes Real","nivel_dano_max":"alto","severidad_max":"alto","habitabilidad_codigos":"i2","recomendaciones":"","evaluaciones_adicionales":"","usos":"residencial","sistema_estructural":"","material":"","epoca_construccion":"antes_1984","estado_conservacion":"","calidad_diseno":"","ocupantes_max":45,"heridos_max":0,"muertos_max":0,"gps_accuracy_median":8.83,"rud_records":0,"rud_households":0,"rud_addresses":0,"rud_women":0,"rud_minors":0,"rud_older65":0,"rud_afro":0,"rud_indigenous":0,"rud_estado_averiado":0,"rud_estado_no_habitable":0,"rud_estado_habitable":0,"rud_estado_destruido":0,"rud_estado_no_informa":0,"rud_tenencia_propietario":0,"rud_tenencia_arrendatario":0,"rud_tenencia_ocupante":0,"rud_tenencia_poseedor":0,"rud_tenencia_no_informa":0,"rud_match_methods":"","rud_match_confidences":"","has_rud_match":false}},{"type":"Feature","geometry":{"type":"Point","coordinates":[-76.5473062,3.3894439]},"properties":{"place_id":"9a23430f-4031-4d69-83e1-9f922a5a229e","place_report_count":0,"worst_collapse_type":null,"place_has_arcgis_id":false,"evaluation_count":1,"evaluation_ids_count":1,"barrio":"Alferes Real","nivel_dano_max":"alto","severidad_max":"alto","habitabilidad_codigos":"i2","recomendaciones":"apuntalar, evacuar_total, evacuar_vecinas, monitoreo, restringir_peatones","evaluaciones_adicionales":"estructural","usos":"residencial","sistema_estructural":"muros_carga","material":"concreto_mc","epoca_construccion":"antes_1984","estado_conservacion":"malo","calidad_diseno":"regular","ocupantes_max":null,"heridos_max":0,"muertos_max":0,"gps_accuracy_median":9.25,"rud_records":0,"rud_households":0,"rud_addresses":0,"rud_women":0,"rud_minors":0,"rud_older65":0,"rud_afro":0,"rud_indigenous":0,"rud_estado_averiado":0,"rud_estado_no_habitable":0,"rud_estado_habitable":0,"rud_estado_destruido":0,"rud_estado_no_informa":0,"rud_tenencia_propietario":0,"rud_tenencia_arrendatario":0,"rud_tenencia_ocupante":0,"rud_tenencia_poseedor":0,"rud_tenencia_no_informa":0,"rud_match_methods":"","rud_match_confidences":"","has_rud_match":false}},{"type":"Feature","geometry":{"type":"Point","coordinates":[-76.547743,3.3895165]},"properties":{"place_id":"2690eeb8-4267-4b9e-9df2-538674965cea","place_report_count":0,"worst_collapse_type":null,"place_has_arcgis_id":false,"evaluation_count":1,"evaluation_ids_count":1,"barrio":"Alferes Real","nivel_dano_max":"alto","severidad_max":"alto","habitabilidad_codigos":"i2","recomendaciones":"","evaluaciones_adicionales":"","usos":"residencial","sistema_estructural":"muros_carga","material":"concreto_mc","epoca_construccion":"antes_1984","estado_conservacion":"","calidad_diseno":"","ocupantes_max":45,"heridos_max":0,"muertos_max":0,"gps_accuracy_median":9.94,"rud_records":0,"rud_households":0,"rud_addresses":0,"rud_women":0,"rud_minors":0,"rud_older65":0,"rud_afro":0,"rud_indigenous":0,"rud_estado_averiado":0,"rud_estado_no_habitable":0,"rud_estado_habitable":0,"rud_estado_destruido":0,"rud_estado_no_informa":0,"rud_tenencia_propietario":0,"rud_tenencia_arrendatario":0,"rud_tenencia_ocupante":0,"rud_tenencia_poseedor":0,"rud_tenencia_no_informa":0,"rud_match_methods":"","rud_match_confidences":"","has_rud_match":false}},{"type":"Feature","geometry":{"type":"Point","coordinates":[-76.55353243,3.38951966]},"properties":{"place_id":"b2e47083-70d0-4cf8-aa04-f14ead6f103e","place_report_count":1,"worst_collapse_type":"B","place_has_arcgis_id":false,"evaluation_count":1,"evaluation_ids_count":1,"barrio":"Napoles","nivel_dano_max":"alto","severidad_max":"alto","habitabilidad_codigos":"i2","recomendaciones":"evacuar_total","evaluaciones_adicionales":"","usos":"residencial","sistema_estructural":"muros_carga","material":"conc_prefab_mc","epoca_construccion":"desconocida","estado_conservacion":"malo","calidad_diseno":"malo","ocupantes_max":30,"heridos_max":0,"muertos_max":0,"gps_accuracy_median":3.79,"rud_records":0,"rud_households":0,"rud_addresses":0,"rud_women":0,"rud_minors":0,"rud_older65":0,"rud_afro":0,"rud_indigenous":0,"rud_estado_averiado":0,"rud_estado_no_habitable":0,"rud_estado_habitable":0,"rud_estado_destruido":0,"rud_estado_no_informa":0,"rud_tenencia_propietario":0,"rud_tenencia_arrendatario":0,"rud_tenencia_ocupante":0,"rud_tenencia_poseedor":0,"rud_tenencia_no_informa":0,"rud_match_methods":"","rud_match_confidences":"","has_rud_match":false}},{"type":"Feature","geometry":{"type":"Point","coordinates":[-76.5511433,3.38956]},"properties":{"place_id":"59da00f0-6f42-408a-916d-43003b036d94","place_report_count":0,"worst_collapse_type":"B","place_has_arcgis_id":false,"evaluation_count":1,"evaluation_ids_count":1,"barrio":"Alferes real","nivel_dano_max":"bajo","severidad_max":"bajo","habitabilidad_codigos":"i1","recomendaciones":"aislamiento, evacuar_parcial, seguimiento","evaluaciones_adicionales":"otra","usos":"residencial","sistema_estructural":"porticos","material":"conc_no_arr","epoca_construccion":"antes_1984","estado_conservacion":"bueno","calidad_diseno":"bueno","ocupantes_max":9,"heridos_max":1,"muertos_max":0,"gps_accuracy_median":1.3,"rud_records":1,"rud_households":1,"rud_addresses":1,"rud_women":1,"rud_minors":0,"rud_older65":0,"rud_afro":0,"rud_indigenous":0,"rud_estado_averiado":0,"rud_estado_no_habitable":1,"rud_estado_habitable":0,"rud_estado_destruido":0,"rud_estado_no_informa":0,"rud_tenencia_propietario":0,"rud_tenencia_arrendatario":1,"rud_tenencia_ocupante":0,"rud_tenencia_poseedor":0,"rud_tenencia_no_informa":0,"rud_match_methods":"direccion_normalizada","rud_match_confidences":"alta","has_rud_match":true}},{"type":"Feature","geometry":{"type":"Point","coordinates":[-76.5513517,3.3895667]},"properties":{"place_id":"4081a291-196b-4417-a06d-30b6f47a8f95","place_report_count":0,"worst_collapse_type":"B","place_has_arcgis_id":false,"evaluation_count":2,"evaluation_ids_count":2,"barrio":"Alferes real, alferes real","nivel_dano_max":"alto","severidad_max":"alto","habitabilidad_codigos":"i2","recomendaciones":"apuntalar, desconectar, evacuar_total, intervencion, monitoreo, restringir_peatones, restringir_vehiculos, seguimiento","evaluaciones_adicionales":"estructural","usos":"residencial","sistema_estructural":"porticos","material":"conc_no_arr","epoca_construccion":"1984_1997, 1998_2010","estado_conservacion":"bueno, malo","calidad_diseno":"malo, regular","ocupantes_max":170,"heridos_max":0,"muertos_max":1,"gps_accuracy_median":1.9,"rud_records":5,"rud_households":4,"rud_addresses":1,"rud_women":4,"rud_minors":0,"rud_older65":2,"rud_afro":0,"rud_indigenous":0,"rud_estado_averiado":3,"rud_estado_no_habitable":2,"rud_estado_habitable":0,"rud_estado_destruido":0,"rud_estado_no_informa":0,"rud_tenencia_propietario":2,"rud_tenencia_arrendatario":3,"rud_tenencia_ocupante":0,"rud_tenencia_poseedor":0,"rud_tenencia_no_informa":0,"rud_match_methods":"direccion_normalizada","rud_match_confidences":"alta","has_rud_match":true}},{"type":"Feature","geometry":{"type":"Point","coordinates":[-76.55340254,3.38960787]},"properties":{"place_id":"0926f0c1-1c9a-4d93-a478-62ca8a356fea","place_report_count":1,"worst_collapse_type":"B","place_has_arcgis_id":false,"evaluation_count":1,"evaluation_ids_count":1,"barrio":"Napoles","nivel_dano_max":"alto","severidad_max":"alto","habitabilidad_codigos":"i2","recomendaciones":"evacuar_total, evacuar_vecinas, intervencion, restringir_peatones","evaluaciones_adicionales":"estructural","usos":"residencial","sistema_estructural":"muros_carga","material":"concreto_mc","epoca_construccion":"1984_1997","estado_conservacion":"malo","calidad_diseno":"bueno","ocupantes_max":60,"heridos_max":null,"muertos_max":null,"gps_accuracy_median":9.94,"rud_records":0,"rud_households":0,"rud_addresses":0,"rud_women":0,"rud_minors":0,"rud_older65":0,"rud_afro":0,"rud_indigenous":0,"rud_estado_averiado":0,"rud_estado_no_habitable":0,"rud_estado_habitable":0,"rud_estado_destruido":0,"rud_estado_no_informa":0,"rud_tenencia_propietario":0,"rud_tenencia_arrendatario":0,"rud_tenencia_ocupante":0,"rud_tenencia_poseedor":0,"rud_tenencia_no_informa":0,"rud_match_methods":"","rud_match_confidences":"","has_rud_match":false}},{"type":"Feature","geometry":{"type":"Point","coordinates":[-76.5359424,3.3897615]},"properties":{"place_id":"2ce514dd-ab9e-4f6b-b48e-b01ac8d008eb","place_report_count":0,"worst_collapse_type":null,"place_has_arcgis_id":false,"evaluation_count":1,"evaluation_ids_count":1,"barrio":"Quintas de don Simon","nivel_dano_max":"medio","severidad_max":"medio_alto","habitabilidad_codigos":"r1","recomendaciones":"aislamiento, demoler, restringir_peatones","evaluaciones_adicionales":"otra","usos":"residencial","sistema_estructural":"muros_carga","material":"concreto_mc","epoca_construccion":"1984_1997","estado_conservacion":"bueno","calidad_diseno":"bueno","ocupantes_max":192,"heridos_max":0,"muertos_max":0,"gps_accuracy_median":null,"rud_records":86,"rud_households":37,"rud_addresses":8,"rud_women":48,"rud_minors":10,"rud_older65":24,"rud_afro":0,"rud_indigenous":0,"rud_estado_averiado":59,"rud_estado_no_habitable":27,"rud_estado_habitable":0,"rud_estado_destruido":0,"rud_estado_no_informa":0,"rud_tenencia_propietario":49,"rud_tenencia_arrendatario":37,"rud_tenencia_ocupante":0,"rud_tenencia_poseedor":0,"rud_tenencia_no_informa":0,"rud_match_methods":"direccion_normalizada, nomenclatura_sector","rud_match_confidences":"alta, media","has_rud_match":true}},{"type":"Feature","geometry":{"type":"Point","coordinates":[-76.5482743,3.3902551]},"properties":{"place_id":"adacec82-1c80-4b56-8044-a30b5da84417","place_report_count":0,"worst_collapse_type":null,"place_has_arcgis_id":false,"evaluation_count":1,"evaluation_ids_count":1,"barrio":"Eucaristico","nivel_dano_max":"alto","severidad_max":"medio_alto","habitabilidad_codigos":"i2","recomendaciones":"apuntalar, demoler, restringir_peatones, seguimiento","evaluaciones_adicionales":"estructural","usos":"institucional","sistema_estructural":"porticos","material":"conc_no_arr","epoca_construccion":"antes_1984","estado_conservacion":"regular","calidad_diseno":"","ocupantes_max":400,"heridos_max":null,"muertos_max":null,"gps_accuracy_median":9.94,"rud_records":0,"rud_households":0,"rud_addresses":0,"rud_women":0,"rud_minors":0,"rud_older65":0,"rud_afro":0,"rud_indigenous":0,"rud_estado_averiado":0,"rud_estado_no_habitable":0,"rud_estado_habitable":0,"rud_estado_destruido":0,"rud_estado_no_informa":0,"rud_tenencia_propietario":0,"rud_tenencia_arrendatario":0,"rud_tenencia_ocupante":0,"rud_tenencia_poseedor":0,"rud_tenencia_no_informa":0,"rud_match_methods":"","rud_match_confidences":"","has_rud_match":false}},{"type":"Feature","geometry":{"type":"Point","coordinates":[-76.5469388,3.3902816]},"properties":{"place_id":"38db08b0-1dc9-4e67-8815-fa5e2c923ab2","place_report_count":0,"worst_collapse_type":null,"place_has_arcgis_id":false,"evaluation_count":1,"evaluation_ids_count":1,"barrio":"ALFÉREZ REAL","nivel_dano_max":"sin_dano","severidad_max":"sin_dano","habitabilidad_codigos":"h","recomendaciones":"seguimiento","evaluaciones_adicionales":"otra","usos":"educativo, institucional","sistema_estructural":"porticos","material":"conc_no_arr","epoca_construccion":"despues_2010","estado_conservacion":"","calidad_diseno":"","ocupantes_max":800,"heridos_max":0,"muertos_max":0,"gps_accuracy_median":7.9,"rud_records":0,"rud_households":0,"rud_addresses":0,"rud_women":0,"rud_minors":0,"rud_older65":0,"rud_afro":0,"rud_indigenous":0,"rud_estado_averiado":0,"rud_estado_no_habitable":0,"rud_estado_habitable":0,"rud_estado_destruido":0,"rud_estado_no_informa":0,"rud_tenencia_propietario":0,"rud_tenencia_arrendatario":0,"rud_tenencia_ocupante":0,"rud_tenencia_poseedor":0,"rud_tenencia_no_informa":0,"rud_match_methods":"","rud_match_confidences":"","has_rud_match":false}},{"type":"Feature","geometry":{"type":"Point","coordinates":[-76.5468993,3.3903131]},"properties":{"place_id":"b6a53703-e828-46e3-84c2-a8c5ee393389","place_report_count":0,"worst_collapse_type":null,"place_has_arcgis_id":false,"evaluation_count":1,"evaluation_ids_count":1,"barrio":"Prados del sur","nivel_dano_max":"bajo","severidad_max":"bajo","habitabilidad_codigos":"h","recomendaciones":"apuntalar","evaluaciones_adicionales":"otra","usos":"educativo, institucional","sistema_estructural":"porticos","material":"conc_no_arr","epoca_construccion":"1998_2010","estado_conservacion":"bueno","calidad_diseno":"bueno","ocupantes_max":144,"heridos_max":0,"muertos_max":0,"gps_accuracy_median":8.91,"rud_records":0,"rud_households":0,"rud_addresses":0,"rud_women":0,"rud_minors":0,"rud_older65":0,"rud_afro":0,"rud_indigenous":0,"rud_estado_averiado":0,"rud_estado_no_habitable":0,"rud_estado_habitable":0,"rud_estado_destruido":0,"rud_estado_no_informa":0,"rud_tenencia_propietario":0,"rud_tenencia_arrendatario":0,"rud_tenencia_ocupante":0,"rud_tenencia_poseedor":0,"rud_tenencia_no_informa":0,"rud_match_methods":"","rud_match_confidences":"","has_rud_match":false}},{"type":"Feature","geometry":{"type":"Point","coordinates":[-76.5445386,3.3904738]},"properties":{"place_id":"25e70386-c317-4c59-89e6-faac13f0bdc7","place_report_count":0,"worst_collapse_type":null,"place_has_arcgis_id":false,"evaluation_count":1,"evaluation_ids_count":1,"barrio":"CAPRI","nivel_dano_max":"alto","severidad_max":"medio_alto","habitabilidad_codigos":"i2","recomendaciones":"apuntalar, demoler, desconectar, evacuar_parcial, evacuar_total, intervencion, monitoreo, restringir_peatones, restringir_vehiculos, seguimiento, vigilancia","evaluaciones_adicionales":"estructural","usos":"comercial, residencial","sistema_estructural":"porticos","material":"conc_no_arr","epoca_construccion":"1984_1997","estado_conservacion":"regular","calidad_diseno":"regular","ocupantes_max":200,"heridos_max":0,"muertos_max":0,"gps_accuracy_median":null,"rud_records":0,"rud_households":0,"rud_addresses":0,"rud_women":0,"rud_minors":0,"rud_older65":0,"rud_afro":0,"rud_indigenous":0,"rud_estado_averiado":0,"rud_estado_no_habitable":0,"rud_estado_habitable":0,"rud_estado_destruido":0,"rud_estado_no_informa":0,"rud_tenencia_propietario":0,"rud_tenencia_arrendatario":0,"rud_tenencia_ocupante":0,"rud_tenencia_poseedor":0,"rud_tenencia_no_informa":0,"rud_match_methods":"","rud_match_confidences":"","has_rud_match":false}},{"type":"Feature","geometry":{"type":"Point","coordinates":[-76.5462449,3.3908781]},"properties":{"place_id":"95aec0a9-416d-4bd3-bd36-cc8bc6e2ddf2","place_report_count":0,"worst_collapse_type":null,"place_has_arcgis_id":false,"evaluation_count":1,"evaluation_ids_count":1,"barrio":"Alferes Real","nivel_dano_max":"alto","severidad_max":"medio_alto","habitabilidad_codigos":"i2","recomendaciones":"aislamiento, apuntalar, demoler, evacuar_parcial, monitoreo, restringir_peatones, seguimiento, vigilancia","evaluaciones_adicionales":"","usos":"residencial","sistema_estructural":"muros_carga","material":"concreto_mc","epoca_construccion":"1998_2010","estado_conservacion":"bueno","calidad_diseno":"bueno","ocupantes_max":1000,"heridos_max":0,"muertos_max":0,"gps_accuracy_median":2.0,"rud_records":0,"rud_households":0,"rud_addresses":0,"rud_women":0,"rud_minors":0,"rud_older65":0,"rud_afro":0,"rud_indigenous":0,"rud_estado_averiado":0,"rud_estado_no_habitable":0,"rud_estado_habitable":0,"rud_estado_destruido":0,"rud_estado_no_informa":0,"rud_tenencia_propietario":0,"rud_tenencia_arrendatario":0,"rud_tenencia_ocupante":0,"rud_tenencia_poseedor":0,"rud_tenencia_no_informa":0,"rud_match_methods":"","rud_match_confidences":"","has_rud_match":false}},{"type":"Feature","geometry":{"type":"Point","coordinates":[-76.5573329,3.3909305]},"properties":{"place_id":"a78d351e-ebe9-4e28-a68c-48cb0843bc16","place_report_count":0,"worst_collapse_type":null,"place_has_arcgis_id":false,"evaluation_count":1,"evaluation_ids_count":1,"barrio":"Prados del Sur","nivel_dano_max":"bajo","severidad_max":"bajo","habitabilidad_codigos":"h","recomendaciones":"","evaluaciones_adicionales":"","usos":"educativo","sistema_estructural":"dual","material":"conc_mamposteria","epoca_construccion":"antes_1984","estado_conservacion":"bueno","calidad_diseno":"bueno","ocupantes_max":450,"heridos_max":0,"muertos_max":0,"gps_accuracy_median":null,"rud_records":0,"rud_households":0,"rud_addresses":0,"rud_women":0,"rud_minors":0,"rud_older65":0,"rud_afro":0,"rud_indigenous":0,"rud_estado_averiado":0,"rud_estado_no_habitable":0,"rud_estado_habitable":0,"rud_estado_destruido":0,"rud_estado_no_informa":0,"rud_tenencia_propietario":0,"rud_tenencia_arrendatario":0,"rud_tenencia_ocupante":0,"rud_tenencia_poseedor":0,"rud_tenencia_no_informa":0,"rud_match_methods":"","rud_match_confidences":"","has_rud_match":false}},{"type":"Feature","geometry":{"type":"Point","coordinates":[-76.5460794,3.3911107]},"properties":{"place_id":"1ed114bb-e4be-4c3f-bccb-11199b7e3abc","place_report_count":0,"worst_collapse_type":null,"place_has_arcgis_id":false,"evaluation_count":1,"evaluation_ids_count":1,"barrio":"Alferes Real","nivel_dano_max":"alto","severidad_max":"alto","habitabilidad_codigos":"i2","recomendaciones":"aislamiento, apuntalar, demoler, desconectar, evacuar_total, evacuar_vecinas, intervencion, monitoreo, restringir_peatones, restringir_vehiculos, seguimiento, vigilancia","evaluaciones_adicionales":"estructural, geotecnica","usos":"residencial","sistema_estructural":"otro","material":"losa_columna","epoca_construccion":"1998_2010","estado_conservacion":"bueno","calidad_diseno":"bueno","ocupantes_max":1000,"heridos_max":0,"muertos_max":0,"gps_accuracy_median":7.5,"rud_records":0,"rud_households":0,"rud_addresses":0,"rud_women":0,"rud_minors":0,"rud_older65":0,"rud_afro":0,"rud_indigenous":0,"rud_estado_averiado":0,"rud_estado_no_habitable":0,"rud_estado_habitable":0,"rud_estado_destruido":0,"rud_estado_no_informa":0,"rud_tenencia_propietario":0,"rud_tenencia_arrendatario":0,"rud_tenencia_ocupante":0,"rud_tenencia_poseedor":0,"rud_tenencia_no_informa":0,"rud_match_methods":"","rud_match_confidences":"","has_rud_match":false}},{"type":"Feature","geometry":{"type":"Point","coordinates":[-76.5442581,3.3914162]},"properties":{"place_id":"140880df-f5f9-4dd8-9d4a-c0c8dfeb1e14","place_report_count":0,"worst_collapse_type":null,"place_has_arcgis_id":false,"evaluation_count":1,"evaluation_ids_count":1,"barrio":"CAPRI","nivel_dano_max":"alto","severidad_max":"alto","habitabilidad_codigos":"i2","recomendaciones":"apuntalar, demoler, desconectar, evacuar_parcial, evacuar_total, intervencion, monitoreo, restringir_peatones, restringir_vehiculos, seguimiento, vigilancia","evaluaciones_adicionales":"estructural","usos":"comercial, residencial","sistema_estructural":"porticos","material":"conc_no_arr","epoca_construccion":"1984_1997","estado_conservacion":"regular","calidad_diseno":"regular","ocupantes_max":120,"heridos_max":1,"muertos_max":0,"gps_accuracy_median":null,"rud_records":11,"rud_households":6,"rud_addresses":1,"rud_women":5,"rud_minors":0,"rud_older65":3,"rud_afro":0,"rud_indigenous":0,"rud_estado_averiado":0,"rud_estado_no_habitable":6,"rud_estado_habitable":0,"rud_estado_destruido":5,"rud_estado_no_informa":0,"rud_tenencia_propietario":9,"rud_tenencia_arrendatario":2,"rud_tenencia_ocupante":0,"rud_tenencia_poseedor":0,"rud_tenencia_no_informa":0,"rud_match_methods":"direccion_normalizada","rud_match_confidences":"alta","has_rud_match":true}},{"type":"Feature","geometry":{"type":"Point","coordinates":[-76.5524384,3.3916961]},"properties":{"place_id":"b41f14a1-8d5c-4a45-a2d0-365ff5398f4d","place_report_count":0,"worst_collapse_type":null,"place_has_arcgis_id":false,"evaluation_count":1,"evaluation_ids_count":1,"barrio":"Farallones","nivel_dano_max":"bajo","severidad_max":"bajo","habitabilidad_codigos":"h","recomendaciones":"monitoreo, restringir_vehiculos, seguimiento","evaluaciones_adicionales":"otra","usos":"residencial","sistema_estructural":"muros_carga","material":"mamp_confinada","epoca_construccion":"desconocida","estado_conservacion":"bueno","calidad_diseno":"bueno","ocupantes_max":4,"heridos_max":0,"muertos_max":0,"gps_accuracy_median":3.79,"rud_records":0,"rud_households":0,"rud_addresses":0,"rud_women":0,"rud_minors":0,"rud_older65":0,"rud_afro":0,"rud_indigenous":0,"rud_estado_averiado":0,"rud_estado_no_habitable":0,"rud_estado_habitable":0,"rud_estado_destruido":0,"rud_estado_no_informa":0,"rud_tenencia_propietario":0,"rud_tenencia_arrendatario":0,"rud_tenencia_ocupante":0,"rud_tenencia_poseedor":0,"rud_tenencia_no_informa":0,"rud_match_methods":"","rud_match_confidences":"","has_rud_match":false}},{"type":"Feature","geometry":{"type":"Point","coordinates":[-76.5522917,3.3918783]},"properties":{"place_id":"5b951be7-7add-48b4-bd72-02a4e453f364","place_report_count":0,"worst_collapse_type":null,"place_has_arcgis_id":false,"evaluation_count":1,"evaluation_ids_count":1,"barrio":"Farallones","nivel_dano_max":"alto","severidad_max":"alto","habitabilidad_codigos":"i2","recomendaciones":"apuntalar, demoler, desconectar, evacuar_total, intervencion, monitoreo, restringir_peatones, restringir_vehiculos","evaluaciones_adicionales":"estructural","usos":"residencial","sistema_estructural":"porticos","material":"conc_no_arr","epoca_construccion":"1984_1997","estado_conservacion":"regular","calidad_diseno":"regular","ocupantes_max":40,"heridos_max":0,"muertos_max":0,"gps_accuracy_median":5.4,"rud_records":0,"rud_households":0,"rud_addresses":0,"rud_women":0,"rud_minors":0,"rud_older65":0,"rud_afro":0,"rud_indigenous":0,"rud_estado_averiado":0,"rud_estado_no_habitable":0,"rud_estado_habitable":0,"rud_estado_destruido":0,"rud_estado_no_informa":0,"rud_tenencia_propietario":0,"rud_tenencia_arrendatario":0,"rud_tenencia_ocupante":0,"rud_tenencia_poseedor":0,"rud_tenencia_no_informa":0,"rud_match_methods":"","rud_match_confidences":"","has_rud_match":false}},{"type":"Feature","geometry":{"type":"Point","coordinates":[-76.5575174,3.3919672]},"properties":{"place_id":"69ed123f-d802-4b32-bdb5-fb3e8ee959d6","place_report_count":0,"worst_collapse_type":null,"place_has_arcgis_id":false,"evaluation_count":1,"evaluation_ids_count":1,"barrio":"LOURDES","nivel_dano_max":"sin_dano","severidad_max":"sin_dano","habitabilidad_codigos":"h","recomendaciones":"","evaluaciones_adicionales":"","usos":"educativo, institucional","sistema_estructural":"porticos","material":"conc_no_arr","epoca_construccion":"1984_1997","estado_conservacion":"bueno","calidad_diseno":"bueno","ocupantes_max":400,"heridos_max":null,"muertos_max":null,"gps_accuracy_median":14.73,"rud_records":0,"rud_households":0,"rud_addresses":0,"rud_women":0,"rud_minors":0,"rud_older65":0,"rud_afro":0,"rud_indigenous":0,"rud_estado_averiado":0,"rud_estado_no_habitable":0,"rud_estado_habitable":0,"rud_estado_destruido":0,"rud_estado_no_informa":0,"rud_tenencia_propietario":0,"rud_tenencia_arrendatario":0,"rud_tenencia_ocupante":0,"rud_tenencia_poseedor":0,"rud_tenencia_no_informa":0,"rud_match_methods":"","rud_match_confidences":"","has_rud_match":false}},{"type":"Feature","geometry":{"type":"Point","coordinates":[-76.5419035,3.3921435]},"properties":{"place_id":"850a9851-1741-4902-9f91-83eb66756ab2","place_report_count":0,"worst_collapse_type":null,"place_has_arcgis_id":false,"evaluation_count":1,"evaluation_ids_count":1,"barrio":"CIUDAD JARDÍN","nivel_dano_max":"bajo","severidad_max":"alto","habitabilidad_codigos":"r1","recomendaciones":"demoler, evacuar_parcial","evaluaciones_adicionales":"","usos":"residencial","sistema_estructural":"muros_carga","material":"mamp_confinada","epoca_construccion":"antes_1984","estado_conservacion":"bueno","calidad_diseno":"bueno","ocupantes_max":210,"heridos_max":0,"muertos_max":0,"gps_accuracy_median":14.25,"rud_records":0,"rud_households":0,"rud_addresses":0,"rud_women":0,"rud_minors":0,"rud_older65":0,"rud_afro":0,"rud_indigenous":0,"rud_estado_averiado":0,"rud_estado_no_habitable":0,"rud_estado_habitable":0,"rud_estado_destruido":0,"rud_estado_no_informa":0,"rud_tenencia_propietario":0,"rud_tenencia_arrendatario":0,"rud_tenencia_ocupante":0,"rud_tenencia_poseedor":0,"rud_tenencia_no_informa":0,"rud_match_methods":"","rud_match_confidences":"","has_rud_match":false}},{"type":"Feature","geometry":{"type":"Point","coordinates":[-76.5335775,3.3924782]},"properties":{"place_id":"031ff166-f438-45af-bd46-892799570dd5","place_report_count":1,"worst_collapse_type":"B","place_has_arcgis_id":false,"evaluation_count":1,"evaluation_ids_count":1,"barrio":"Quintas de don Simon","nivel_dano_max":"alto","severidad_max":"medio_alto","habitabilidad_codigos":"i2","recomendaciones":"aislamiento, demoler, evacuar_total","evaluaciones_adicionales":"estructural","usos":"residencial","sistema_estructural":"muros_carga","material":"concreto_mc","epoca_construccion":"1984_1997","estado_conservacion":"bueno","calidad_diseno":"bueno","ocupantes_max":384,"heridos_max":2,"muertos_max":0,"gps_accuracy_median":null,"rud_records":94,"rud_households":37,"rud_addresses":26,"rud_women":56,"rud_minors":9,"rud_older65":24,"rud_afro":2,"rud_indigenous":0,"rud_estado_averiado":5,"rud_estado_no_habitable":89,"rud_estado_habitable":0,"rud_estado_destruido":0,"rud_estado_no_informa":0,"rud_tenencia_propietario":73,"rud_tenencia_arrendatario":14,"rud_tenencia_ocupante":0,"rud_tenencia_poseedor":5,"rud_tenencia_no_informa":2,"rud_match_methods":"direccion_normalizada, nomenclatura_sector","rud_match_confidences":"alta, media","has_rud_match":true}},{"type":"Feature","geometry":{"type":"Point","coordinates":[-76.5429383,3.39256]},"properties":{"place_id":"602f90f6-f32a-4c26-9676-4767a3d7da08","place_report_count":0,"worst_collapse_type":"B","place_has_arcgis_id":false,"evaluation_count":1,"evaluation_ids_count":1,"barrio":"Limonar","nivel_dano_max":"alto","severidad_max":"alto","habitabilidad_codigos":"i2","recomendaciones":"desconectar, intervencion, restringir_peatones, restringir_vehiculos, vigilancia","evaluaciones_adicionales":"","usos":"residencial","sistema_estructural":"porticos","material":"conc_no_arr","epoca_construccion":"antes_1984","estado_conservacion":"malo","calidad_diseno":"malo","ocupantes_max":75,"heridos_max":30,"muertos_max":28,"gps_accuracy_median":5.3,"rud_records":0,"rud_households":0,"rud_addresses":0,"rud_women":0,"rud_minors":0,"rud_older65":0,"rud_afro":0,"rud_indigenous":0,"rud_estado_averiado":0,"rud_estado_no_habitable":0,"rud_estado_habitable":0,"rud_estado_destruido":0,"rud_estado_no_informa":0,"rud_tenencia_propietario":0,"rud_tenencia_arrendatario":0,"rud_tenencia_ocupante":0,"rud_tenencia_poseedor":0,"rud_tenencia_no_informa":0,"rud_match_methods":"","rud_match_confidences":"","has_rud_match":false}},{"type":"Feature","geometry":{"type":"Point","coordinates":[-76.5437713,3.3925693]},"properties":{"place_id":"fd2c8bf0-e0fb-4983-af66-d9ad9ab0f7e5","place_report_count":0,"worst_collapse_type":null,"place_has_arcgis_id":true,"evaluation_count":2,"evaluation_ids_count":2,"barrio":"Capri, Ciudad Capri","nivel_dano_max":"alto","severidad_max":"alto","habitabilidad_codigos":"h, i2","recomendaciones":"aislamiento, monitoreo, seguimiento, vigilancia","evaluaciones_adicionales":"estructural, geotecnica","usos":"residencial","sistema_estructural":"dual, porticos","material":"conc_mamposteria, conc_no_arr","epoca_construccion":"1984_1997","estado_conservacion":"bueno, malo","calidad_diseno":"bueno","ocupantes_max":72,"heridos_max":0,"muertos_max":0,"gps_accuracy_median":4.96,"rud_records":7,"rud_households":3,"rud_addresses":3,"rud_women":3,"rud_minors":0,"rud_older65":2,"rud_afro":0,"rud_indigenous":0,"rud_estado_averiado":1,"rud_estado_no_habitable":6,"rud_estado_habitable":0,"rud_estado_destruido":0,"rud_estado_no_informa":0,"rud_tenencia_propietario":3,"rud_tenencia_arrendatario":4,"rud_tenencia_ocupante":0,"rud_tenencia_poseedor":0,"rud_tenencia_no_informa":0,"rud_match_methods":"direccion_normalizada, nomenclatura_sector","rud_match_confidences":"alta, media","has_rud_match":true}},{"type":"Feature","geometry":{"type":"Point","coordinates":[-76.5405283,3.392575]},"properties":{"place_id":"35b9560f-ab7f-4bcf-980f-573046832f32","place_report_count":0,"worst_collapse_type":"A","place_has_arcgis_id":false,"evaluation_count":1,"evaluation_ids_count":1,"barrio":"Capri","nivel_dano_max":"sin_dano","severidad_max":"sin_dano","habitabilidad_codigos":"h","recomendaciones":"","evaluaciones_adicionales":"","usos":"comercial, residencial","sistema_estructural":"dual","material":"conc_mamposteria","epoca_construccion":"1984_1997","estado_conservacion":"bueno","calidad_diseno":"bueno","ocupantes_max":3,"heridos_max":0,"muertos_max":0,"gps_accuracy_median":2.0,"rud_records":0,"rud_households":0,"rud_addresses":0,"rud_women":0,"rud_minors":0,"rud_older65":0,"rud_afro":0,"rud_indigenous":0,"rud_estado_averiado":0,"rud_estado_no_habitable":0,"rud_estado_habitable":0,"rud_estado_destruido":0,"rud_estado_no_informa":0,"rud_tenencia_propietario":0,"rud_tenencia_arrendatario":0,"rud_tenencia_ocupante":0,"rud_tenencia_poseedor":0,"rud_tenencia_no_informa":0,"rud_match_methods":"","rud_match_confidences":"","has_rud_match":false}},{"type":"Feature","geometry":{"type":"Point","coordinates":[-76.549234,3.3928706]},"properties":{"place_id":"0980028d-eae1-4710-9d7a-a1b74692960e","place_report_count":0,"worst_collapse_type":null,"place_has_arcgis_id":false,"evaluation_count":1,"evaluation_ids_count":1,"barrio":"Buenos Aires","nivel_dano_max":"bajo","severidad_max":"bajo","habitabilidad_codigos":"h","recomendaciones":"seguimiento","evaluaciones_adicionales":"otra","usos":"residencial","sistema_estructural":"dual","material":"conc_mamposteria","epoca_construccion":"despues_2010","estado_conservacion":"bueno","calidad_diseno":"bueno","ocupantes_max":8,"heridos_max":0,"muertos_max":0,"gps_accuracy_median":3.8,"rud_records":0,"rud_households":0,"rud_addresses":0,"rud_women":0,"rud_minors":0,"rud_older65":0,"rud_afro":0,"rud_indigenous":0,"rud_estado_averiado":0,"rud_estado_no_habitable":0,"rud_estado_habitable":0,"rud_estado_destruido":0,"rud_estado_no_informa":0,"rud_tenencia_propietario":0,"rud_tenencia_arrendatario":0,"rud_tenencia_ocupante":0,"rud_tenencia_poseedor":0,"rud_tenencia_no_informa":0,"rud_match_methods":"","rud_match_confidences":"","has_rud_match":false}},{"type":"Feature","geometry":{"type":"Point","coordinates":[-76.549265,3.3929233]},"properties":{"place_id":"c1e316df-7667-4e9d-9fc9-bdd4ff1c13d3","place_report_count":0,"worst_collapse_type":null,"place_has_arcgis_id":false,"evaluation_count":1,"evaluation_ids_count":1,"barrio":"Buenos aires","nivel_dano_max":"bajo","severidad_max":"bajo","habitabilidad_codigos":"i1","recomendaciones":"evacuar_parcial, restringir_vehiculos, seguimiento","evaluaciones_adicionales":"estructural","usos":"residencial","sistema_estructural":"porticos","material":"conc_arr","epoca_construccion":"1984_1997","estado_conservacion":"bueno","calidad_diseno":"bueno","ocupantes_max":4,"heridos_max":0,"muertos_max":0,"gps_accuracy_median":1.2,"rud_records":2,"rud_households":1,"rud_addresses":1,"rud_women":1,"rud_minors":0,"rud_older65":2,"rud_afro":0,"rud_indigenous":0,"rud_estado_averiado":0,"rud_estado_no_habitable":2,"rud_estado_habitable":0,"rud_estado_destruido":0,"rud_estado_no_informa":0,"rud_tenencia_propietario":2,"rud_tenencia_arrendatario":0,"rud_tenencia_ocupante":0,"rud_tenencia_poseedor":0,"rud_tenencia_no_informa":0,"rud_match_methods":"direccion_normalizada","rud_match_confidences":"alta","has_rud_match":true}},{"type":"Feature","geometry":{"type":"Point","coordinates":[-76.5540272,3.3933285]},"properties":{"place_id":"8047070d-9319-4476-b11f-7eefe5ff140b","place_report_count":0,"worst_collapse_type":null,"place_has_arcgis_id":true,"evaluation_count":2,"evaluation_ids_count":2,"barrio":"Altos de santa elena","nivel_dano_max":"bajo","severidad_max":"bajo","habitabilidad_codigos":"h","recomendaciones":"","evaluaciones_adicionales":"","usos":"residencial","sistema_estructural":"muros_carga","material":"mamp_reforzada","epoca_construccion":"despues_2010","estado_conservacion":"bueno","calidad_diseno":"bueno","ocupantes_max":60,"heridos_max":0,"muertos_max":0,"gps_accuracy_median":3.79,"rud_records":0,"rud_households":0,"rud_addresses":0,"rud_women":0,"rud_minors":0,"rud_older65":0,"rud_afro":0,"rud_indigenous":0,"rud_estado_averiado":0,"rud_estado_no_habitable":0,"rud_estado_habitable":0,"rud_estado_destruido":0,"rud_estado_no_informa":0,"rud_tenencia_propietario":0,"rud_tenencia_arrendatario":0,"rud_tenencia_ocupante":0,"rud_tenencia_poseedor":0,"rud_tenencia_no_informa":0,"rud_match_methods":"","rud_match_confidences":"","has_rud_match":false}},{"type":"Feature","geometry":{"type":"Point","coordinates":[-76.5435341,3.3933873]},"properties":{"place_id":"781b8727-5eda-4f31-979b-8697f06a7654","place_report_count":0,"worst_collapse_type":null,"place_has_arcgis_id":false,"evaluation_count":2,"evaluation_ids_count":2,"barrio":"Capri, Ciudad Capri","nivel_dano_max":"alto","severidad_max":"alto","habitabilidad_codigos":"i2","recomendaciones":"evacuar_total, monitoreo, restringir_peatones, seguimiento, vigilancia","evaluaciones_adicionales":"estructural","usos":"comercial, residencial","sistema_estructural":"muros_carga, porticos","material":"conc_no_arr, mamp_confinada","epoca_construccion":"antes_1984","estado_conservacion":"bueno, malo","calidad_diseno":"bueno, regular","ocupantes_max":60,"heridos_max":0,"muertos_max":0,"gps_accuracy_median":2.0,"rud_records":24,"rud_households":9,"rud_addresses":4,"rud_women":15,"rud_minors":5,"rud_older65":9,"rud_afro":1,"rud_indigenous":0,"rud_estado_averiado":1,"rud_estado_no_habitable":23,"rud_estado_habitable":0,"rud_estado_destruido":0,"rud_estado_no_informa":0,"rud_tenencia_propietario":13,"rud_tenencia_arrendatario":11,"rud_tenencia_ocupante":0,"rud_tenencia_poseedor":0,"rud_tenencia_no_informa":0,"rud_match_methods":"direccion_normalizada, nomenclatura_sector","rud_match_confidences":"alta, media","has_rud_match":true}},{"type":"Feature","geometry":{"type":"Point","coordinates":[-76.543527,3.3934326]},"properties":{"place_id":"1cfa206e-6ffe-4015-a7db-e3ee7972ba07","place_report_count":0,"worst_collapse_type":null,"place_has_arcgis_id":false,"evaluation_count":1,"evaluation_ids_count":1,"barrio":"Capri","nivel_dano_max":"bajo","severidad_max":"medio","habitabilidad_codigos":"r1","recomendaciones":"apuntalar, evacuar_parcial, monitoreo, restringir_peatones, seguimiento, vigilancia","evaluaciones_adicionales":"estructural, otra","usos":"residencial","sistema_estructural":"no_claro","material":"mat_no_claro","epoca_construccion":"antes_1984","estado_conservacion":"regular","calidad_diseno":"bueno","ocupantes_max":90,"heridos_max":0,"muertos_max":0,"gps_accuracy_median":null,"rud_records":0,"rud_households":0,"rud_addresses":0,"rud_women":0,"rud_minors":0,"rud_older65":0,"rud_afro":0,"rud_indigenous":0,"rud_estado_averiado":0,"rud_estado_no_habitable":0,"rud_estado_habitable":0,"rud_estado_destruido":0,"rud_estado_no_informa":0,"rud_tenencia_propietario":0,"rud_tenencia_arrendatario":0,"rud_tenencia_ocupante":0,"rud_tenencia_poseedor":0,"rud_tenencia_no_informa":0,"rud_match_methods":"","rud_match_confidences":"","has_rud_match":false}},{"type":"Feature","geometry":{"type":"Point","coordinates":[-76.5438697,3.3935947]},"properties":{"place_id":"31e6cf20-a8f6-447b-b017-2627834d7b63","place_report_count":0,"worst_collapse_type":null,"place_has_arcgis_id":false,"evaluation_count":1,"evaluation_ids_count":1,"barrio":"Nuevo rey","nivel_dano_max":"bajo","severidad_max":"medio","habitabilidad_codigos":"r1","recomendaciones":"monitoreo, restringir_peatones, seguimiento","evaluaciones_adicionales":"","usos":"residencial","sistema_estructural":"muros_carga","material":"mamp_confinada","epoca_construccion":"1984_1997","estado_conservacion":"bueno","calidad_diseno":"bueno","ocupantes_max":20,"heridos_max":0,"muertos_max":0,"gps_accuracy_median":6.0,"rud_records":0,"rud_households":0,"rud_addresses":0,"rud_women":0,"rud_minors":0,"rud_older65":0,"rud_afro":0,"rud_indigenous":0,"rud_estado_averiado":0,"rud_estado_no_habitable":0,"rud_estado_habitable":0,"rud_estado_destruido":0,"rud_estado_no_informa":0,"rud_tenencia_propietario":0,"rud_tenencia_arrendatario":0,"rud_tenencia_ocupante":0,"rud_tenencia_poseedor":0,"rud_tenencia_no_informa":0,"rud_match_methods":"","rud_match_confidences":"","has_rud_match":false}},{"type":"Feature","geometry":{"type":"Point","coordinates":[-76.5494848,3.3943576]},"properties":{"place_id":"2178217a-9d41-47ca-a8fc-142af8a534bb","place_report_count":0,"worst_collapse_type":null,"place_has_arcgis_id":false,"evaluation_count":1,"evaluation_ids_count":1,"barrio":"Caldas","nivel_dano_max":"bajo","severidad_max":"bajo","habitabilidad_codigos":"h","recomendaciones":"seguimiento","evaluaciones_adicionales":"otra","usos":"residencial","sistema_estructural":"muros_carga","material":"mamp_simple","epoca_construccion":"antes_1984","estado_conservacion":"bueno","calidad_diseno":"regular","ocupantes_max":8,"heridos_max":null,"muertos_max":null,"gps_accuracy_median":3.79,"rud_records":0,"rud_households":0,"rud_addresses":0,"rud_women":0,"rud_minors":0,"rud_older65":0,"rud_afro":0,"rud_indigenous":0,"rud_estado_averiado":0,"rud_estado_no_habitable":0,"rud_estado_habitable":0,"rud_estado_destruido":0,"rud_estado_no_informa":0,"rud_tenencia_propietario":0,"rud_tenencia_arrendatario":0,"rud_tenencia_ocupante":0,"rud_tenencia_poseedor":0,"rud_tenencia_no_informa":0,"rud_match_methods":"","rud_match_confidences":"","has_rud_match":false}},{"type":"Feature","geometry":{"type":"Point","coordinates":[-76.5374725,3.3946283]},"properties":{"place_id":"11a873d3-d01c-49d6-a202-fdb0e7d42038","place_report_count":0,"worst_collapse_type":"B","place_has_arcgis_id":true,"evaluation_count":1,"evaluation_ids_count":1,"barrio":"Limonar","nivel_dano_max":"medio","severidad_max":"medio_alto","habitabilidad_codigos":"r1","recomendaciones":"demoler, evacuar_parcial, restringir_peatones","evaluaciones_adicionales":"otra","usos":"residencial","sistema_estructural":"dual","material":"conc_mamposteria","epoca_construccion":"1998_2010","estado_conservacion":"bueno","calidad_diseno":"bueno","ocupantes_max":100,"heridos_max":null,"muertos_max":null,"gps_accuracy_median":null,"rud_records":0,"rud_households":0,"rud_addresses":0,"rud_women":0,"rud_minors":0,"rud_older65":0,"rud_afro":0,"rud_indigenous":0,"rud_estado_averiado":0,"rud_estado_no_habitable":0,"rud_estado_habitable":0,"rud_estado_destruido":0,"rud_estado_no_informa":0,"rud_tenencia_propietario":0,"rud_tenencia_arrendatario":0,"rud_tenencia_ocupante":0,"rud_tenencia_poseedor":0,"rud_tenencia_no_informa":0,"rud_match_methods":"","rud_match_confidences":"","has_rud_match":false}},{"type":"Feature","geometry":{"type":"Point","coordinates":[-76.551597,3.394886]},"properties":{"place_id":"f7828a70-6005-4174-9316-726ed98e23fb","place_report_count":1,"worst_collapse_type":"B","place_has_arcgis_id":false,"evaluation_count":1,"evaluation_ids_count":1,"barrio":"Caldas","nivel_dano_max":"alto","severidad_max":"alto","habitabilidad_codigos":"i2","recomendaciones":"apuntalar, demoler, evacuar_total, monitoreo, restringir_peatones, vigilancia","evaluaciones_adicionales":"estructural","usos":"residencial","sistema_estructural":"dual","material":"acero_dual","epoca_construccion":"1998_2010","estado_conservacion":"regular","calidad_diseno":"malo","ocupantes_max":30,"heridos_max":null,"muertos_max":null,"gps_accuracy_median":8.1,"rud_records":0,"rud_households":0,"rud_addresses":0,"rud_women":0,"rud_minors":0,"rud_older65":0,"rud_afro":0,"rud_indigenous":0,"rud_estado_averiado":0,"rud_estado_no_habitable":0,"rud_estado_habitable":0,"rud_estado_destruido":0,"rud_estado_no_informa":0,"rud_tenencia_propietario":0,"rud_tenencia_arrendatario":0,"rud_tenencia_ocupante":0,"rud_tenencia_poseedor":0,"rud_tenencia_no_informa":0,"rud_match_methods":"","rud_match_confidences":"","has_rud_match":false}},{"type":"Feature","geometry":{"type":"Point","coordinates":[-76.5452477,3.3951739]},"properties":{"place_id":"37485eb1-5a30-4dbd-be63-cdba2ddae275","place_report_count":0,"worst_collapse_type":null,"place_has_arcgis_id":false,"evaluation_count":1,"evaluation_ids_count":1,"barrio":"Limonar","nivel_dano_max":"bajo","severidad_max":"bajo","habitabilidad_codigos":"r1","recomendaciones":"apuntalar, demoler, restringir_peatones, seguimiento","evaluaciones_adicionales":"estructural","usos":"comercial","sistema_estructural":"dual","material":"concreto_dual","epoca_construccion":"1998_2010","estado_conservacion":"bueno","calidad_diseno":"bueno","ocupantes_max":null,"heridos_max":0,"muertos_max":0,"gps_accuracy_median":8.5,"rud_records":0,"rud_households":0,"rud_addresses":0,"rud_women":0,"rud_minors":0,"rud_older65":0,"rud_afro":0,"rud_indigenous":0,"rud_estado_averiado":0,"rud_estado_no_habitable":0,"rud_estado_habitable":0,"rud_estado_destruido":0,"rud_estado_no_informa":0,"rud_tenencia_propietario":0,"rud_tenencia_arrendatario":0,"rud_tenencia_ocupante":0,"rud_tenencia_poseedor":0,"rud_tenencia_no_informa":0,"rud_match_methods":"","rud_match_confidences":"","has_rud_match":false}},{"type":"Feature","geometry":{"type":"Point","coordinates":[-76.552974,3.395719]},"properties":{"place_id":"ae19f58d-d409-4841-8041-e91faf71bac9","place_report_count":1,"worst_collapse_type":"B","place_has_arcgis_id":false,"evaluation_count":1,"evaluation_ids_count":1,"barrio":"","nivel_dano_max":"bajo","severidad_max":"medio","habitabilidad_codigos":"i1","recomendaciones":"evacuar_total, evacuar_vecinas, restringir_peatones, vigilancia","evaluaciones_adicionales":"estructural","usos":"residencial","sistema_estructural":"no_claro","material":"","epoca_construccion":"1998_2010","estado_conservacion":"bueno","calidad_diseno":"bueno","ocupantes_max":0,"heridos_max":null,"muertos_max":null,"gps_accuracy_median":null,"rud_records":0,"rud_households":0,"rud_addresses":0,"rud_women":0,"rud_minors":0,"rud_older65":0,"rud_afro":0,"rud_indigenous":0,"rud_estado_averiado":0,"rud_estado_no_habitable":0,"rud_estado_habitable":0,"rud_estado_destruido":0,"rud_estado_no_informa":0,"rud_tenencia_propietario":0,"rud_tenencia_arrendatario":0,"rud_tenencia_ocupante":0,"rud_tenencia_poseedor":0,"rud_tenencia_no_informa":0,"rud_match_methods":"","rud_match_confidences":"","has_rud_match":false}},{"type":"Feature","geometry":{"type":"Point","coordinates":[-76.5528,3.3958832]},"properties":{"place_id":"13d8a79e-d1d4-469a-9702-f0507582cb5d","place_report_count":0,"worst_collapse_type":null,"place_has_arcgis_id":true,"evaluation_count":1,"evaluation_ids_count":1,"barrio":"El refugio","nivel_dano_max":"alto","severidad_max":"alto","habitabilidad_codigos":"i2","recomendaciones":"","evaluaciones_adicionales":"estructural, geotecnica","usos":"residencial","sistema_estructural":"porticos","material":"","epoca_construccion":"1998_2010","estado_conservacion":"malo","calidad_diseno":"regular","ocupantes_max":null,"heridos_max":6,"muertos_max":1,"gps_accuracy_median":null,"rud_records":1,"rud_households":1,"rud_addresses":1,"rud_women":1,"rud_minors":0,"rud_older65":1,"rud_afro":0,"rud_indigenous":0,"rud_estado_averiado":0,"rud_estado_no_habitable":1,"rud_estado_habitable":0,"rud_estado_destruido":0,"rud_estado_no_informa":0,"rud_tenencia_propietario":0,"rud_tenencia_arrendatario":0,"rud_tenencia_ocupante":1,"rud_tenencia_poseedor":0,"rud_tenencia_no_informa":0,"rud_match_methods":"direccion_normalizada","rud_match_confidences":"alta","has_rud_match":true}},{"type":"Feature","geometry":{"type":"Point","coordinates":[-76.5522998,3.3959736]},"properties":{"place_id":"c486ff63-d650-4de5-a9dd-3a01d6c70479","place_report_count":0,"worst_collapse_type":"B","place_has_arcgis_id":false,"evaluation_count":5,"evaluation_ids_count":5,"barrio":"El Refugio, El refugio, Refugio, refugio","nivel_dano_max":"alto","severidad_max":"alto","habitabilidad_codigos":"i2","recomendaciones":"aislamiento, apuntalar, demoler, desconectar, evacuar_total, evacuar_vecinas, intervencion, monitoreo, restringir_peatones, restringir_vehiculos, seguimiento","evaluaciones_adicionales":"estructural, geotecnica, otra","usos":"residencial","sistema_estructural":"porticos","material":"conc_arr, conc_no_arr","epoca_construccion":"1984_1997, antes_1984","estado_conservacion":"malo, regular","calidad_diseno":"regular","ocupantes_max":120,"heridos_max":0,"muertos_max":0,"gps_accuracy_median":5.48,"rud_records":29,"rud_households":14,"rud_addresses":12,"rud_women":14,"rud_minors":6,"rud_older65":8,"rud_afro":0,"rud_indigenous":0,"rud_estado_averiado":0,"rud_estado_no_habitable":29,"rud_estado_habitable":0,"rud_estado_destruido":0,"rud_estado_no_informa":0,"rud_tenencia_propietario":22,"rud_tenencia_arrendatario":3,"rud_tenencia_ocupante":2,"rud_tenencia_poseedor":0,"rud_tenencia_no_informa":2,"rud_match_methods":"direccion_normalizada, nomenclatura_sector","rud_match_confidences":"alta, media","has_rud_match":true}},{"type":"Feature","geometry":{"type":"Point","coordinates":[-76.5481283,3.396045]},"properties":{"place_id":"8c1f4d8d-8f84-4832-8576-a5e25d33b7ef","place_report_count":0,"worst_collapse_type":"A","place_has_arcgis_id":false,"evaluation_count":3,"evaluation_ids_count":3,"barrio":"El Refugio, El refugio, Refugio","nivel_dano_max":"alto","severidad_max":"alto","habitabilidad_codigos":"i2","recomendaciones":"aislamiento, apuntalar, demoler, evacuar_parcial, evacuar_total, evacuar_vecinas, intervencion, monitoreo, restringir_peatones, restringir_vehiculos, vigilancia","evaluaciones_adicionales":"estructural, geotecnica","usos":"residencial","sistema_estructural":"porticos","material":"conc_arr, conc_no_arr","epoca_construccion":"1984_1997, antes_1984","estado_conservacion":"malo, regular","calidad_diseno":"malo, regular","ocupantes_max":90,"heridos_max":3,"muertos_max":8,"gps_accuracy_median":1.6,"rud_records":15,"rud_households":10,"rud_addresses":9,"rud_women":9,"rud_minors":2,"rud_older65":2,"rud_afro":0,"rud_indigenous":0,"rud_estado_averiado":1,"rud_estado_no_habitable":10,"rud_estado_habitable":0,"rud_estado_destruido":4,"rud_estado_no_informa":0,"rud_tenencia_propietario":5,"rud_tenencia_arrendatario":10,"rud_tenencia_ocupante":0,"rud_tenencia_poseedor":0,"rud_tenencia_no_informa":0,"rud_match_methods":"nomenclatura_sector","rud_match_confidences":"media","has_rud_match":true}},{"type":"Feature","geometry":{"type":"Point","coordinates":[-76.5529784,3.3960802]},"properties":{"place_id":"a8f4e7fd-4c43-4bdc-9518-9585b6889f78","place_report_count":0,"worst_collapse_type":null,"place_has_arcgis_id":true,"evaluation_count":1,"evaluation_ids_count":1,"barrio":"Refugio","nivel_dano_max":"alto","severidad_max":"alto","habitabilidad_codigos":"i2","recomendaciones":"evacuar_total, evacuar_vecinas, monitoreo, restringir_peatones","evaluaciones_adicionales":"estructural","usos":"educativo","sistema_estructural":"no_claro","material":"mat_no_claro","epoca_construccion":"1998_2010","estado_conservacion":"malo","calidad_diseno":"malo","ocupantes_max":123,"heridos_max":0,"muertos_max":0,"gps_accuracy_median":null,"rud_records":0,"rud_households":0,"rud_addresses":0,"rud_women":0,"rud_minors":0,"rud_older65":0,"rud_afro":0,"rud_indigenous":0,"rud_estado_averiado":0,"rud_estado_no_habitable":0,"rud_estado_habitable":0,"rud_estado_destruido":0,"rud_estado_no_informa":0,"rud_tenencia_propietario":0,"rud_tenencia_arrendatario":0,"rud_tenencia_ocupante":0,"rud_tenencia_poseedor":0,"rud_tenencia_no_informa":0,"rud_match_methods":"","rud_match_confidences":"","has_rud_match":false}},{"type":"Feature","geometry":{"type":"Point","coordinates":[-76.5442082,3.3963086]},"properties":{"place_id":"b2055eb6-0572-4624-ae77-bafaaf255869","place_report_count":0,"worst_collapse_type":null,"place_has_arcgis_id":false,"evaluation_count":1,"evaluation_ids_count":1,"barrio":"Limonar","nivel_dano_max":"medio","severidad_max":"medio","habitabilidad_codigos":"r2","recomendaciones":"demoler, restringir_peatones","evaluaciones_adicionales":"otra","usos":"residencial","sistema_estructural":"porticos","material":"conc_no_arr","epoca_construccion":"1998_2010","estado_conservacion":"regular","calidad_diseno":"bueno","ocupantes_max":180,"heridos_max":0,"muertos_max":0,"gps_accuracy_median":6.5,"rud_records":0,"rud_households":0,"rud_addresses":0,"rud_women":0,"rud_minors":0,"rud_older65":0,"rud_afro":0,"rud_indigenous":0,"rud_estado_averiado":0,"rud_estado_no_habitable":0,"rud_estado_habitable":0,"rud_estado_destruido":0,"rud_estado_no_informa":0,"rud_tenencia_propietario":0,"rud_tenencia_arrendatario":0,"rud_tenencia_ocupante":0,"rud_tenencia_poseedor":0,"rud_tenencia_no_informa":0,"rud_match_methods":"","rud_match_confidences":"","has_rud_match":false}},{"type":"Feature","geometry":{"type":"Point","coordinates":[-76.5531415,3.3963177]},"properties":{"place_id":"07c39724-89eb-415d-8418-9e9e41cd2aab","place_report_count":0,"worst_collapse_type":null,"place_has_arcgis_id":false,"evaluation_count":1,"evaluation_ids_count":1,"barrio":"El refugio","nivel_dano_max":"alto","severidad_max":"alto","habitabilidad_codigos":"i2","recomendaciones":"apuntalar, demoler, evacuar_total, restringir_peatones, restringir_vehiculos","evaluaciones_adicionales":"otra","usos":"residencial","sistema_estructural":"muros_carga","material":"mamp_simple","epoca_construccion":"1984_1997","estado_conservacion":"regular","calidad_diseno":"regular","ocupantes_max":5,"heridos_max":0,"muertos_max":0,"gps_accuracy_median":15.05,"rud_records":0,"rud_households":0,"rud_addresses":0,"rud_women":0,"rud_minors":0,"rud_older65":0,"rud_afro":0,"rud_indigenous":0,"rud_estado_averiado":0,"rud_estado_no_habitable":0,"rud_estado_habitable":0,"rud_estado_destruido":0,"rud_estado_no_informa":0,"rud_tenencia_propietario":0,"rud_tenencia_arrendatario":0,"rud_tenencia_ocupante":0,"rud_tenencia_poseedor":0,"rud_tenencia_no_informa":0,"rud_match_methods":"","rud_match_confidences":"","has_rud_match":false}},{"type":"Feature","geometry":{"type":"Point","coordinates":[-76.5473417,3.396335]},"properties":{"place_id":"b571d8c5-2a56-42a7-9cdc-1a5499e8a90b","place_report_count":0,"worst_collapse_type":null,"place_has_arcgis_id":false,"evaluation_count":1,"evaluation_ids_count":1,"barrio":"El refugio","nivel_dano_max":"bajo","severidad_max":"bajo","habitabilidad_codigos":"i2","recomendaciones":"monitoreo, restringir_vehiculos, seguimiento","evaluaciones_adicionales":"estructural, geotecnica","usos":"residencial","sistema_estructural":"porticos","material":"conc_arr","epoca_construccion":"despues_2010","estado_conservacion":"bueno","calidad_diseno":"bueno","ocupantes_max":250,"heridos_max":null,"muertos_max":null,"gps_accuracy_median":1.0,"rud_records":0,"rud_households":0,"rud_addresses":0,"rud_women":0,"rud_minors":0,"rud_older65":0,"rud_afro":0,"rud_indigenous":0,"rud_estado_averiado":0,"rud_estado_no_habitable":0,"rud_estado_habitable":0,"rud_estado_destruido":0,"rud_estado_no_informa":0,"rud_tenencia_propietario":0,"rud_tenencia_arrendatario":0,"rud_tenencia_ocupante":0,"rud_tenencia_poseedor":0,"rud_tenencia_no_informa":0,"rud_match_methods":"","rud_match_confidences":"","has_rud_match":false}},{"type":"Feature","geometry":{"type":"Point","coordinates":[-76.5448137,3.3963693]},"properties":{"place_id":"f165311f-10cf-45a6-b06d-b520eb90e3c7","place_report_count":0,"worst_collapse_type":null,"place_has_arcgis_id":true,"evaluation_count":1,"evaluation_ids_count":1,"barrio":"Limonar","nivel_dano_max":"bajo","severidad_max":"bajo","habitabilidad_codigos":"r1","recomendaciones":"aislamiento, monitoreo","evaluaciones_adicionales":"estructural","usos":"residencial","sistema_estructural":"muros_carga","material":"concreto_mc","epoca_construccion":"despues_2010","estado_conservacion":"bueno","calidad_diseno":"bueno","ocupantes_max":438,"heridos_max":0,"muertos_max":0,"gps_accuracy_median":9.94,"rud_records":0,"rud_households":0,"rud_addresses":0,"rud_women":0,"rud_minors":0,"rud_older65":0,"rud_afro":0,"rud_indigenous":0,"rud_estado_averiado":0,"rud_estado_no_habitable":0,"rud_estado_habitable":0,"rud_estado_destruido":0,"rud_estado_no_informa":0,"rud_tenencia_propietario":0,"rud_tenencia_arrendatario":0,"rud_tenencia_ocupante":0,"rud_tenencia_poseedor":0,"rud_tenencia_no_informa":0,"rud_match_methods":"","rud_match_confidences":"","has_rud_match":false}},{"type":"Feature","geometry":{"type":"Point","coordinates":[-76.5438512,3.3963906]},"properties":{"place_id":"7ad62172-61ce-4381-a64f-2cacf4b2d917","place_report_count":0,"worst_collapse_type":null,"place_has_arcgis_id":false,"evaluation_count":1,"evaluation_ids_count":1,"barrio":"Limonar","nivel_dano_max":"bajo","severidad_max":"bajo","habitabilidad_codigos":"r1","recomendaciones":"desconectar, evacuar_parcial, restringir_peatones","evaluaciones_adicionales":"","usos":"residencial","sistema_estructural":"porticos","material":"conc_no_arr","epoca_construccion":"1984_1997","estado_conservacion":"bueno","calidad_diseno":"bueno","ocupantes_max":156,"heridos_max":0,"muertos_max":0,"gps_accuracy_median":10.0,"rud_records":0,"rud_households":0,"rud_addresses":0,"rud_women":0,"rud_minors":0,"rud_older65":0,"rud_afro":0,"rud_indigenous":0,"rud_estado_averiado":0,"rud_estado_no_habitable":0,"rud_estado_habitable":0,"rud_estado_destruido":0,"rud_estado_no_informa":0,"rud_tenencia_propietario":0,"rud_tenencia_arrendatario":0,"rud_tenencia_ocupante":0,"rud_tenencia_poseedor":0,"rud_tenencia_no_informa":0,"rud_match_methods":"","rud_match_confidences":"","has_rud_match":false}},{"type":"Feature","geometry":{"type":"Point","coordinates":[-76.55305,3.39646]},"properties":{"place_id":"e2785a01-04ce-4ad8-a1a4-59eca7c46c2f","place_report_count":0,"worst_collapse_type":null,"place_has_arcgis_id":false,"evaluation_count":1,"evaluation_ids_count":1,"barrio":"Refugio","nivel_dano_max":"alto","severidad_max":"alto","habitabilidad_codigos":"i2","recomendaciones":"aislamiento, demoler, evacuar_parcial, restringir_peatones, seguimiento","evaluaciones_adicionales":"","usos":"residencial","sistema_estructural":"porticos","material":"conc_no_arr","epoca_construccion":"1984_1997","estado_conservacion":"bueno","calidad_diseno":"regular","ocupantes_max":240,"heridos_max":4,"muertos_max":0,"gps_accuracy_median":null,"rud_records":50,"rud_households":19,"rud_addresses":6,"rud_women":31,"rud_minors":6,"rud_older65":20,"rud_afro":0,"rud_indigenous":0,"rud_estado_averiado":21,"rud_estado_no_habitable":25,"rud_estado_habitable":3,"rud_estado_destruido":1,"rud_estado_no_informa":0,"rud_tenencia_propietario":33,"rud_tenencia_arrendatario":17,"rud_tenencia_ocupante":0,"rud_tenencia_poseedor":0,"rud_tenencia_no_informa":0,"rud_match_methods":"direccion_normalizada, nomenclatura_sector","rud_match_confidences":"alta, media","has_rud_match":true}},{"type":"Feature","geometry":{"type":"Point","coordinates":[-76.5342186,3.3965892]},"properties":{"place_id":"ddd1a5d3-a5d4-4898-9267-fc125541a15a","place_report_count":0,"worst_collapse_type":null,"place_has_arcgis_id":false,"evaluation_count":1,"evaluation_ids_count":1,"barrio":"La Hacienda","nivel_dano_max":"alto","severidad_max":"alto","habitabilidad_codigos":"i2","recomendaciones":"aislamiento, apuntalar, demoler, evacuar_total, monitoreo, restringir_peatones, restringir_vehiculos, seguimiento","evaluaciones_adicionales":"","usos":"residencial","sistema_estructural":"porticos","material":"conc_no_arr","epoca_construccion":"1984_1997","estado_conservacion":"malo","calidad_diseno":"bueno","ocupantes_max":800,"heridos_max":0,"muertos_max":0,"gps_accuracy_median":14.25,"rud_records":205,"rud_households":83,"rud_addresses":17,"rud_women":111,"rud_minors":24,"rud_older65":41,"rud_afro":0,"rud_indigenous":0,"rud_estado_averiado":17,"rud_estado_no_habitable":181,"rud_estado_habitable":7,"rud_estado_destruido":0,"rud_estado_no_informa":0,"rud_tenencia_propietario":161,"rud_tenencia_arrendatario":41,"rud_tenencia_ocupante":1,"rud_tenencia_poseedor":2,"rud_tenencia_no_informa":0,"rud_match_methods":"direccion_normalizada, nomenclatura_sector","rud_match_confidences":"alta, media","has_rud_match":true}},{"type":"Feature","geometry":{"type":"Point","coordinates":[-76.5482395,3.3969598]},"properties":{"place_id":"76fd8e7d-8000-47be-a291-fe0ea3d69887","place_report_count":0,"worst_collapse_type":null,"place_has_arcgis_id":false,"evaluation_count":1,"evaluation_ids_count":1,"barrio":"El refugio","nivel_dano_max":"bajo","severidad_max":"bajo","habitabilidad_codigos":"h","recomendaciones":"seguimiento","evaluaciones_adicionales":"otra","usos":"residencial","sistema_estructural":"dual","material":"conc_mamposteria","epoca_construccion":"despues_2010","estado_conservacion":"bueno","calidad_diseno":"bueno","ocupantes_max":4,"heridos_max":0,"muertos_max":0,"gps_accuracy_median":6.0,"rud_records":0,"rud_households":0,"rud_addresses":0,"rud_women":0,"rud_minors":0,"rud_older65":0,"rud_afro":0,"rud_indigenous":0,"rud_estado_averiado":0,"rud_estado_no_habitable":0,"rud_estado_habitable":0,"rud_estado_destruido":0,"rud_estado_no_informa":0,"rud_tenencia_propietario":0,"rud_tenencia_arrendatario":0,"rud_tenencia_ocupante":0,"rud_tenencia_poseedor":0,"rud_tenencia_no_informa":0,"rud_match_methods":"","rud_match_confidences":"","has_rud_match":false}},{"type":"Feature","geometry":{"type":"Point","coordinates":[-76.547495,3.3970211]},"properties":{"place_id":"655196e8-bf86-4bef-98f2-6c4c4f2acb0c","place_report_count":0,"worst_collapse_type":null,"place_has_arcgis_id":true,"evaluation_count":1,"evaluation_ids_count":1,"barrio":"Refugio","nivel_dano_max":"alto","severidad_max":"alto","habitabilidad_codigos":"i2","recomendaciones":"","evaluaciones_adicionales":"estructural","usos":"residencial","sistema_estructural":"dual","material":"","epoca_construccion":"antes_1984","estado_conservacion":"bueno","calidad_diseno":"bueno","ocupantes_max":50,"heridos_max":3,"muertos_max":8,"gps_accuracy_median":null,"rud_records":28,"rud_households":17,"rud_addresses":2,"rud_women":11,"rud_minors":1,"rud_older65":8,"rud_afro":0,"rud_indigenous":0,"rud_estado_averiado":0,"rud_estado_no_habitable":20,"rud_estado_habitable":0,"rud_estado_destruido":8,"rud_estado_no_informa":0,"rud_tenencia_propietario":23,"rud_tenencia_arrendatario":4,"rud_tenencia_ocupante":0,"rud_tenencia_poseedor":1,"rud_tenencia_no_informa":0,"rud_match_methods":"direccion_normalizada, nomenclatura_sector","rud_match_confidences":"alta, media","has_rud_match":true}},{"type":"Feature","geometry":{"type":"Point","coordinates":[-76.5530472,3.3970656]},"properties":{"place_id":"e664c732-0636-4148-9035-8606a270ee74","place_report_count":0,"worst_collapse_type":null,"place_has_arcgis_id":false,"evaluation_count":1,"evaluation_ids_count":1,"barrio":"Refugio","nivel_dano_max":"alto","severidad_max":"alto","habitabilidad_codigos":"i3","recomendaciones":"apuntalar, demoler, desconectar, evacuar_total, evacuar_vecinas, monitoreo, restringir_peatones, restringir_vehiculos, seguimiento","evaluaciones_adicionales":"estructural","usos":"residencial","sistema_estructural":"porticos","material":"conc_no_arr","epoca_construccion":"1998_2010","estado_conservacion":"malo","calidad_diseno":"regular","ocupantes_max":118,"heridos_max":3,"muertos_max":1,"gps_accuracy_median":null,"rud_records":0,"rud_households":0,"rud_addresses":0,"rud_women":0,"rud_minors":0,"rud_older65":0,"rud_afro":0,"rud_indigenous":0,"rud_estado_averiado":0,"rud_estado_no_habitable":0,"rud_estado_habitable":0,"rud_estado_destruido":0,"rud_estado_no_informa":0,"rud_tenencia_propietario":0,"rud_tenencia_arrendatario":0,"rud_tenencia_ocupante":0,"rud_tenencia_poseedor":0,"rud_tenencia_no_informa":0,"rud_match_methods":"","rud_match_confidences":"","has_rud_match":false}},{"type":"Feature","geometry":{"type":"Point","coordinates":[-76.5460638,3.3974927]},"properties":{"place_id":"1ffb902b-e133-4937-9ccf-bf9eaebb1d51","place_report_count":0,"worst_collapse_type":"B","place_has_arcgis_id":false,"evaluation_count":1,"evaluation_ids_count":1,"barrio":"Limonar","nivel_dano_max":"medio","severidad_max":"bajo","habitabilidad_codigos":"i1","recomendaciones":"evacuar_parcial, evacuar_total","evaluaciones_adicionales":"estructural","usos":"residencial","sistema_estructural":"dual","material":"concreto_dual","epoca_construccion":"1984_1997","estado_conservacion":"bueno","calidad_diseno":"bueno","ocupantes_max":60,"heridos_max":null,"muertos_max":null,"gps_accuracy_median":null,"rud_records":0,"rud_households":0,"rud_addresses":0,"rud_women":0,"rud_minors":0,"rud_older65":0,"rud_afro":0,"rud_indigenous":0,"rud_estado_averiado":0,"rud_estado_no_habitable":0,"rud_estado_habitable":0,"rud_estado_destruido":0,"rud_estado_no_informa":0,"rud_tenencia_propietario":0,"rud_tenencia_arrendatario":0,"rud_tenencia_ocupante":0,"rud_tenencia_poseedor":0,"rud_tenencia_no_informa":0,"rud_match_methods":"","rud_match_confidences":"","has_rud_match":false}},{"type":"Feature","geometry":{"type":"Point","coordinates":[-76.5498467,3.3975567]},"properties":{"place_id":"b391e70d-0aae-482c-ae49-e2c398b29d06","place_report_count":0,"worst_collapse_type":null,"place_has_arcgis_id":false,"evaluation_count":1,"evaluation_ids_count":1,"barrio":"Refugio","nivel_dano_max":"alto","severidad_max":"alto","habitabilidad_codigos":"i2","recomendaciones":"evacuar_total","evaluaciones_adicionales":"otra","usos":"residencial","sistema_estructural":"porticos","material":"conc_arr","epoca_construccion":"1984_1997","estado_conservacion":"malo","calidad_diseno":"regular","ocupantes_max":240,"heridos_max":0,"muertos_max":0,"gps_accuracy_median":1.7,"rud_records":19,"rud_households":11,"rud_addresses":10,"rud_women":11,"rud_minors":0,"rud_older65":8,"rud_afro":2,"rud_indigenous":0,"rud_estado_averiado":0,"rud_estado_no_habitable":19,"rud_estado_habitable":0,"rud_estado_destruido":0,"rud_estado_no_informa":0,"rud_tenencia_propietario":15,"rud_tenencia_arrendatario":4,"rud_tenencia_ocupante":0,"rud_tenencia_poseedor":0,"rud_tenencia_no_informa":0,"rud_match_methods":"nomenclatura_sector","rud_match_confidences":"media","has_rud_match":true}},{"type":"Feature","geometry":{"type":"Point","coordinates":[-76.5529854,3.3978393]},"properties":{"place_id":"291f3328-44cb-48e7-ad99-424b478685a0","place_report_count":0,"worst_collapse_type":null,"place_has_arcgis_id":false,"evaluation_count":1,"evaluation_ids_count":1,"barrio":"El Refugio","nivel_dano_max":"alto","severidad_max":"alto","habitabilidad_codigos":"i2","recomendaciones":"aislamiento, demoler, desconectar, evacuar_total, restringir_peatones, seguimiento","evaluaciones_adicionales":"estructural","usos":"residencial","sistema_estructural":"porticos","material":"conc_arr","epoca_construccion":"1984_1997","estado_conservacion":"regular","calidad_diseno":"regular","ocupantes_max":172,"heridos_max":0,"muertos_max":0,"gps_accuracy_median":null,"rud_records":0,"rud_households":0,"rud_addresses":0,"rud_women":0,"rud_minors":0,"rud_older65":0,"rud_afro":0,"rud_indigenous":0,"rud_estado_averiado":0,"rud_estado_no_habitable":0,"rud_estado_habitable":0,"rud_estado_destruido":0,"rud_estado_no_informa":0,"rud_tenencia_propietario":0,"rud_tenencia_arrendatario":0,"rud_tenencia_ocupante":0,"rud_tenencia_poseedor":0,"rud_tenencia_no_informa":0,"rud_match_methods":"","rud_match_confidences":"","has_rud_match":false}},{"type":"Feature","geometry":{"type":"Point","coordinates":[-76.5460626,3.3979569]},"properties":{"place_id":"3a49dd5a-5cb5-4f3c-bf54-ed382632b73d","place_report_count":1,"worst_collapse_type":"B","place_has_arcgis_id":false,"evaluation_count":1,"evaluation_ids_count":1,"barrio":"","nivel_dano_max":"alto","severidad_max":"alto","habitabilidad_codigos":"i2","recomendaciones":"demoler, evacuar_total, intervencion, monitoreo, restringir_peatones, restringir_vehiculos, vigilancia","evaluaciones_adicionales":"estructural, otra","usos":"parqueaderos, residencial","sistema_estructural":"dual","material":"concreto_dual","epoca_construccion":"1984_1997","estado_conservacion":"malo","calidad_diseno":"malo","ocupantes_max":0,"heridos_max":null,"muertos_max":null,"gps_accuracy_median":null,"rud_records":0,"rud_households":0,"rud_addresses":0,"rud_women":0,"rud_minors":0,"rud_older65":0,"rud_afro":0,"rud_indigenous":0,"rud_estado_averiado":0,"rud_estado_no_habitable":0,"rud_estado_habitable":0,"rud_estado_destruido":0,"rud_estado_no_informa":0,"rud_tenencia_propietario":0,"rud_tenencia_arrendatario":0,"rud_tenencia_ocupante":0,"rud_tenencia_poseedor":0,"rud_tenencia_no_informa":0,"rud_match_methods":"","rud_match_confidences":"","has_rud_match":false}},{"type":"Feature","geometry":{"type":"Point","coordinates":[-76.55250149999999,3.398051]},"properties":{"place_id":"227d14d8-e786-4c3a-8503-52d0faf7afdb","place_report_count":1,"worst_collapse_type":"B","place_has_arcgis_id":false,"evaluation_count":1,"evaluation_ids_count":1,"barrio":"","nivel_dano_max":"bajo","severidad_max":"sin_dano","habitabilidad_codigos":"h","recomendaciones":"seguimiento","evaluaciones_adicionales":"estructural","usos":"residencial","sistema_estructural":"otro","material":"","epoca_construccion":"desconocida","estado_conservacion":"","calidad_diseno":"","ocupantes_max":null,"heridos_max":null,"muertos_max":null,"gps_accuracy_median":null,"rud_records":0,"rud_households":0,"rud_addresses":0,"rud_women":0,"rud_minors":0,"rud_older65":0,"rud_afro":0,"rud_indigenous":0,"rud_estado_averiado":0,"rud_estado_no_habitable":0,"rud_estado_habitable":0,"rud_estado_destruido":0,"rud_estado_no_informa":0,"rud_tenencia_propietario":0,"rud_tenencia_arrendatario":0,"rud_tenencia_ocupante":0,"rud_tenencia_poseedor":0,"rud_tenencia_no_informa":0,"rud_match_methods":"","rud_match_confidences":"","has_rud_match":false}},{"type":"Feature","geometry":{"type":"Point","coordinates":[-76.5460338,3.3980523]},"properties":{"place_id":"610aa377-31bb-4931-b5d1-cfd52432c109","place_report_count":1,"worst_collapse_type":"B","place_has_arcgis_id":false,"evaluation_count":0,"evaluation_ids_count":0,"barrio":"","nivel_dano_max":null,"severidad_max":null,"habitabilidad_codigos":"","recomendaciones":"","evaluaciones_adicionales":"","usos":"","sistema_estructural":"","material":"","epoca_construccion":"","estado_conservacion":"","calidad_diseno":"","ocupantes_max":null,"heridos_max":null,"muertos_max":null,"gps_accuracy_median":null,"rud_records":0,"rud_households":0,"rud_addresses":0,"rud_women":0,"rud_minors":0,"rud_older65":0,"rud_afro":0,"rud_indigenous":0,"rud_estado_averiado":0,"rud_estado_no_habitable":0,"rud_estado_habitable":0,"rud_estado_destruido":0,"rud_estado_no_informa":0,"rud_tenencia_propietario":0,"rud_tenencia_arrendatario":0,"rud_tenencia_ocupante":0,"rud_tenencia_poseedor":0,"rud_tenencia_no_informa":0,"rud_match_methods":"","rud_match_confidences":"","has_rud_match":false}},{"type":"Feature","geometry":{"type":"Point","coordinates":[-76.53454,3.3981683]},"properties":{"place_id":"7f88d535-7db0-4442-b7ab-b969965d9f1d","place_report_count":0,"worst_collapse_type":"B","place_has_arcgis_id":true,"evaluation_count":1,"evaluation_ids_count":1,"barrio":"Limonar","nivel_dano_max":"alto","severidad_max":"alto","habitabilidad_codigos":"i2","recomendaciones":"","evaluaciones_adicionales":"estructural","usos":"parqueaderos, residencial","sistema_estructural":"","material":"","epoca_construccion":"1984_1997","estado_conservacion":"regular","calidad_diseno":"bueno","ocupantes_max":256,"heridos_max":0,"muertos_max":0,"gps_accuracy_median":1.9,"rud_records":0,"rud_households":0,"rud_addresses":0,"rud_women":0,"rud_minors":0,"rud_older65":0,"rud_afro":0,"rud_indigenous":0,"rud_estado_averiado":0,"rud_estado_no_habitable":0,"rud_estado_habitable":0,"rud_estado_destruido":0,"rud_estado_no_informa":0,"rud_tenencia_propietario":0,"rud_tenencia_arrendatario":0,"rud_tenencia_ocupante":0,"rud_tenencia_poseedor":0,"rud_tenencia_no_informa":0,"rud_match_methods":"","rud_match_confidences":"","has_rud_match":false}},{"type":"Feature","geometry":{"type":"Point","coordinates":[-76.551335,3.3981803]},"properties":{"place_id":"cfebc7a5-9fa7-438e-94b2-82c6055e628d","place_report_count":0,"worst_collapse_type":null,"place_has_arcgis_id":false,"evaluation_count":1,"evaluation_ids_count":1,"barrio":"Refugio","nivel_dano_max":"alto","severidad_max":"medio_alto","habitabilidad_codigos":"i2","recomendaciones":"evacuar_total","evaluaciones_adicionales":"estructural","usos":"residencial","sistema_estructural":"porticos","material":"conc_arr","epoca_construccion":"despues_2010","estado_conservacion":"malo","calidad_diseno":"bueno","ocupantes_max":48,"heridos_max":null,"muertos_max":null,"gps_accuracy_median":9.58,"rud_records":0,"rud_households":0,"rud_addresses":0,"rud_women":0,"rud_minors":0,"rud_older65":0,"rud_afro":0,"rud_indigenous":0,"rud_estado_averiado":0,"rud_estado_no_habitable":0,"rud_estado_habitable":0,"rud_estado_destruido":0,"rud_estado_no_informa":0,"rud_tenencia_propietario":0,"rud_tenencia_arrendatario":0,"rud_tenencia_ocupante":0,"rud_tenencia_poseedor":0,"rud_tenencia_no_informa":0,"rud_match_methods":"","rud_match_confidences":"","has_rud_match":false}},{"type":"Feature","geometry":{"type":"Point","coordinates":[-76.546222,3.3982356]},"properties":{"place_id":"4be7db15-637e-4888-89d8-cd0a5ac67ebb","place_report_count":1,"worst_collapse_type":"B","place_has_arcgis_id":false,"evaluation_count":0,"evaluation_ids_count":0,"barrio":"","nivel_dano_max":null,"severidad_max":null,"habitabilidad_codigos":"","recomendaciones":"","evaluaciones_adicionales":"","usos":"","sistema_estructural":"","material":"","epoca_construccion":"","estado_conservacion":"","calidad_diseno":"","ocupantes_max":null,"heridos_max":null,"muertos_max":null,"gps_accuracy_median":null,"rud_records":0,"rud_households":0,"rud_addresses":0,"rud_women":0,"rud_minors":0,"rud_older65":0,"rud_afro":0,"rud_indigenous":0,"rud_estado_averiado":0,"rud_estado_no_habitable":0,"rud_estado_habitable":0,"rud_estado_destruido":0,"rud_estado_no_informa":0,"rud_tenencia_propietario":0,"rud_tenencia_arrendatario":0,"rud_tenencia_ocupante":0,"rud_tenencia_poseedor":0,"rud_tenencia_no_informa":0,"rud_match_methods":"","rud_match_confidences":"","has_rud_match":false}},{"type":"Feature","geometry":{"type":"Point","coordinates":[-76.550715,3.3992467]},"properties":{"place_id":"c20b6a37-fe14-481f-9701-a41f7a0733b6","place_report_count":0,"worst_collapse_type":null,"place_has_arcgis_id":false,"evaluation_count":1,"evaluation_ids_count":1,"barrio":"Refugio","nivel_dano_max":"alto","severidad_max":"alto","habitabilidad_codigos":"i2","recomendaciones":"evacuar_total","evaluaciones_adicionales":"estructural","usos":"residencial","sistema_estructural":"porticos","material":"conc_arr","epoca_construccion":"antes_1984","estado_conservacion":"malo","calidad_diseno":"regular","ocupantes_max":108,"heridos_max":null,"muertos_max":null,"gps_accuracy_median":2.3,"rud_records":2,"rud_households":2,"rud_addresses":2,"rud_women":1,"rud_minors":0,"rud_older65":1,"rud_afro":0,"rud_indigenous":0,"rud_estado_averiado":0,"rud_estado_no_habitable":2,"rud_estado_habitable":0,"rud_estado_destruido":0,"rud_estado_no_informa":0,"rud_tenencia_propietario":2,"rud_tenencia_arrendatario":0,"rud_tenencia_ocupante":0,"rud_tenencia_poseedor":0,"rud_tenencia_no_informa":0,"rud_match_methods":"direccion_normalizada, nomenclatura_sector","rud_match_confidences":"alta, media","has_rud_match":true}},{"type":"Feature","geometry":{"type":"Point","coordinates":[-76.5342045,3.399265]},"properties":{"place_id":"e4438d8c-0360-4841-8dd9-bd3dc97f9e1f","place_report_count":1,"worst_collapse_type":null,"place_has_arcgis_id":false,"evaluation_count":1,"evaluation_ids_count":1,"barrio":"Hacienda","nivel_dano_max":"bajo","severidad_max":"bajo","habitabilidad_codigos":"h","recomendaciones":"monitoreo, seguimiento","evaluaciones_adicionales":"estructural","usos":"residencial","sistema_estructural":"dual","material":"concreto_dual","epoca_construccion":"1984_1997","estado_conservacion":"regular","calidad_diseno":"bueno","ocupantes_max":96,"heridos_max":null,"muertos_max":null,"gps_accuracy_median":null,"rud_records":0,"rud_households":0,"rud_addresses":0,"rud_women":0,"rud_minors":0,"rud_older65":0,"rud_afro":0,"rud_indigenous":0,"rud_estado_averiado":0,"rud_estado_no_habitable":0,"rud_estado_habitable":0,"rud_estado_destruido":0,"rud_estado_no_informa":0,"rud_tenencia_propietario":0,"rud_tenencia_arrendatario":0,"rud_tenencia_ocupante":0,"rud_tenencia_poseedor":0,"rud_tenencia_no_informa":0,"rud_match_methods":"","rud_match_confidences":"","has_rud_match":false}},{"type":"Feature","geometry":{"type":"Point","coordinates":[-76.5507067,3.3995333]},"properties":{"place_id":"5ccfbe35-8ce3-42c3-9cd4-d604d88c5b25","place_report_count":0,"worst_collapse_type":null,"place_has_arcgis_id":false,"evaluation_count":1,"evaluation_ids_count":1,"barrio":"El refugio","nivel_dano_max":"medio","severidad_max":"medio_alto","habitabilidad_codigos":"r1","recomendaciones":"seguimiento","evaluaciones_adicionales":"","usos":"residencial","sistema_estructural":"porticos","material":"conc_arr","epoca_construccion":"antes_1984","estado_conservacion":"regular","calidad_diseno":"regular","ocupantes_max":84,"heridos_max":0,"muertos_max":0,"gps_accuracy_median":2.1,"rud_records":17,"rud_households":6,"rud_addresses":4,"rud_women":12,"rud_minors":2,"rud_older65":3,"rud_afro":0,"rud_indigenous":0,"rud_estado_averiado":3,"rud_estado_no_habitable":14,"rud_estado_habitable":0,"rud_estado_destruido":0,"rud_estado_no_informa":0,"rud_tenencia_propietario":10,"rud_tenencia_arrendatario":7,"rud_tenencia_ocupante":0,"rud_tenencia_poseedor":0,"rud_tenencia_no_informa":0,"rud_match_methods":"direccion_normalizada, nomenclatura_sector","rud_match_confidences":"alta, media","has_rud_match":true}},{"type":"Feature","geometry":{"type":"Point","coordinates":[-76.5512638,3.3997588]},"properties":{"place_id":"bde18bcf-4ace-46fa-abe6-a757bdbdf611","place_report_count":0,"worst_collapse_type":null,"place_has_arcgis_id":false,"evaluation_count":1,"evaluation_ids_count":1,"barrio":"El refugio","nivel_dano_max":"alto","severidad_max":"alto","habitabilidad_codigos":"i2","recomendaciones":"demoler, desconectar, evacuar_vecinas","evaluaciones_adicionales":"estructural, otra","usos":"residencial","sistema_estructural":"muros_carga","material":"mamp_simple","epoca_construccion":"","estado_conservacion":"malo","calidad_diseno":"","ocupantes_max":5,"heridos_max":0,"muertos_max":0,"gps_accuracy_median":3.79,"rud_records":0,"rud_households":0,"rud_addresses":0,"rud_women":0,"rud_minors":0,"rud_older65":0,"rud_afro":0,"rud_indigenous":0,"rud_estado_averiado":0,"rud_estado_no_habitable":0,"rud_estado_habitable":0,"rud_estado_destruido":0,"rud_estado_no_informa":0,"rud_tenencia_propietario":0,"rud_tenencia_arrendatario":0,"rud_tenencia_ocupante":0,"rud_tenencia_poseedor":0,"rud_tenencia_no_informa":0,"rud_match_methods":"","rud_match_confidences":"","has_rud_match":false}},{"type":"Feature","geometry":{"type":"Point","coordinates":[-76.550945,3.3997983]},"properties":{"place_id":"366dea3f-0d4e-4f19-bb19-d24b9134e15f","place_report_count":0,"worst_collapse_type":null,"place_has_arcgis_id":false,"evaluation_count":1,"evaluation_ids_count":1,"barrio":"El refugio","nivel_dano_max":"sin_dano","severidad_max":"sin_dano","habitabilidad_codigos":"h","recomendaciones":"","evaluaciones_adicionales":"","usos":"residencial","sistema_estructural":"porticos","material":"conc_arr","epoca_construccion":"antes_1984","estado_conservacion":"bueno","calidad_diseno":"regular","ocupantes_max":200,"heridos_max":0,"muertos_max":0,"gps_accuracy_median":2.1,"rud_records":0,"rud_households":0,"rud_addresses":0,"rud_women":0,"rud_minors":0,"rud_older65":0,"rud_afro":0,"rud_indigenous":0,"rud_estado_averiado":0,"rud_estado_no_habitable":0,"rud_estado_habitable":0,"rud_estado_destruido":0,"rud_estado_no_informa":0,"rud_tenencia_propietario":0,"rud_tenencia_arrendatario":0,"rud_tenencia_ocupante":0,"rud_tenencia_poseedor":0,"rud_tenencia_no_informa":0,"rud_match_methods":"","rud_match_confidences":"","has_rud_match":false}},{"type":"Feature","geometry":{"type":"Point","coordinates":[-76.5477838,3.4009734]},"properties":{"place_id":"71f657a8-18d5-4558-a2cd-3f3a3f50cd17","place_report_count":0,"worst_collapse_type":null,"place_has_arcgis_id":false,"evaluation_count":1,"evaluation_ids_count":1,"barrio":"Refugio","nivel_dano_max":"bajo","severidad_max":"medio","habitabilidad_codigos":"h","recomendaciones":"demoler","evaluaciones_adicionales":"otra","usos":"residencial","sistema_estructural":"porticos","material":"conc_no_arr","epoca_construccion":"1984_1997","estado_conservacion":"bueno","calidad_diseno":"bueno","ocupantes_max":150,"heridos_max":0,"muertos_max":0,"gps_accuracy_median":3.79,"rud_records":0,"rud_households":0,"rud_addresses":0,"rud_women":0,"rud_minors":0,"rud_older65":0,"rud_afro":0,"rud_indigenous":0,"rud_estado_averiado":0,"rud_estado_no_habitable":0,"rud_estado_habitable":0,"rud_estado_destruido":0,"rud_estado_no_informa":0,"rud_tenencia_propietario":0,"rud_tenencia_arrendatario":0,"rud_tenencia_ocupante":0,"rud_tenencia_poseedor":0,"rud_tenencia_no_informa":0,"rud_match_methods":"","rud_match_confidences":"","has_rud_match":false}},{"type":"Feature","geometry":{"type":"Point","coordinates":[-76.5459294,3.4011985]},"properties":{"place_id":"c730aa55-d13b-4ab8-9f2f-bf8c673ed3a8","place_report_count":0,"worst_collapse_type":null,"place_has_arcgis_id":false,"evaluation_count":1,"evaluation_ids_count":1,"barrio":"Cañaveralejo","nivel_dano_max":"bajo","severidad_max":"bajo","habitabilidad_codigos":"r1","recomendaciones":"demoler, monitoreo, restringir_peatones","evaluaciones_adicionales":"otra","usos":"comercial","sistema_estructural":"porticos","material":"conc_arr","epoca_construccion":"despues_2010","estado_conservacion":"bueno","calidad_diseno":"bueno","ocupantes_max":170,"heridos_max":0,"muertos_max":0,"gps_accuracy_median":3.79,"rud_records":0,"rud_households":0,"rud_addresses":0,"rud_women":0,"rud_minors":0,"rud_older65":0,"rud_afro":0,"rud_indigenous":0,"rud_estado_averiado":0,"rud_estado_no_habitable":0,"rud_estado_habitable":0,"rud_estado_destruido":0,"rud_estado_no_informa":0,"rud_tenencia_propietario":0,"rud_tenencia_arrendatario":0,"rud_tenencia_ocupante":0,"rud_tenencia_poseedor":0,"rud_tenencia_no_informa":0,"rud_match_methods":"","rud_match_confidences":"","has_rud_match":false}},{"type":"Feature","geometry":{"type":"Point","coordinates":[-76.525447,3.4012188]},"properties":{"place_id":"5e769d12-c045-4cba-8832-7518dce660ee","place_report_count":0,"worst_collapse_type":null,"place_has_arcgis_id":true,"evaluation_count":1,"evaluation_ids_count":1,"barrio":"Guadalupe","nivel_dano_max":"alto","severidad_max":"alto","habitabilidad_codigos":"i2","recomendaciones":"restringir_peatones","evaluaciones_adicionales":"estructural","usos":"residencial","sistema_estructural":"muros_carga","material":"mamp_reforzada","epoca_construccion":"1984_1997","estado_conservacion":"regular","calidad_diseno":"bueno","ocupantes_max":2000,"heridos_max":null,"muertos_max":null,"gps_accuracy_median":null,"rud_records":0,"rud_households":0,"rud_addresses":0,"rud_women":0,"rud_minors":0,"rud_older65":0,"rud_afro":0,"rud_indigenous":0,"rud_estado_averiado":0,"rud_estado_no_habitable":0,"rud_estado_habitable":0,"rud_estado_destruido":0,"rud_estado_no_informa":0,"rud_tenencia_propietario":0,"rud_tenencia_arrendatario":0,"rud_tenencia_ocupante":0,"rud_tenencia_poseedor":0,"rud_tenencia_no_informa":0,"rud_match_methods":"","rud_match_confidences":"","has_rud_match":false}},{"type":"Feature","geometry":{"type":"Point","coordinates":[-76.5277234,3.4017501]},"properties":{"place_id":"1c33aac0-7ae2-4d53-827c-a1408ba26b4d","place_report_count":0,"worst_collapse_type":null,"place_has_arcgis_id":true,"evaluation_count":1,"evaluation_ids_count":1,"barrio":"Limonar","nivel_dano_max":"bajo","severidad_max":"bajo","habitabilidad_codigos":"r1","recomendaciones":"monitoreo","evaluaciones_adicionales":"estructural","usos":"residencial","sistema_estructural":"porticos","material":"conc_no_arr","epoca_construccion":"1998_2010","estado_conservacion":"bueno","calidad_diseno":"regular","ocupantes_max":480,"heridos_max":0,"muertos_max":0,"gps_accuracy_median":3.79,"rud_records":0,"rud_households":0,"rud_addresses":0,"rud_women":0,"rud_minors":0,"rud_older65":0,"rud_afro":0,"rud_indigenous":0,"rud_estado_averiado":0,"rud_estado_no_habitable":0,"rud_estado_habitable":0,"rud_estado_destruido":0,"rud_estado_no_informa":0,"rud_tenencia_propietario":0,"rud_tenencia_arrendatario":0,"rud_tenencia_ocupante":0,"rud_tenencia_poseedor":0,"rud_tenencia_no_informa":0,"rud_match_methods":"","rud_match_confidences":"","has_rud_match":false}},{"type":"Feature","geometry":{"type":"Point","coordinates":[-76.5322221,3.4023069]},"properties":{"place_id":"06c1bfe2-8239-4bc4-8c17-274fbb6ab1a0","place_report_count":0,"worst_collapse_type":"B","place_has_arcgis_id":false,"evaluation_count":1,"evaluation_ids_count":1,"barrio":"Bosqies de limonar","nivel_dano_max":"alto","severidad_max":"medio_alto","habitabilidad_codigos":"i2","recomendaciones":"apuntalar, demoler, evacuar_total, intervencion, restringir_peatones","evaluaciones_adicionales":"estructural","usos":"comercial, oficina, residencial, reunion, salud","sistema_estructural":"porticos","material":"conc_arr","epoca_construccion":"1984_1997","estado_conservacion":"regular","calidad_diseno":"bueno","ocupantes_max":250,"heridos_max":1,"muertos_max":0,"gps_accuracy_median":9.63,"rud_records":99,"rud_households":52,"rud_addresses":1,"rud_women":58,"rud_minors":8,"rud_older65":30,"rud_afro":2,"rud_indigenous":1,"rud_estado_averiado":0,"rud_estado_no_habitable":93,"rud_estado_habitable":4,"rud_estado_destruido":0,"rud_estado_no_informa":2,"rud_tenencia_propietario":63,"rud_tenencia_arrendatario":32,"rud_tenencia_ocupante":2,"rud_tenencia_poseedor":2,"rud_tenencia_no_informa":0,"rud_match_methods":"direccion_normalizada","rud_match_confidences":"alta","has_rud_match":true}},{"type":"Feature","geometry":{"type":"Point","coordinates":[-76.5246449,3.4026845]},"properties":{"place_id":"e2157d54-978e-4c32-b4cf-299f3fd9bdda","place_report_count":0,"worst_collapse_type":"B","place_has_arcgis_id":false,"evaluation_count":1,"evaluation_ids_count":1,"barrio":"Samanes de guadalupe","nivel_dano_max":"medio","severidad_max":"medio_alto","habitabilidad_codigos":"r1","recomendaciones":"evacuar_parcial","evaluaciones_adicionales":"estructural","usos":"residencial","sistema_estructural":"muros_carga","material":"concreto_mc","epoca_construccion":"1984_1997","estado_conservacion":"regular","calidad_diseno":"bueno","ocupantes_max":null,"heridos_max":0,"muertos_max":0,"gps_accuracy_median":null,"rud_records":0,"rud_households":0,"rud_addresses":0,"rud_women":0,"rud_minors":0,"rud_older65":0,"rud_afro":0,"rud_indigenous":0,"rud_estado_averiado":0,"rud_estado_no_habitable":0,"rud_estado_habitable":0,"rud_estado_destruido":0,"rud_estado_no_informa":0,"rud_tenencia_propietario":0,"rud_tenencia_arrendatario":0,"rud_tenencia_ocupante":0,"rud_tenencia_poseedor":0,"rud_tenencia_no_informa":0,"rud_match_methods":"","rud_match_confidences":"","has_rud_match":false}},{"type":"Feature","geometry":{"type":"Point","coordinates":[-76.55189,3.4029067]},"properties":{"place_id":"2d7da83a-4b18-4b98-bcd2-8f69c730b4cb","place_report_count":0,"worst_collapse_type":null,"place_has_arcgis_id":false,"evaluation_count":1,"evaluation_ids_count":1,"barrio":"Cuarto de legua","nivel_dano_max":"alto","severidad_max":"alto","habitabilidad_codigos":"i2","recomendaciones":"apuntalar, demoler, desconectar, evacuar_total, monitoreo, restringir_peatones, restringir_vehiculos, seguimiento, vigilancia","evaluaciones_adicionales":"estructural","usos":"residencial","sistema_estructural":"no_claro","material":"mat_no_claro","epoca_construccion":"despues_2010","estado_conservacion":"regular","calidad_diseno":"regular","ocupantes_max":60,"heridos_max":2,"muertos_max":0,"gps_accuracy_median":2.1,"rud_records":1,"rud_households":1,"rud_addresses":1,"rud_women":0,"rud_minors":0,"rud_older65":0,"rud_afro":1,"rud_indigenous":0,"rud_estado_averiado":0,"rud_estado_no_habitable":1,"rud_estado_habitable":0,"rud_estado_destruido":0,"rud_estado_no_informa":0,"rud_tenencia_propietario":0,"rud_tenencia_arrendatario":1,"rud_tenencia_ocupante":0,"rud_tenencia_poseedor":0,"rud_tenencia_no_informa":0,"rud_match_methods":"nomenclatura_sector","rud_match_confidences":"media","has_rud_match":true}},{"type":"Feature","geometry":{"type":"Point","coordinates":[-76.5424302,3.4039546]},"properties":{"place_id":"c041687a-4d07-4d0a-82ad-0e01ded09f65","place_report_count":0,"worst_collapse_type":"B","place_has_arcgis_id":true,"evaluation_count":1,"evaluation_ids_count":1,"barrio":"Pampalinda","nivel_dano_max":"medio","severidad_max":"medio","habitabilidad_codigos":"i2","recomendaciones":"apuntalar, demoler, evacuar_total, evacuar_vecinas, monitoreo, restringir_peatones, restringir_vehiculos, seguimiento, vigilancia","evaluaciones_adicionales":"estructural","usos":"residencial","sistema_estructural":"muros_carga","material":"","epoca_construccion":"1984_1997","estado_conservacion":"regular","calidad_diseno":"regular","ocupantes_max":32,"heridos_max":1,"muertos_max":0,"gps_accuracy_median":null,"rud_records":0,"rud_households":0,"rud_addresses":0,"rud_women":0,"rud_minors":0,"rud_older65":0,"rud_afro":0,"rud_indigenous":0,"rud_estado_averiado":0,"rud_estado_no_habitable":0,"rud_estado_habitable":0,"rud_estado_destruido":0,"rud_estado_no_informa":0,"rud_tenencia_propietario":0,"rud_tenencia_arrendatario":0,"rud_tenencia_ocupante":0,"rud_tenencia_poseedor":0,"rud_tenencia_no_informa":0,"rud_match_methods":"","rud_match_confidences":"","has_rud_match":false}},{"type":"Feature","geometry":{"type":"Point","coordinates":[-76.5517571,3.4044696]},"properties":{"place_id":"88d7f683-1d35-4546-963d-5f90ef24e79e","place_report_count":1,"worst_collapse_type":null,"place_has_arcgis_id":false,"evaluation_count":1,"evaluation_ids_count":1,"barrio":"Pampalinda","nivel_dano_max":"medio","severidad_max":"medio","habitabilidad_codigos":"i1","recomendaciones":"demoler, evacuar_total, seguimiento","evaluaciones_adicionales":"","usos":"otro","sistema_estructural":"no_claro","material":"mat_no_claro","epoca_construccion":"1984_1997","estado_conservacion":"regular","calidad_diseno":"","ocupantes_max":0,"heridos_max":null,"muertos_max":null,"gps_accuracy_median":1.3,"rud_records":0,"rud_households":0,"rud_addresses":0,"rud_women":0,"rud_minors":0,"rud_older65":0,"rud_afro":0,"rud_indigenous":0,"rud_estado_averiado":0,"rud_estado_no_habitable":0,"rud_estado_habitable":0,"rud_estado_destruido":0,"rud_estado_no_informa":0,"rud_tenencia_propietario":0,"rud_tenencia_arrendatario":0,"rud_tenencia_ocupante":0,"rud_tenencia_poseedor":0,"rud_tenencia_no_informa":0,"rud_match_methods":"","rud_match_confidences":"","has_rud_match":false}},{"type":"Feature","geometry":{"type":"Point","coordinates":[-76.5476583,3.4045117]},"properties":{"place_id":"3fff61b8-ed93-4aff-9795-1792cdf8e496","place_report_count":0,"worst_collapse_type":"B","place_has_arcgis_id":true,"evaluation_count":1,"evaluation_ids_count":1,"barrio":"Cali","nivel_dano_max":"alto","severidad_max":"alto","habitabilidad_codigos":"i2","recomendaciones":"evacuar_total, evacuar_vecinas, monitoreo, restringir_peatones, restringir_vehiculos, seguimiento","evaluaciones_adicionales":"estructural","usos":"comercial, residencial","sistema_estructural":"dual","material":"concreto_dual","epoca_construccion":"antes_1984","estado_conservacion":"malo","calidad_diseno":"regular","ocupantes_max":147,"heridos_max":null,"muertos_max":null,"gps_accuracy_median":4.0,"rud_records":0,"rud_households":0,"rud_addresses":0,"rud_women":0,"rud_minors":0,"rud_older65":0,"rud_afro":0,"rud_indigenous":0,"rud_estado_averiado":0,"rud_estado_no_habitable":0,"rud_estado_habitable":0,"rud_estado_destruido":0,"rud_estado_no_informa":0,"rud_tenencia_propietario":0,"rud_tenencia_arrendatario":0,"rud_tenencia_ocupante":0,"rud_tenencia_poseedor":0,"rud_tenencia_no_informa":0,"rud_match_methods":"","rud_match_confidences":"","has_rud_match":false}},{"type":"Feature","geometry":{"type":"Point","coordinates":[-76.5377588,3.4045957]},"properties":{"place_id":"5947d1f5-26a5-4455-9214-b9c1bb1ef3b2","place_report_count":0,"worst_collapse_type":"B","place_has_arcgis_id":false,"evaluation_count":1,"evaluation_ids_count":1,"barrio":"Santa anita","nivel_dano_max":"medio","severidad_max":"medio","habitabilidad_codigos":"r1","recomendaciones":"aislamiento, demoler, evacuar_parcial, restringir_peatones","evaluaciones_adicionales":"otra","usos":"residencial","sistema_estructural":"muros_carga","material":"mamp_reforzada","epoca_construccion":"1998_2010","estado_conservacion":"regular","calidad_diseno":"bueno","ocupantes_max":865,"heridos_max":null,"muertos_max":null,"gps_accuracy_median":null,"rud_records":0,"rud_households":0,"rud_addresses":0,"rud_women":0,"rud_minors":0,"rud_older65":0,"rud_afro":0,"rud_indigenous":0,"rud_estado_averiado":0,"rud_estado_no_habitable":0,"rud_estado_habitable":0,"rud_estado_destruido":0,"rud_estado_no_informa":0,"rud_tenencia_propietario":0,"rud_tenencia_arrendatario":0,"rud_tenencia_ocupante":0,"rud_tenencia_poseedor":0,"rud_tenencia_no_informa":0,"rud_match_methods":"","rud_match_confidences":"","has_rud_match":false}},{"type":"Feature","geometry":{"type":"Point","coordinates":[-76.5411034,3.4046128]},"properties":{"place_id":"f5bad405-cc07-4485-ae43-61d46e2e4a2e","place_report_count":0,"worst_collapse_type":null,"place_has_arcgis_id":true,"evaluation_count":1,"evaluation_ids_count":1,"barrio":"Limonar","nivel_dano_max":"bajo","severidad_max":"bajo","habitabilidad_codigos":"r1","recomendaciones":"demoler, monitoreo","evaluaciones_adicionales":"estructural","usos":"residencial","sistema_estructural":"porticos","material":"acero_no_arr","epoca_construccion":"antes_1984","estado_conservacion":"bueno","calidad_diseno":"bueno","ocupantes_max":90,"heridos_max":0,"muertos_max":0,"gps_accuracy_median":3.79,"rud_records":0,"rud_households":0,"rud_addresses":0,"rud_women":0,"rud_minors":0,"rud_older65":0,"rud_afro":0,"rud_indigenous":0,"rud_estado_averiado":0,"rud_estado_no_habitable":0,"rud_estado_habitable":0,"rud_estado_destruido":0,"rud_estado_no_informa":0,"rud_tenencia_propietario":0,"rud_tenencia_arrendatario":0,"rud_tenencia_ocupante":0,"rud_tenencia_poseedor":0,"rud_tenencia_no_informa":0,"rud_match_methods":"","rud_match_confidences":"","has_rud_match":false}},{"type":"Feature","geometry":{"type":"Point","coordinates":[-76.5303059,3.404683]},"properties":{"place_id":"53a75861-f3f3-40e8-808b-c600fe0bf382","place_report_count":0,"worst_collapse_type":null,"place_has_arcgis_id":true,"evaluation_count":1,"evaluation_ids_count":1,"barrio":"El Limonar","nivel_dano_max":"bajo","severidad_max":"medio","habitabilidad_codigos":"h","recomendaciones":"evacuar_parcial, seguimiento","evaluaciones_adicionales":"estructural","usos":"residencial","sistema_estructural":"muros_carga","material":"mamp_reforzada","epoca_construccion":"1984_1997","estado_conservacion":"bueno","calidad_diseno":"bueno","ocupantes_max":250,"heridos_max":null,"muertos_max":null,"gps_accuracy_median":null,"rud_records":48,"rud_households":21,"rud_addresses":1,"rud_women":30,"rud_minors":4,"rud_older65":17,"rud_afro":0,"rud_indigenous":0,"rud_estado_averiado":47,"rud_estado_no_habitable":0,"rud_estado_habitable":0,"rud_estado_destruido":0,"rud_estado_no_informa":1,"rud_tenencia_propietario":33,"rud_tenencia_arrendatario":15,"rud_tenencia_ocupante":0,"rud_tenencia_poseedor":0,"rud_tenencia_no_informa":0,"rud_match_methods":"direccion_normalizada","rud_match_confidences":"alta","has_rud_match":true}},{"type":"Feature","geometry":{"type":"Point","coordinates":[-76.5307917,3.4048516]},"properties":{"place_id":"cb7eea7d-bea0-4558-b92d-6851a1cb9a7e","place_report_count":1,"worst_collapse_type":"B","place_has_arcgis_id":false,"evaluation_count":1,"evaluation_ids_count":1,"barrio":"primero de mayo","nivel_dano_max":"alto","severidad_max":"alto","habitabilidad_codigos":"i2","recomendaciones":"evacuar_total, monitoreo","evaluaciones_adicionales":"estructural","usos":"residencial","sistema_estructural":"porticos","material":"conc_no_arr","epoca_construccion":"1984_1997","estado_conservacion":"","calidad_diseno":"","ocupantes_max":118,"heridos_max":null,"muertos_max":null,"gps_accuracy_median":8.5,"rud_records":70,"rud_households":30,"rud_addresses":7,"rud_women":43,"rud_minors":6,"rud_older65":23,"rud_afro":3,"rud_indigenous":3,"rud_estado_averiado":1,"rud_estado_no_habitable":64,"rud_estado_habitable":0,"rud_estado_destruido":5,"rud_estado_no_informa":0,"rud_tenencia_propietario":49,"rud_tenencia_arrendatario":21,"rud_tenencia_ocupante":0,"rud_tenencia_poseedor":0,"rud_tenencia_no_informa":0,"rud_match_methods":"direccion_normalizada, nomenclatura_sector","rud_match_confidences":"alta, media","has_rud_match":true}},{"type":"Feature","geometry":{"type":"Point","coordinates":[-76.5487968,3.4049633]},"properties":{"place_id":"977e7f3d-4bae-4afd-be56-bf0abd91c7d5","place_report_count":0,"worst_collapse_type":"B","place_has_arcgis_id":true,"evaluation_count":1,"evaluation_ids_count":1,"barrio":"Pampalinda","nivel_dano_max":"alto","severidad_max":"medio_alto","habitabilidad_codigos":"i2","recomendaciones":"apuntalar, demoler, evacuar_total, intervencion, monitoreo, restringir_peatones, restringir_vehiculos, seguimiento, vigilancia","evaluaciones_adicionales":"estructural","usos":"residencial","sistema_estructural":"porticos","material":"conc_arr","epoca_construccion":"1984_1997","estado_conservacion":"malo","calidad_diseno":"malo","ocupantes_max":90,"heridos_max":0,"muertos_max":1,"gps_accuracy_median":null,"rud_records":13,"rud_households":5,"rud_addresses":1,"rud_women":7,"rud_minors":2,"rud_older65":2,"rud_afro":0,"rud_indigenous":0,"rud_estado_averiado":0,"rud_estado_no_habitable":13,"rud_estado_habitable":0,"rud_estado_destruido":0,"rud_estado_no_informa":0,"rud_tenencia_propietario":4,"rud_tenencia_arrendatario":9,"rud_tenencia_ocupante":0,"rud_tenencia_poseedor":0,"rud_tenencia_no_informa":0,"rud_match_methods":"direccion_normalizada","rud_match_confidences":"alta","has_rud_match":true}},{"type":"Feature","geometry":{"type":"Point","coordinates":[-76.5516333,3.40509]},"properties":{"place_id":"54866e26-0e96-46bc-9adf-b6168c1d3335","place_report_count":1,"worst_collapse_type":null,"place_has_arcgis_id":false,"evaluation_count":1,"evaluation_ids_count":1,"barrio":"Pampalinda","nivel_dano_max":"bajo","severidad_max":"bajo","habitabilidad_codigos":"h","recomendaciones":"monitoreo, seguimiento","evaluaciones_adicionales":"estructural","usos":"otro","sistema_estructural":"porticos","material":"conc_no_arr","epoca_construccion":"1984_1997","estado_conservacion":"bueno","calidad_diseno":"bueno","ocupantes_max":0,"heridos_max":0,"muertos_max":0,"gps_accuracy_median":1.6,"rud_records":1,"rud_households":1,"rud_addresses":1,"rud_women":1,"rud_minors":0,"rud_older65":0,"rud_afro":0,"rud_indigenous":0,"rud_estado_averiado":0,"rud_estado_no_habitable":0,"rud_estado_habitable":1,"rud_estado_destruido":0,"rud_estado_no_informa":0,"rud_tenencia_propietario":0,"rud_tenencia_arrendatario":1,"rud_tenencia_ocupante":0,"rud_tenencia_poseedor":0,"rud_tenencia_no_informa":0,"rud_match_methods":"direccion_normalizada","rud_match_confidences":"alta","has_rud_match":true}},{"type":"Feature","geometry":{"type":"Point","coordinates":[-76.5373759,3.405129]},"properties":{"place_id":"996f68a0-ddb9-4cbc-98a1-2696a32911a4","place_report_count":0,"worst_collapse_type":null,"place_has_arcgis_id":true,"evaluation_count":1,"evaluation_ids_count":1,"barrio":"Primero de Mayo","nivel_dano_max":"alto","severidad_max":"medio_alto","habitabilidad_codigos":"i1","recomendaciones":"apuntalar, demoler, evacuar_total, evacuar_vecinas, restringir_peatones, seguimiento, vigilancia","evaluaciones_adicionales":"otra","usos":"residencial","sistema_estructural":"porticos","material":"conc_arr","epoca_construccion":"desconocida","estado_conservacion":"bueno","calidad_diseno":"bueno","ocupantes_max":null,"heridos_max":0,"muertos_max":0,"gps_accuracy_median":null,"rud_records":14,"rud_households":6,"rud_addresses":1,"rud_women":8,"rud_minors":1,"rud_older65":7,"rud_afro":0,"rud_indigenous":0,"rud_estado_averiado":4,"rud_estado_no_habitable":10,"rud_estado_habitable":0,"rud_estado_destruido":0,"rud_estado_no_informa":0,"rud_tenencia_propietario":8,"rud_tenencia_arrendatario":6,"rud_tenencia_ocupante":0,"rud_tenencia_poseedor":0,"rud_tenencia_no_informa":0,"rud_match_methods":"direccion_normalizada","rud_match_confidences":"alta","has_rud_match":true}},{"type":"Feature","geometry":{"type":"Point","coordinates":[-76.544092,3.4051365]},"properties":{"place_id":"13692603-bba9-4ec2-8079-8c6dc1d9844e","place_report_count":0,"worst_collapse_type":null,"place_has_arcgis_id":true,"evaluation_count":1,"evaluation_ids_count":1,"barrio":"Pampa Linda","nivel_dano_max":"medio","severidad_max":"medio_alto","habitabilidad_codigos":"r1","recomendaciones":"demoler, intervencion, monitoreo, seguimiento","evaluaciones_adicionales":"estructural, geotecnica","usos":"residencial","sistema_estructural":"porticos","material":"conc_no_arr","epoca_construccion":"antes_1984","estado_conservacion":"regular","calidad_diseno":"bueno","ocupantes_max":72,"heridos_max":null,"muertos_max":null,"gps_accuracy_median":null,"rud_records":0,"rud_households":0,"rud_addresses":0,"rud_women":0,"rud_minors":0,"rud_older65":0,"rud_afro":0,"rud_indigenous":0,"rud_estado_averiado":0,"rud_estado_no_habitable":0,"rud_estado_habitable":0,"rud_estado_destruido":0,"rud_estado_no_informa":0,"rud_tenencia_propietario":0,"rud_tenencia_arrendatario":0,"rud_tenencia_ocupante":0,"rud_tenencia_poseedor":0,"rud_tenencia_no_informa":0,"rud_match_methods":"","rud_match_confidences":"","has_rud_match":false}},{"type":"Feature","geometry":{"type":"Point","coordinates":[-76.5508833,3.405305]},"properties":{"place_id":"e40adf04-c1ba-4b85-a93f-7ea3e0a650c5","place_report_count":1,"worst_collapse_type":null,"place_has_arcgis_id":false,"evaluation_count":1,"evaluation_ids_count":1,"barrio":"Pampalinda","nivel_dano_max":"bajo","severidad_max":"bajo","habitabilidad_codigos":"h","recomendaciones":"seguimiento","evaluaciones_adicionales":"","usos":"residencial","sistema_estructural":"muros_carga","material":"mamp_simple","epoca_construccion":"1984_1997","estado_conservacion":"bueno","calidad_diseno":"regular","ocupantes_max":2,"heridos_max":0,"muertos_max":0,"gps_accuracy_median":2.3,"rud_records":0,"rud_households":0,"rud_addresses":0,"rud_women":0,"rud_minors":0,"rud_older65":0,"rud_afro":0,"rud_indigenous":0,"rud_estado_averiado":0,"rud_estado_no_habitable":0,"rud_estado_habitable":0,"rud_estado_destruido":0,"rud_estado_no_informa":0,"rud_tenencia_propietario":0,"rud_tenencia_arrendatario":0,"rud_tenencia_ocupante":0,"rud_tenencia_poseedor":0,"rud_tenencia_no_informa":0,"rud_match_methods":"","rud_match_confidences":"","has_rud_match":false}},{"type":"Feature","geometry":{"type":"Point","coordinates":[-76.5372173,3.405427]},"properties":{"place_id":"358b6c45-13de-40b3-85c1-dafbff3e8e6a","place_report_count":3,"worst_collapse_type":"B","place_has_arcgis_id":false,"evaluation_count":0,"evaluation_ids_count":0,"barrio":"","nivel_dano_max":null,"severidad_max":null,"habitabilidad_codigos":"","recomendaciones":"","evaluaciones_adicionales":"","usos":"","sistema_estructural":"","material":"","epoca_construccion":"","estado_conservacion":"","calidad_diseno":"","ocupantes_max":null,"heridos_max":null,"muertos_max":null,"gps_accuracy_median":null,"rud_records":0,"rud_households":0,"rud_addresses":0,"rud_women":0,"rud_minors":0,"rud_older65":0,"rud_afro":0,"rud_indigenous":0,"rud_estado_averiado":0,"rud_estado_no_habitable":0,"rud_estado_habitable":0,"rud_estado_destruido":0,"rud_estado_no_informa":0,"rud_tenencia_propietario":0,"rud_tenencia_arrendatario":0,"rud_tenencia_ocupante":0,"rud_tenencia_poseedor":0,"rud_tenencia_no_informa":0,"rud_match_methods":"","rud_match_confidences":"","has_rud_match":false}},{"type":"Feature","geometry":{"type":"Point","coordinates":[-76.5372173,3.405427]},"properties":{"place_id":"4a97e50a-e043-41e8-96b4-95222314d441","place_report_count":1,"worst_collapse_type":"B","place_has_arcgis_id":false,"evaluation_count":0,"evaluation_ids_count":0,"barrio":"","nivel_dano_max":null,"severidad_max":null,"habitabilidad_codigos":"","recomendaciones":"","evaluaciones_adicionales":"","usos":"","sistema_estructural":"","material":"","epoca_construccion":"","estado_conservacion":"","calidad_diseno":"","ocupantes_max":null,"heridos_max":null,"muertos_max":null,"gps_accuracy_median":null,"rud_records":0,"rud_households":0,"rud_addresses":0,"rud_women":0,"rud_minors":0,"rud_older65":0,"rud_afro":0,"rud_indigenous":0,"rud_estado_averiado":0,"rud_estado_no_habitable":0,"rud_estado_habitable":0,"rud_estado_destruido":0,"rud_estado_no_informa":0,"rud_tenencia_propietario":0,"rud_tenencia_arrendatario":0,"rud_tenencia_ocupante":0,"rud_tenencia_poseedor":0,"rud_tenencia_no_informa":0,"rud_match_methods":"","rud_match_confidences":"","has_rud_match":false}},{"type":"Feature","geometry":{"type":"Point","coordinates":[-76.537217,3.405427]},"properties":{"place_id":"8de3c5b9-110e-4bb2-9805-0c42794571d9","place_report_count":1,"worst_collapse_type":"B","place_has_arcgis_id":false,"evaluation_count":2,"evaluation_ids_count":2,"barrio":"Santa Anita","nivel_dano_max":"alto","severidad_max":"alto","habitabilidad_codigos":"i2","recomendaciones":"evacuar_total, evacuar_vecinas, intervencion, monitoreo, restringir_peatones, restringir_vehiculos, vigilancia","evaluaciones_adicionales":"estructural","usos":"comercial, residencial","sistema_estructural":"porticos","material":"conc_arr","epoca_construccion":"1998_2010","estado_conservacion":"malo","calidad_diseno":"malo","ocupantes_max":50,"heridos_max":0,"muertos_max":0,"gps_accuracy_median":null,"rud_records":0,"rud_households":0,"rud_addresses":0,"rud_women":0,"rud_minors":0,"rud_older65":0,"rud_afro":0,"rud_indigenous":0,"rud_estado_averiado":0,"rud_estado_no_habitable":0,"rud_estado_habitable":0,"rud_estado_destruido":0,"rud_estado_no_informa":0,"rud_tenencia_propietario":0,"rud_tenencia_arrendatario":0,"rud_tenencia_ocupante":0,"rud_tenencia_poseedor":0,"rud_tenencia_no_informa":0,"rud_match_methods":"","rud_match_confidences":"","has_rud_match":false}},{"type":"Feature","geometry":{"type":"Point","coordinates":[-76.547865,3.405475]},"properties":{"place_id":"a858f422-67cf-4b97-9c07-a71a02f5ad93","place_report_count":0,"worst_collapse_type":"A","place_has_arcgis_id":true,"evaluation_count":1,"evaluation_ids_count":1,"barrio":"Pampalinda","nivel_dano_max":"alto","severidad_max":"alto","habitabilidad_codigos":"i2","recomendaciones":"aislamiento, demoler, evacuar_vecinas, monitoreo, restringir_peatones, restringir_vehiculos, vigilancia","evaluaciones_adicionales":"otra","usos":"residencial","sistema_estructural":"dual","material":"conc_mamposteria","epoca_construccion":"despues_2010","estado_conservacion":"malo","calidad_diseno":"malo","ocupantes_max":8,"heridos_max":3,"muertos_max":4,"gps_accuracy_median":1.8,"rud_records":0,"rud_households":0,"rud_addresses":0,"rud_women":0,"rud_minors":0,"rud_older65":0,"rud_afro":0,"rud_indigenous":0,"rud_estado_averiado":0,"rud_estado_no_habitable":0,"rud_estado_habitable":0,"rud_estado_destruido":0,"rud_estado_no_informa":0,"rud_tenencia_propietario":0,"rud_tenencia_arrendatario":0,"rud_tenencia_ocupante":0,"rud_tenencia_poseedor":0,"rud_tenencia_no_informa":0,"rud_match_methods":"","rud_match_confidences":"","has_rud_match":false}},{"type":"Feature","geometry":{"type":"Point","coordinates":[-76.5524167,3.4057633]},"properties":{"place_id":"a35ed3e5-59a0-42bb-9381-822b1d81d5f8","place_report_count":1,"worst_collapse_type":null,"place_has_arcgis_id":false,"evaluation_count":1,"evaluation_ids_count":1,"barrio":"Pampalinda","nivel_dano_max":"medio","severidad_max":"medio","habitabilidad_codigos":"h","recomendaciones":"monitoreo, seguimiento","evaluaciones_adicionales":"geotecnica","usos":"residencial","sistema_estructural":"no_claro","material":"","epoca_construccion":"","estado_conservacion":"regular","calidad_diseno":"regular","ocupantes_max":5,"heridos_max":0,"muertos_max":0,"gps_accuracy_median":2.3,"rud_records":0,"rud_households":0,"rud_addresses":0,"rud_women":0,"rud_minors":0,"rud_older65":0,"rud_afro":0,"rud_indigenous":0,"rud_estado_averiado":0,"rud_estado_no_habitable":0,"rud_estado_habitable":0,"rud_estado_destruido":0,"rud_estado_no_informa":0,"rud_tenencia_propietario":0,"rud_tenencia_arrendatario":0,"rud_tenencia_ocupante":0,"rud_tenencia_poseedor":0,"rud_tenencia_no_informa":0,"rud_match_methods":"","rud_match_confidences":"","has_rud_match":false}},{"type":"Feature","geometry":{"type":"Point","coordinates":[-76.5474858055766,3.4057727123208]},"properties":{"place_id":"cb085682-5233-4319-979d-964ce606ceec","place_report_count":1,"worst_collapse_type":"B","place_has_arcgis_id":false,"evaluation_count":2,"evaluation_ids_count":2,"barrio":"Pampalinda","nivel_dano_max":"alto","severidad_max":"alto","habitabilidad_codigos":"i2","recomendaciones":"aislamiento, demoler, desconectar, evacuar_total, evacuar_vecinas, monitoreo, restringir_peatones, restringir_vehiculos, seguimiento, vigilancia","evaluaciones_adicionales":"estructural","usos":"residencial","sistema_estructural":"porticos","material":"conc_no_arr","epoca_construccion":"1984_1997","estado_conservacion":"bueno","calidad_diseno":"bueno, regular","ocupantes_max":600,"heridos_max":0,"muertos_max":1,"gps_accuracy_median":9.94,"rud_records":97,"rud_households":44,"rud_addresses":14,"rud_women":56,"rud_minors":7,"rud_older65":27,"rud_afro":0,"rud_indigenous":0,"rud_estado_averiado":0,"rud_estado_no_habitable":96,"rud_estado_habitable":0,"rud_estado_destruido":1,"rud_estado_no_informa":0,"rud_tenencia_propietario":61,"rud_tenencia_arrendatario":35,"rud_tenencia_ocupante":0,"rud_tenencia_poseedor":0,"rud_tenencia_no_informa":1,"rud_match_methods":"direccion_normalizada, nomenclatura_sector","rud_match_confidences":"alta, media","has_rud_match":true}},{"type":"Feature","geometry":{"type":"Point","coordinates":[-76.545188,3.4064422]},"properties":{"place_id":"1217f4eb-22c7-4a30-b6cc-d5b7d40bead6","place_report_count":0,"worst_collapse_type":null,"place_has_arcgis_id":false,"evaluation_count":1,"evaluation_ids_count":1,"barrio":"Joaquin Borrero Sinisterra","nivel_dano_max":"alto","severidad_max":"alto","habitabilidad_codigos":"i2","recomendaciones":"demoler, evacuar_parcial, intervencion, vigilancia","evaluaciones_adicionales":"","usos":"residencial","sistema_estructural":"muros_carga","material":"mamp_simple","epoca_construccion":"antes_1984","estado_conservacion":"malo","calidad_diseno":"regular","ocupantes_max":2,"heridos_max":0,"muertos_max":0,"gps_accuracy_median":4.4,"rud_records":2,"rud_households":1,"rud_addresses":1,"rud_women":1,"rud_minors":0,"rud_older65":2,"rud_afro":0,"rud_indigenous":0,"rud_estado_averiado":0,"rud_estado_no_habitable":0,"rud_estado_habitable":2,"rud_estado_destruido":0,"rud_estado_no_informa":0,"rud_tenencia_propietario":2,"rud_tenencia_arrendatario":0,"rud_tenencia_ocupante":0,"rud_tenencia_poseedor":0,"rud_tenencia_no_informa":0,"rud_match_methods":"direccion_normalizada","rud_match_confidences":"alta","has_rud_match":true}},{"type":"Feature","geometry":{"type":"Point","coordinates":[-76.5482876,3.4066535]},"properties":{"place_id":"ad39c9c2-7a19-4a7b-8db5-6e68bcf458bc","place_report_count":0,"worst_collapse_type":null,"place_has_arcgis_id":false,"evaluation_count":1,"evaluation_ids_count":1,"barrio":"Cuarto de Legua","nivel_dano_max":"alto","severidad_max":"alto","habitabilidad_codigos":"i2","recomendaciones":"aislamiento, apuntalar, demoler, desconectar, evacuar_total, evacuar_vecinas, intervencion, monitoreo, restringir_peatones, restringir_vehiculos, seguimiento, vigilancia","evaluaciones_adicionales":"estructural","usos":"residencial","sistema_estructural":"porticos","material":"acero_no_arr","epoca_construccion":"antes_1984","estado_conservacion":"regular","calidad_diseno":"regular","ocupantes_max":13,"heridos_max":0,"muertos_max":0,"gps_accuracy_median":null,"rud_records":5,"rud_households":4,"rud_addresses":3,"rud_women":3,"rud_minors":0,"rud_older65":0,"rud_afro":0,"rud_indigenous":0,"rud_estado_averiado":0,"rud_estado_no_habitable":5,"rud_estado_habitable":0,"rud_estado_destruido":0,"rud_estado_no_informa":0,"rud_tenencia_propietario":2,"rud_tenencia_arrendatario":3,"rud_tenencia_ocupante":0,"rud_tenencia_poseedor":0,"rud_tenencia_no_informa":0,"rud_match_methods":"direccion_normalizada, nomenclatura_sector","rud_match_confidences":"alta, media","has_rud_match":true}},{"type":"Feature","geometry":{"type":"Point","coordinates":[-76.5482678,3.4070161]},"properties":{"place_id":"f731cfe2-c6d9-425d-b017-6f970b2a1da6","place_report_count":0,"worst_collapse_type":null,"place_has_arcgis_id":false,"evaluation_count":1,"evaluation_ids_count":1,"barrio":"Cuarto de legua","nivel_dano_max":"alto","severidad_max":"alto","habitabilidad_codigos":"i2","recomendaciones":"demoler, evacuar_total, intervencion, restringir_peatones, restringir_vehiculos","evaluaciones_adicionales":"estructural","usos":"residencial","sistema_estructural":"muros_carga","material":"mamp_simple","epoca_construccion":"1984_1997","estado_conservacion":"regular","calidad_diseno":"malo","ocupantes_max":2,"heridos_max":0,"muertos_max":0,"gps_accuracy_median":null,"rud_records":0,"rud_households":0,"rud_addresses":0,"rud_women":0,"rud_minors":0,"rud_older65":0,"rud_afro":0,"rud_indigenous":0,"rud_estado_averiado":0,"rud_estado_no_habitable":0,"rud_estado_habitable":0,"rud_estado_destruido":0,"rud_estado_no_informa":0,"rud_tenencia_propietario":0,"rud_tenencia_arrendatario":0,"rud_tenencia_ocupante":0,"rud_tenencia_poseedor":0,"rud_tenencia_no_informa":0,"rud_match_methods":"","rud_match_confidences":"","has_rud_match":false}},{"type":"Feature","geometry":{"type":"Point","coordinates":[-76.5484139,3.407064]},"properties":{"place_id":"fe24477a-f07a-4966-913e-c2c9b9ecd833","place_report_count":1,"worst_collapse_type":"B","place_has_arcgis_id":false,"evaluation_count":0,"evaluation_ids_count":0,"barrio":"","nivel_dano_max":null,"severidad_max":null,"habitabilidad_codigos":"","recomendaciones":"","evaluaciones_adicionales":"","usos":"","sistema_estructural":"","material":"","epoca_construccion":"","estado_conservacion":"","calidad_diseno":"","ocupantes_max":null,"heridos_max":null,"muertos_max":null,"gps_accuracy_median":null,"rud_records":0,"rud_households":0,"rud_addresses":0,"rud_women":0,"rud_minors":0,"rud_older65":0,"rud_afro":0,"rud_indigenous":0,"rud_estado_averiado":0,"rud_estado_no_habitable":0,"rud_estado_habitable":0,"rud_estado_destruido":0,"rud_estado_no_informa":0,"rud_tenencia_propietario":0,"rud_tenencia_arrendatario":0,"rud_tenencia_ocupante":0,"rud_tenencia_poseedor":0,"rud_tenencia_no_informa":0,"rud_match_methods":"","rud_match_confidences":"","has_rud_match":false}},{"type":"Feature","geometry":{"type":"Point","coordinates":[-76.5485003,3.4071695]},"properties":{"place_id":"54161f66-ce12-407d-890d-3b6ab922baab","place_report_count":2,"worst_collapse_type":"B","place_has_arcgis_id":false,"evaluation_count":0,"evaluation_ids_count":0,"barrio":"","nivel_dano_max":null,"severidad_max":null,"habitabilidad_codigos":"","recomendaciones":"","evaluaciones_adicionales":"","usos":"","sistema_estructural":"","material":"","epoca_construccion":"","estado_conservacion":"","calidad_diseno":"","ocupantes_max":null,"heridos_max":null,"muertos_max":null,"gps_accuracy_median":null,"rud_records":0,"rud_households":0,"rud_addresses":0,"rud_women":0,"rud_minors":0,"rud_older65":0,"rud_afro":0,"rud_indigenous":0,"rud_estado_averiado":0,"rud_estado_no_habitable":0,"rud_estado_habitable":0,"rud_estado_destruido":0,"rud_estado_no_informa":0,"rud_tenencia_propietario":0,"rud_tenencia_arrendatario":0,"rud_tenencia_ocupante":0,"rud_tenencia_poseedor":0,"rud_tenencia_no_informa":0,"rud_match_methods":"","rud_match_confidences":"","has_rud_match":false}},{"type":"Feature","geometry":{"type":"Point","coordinates":[-76.5485003,3.4071695]},"properties":{"place_id":"0ad4b71c-99fa-4009-a5ef-f928b5f4c56e","place_report_count":1,"worst_collapse_type":"B","place_has_arcgis_id":false,"evaluation_count":0,"evaluation_ids_count":0,"barrio":"","nivel_dano_max":null,"severidad_max":null,"habitabilidad_codigos":"","recomendaciones":"","evaluaciones_adicionales":"","usos":"","sistema_estructural":"","material":"","epoca_construccion":"","estado_conservacion":"","calidad_diseno":"","ocupantes_max":null,"heridos_max":null,"muertos_max":null,"gps_accuracy_median":null,"rud_records":0,"rud_households":0,"rud_addresses":0,"rud_women":0,"rud_minors":0,"rud_older65":0,"rud_afro":0,"rud_indigenous":0,"rud_estado_averiado":0,"rud_estado_no_habitable":0,"rud_estado_habitable":0,"rud_estado_destruido":0,"rud_estado_no_informa":0,"rud_tenencia_propietario":0,"rud_tenencia_arrendatario":0,"rud_tenencia_ocupante":0,"rud_tenencia_poseedor":0,"rud_tenencia_no_informa":0,"rud_match_methods":"","rud_match_confidences":"","has_rud_match":false}},{"type":"Feature","geometry":{"type":"Point","coordinates":[-76.5485003,3.4071695]},"properties":{"place_id":"915eec04-1412-4288-89c5-4d64f8fcc892","place_report_count":1,"worst_collapse_type":"B","place_has_arcgis_id":false,"evaluation_count":0,"evaluation_ids_count":0,"barrio":"","nivel_dano_max":null,"severidad_max":null,"habitabilidad_codigos":"","recomendaciones":"","evaluaciones_adicionales":"","usos":"","sistema_estructural":"","material":"","epoca_construccion":"","estado_conservacion":"","calidad_diseno":"","ocupantes_max":null,"heridos_max":null,"muertos_max":null,"gps_accuracy_median":null,"rud_records":0,"rud_households":0,"rud_addresses":0,"rud_women":0,"rud_minors":0,"rud_older65":0,"rud_afro":0,"rud_indigenous":0,"rud_estado_averiado":0,"rud_estado_no_habitable":0,"rud_estado_habitable":0,"rud_estado_destruido":0,"rud_estado_no_informa":0,"rud_tenencia_propietario":0,"rud_tenencia_arrendatario":0,"rud_tenencia_ocupante":0,"rud_tenencia_poseedor":0,"rud_tenencia_no_informa":0,"rud_match_methods":"","rud_match_confidences":"","has_rud_match":false}},{"type":"Feature","geometry":{"type":"Point","coordinates":[-76.5485003,3.4071695]},"properties":{"place_id":"9eb5abfa-9bf5-4cc9-bc3e-91dbdcecc9a6","place_report_count":1,"worst_collapse_type":"B","place_has_arcgis_id":false,"evaluation_count":0,"evaluation_ids_count":0,"barrio":"","nivel_dano_max":null,"severidad_max":null,"habitabilidad_codigos":"","recomendaciones":"","evaluaciones_adicionales":"","usos":"","sistema_estructural":"","material":"","epoca_construccion":"","estado_conservacion":"","calidad_diseno":"","ocupantes_max":null,"heridos_max":null,"muertos_max":null,"gps_accuracy_median":null,"rud_records":0,"rud_households":0,"rud_addresses":0,"rud_women":0,"rud_minors":0,"rud_older65":0,"rud_afro":0,"rud_indigenous":0,"rud_estado_averiado":0,"rud_estado_no_habitable":0,"rud_estado_habitable":0,"rud_estado_destruido":0,"rud_estado_no_informa":0,"rud_tenencia_propietario":0,"rud_tenencia_arrendatario":0,"rud_tenencia_ocupante":0,"rud_tenencia_poseedor":0,"rud_tenencia_no_informa":0,"rud_match_methods":"","rud_match_confidences":"","has_rud_match":false}},{"type":"Feature","geometry":{"type":"Point","coordinates":[-76.546407,3.4072211]},"properties":{"place_id":"a370eac0-2033-494a-83f1-c324de83dc97","place_report_count":0,"worst_collapse_type":null,"place_has_arcgis_id":false,"evaluation_count":1,"evaluation_ids_count":1,"barrio":"Joaquin Borrero","nivel_dano_max":"medio","severidad_max":"medio_alto","habitabilidad_codigos":"r1","recomendaciones":"demoler, sustancias","evaluaciones_adicionales":"","usos":"residencial","sistema_estructural":"porticos","material":"conc_arr","epoca_construccion":"1998_2010","estado_conservacion":"bueno","calidad_diseno":"bueno","ocupantes_max":90,"heridos_max":0,"muertos_max":0,"gps_accuracy_median":4.11,"rud_records":0,"rud_households":0,"rud_addresses":0,"rud_women":0,"rud_minors":0,"rud_older65":0,"rud_afro":0,"rud_indigenous":0,"rud_estado_averiado":0,"rud_estado_no_habitable":0,"rud_estado_habitable":0,"rud_estado_destruido":0,"rud_estado_no_informa":0,"rud_tenencia_propietario":0,"rud_tenencia_arrendatario":0,"rud_tenencia_ocupante":0,"rud_tenencia_poseedor":0,"rud_tenencia_no_informa":0,"rud_match_methods":"","rud_match_confidences":"","has_rud_match":false}},{"type":"Feature","geometry":{"type":"Point","coordinates":[-76.54835,3.40723]},"properties":{"place_id":"75c6a113-9e31-4065-8250-945629680f33","place_report_count":0,"worst_collapse_type":"A","place_has_arcgis_id":true,"evaluation_count":1,"evaluation_ids_count":1,"barrio":"Cuarto de Legua_Guadalupe","nivel_dano_max":"alto","severidad_max":"alto","habitabilidad_codigos":"i3","recomendaciones":"aislamiento","evaluaciones_adicionales":"","usos":"residencial","sistema_estructural":"porticos","material":"conc_no_arr","epoca_construccion":"","estado_conservacion":"malo","calidad_diseno":"malo","ocupantes_max":null,"heridos_max":null,"muertos_max":null,"gps_accuracy_median":null,"rud_records":0,"rud_households":0,"rud_addresses":0,"rud_women":0,"rud_minors":0,"rud_older65":0,"rud_afro":0,"rud_indigenous":0,"rud_estado_averiado":0,"rud_estado_no_habitable":0,"rud_estado_habitable":0,"rud_estado_destruido":0,"rud_estado_no_informa":0,"rud_tenencia_propietario":0,"rud_tenencia_arrendatario":0,"rud_tenencia_ocupante":0,"rud_tenencia_poseedor":0,"rud_tenencia_no_informa":0,"rud_match_methods":"","rud_match_confidences":"","has_rud_match":false}},{"type":"Feature","geometry":{"type":"Point","coordinates":[-76.5532366,3.4072316]},"properties":{"place_id":"8bc347cd-b14a-4561-845c-95d828e4450e","place_report_count":0,"worst_collapse_type":null,"place_has_arcgis_id":true,"evaluation_count":1,"evaluation_ids_count":1,"barrio":"Cuarto de legua","nivel_dano_max":"medio","severidad_max":"medio","habitabilidad_codigos":"i3","recomendaciones":"","evaluaciones_adicionales":"estructural","usos":"residencial","sistema_estructural":"porticos","material":"conc_no_arr","epoca_construccion":"1984_1997","estado_conservacion":"regular","calidad_diseno":"bueno","ocupantes_max":20,"heridos_max":null,"muertos_max":null,"gps_accuracy_median":6.59,"rud_records":3,"rud_households":1,"rud_addresses":1,"rud_women":2,"rud_minors":1,"rud_older65":1,"rud_afro":0,"rud_indigenous":0,"rud_estado_averiado":0,"rud_estado_no_habitable":3,"rud_estado_habitable":0,"rud_estado_destruido":0,"rud_estado_no_informa":0,"rud_tenencia_propietario":0,"rud_tenencia_arrendatario":3,"rud_tenencia_ocupante":0,"rud_tenencia_poseedor":0,"rud_tenencia_no_informa":0,"rud_match_methods":"direccion_normalizada","rud_match_confidences":"alta","has_rud_match":true}},{"type":"Feature","geometry":{"type":"Point","coordinates":[-76.5478839013225,3.40726539557309]},"properties":{"place_id":"caec4fe1-ee68-4943-9397-298395199d6f","place_report_count":1,"worst_collapse_type":"B","place_has_arcgis_id":false,"evaluation_count":1,"evaluation_ids_count":1,"barrio":"Cuarto de legua","nivel_dano_max":"alto","severidad_max":"medio_alto","habitabilidad_codigos":"i2","recomendaciones":"demoler, evacuar_total, monitoreo, restringir_peatones, vigilancia","evaluaciones_adicionales":"estructural","usos":"residencial","sistema_estructural":"porticos","material":"conc_no_arr","epoca_construccion":"antes_1984","estado_conservacion":"bueno","calidad_diseno":"regular","ocupantes_max":480,"heridos_max":null,"muertos_max":null,"gps_accuracy_median":7.55,"rud_records":103,"rud_households":60,"rud_addresses":33,"rud_women":64,"rud_minors":7,"rud_older65":34,"rud_afro":0,"rud_indigenous":0,"rud_estado_averiado":2,"rud_estado_no_habitable":94,"rud_estado_habitable":0,"rud_estado_destruido":3,"rud_estado_no_informa":4,"rud_tenencia_propietario":57,"rud_tenencia_arrendatario":40,"rud_tenencia_ocupante":2,"rud_tenencia_poseedor":1,"rud_tenencia_no_informa":3,"rud_match_methods":"direccion_normalizada, nomenclatura_sector","rud_match_confidences":"alta, media","has_rud_match":true}},{"type":"Feature","geometry":{"type":"Point","coordinates":[-76.5493858,3.4073831]},"properties":{"place_id":"a7199e29-d3cd-4bf2-becd-1145fb24a0f3","place_report_count":1,"worst_collapse_type":"B","place_has_arcgis_id":false,"evaluation_count":0,"evaluation_ids_count":0,"barrio":"","nivel_dano_max":null,"severidad_max":null,"habitabilidad_codigos":"","recomendaciones":"","evaluaciones_adicionales":"","usos":"","sistema_estructural":"","material":"","epoca_construccion":"","estado_conservacion":"","calidad_diseno":"","ocupantes_max":null,"heridos_max":null,"muertos_max":null,"gps_accuracy_median":null,"rud_records":0,"rud_households":0,"rud_addresses":0,"rud_women":0,"rud_minors":0,"rud_older65":0,"rud_afro":0,"rud_indigenous":0,"rud_estado_averiado":0,"rud_estado_no_habitable":0,"rud_estado_habitable":0,"rud_estado_destruido":0,"rud_estado_no_informa":0,"rud_tenencia_propietario":0,"rud_tenencia_arrendatario":0,"rud_tenencia_ocupante":0,"rud_tenencia_poseedor":0,"rud_tenencia_no_informa":0,"rud_match_methods":"","rud_match_confidences":"","has_rud_match":false}},{"type":"Feature","geometry":{"type":"Point","coordinates":[-76.5527284,3.4074048]},"properties":{"place_id":"b2c4fb05-06fd-425c-9590-d2bd9c2bd5a6","place_report_count":0,"worst_collapse_type":"B","place_has_arcgis_id":true,"evaluation_count":2,"evaluation_ids_count":2,"barrio":"Cuarto de Legua, Los Cambulos","nivel_dano_max":"alto","severidad_max":"alto","habitabilidad_codigos":"i2","recomendaciones":"demoler, evacuar_total, evacuar_vecinas, monitoreo, restringir_peatones, restringir_vehiculos","evaluaciones_adicionales":"estructural","usos":"residencial","sistema_estructural":"porticos","material":"conc_arr, conc_no_arr","epoca_construccion":"1984_1997, antes_1984","estado_conservacion":"malo","calidad_diseno":"malo, regular","ocupantes_max":36,"heridos_max":null,"muertos_max":null,"gps_accuracy_median":9.75,"rud_records":0,"rud_households":0,"rud_addresses":0,"rud_women":0,"rud_minors":0,"rud_older65":0,"rud_afro":0,"rud_indigenous":0,"rud_estado_averiado":0,"rud_estado_no_habitable":0,"rud_estado_habitable":0,"rud_estado_destruido":0,"rud_estado_no_informa":0,"rud_tenencia_propietario":0,"rud_tenencia_arrendatario":0,"rud_tenencia_ocupante":0,"rud_tenencia_poseedor":0,"rud_tenencia_no_informa":0,"rud_match_methods":"","rud_match_confidences":"","has_rud_match":false}},{"type":"Feature","geometry":{"type":"Point","coordinates":[-76.5467783,3.4074291]},"properties":{"place_id":"30851838-d567-4f6f-a659-1edb46ee5c67","place_report_count":0,"worst_collapse_type":null,"place_has_arcgis_id":false,"evaluation_count":1,"evaluation_ids_count":1,"barrio":"Joaquin borrero sinisterra","nivel_dano_max":"alto","severidad_max":"alto","habitabilidad_codigos":"i2","recomendaciones":"demoler","evaluaciones_adicionales":"","usos":"comercial, reunion","sistema_estructural":"porticos","material":"cerchas_acero","epoca_construccion":"1998_2010","estado_conservacion":"malo","calidad_diseno":"regular","ocupantes_max":1,"heridos_max":1,"muertos_max":0,"gps_accuracy_median":9.94,"rud_records":0,"rud_households":0,"rud_addresses":0,"rud_women":0,"rud_minors":0,"rud_older65":0,"rud_afro":0,"rud_indigenous":0,"rud_estado_averiado":0,"rud_estado_no_habitable":0,"rud_estado_habitable":0,"rud_estado_destruido":0,"rud_estado_no_informa":0,"rud_tenencia_propietario":0,"rud_tenencia_arrendatario":0,"rud_tenencia_ocupante":0,"rud_tenencia_poseedor":0,"rud_tenencia_no_informa":0,"rud_match_methods":"","rud_match_confidences":"","has_rud_match":false}},{"type":"Feature","geometry":{"type":"Point","coordinates":[-76.5527091,3.4075566]},"properties":{"place_id":"a8e609d4-aac8-4303-9c69-0a0a5663d2e0","place_report_count":4,"worst_collapse_type":"B","place_has_arcgis_id":true,"evaluation_count":2,"evaluation_ids_count":2,"barrio":"Cuarto de legua","nivel_dano_max":"alto","severidad_max":"alto","habitabilidad_codigos":"i2","recomendaciones":"evacuar_total","evaluaciones_adicionales":"estructural","usos":"residencial","sistema_estructural":"porticos","material":"conc_arr","epoca_construccion":"antes_1984","estado_conservacion":"malo","calidad_diseno":"regular","ocupantes_max":36,"heridos_max":null,"muertos_max":null,"gps_accuracy_median":8.49,"rud_records":2,"rud_households":1,"rud_addresses":1,"rud_women":1,"rud_minors":0,"rud_older65":0,"rud_afro":0,"rud_indigenous":0,"rud_estado_averiado":0,"rud_estado_no_habitable":2,"rud_estado_habitable":0,"rud_estado_destruido":0,"rud_estado_no_informa":0,"rud_tenencia_propietario":2,"rud_tenencia_arrendatario":0,"rud_tenencia_ocupante":0,"rud_tenencia_poseedor":0,"rud_tenencia_no_informa":0,"rud_match_methods":"direccion_normalizada","rud_match_confidences":"alta","has_rud_match":true}},{"type":"Feature","geometry":{"type":"Point","coordinates":[-76.54869599999999,3.407563]},"properties":{"place_id":"92279f30-a07e-4b0d-b8f9-99321a054944","place_report_count":2,"worst_collapse_type":"B","place_has_arcgis_id":false,"evaluation_count":0,"evaluation_ids_count":0,"barrio":"","nivel_dano_max":null,"severidad_max":null,"habitabilidad_codigos":"","recomendaciones":"","evaluaciones_adicionales":"","usos":"","sistema_estructural":"","material":"","epoca_construccion":"","estado_conservacion":"","calidad_diseno":"","ocupantes_max":null,"heridos_max":null,"muertos_max":null,"gps_accuracy_median":null,"rud_records":0,"rud_households":0,"rud_addresses":0,"rud_women":0,"rud_minors":0,"rud_older65":0,"rud_afro":0,"rud_indigenous":0,"rud_estado_averiado":0,"rud_estado_no_habitable":0,"rud_estado_habitable":0,"rud_estado_destruido":0,"rud_estado_no_informa":0,"rud_tenencia_propietario":0,"rud_tenencia_arrendatario":0,"rud_tenencia_ocupante":0,"rud_tenencia_poseedor":0,"rud_tenencia_no_informa":0,"rud_match_methods":"","rud_match_confidences":"","has_rud_match":false}},{"type":"Feature","geometry":{"type":"Point","coordinates":[-76.5365359,3.4076176]},"properties":{"place_id":"f93a3326-7fe7-4b33-8ef8-259f04194f8b","place_report_count":0,"worst_collapse_type":null,"place_has_arcgis_id":false,"evaluation_count":1,"evaluation_ids_count":1,"barrio":"Santa Anita","nivel_dano_max":"alto","severidad_max":"medio_alto","habitabilidad_codigos":"i2","recomendaciones":"apuntalar, demoler, evacuar_total","evaluaciones_adicionales":"estructural","usos":"residencial","sistema_estructural":"muros_carga","material":"mamp_confinada","epoca_construccion":"1984_1997","estado_conservacion":"bueno","calidad_diseno":"bueno","ocupantes_max":280,"heridos_max":null,"muertos_max":null,"gps_accuracy_median":null,"rud_records":80,"rud_households":41,"rud_addresses":11,"rud_women":46,"rud_minors":5,"rud_older65":29,"rud_afro":0,"rud_indigenous":0,"rud_estado_averiado":0,"rud_estado_no_habitable":80,"rud_estado_habitable":0,"rud_estado_destruido":0,"rud_estado_no_informa":0,"rud_tenencia_propietario":62,"rud_tenencia_arrendatario":17,"rud_tenencia_ocupante":1,"rud_tenencia_poseedor":0,"rud_tenencia_no_informa":0,"rud_match_methods":"direccion_normalizada, nomenclatura_sector","rud_match_confidences":"alta, media","has_rud_match":true}},{"type":"Feature","geometry":{"type":"Point","coordinates":[-76.5525107,3.4077206]},"properties":{"place_id":"bf14a851-248f-4de5-a971-8b216a723860","place_report_count":2,"worst_collapse_type":"B","place_has_arcgis_id":false,"evaluation_count":0,"evaluation_ids_count":0,"barrio":"","nivel_dano_max":null,"severidad_max":null,"habitabilidad_codigos":"","recomendaciones":"","evaluaciones_adicionales":"","usos":"","sistema_estructural":"","material":"","epoca_construccion":"","estado_conservacion":"","calidad_diseno":"","ocupantes_max":null,"heridos_max":null,"muertos_max":null,"gps_accuracy_median":null,"rud_records":0,"rud_households":0,"rud_addresses":0,"rud_women":0,"rud_minors":0,"rud_older65":0,"rud_afro":0,"rud_indigenous":0,"rud_estado_averiado":0,"rud_estado_no_habitable":0,"rud_estado_habitable":0,"rud_estado_destruido":0,"rud_estado_no_informa":0,"rud_tenencia_propietario":0,"rud_tenencia_arrendatario":0,"rud_tenencia_ocupante":0,"rud_tenencia_poseedor":0,"rud_tenencia_no_informa":0,"rud_match_methods":"","rud_match_confidences":"","has_rud_match":false}},{"type":"Feature","geometry":{"type":"Point","coordinates":[-76.5539157,3.4077425]},"properties":{"place_id":"18beabbc-daea-4617-b918-4a9a3235f369","place_report_count":1,"worst_collapse_type":"B","place_has_arcgis_id":true,"evaluation_count":1,"evaluation_ids_count":1,"barrio":"Cuarto de legua","nivel_dano_max":"sin_dano","severidad_max":"sin_dano","habitabilidad_codigos":"h","recomendaciones":"","evaluaciones_adicionales":"","usos":"residencial","sistema_estructural":"porticos","material":"conc_arr","epoca_construccion":"despues_2010","estado_conservacion":"bueno","calidad_diseno":"bueno","ocupantes_max":17,"heridos_max":null,"muertos_max":null,"gps_accuracy_median":null,"rud_records":0,"rud_households":0,"rud_addresses":0,"rud_women":0,"rud_minors":0,"rud_older65":0,"rud_afro":0,"rud_indigenous":0,"rud_estado_averiado":0,"rud_estado_no_habitable":0,"rud_estado_habitable":0,"rud_estado_destruido":0,"rud_estado_no_informa":0,"rud_tenencia_propietario":0,"rud_tenencia_arrendatario":0,"rud_tenencia_ocupante":0,"rud_tenencia_poseedor":0,"rud_tenencia_no_informa":0,"rud_match_methods":"","rud_match_confidences":"","has_rud_match":false}},{"type":"Feature","geometry":{"type":"Point","coordinates":[-76.5477445,3.4078749]},"properties":{"place_id":"1becb86c-a7dd-4bfe-bbee-2a8a7db56f9b","place_report_count":0,"worst_collapse_type":null,"place_has_arcgis_id":true,"evaluation_count":1,"evaluation_ids_count":1,"barrio":"Cuarto de Legua","nivel_dano_max":"alto","severidad_max":"alto","habitabilidad_codigos":"i2","recomendaciones":"apuntalar, demoler, evacuar_total, monitoreo, restringir_peatones, restringir_vehiculos, seguimiento, vigilancia","evaluaciones_adicionales":"estructural","usos":"residencial","sistema_estructural":"porticos","material":"conc_arr","epoca_construccion":"1984_1997","estado_conservacion":"malo","calidad_diseno":"regular","ocupantes_max":120,"heridos_max":0,"muertos_max":0,"gps_accuracy_median":4.96,"rud_records":0,"rud_households":0,"rud_addresses":0,"rud_women":0,"rud_minors":0,"rud_older65":0,"rud_afro":0,"rud_indigenous":0,"rud_estado_averiado":0,"rud_estado_no_habitable":0,"rud_estado_habitable":0,"rud_estado_destruido":0,"rud_estado_no_informa":0,"rud_tenencia_propietario":0,"rud_tenencia_arrendatario":0,"rud_tenencia_ocupante":0,"rud_tenencia_poseedor":0,"rud_tenencia_no_informa":0,"rud_match_methods":"","rud_match_confidences":"","has_rud_match":false}},{"type":"Feature","geometry":{"type":"Point","coordinates":[-76.5479812794341,3.40804302759532]},"properties":{"place_id":"ba509ddb-d104-40ee-86c3-de01f4d28d63","place_report_count":1,"worst_collapse_type":"B","place_has_arcgis_id":false,"evaluation_count":1,"evaluation_ids_count":1,"barrio":"Cuarto de legua","nivel_dano_max":"medio","severidad_max":"medio","habitabilidad_codigos":"i2","recomendaciones":"demoler, evacuar_total, monitoreo","evaluaciones_adicionales":"estructural","usos":"comercial, residencial","sistema_estructural":"porticos","material":"conc_no_arr","epoca_construccion":"1984_1997","estado_conservacion":"bueno","calidad_diseno":"bueno","ocupantes_max":240,"heridos_max":null,"muertos_max":null,"gps_accuracy_median":10.07,"rud_records":0,"rud_households":0,"rud_addresses":0,"rud_women":0,"rud_minors":0,"rud_older65":0,"rud_afro":0,"rud_indigenous":0,"rud_estado_averiado":0,"rud_estado_no_habitable":0,"rud_estado_habitable":0,"rud_estado_destruido":0,"rud_estado_no_informa":0,"rud_tenencia_propietario":0,"rud_tenencia_arrendatario":0,"rud_tenencia_ocupante":0,"rud_tenencia_poseedor":0,"rud_tenencia_no_informa":0,"rud_match_methods":"","rud_match_confidences":"","has_rud_match":false}},{"type":"Feature","geometry":{"type":"Point","coordinates":[-76.5464749,3.4080548]},"properties":{"place_id":"ea69d267-8a4b-40fc-aaf3-f79f671b881a","place_report_count":0,"worst_collapse_type":null,"place_has_arcgis_id":false,"evaluation_count":1,"evaluation_ids_count":1,"barrio":"Cuarto de legua","nivel_dano_max":"alto","severidad_max":"alto","habitabilidad_codigos":"i2","recomendaciones":"aislamiento, apuntalar, demoler, desconectar, evacuar_total, intervencion, monitoreo, restringir_peatones, restringir_vehiculos, seguimiento, vigilancia","evaluaciones_adicionales":"estructural","usos":"residencial","sistema_estructural":"porticos","material":"conc_no_arr","epoca_construccion":"antes_1984","estado_conservacion":"bueno","calidad_diseno":"bueno","ocupantes_max":57,"heridos_max":0,"muertos_max":0,"gps_accuracy_median":null,"rud_records":23,"rud_households":14,"rud_addresses":13,"rud_women":11,"rud_minors":0,"rud_older65":9,"rud_afro":0,"rud_indigenous":1,"rud_estado_averiado":2,"rud_estado_no_habitable":18,"rud_estado_habitable":0,"rud_estado_destruido":3,"rud_estado_no_informa":0,"rud_tenencia_propietario":21,"rud_tenencia_arrendatario":2,"rud_tenencia_ocupante":0,"rud_tenencia_poseedor":0,"rud_tenencia_no_informa":0,"rud_match_methods":"direccion_normalizada, nomenclatura_sector","rud_match_confidences":"alta, media","has_rud_match":true}},{"type":"Feature","geometry":{"type":"Point","coordinates":[-76.5484437,3.4080576]},"properties":{"place_id":"1a994b29-348c-4d4f-89d8-37ab0bbbe4bf","place_report_count":0,"worst_collapse_type":"A","place_has_arcgis_id":false,"evaluation_count":1,"evaluation_ids_count":1,"barrio":"Cuarto de Legua","nivel_dano_max":"alto","severidad_max":"alto","habitabilidad_codigos":"i2","recomendaciones":"aislamiento, desconectar, evacuar_parcial, evacuar_total, evacuar_vecinas, restringir_peatones, restringir_vehiculos, vigilancia","evaluaciones_adicionales":"otra","usos":"residencial","sistema_estructural":"porticos","material":"acero_no_arr","epoca_construccion":"antes_1984","estado_conservacion":"malo","calidad_diseno":"malo","ocupantes_max":33,"heridos_max":1,"muertos_max":1,"gps_accuracy_median":null,"rud_records":0,"rud_households":0,"rud_addresses":0,"rud_women":0,"rud_minors":0,"rud_older65":0,"rud_afro":0,"rud_indigenous":0,"rud_estado_averiado":0,"rud_estado_no_habitable":0,"rud_estado_habitable":0,"rud_estado_destruido":0,"rud_estado_no_informa":0,"rud_tenencia_propietario":0,"rud_tenencia_arrendatario":0,"rud_tenencia_ocupante":0,"rud_tenencia_poseedor":0,"rud_tenencia_no_informa":0,"rud_match_methods":"","rud_match_confidences":"","has_rud_match":false}},{"type":"Feature","geometry":{"type":"Point","coordinates":[-76.5487854,3.4081927]},"properties":{"place_id":"6195f535-60ec-40b1-a23d-c82dd7aed8a2","place_report_count":1,"worst_collapse_type":"B","place_has_arcgis_id":false,"evaluation_count":0,"evaluation_ids_count":0,"barrio":"","nivel_dano_max":null,"severidad_max":null,"habitabilidad_codigos":"","recomendaciones":"","evaluaciones_adicionales":"","usos":"","sistema_estructural":"","material":"","epoca_construccion":"","estado_conservacion":"","calidad_diseno":"","ocupantes_max":null,"heridos_max":null,"muertos_max":null,"gps_accuracy_median":null,"rud_records":0,"rud_households":0,"rud_addresses":0,"rud_women":0,"rud_minors":0,"rud_older65":0,"rud_afro":0,"rud_indigenous":0,"rud_estado_averiado":0,"rud_estado_no_habitable":0,"rud_estado_habitable":0,"rud_estado_destruido":0,"rud_estado_no_informa":0,"rud_tenencia_propietario":0,"rud_tenencia_arrendatario":0,"rud_tenencia_ocupante":0,"rud_tenencia_poseedor":0,"rud_tenencia_no_informa":0,"rud_match_methods":"","rud_match_confidences":"","has_rud_match":false}},{"type":"Feature","geometry":{"type":"Point","coordinates":[-76.5489177,3.4082403]},"properties":{"place_id":"969eea4b-93e8-499e-8395-aaeb5be000bc","place_report_count":1,"worst_collapse_type":null,"place_has_arcgis_id":false,"evaluation_count":1,"evaluation_ids_count":1,"barrio":"Cuarto de legua","nivel_dano_max":"medio","severidad_max":"medio","habitabilidad_codigos":"r1","recomendaciones":"","evaluaciones_adicionales":"estructural","usos":"residencial","sistema_estructural":"porticos","material":"conc_no_arr","epoca_construccion":"despues_2010","estado_conservacion":"bueno","calidad_diseno":"bueno","ocupantes_max":50,"heridos_max":null,"muertos_max":null,"gps_accuracy_median":8.69,"rud_records":0,"rud_households":0,"rud_addresses":0,"rud_women":0,"rud_minors":0,"rud_older65":0,"rud_afro":0,"rud_indigenous":0,"rud_estado_averiado":0,"rud_estado_no_habitable":0,"rud_estado_habitable":0,"rud_estado_destruido":0,"rud_estado_no_informa":0,"rud_tenencia_propietario":0,"rud_tenencia_arrendatario":0,"rud_tenencia_ocupante":0,"rud_tenencia_poseedor":0,"rud_tenencia_no_informa":0,"rud_match_methods":"","rud_match_confidences":"","has_rud_match":false}},{"type":"Feature","geometry":{"type":"Point","coordinates":[-76.5496963,3.4084496]},"properties":{"place_id":"81dbd3c5-a8a4-4566-92bb-1b7cb4dfcc08","place_report_count":1,"worst_collapse_type":null,"place_has_arcgis_id":false,"evaluation_count":1,"evaluation_ids_count":1,"barrio":"Cuarto de Legua","nivel_dano_max":"medio","severidad_max":"medio","habitabilidad_codigos":"r1","recomendaciones":"","evaluaciones_adicionales":"estructural","usos":"residencial","sistema_estructural":"porticos","material":"conc_no_arr","epoca_construccion":"1998_2010","estado_conservacion":"bueno","calidad_diseno":"bueno","ocupantes_max":80,"heridos_max":null,"muertos_max":null,"gps_accuracy_median":7.31,"rud_records":0,"rud_households":0,"rud_addresses":0,"rud_women":0,"rud_minors":0,"rud_older65":0,"rud_afro":0,"rud_indigenous":0,"rud_estado_averiado":0,"rud_estado_no_habitable":0,"rud_estado_habitable":0,"rud_estado_destruido":0,"rud_estado_no_informa":0,"rud_tenencia_propietario":0,"rud_tenencia_arrendatario":0,"rud_tenencia_ocupante":0,"rud_tenencia_poseedor":0,"rud_tenencia_no_informa":0,"rud_match_methods":"","rud_match_confidences":"","has_rud_match":false}},{"type":"Feature","geometry":{"type":"Point","coordinates":[-76.5458971,3.4084815]},"properties":{"place_id":"5be06d5a-9255-4fa8-ae70-002c877ded6c","place_report_count":0,"worst_collapse_type":null,"place_has_arcgis_id":false,"evaluation_count":3,"evaluation_ids_count":3,"barrio":"Fundadores","nivel_dano_max":"alto","severidad_max":"medio_alto","habitabilidad_codigos":"i2","recomendaciones":"demoler, evacuar_total, intervencion, restringir_peatones, seguimiento","evaluaciones_adicionales":"estructural","usos":"residencial","sistema_estructural":"porticos","material":"conc_no_arr","epoca_construccion":"antes_1984","estado_conservacion":"regular","calidad_diseno":"bueno","ocupantes_max":36,"heridos_max":null,"muertos_max":null,"gps_accuracy_median":null,"rud_records":9,"rud_households":3,"rud_addresses":1,"rud_women":7,"rud_minors":0,"rud_older65":1,"rud_afro":0,"rud_indigenous":0,"rud_estado_averiado":5,"rud_estado_no_habitable":4,"rud_estado_habitable":0,"rud_estado_destruido":0,"rud_estado_no_informa":0,"rud_tenencia_propietario":5,"rud_tenencia_arrendatario":4,"rud_tenencia_ocupante":0,"rud_tenencia_poseedor":0,"rud_tenencia_no_informa":0,"rud_match_methods":"direccion_normalizada","rud_match_confidences":"alta","has_rud_match":true}},{"type":"Feature","geometry":{"type":"Point","coordinates":[-76.5498793874094,3.40859264778466]},"properties":{"place_id":"e45575b6-68ed-4938-a757-b68c289450bd","place_report_count":1,"worst_collapse_type":"B","place_has_arcgis_id":false,"evaluation_count":1,"evaluation_ids_count":1,"barrio":"Limonar","nivel_dano_max":"alto","severidad_max":"medio_alto","habitabilidad_codigos":"i2","recomendaciones":"demoler, evacuar_total, evacuar_vecinas, monitoreo, restringir_peatones","evaluaciones_adicionales":"estructural","usos":"comercial, residencial","sistema_estructural":"porticos","material":"conc_no_arr","epoca_construccion":"1984_1997","estado_conservacion":"regular","calidad_diseno":"regular","ocupantes_max":80,"heridos_max":null,"muertos_max":null,"gps_accuracy_median":null,"rud_records":0,"rud_households":0,"rud_addresses":0,"rud_women":0,"rud_minors":0,"rud_older65":0,"rud_afro":0,"rud_indigenous":0,"rud_estado_averiado":0,"rud_estado_no_habitable":0,"rud_estado_habitable":0,"rud_estado_destruido":0,"rud_estado_no_informa":0,"rud_tenencia_propietario":0,"rud_tenencia_arrendatario":0,"rud_tenencia_ocupante":0,"rud_tenencia_poseedor":0,"rud_tenencia_no_informa":0,"rud_match_methods":"","rud_match_confidences":"","has_rud_match":false}},{"type":"Feature","geometry":{"type":"Point","coordinates":[-76.5496834,3.4086199]},"properties":{"place_id":"9a4dc82b-9552-4400-85e5-dd75036deaab","place_report_count":0,"worst_collapse_type":null,"place_has_arcgis_id":true,"evaluation_count":1,"evaluation_ids_count":1,"barrio":"Guadalupe","nivel_dano_max":"bajo","severidad_max":"medio","habitabilidad_codigos":"r1","recomendaciones":"evacuar_parcial, restringir_vehiculos, seguimiento","evaluaciones_adicionales":"estructural","usos":"","sistema_estructural":"","material":"","epoca_construccion":"","estado_conservacion":"","calidad_diseno":"","ocupantes_max":null,"heridos_max":null,"muertos_max":null,"gps_accuracy_median":9.14,"rud_records":0,"rud_households":0,"rud_addresses":0,"rud_women":0,"rud_minors":0,"rud_older65":0,"rud_afro":0,"rud_indigenous":0,"rud_estado_averiado":0,"rud_estado_no_habitable":0,"rud_estado_habitable":0,"rud_estado_destruido":0,"rud_estado_no_informa":0,"rud_tenencia_propietario":0,"rud_tenencia_arrendatario":0,"rud_tenencia_ocupante":0,"rud_tenencia_poseedor":0,"rud_tenencia_no_informa":0,"rud_match_methods":"","rud_match_confidences":"","has_rud_match":false}},{"type":"Feature","geometry":{"type":"Point","coordinates":[-76.5485839,3.4088525]},"properties":{"place_id":"eb2d3c93-5cd4-4dd4-a31c-3fbe106ab690","place_report_count":0,"worst_collapse_type":"B","place_has_arcgis_id":true,"evaluation_count":1,"evaluation_ids_count":1,"barrio":"Cuarto de legua","nivel_dano_max":"medio","severidad_max":"medio","habitabilidad_codigos":"r2","recomendaciones":"aislamiento, apuntalar, demoler, restringir_peatones, restringir_vehiculos","evaluaciones_adicionales":"estructural","usos":"residencial","sistema_estructural":"dual","material":"concreto_dual","epoca_construccion":"despues_2010","estado_conservacion":"regular","calidad_diseno":"regular","ocupantes_max":68,"heridos_max":0,"muertos_max":0,"gps_accuracy_median":9.55,"rud_records":16,"rud_households":10,"rud_addresses":5,"rud_women":6,"rud_minors":2,"rud_older65":3,"rud_afro":0,"rud_indigenous":0,"rud_estado_averiado":0,"rud_estado_no_habitable":15,"rud_estado_habitable":0,"rud_estado_destruido":1,"rud_estado_no_informa":0,"rud_tenencia_propietario":14,"rud_tenencia_arrendatario":2,"rud_tenencia_ocupante":0,"rud_tenencia_poseedor":0,"rud_tenencia_no_informa":0,"rud_match_methods":"direccion_normalizada, nomenclatura_sector","rud_match_confidences":"alta, media","has_rud_match":true}},{"type":"Feature","geometry":{"type":"Point","coordinates":[-76.546348,3.408956]},"properties":{"place_id":"9090d1d9-6ba0-4d79-b840-649873767493","place_report_count":2,"worst_collapse_type":"B","place_has_arcgis_id":false,"evaluation_count":0,"evaluation_ids_count":0,"barrio":"","nivel_dano_max":null,"severidad_max":null,"habitabilidad_codigos":"","recomendaciones":"","evaluaciones_adicionales":"","usos":"","sistema_estructural":"","material":"","epoca_construccion":"","estado_conservacion":"","calidad_diseno":"","ocupantes_max":null,"heridos_max":null,"muertos_max":null,"gps_accuracy_median":null,"rud_records":0,"rud_households":0,"rud_addresses":0,"rud_women":0,"rud_minors":0,"rud_older65":0,"rud_afro":0,"rud_indigenous":0,"rud_estado_averiado":0,"rud_estado_no_habitable":0,"rud_estado_habitable":0,"rud_estado_destruido":0,"rud_estado_no_informa":0,"rud_tenencia_propietario":0,"rud_tenencia_arrendatario":0,"rud_tenencia_ocupante":0,"rud_tenencia_poseedor":0,"rud_tenencia_no_informa":0,"rud_match_methods":"","rud_match_confidences":"","has_rud_match":false}},{"type":"Feature","geometry":{"type":"Point","coordinates":[-76.5487921,3.4090251]},"properties":{"place_id":"9820e547-05c7-4b7f-b9ce-3440f54808fc","place_report_count":1,"worst_collapse_type":"B","place_has_arcgis_id":false,"evaluation_count":0,"evaluation_ids_count":0,"barrio":"","nivel_dano_max":null,"severidad_max":null,"habitabilidad_codigos":"","recomendaciones":"","evaluaciones_adicionales":"","usos":"","sistema_estructural":"","material":"","epoca_construccion":"","estado_conservacion":"","calidad_diseno":"","ocupantes_max":null,"heridos_max":null,"muertos_max":null,"gps_accuracy_median":null,"rud_records":0,"rud_households":0,"rud_addresses":0,"rud_women":0,"rud_minors":0,"rud_older65":0,"rud_afro":0,"rud_indigenous":0,"rud_estado_averiado":0,"rud_estado_no_habitable":0,"rud_estado_habitable":0,"rud_estado_destruido":0,"rud_estado_no_informa":0,"rud_tenencia_propietario":0,"rud_tenencia_arrendatario":0,"rud_tenencia_ocupante":0,"rud_tenencia_poseedor":0,"rud_tenencia_no_informa":0,"rud_match_methods":"","rud_match_confidences":"","has_rud_match":false}},{"type":"Feature","geometry":{"type":"Point","coordinates":[-76.54946300000002,3.4090289]},"properties":{"place_id":"2e61df70-e89c-46b3-b380-58944d48a9c1","place_report_count":6,"worst_collapse_type":"B","place_has_arcgis_id":false,"evaluation_count":0,"evaluation_ids_count":0,"barrio":"","nivel_dano_max":null,"severidad_max":null,"habitabilidad_codigos":"","recomendaciones":"","evaluaciones_adicionales":"","usos":"","sistema_estructural":"","material":"","epoca_construccion":"","estado_conservacion":"","calidad_diseno":"","ocupantes_max":null,"heridos_max":null,"muertos_max":null,"gps_accuracy_median":null,"rud_records":0,"rud_households":0,"rud_addresses":0,"rud_women":0,"rud_minors":0,"rud_older65":0,"rud_afro":0,"rud_indigenous":0,"rud_estado_averiado":0,"rud_estado_no_habitable":0,"rud_estado_habitable":0,"rud_estado_destruido":0,"rud_estado_no_informa":0,"rud_tenencia_propietario":0,"rud_tenencia_arrendatario":0,"rud_tenencia_ocupante":0,"rud_tenencia_poseedor":0,"rud_tenencia_no_informa":0,"rud_match_methods":"","rud_match_confidences":"","has_rud_match":false}},{"type":"Feature","geometry":{"type":"Point","coordinates":[-76.5494816,3.4091152]},"properties":{"place_id":"33ccfdcf-cded-45a6-8d51-d962d3514ba8","place_report_count":1,"worst_collapse_type":"B","place_has_arcgis_id":false,"evaluation_count":0,"evaluation_ids_count":0,"barrio":"","nivel_dano_max":null,"severidad_max":null,"habitabilidad_codigos":"","recomendaciones":"","evaluaciones_adicionales":"","usos":"","sistema_estructural":"","material":"","epoca_construccion":"","estado_conservacion":"","calidad_diseno":"","ocupantes_max":null,"heridos_max":null,"muertos_max":null,"gps_accuracy_median":null,"rud_records":0,"rud_households":0,"rud_addresses":0,"rud_women":0,"rud_minors":0,"rud_older65":0,"rud_afro":0,"rud_indigenous":0,"rud_estado_averiado":0,"rud_estado_no_habitable":0,"rud_estado_habitable":0,"rud_estado_destruido":0,"rud_estado_no_informa":0,"rud_tenencia_propietario":0,"rud_tenencia_arrendatario":0,"rud_tenencia_ocupante":0,"rud_tenencia_poseedor":0,"rud_tenencia_no_informa":0,"rud_match_methods":"","rud_match_confidences":"","has_rud_match":false}},{"type":"Feature","geometry":{"type":"Point","coordinates":[-76.5505085,3.409412]},"properties":{"place_id":"bbf9529f-60d5-454a-af1a-513bbde0e943","place_report_count":0,"worst_collapse_type":null,"place_has_arcgis_id":true,"evaluation_count":1,"evaluation_ids_count":1,"barrio":"Guadalupe","nivel_dano_max":"alto","severidad_max":"alto","habitabilidad_codigos":"i2","recomendaciones":"apuntalar, evacuar_parcial, monitoreo","evaluaciones_adicionales":"estructural","usos":"residencial","sistema_estructural":"porticos","material":"conc_prefab_p","epoca_construccion":"1998_2010","estado_conservacion":"regular","calidad_diseno":"regular","ocupantes_max":350,"heridos_max":null,"muertos_max":null,"gps_accuracy_median":9.65,"rud_records":0,"rud_households":0,"rud_addresses":0,"rud_women":0,"rud_minors":0,"rud_older65":0,"rud_afro":0,"rud_indigenous":0,"rud_estado_averiado":0,"rud_estado_no_habitable":0,"rud_estado_habitable":0,"rud_estado_destruido":0,"rud_estado_no_informa":0,"rud_tenencia_propietario":0,"rud_tenencia_arrendatario":0,"rud_tenencia_ocupante":0,"rud_tenencia_poseedor":0,"rud_tenencia_no_informa":0,"rud_match_methods":"","rud_match_confidences":"","has_rud_match":false}},{"type":"Feature","geometry":{"type":"Point","coordinates":[-76.5505690114091,3.40955574910219]},"properties":{"place_id":"f154b7ec-9521-4f79-a73b-c3dd87e67694","place_report_count":1,"worst_collapse_type":"B","place_has_arcgis_id":false,"evaluation_count":1,"evaluation_ids_count":1,"barrio":"Cuarto de legua","nivel_dano_max":"alto","severidad_max":"medio_alto","habitabilidad_codigos":"i2","recomendaciones":"apuntalar, demoler, evacuar_total, monitoreo","evaluaciones_adicionales":"estructural","usos":"residencial","sistema_estructural":"porticos","material":"conc_no_arr","epoca_construccion":"1984_1997","estado_conservacion":"regular","calidad_diseno":"bueno","ocupantes_max":180,"heridos_max":null,"muertos_max":null,"gps_accuracy_median":null,"rud_records":0,"rud_households":0,"rud_addresses":0,"rud_women":0,"rud_minors":0,"rud_older65":0,"rud_afro":0,"rud_indigenous":0,"rud_estado_averiado":0,"rud_estado_no_habitable":0,"rud_estado_habitable":0,"rud_estado_destruido":0,"rud_estado_no_informa":0,"rud_tenencia_propietario":0,"rud_tenencia_arrendatario":0,"rud_tenencia_ocupante":0,"rud_tenencia_poseedor":0,"rud_tenencia_no_informa":0,"rud_match_methods":"","rud_match_confidences":"","has_rud_match":false}},{"type":"Feature","geometry":{"type":"Point","coordinates":[-76.5502505,3.4096075]},"properties":{"place_id":"596d2e77-7955-4863-95fb-0d091274d5f9","place_report_count":0,"worst_collapse_type":"B","place_has_arcgis_id":true,"evaluation_count":1,"evaluation_ids_count":1,"barrio":"Cali","nivel_dano_max":"medio","severidad_max":"medio_alto","habitabilidad_codigos":"r2","recomendaciones":"","evaluaciones_adicionales":"","usos":"residencial","sistema_estructural":"porticos","material":"conc_no_arr","epoca_construccion":"despues_2010","estado_conservacion":"regular","calidad_diseno":"malo","ocupantes_max":100,"heridos_max":null,"muertos_max":null,"gps_accuracy_median":7.03,"rud_records":27,"rud_households":12,"rud_addresses":3,"rud_women":13,"rud_minors":6,"rud_older65":4,"rud_afro":0,"rud_indigenous":0,"rud_estado_averiado":0,"rud_estado_no_habitable":27,"rud_estado_habitable":0,"rud_estado_destruido":0,"rud_estado_no_informa":0,"rud_tenencia_propietario":5,"rud_tenencia_arrendatario":22,"rud_tenencia_ocupante":0,"rud_tenencia_poseedor":0,"rud_tenencia_no_informa":0,"rud_match_methods":"direccion_normalizada, nomenclatura_sector","rud_match_confidences":"alta, media","has_rud_match":true}},{"type":"Feature","geometry":{"type":"Point","coordinates":[-76.5497404879267,3.40970406623408]},"properties":{"place_id":"3050aebf-1b57-4f5a-91bb-0d9dda39a3c5","place_report_count":0,"worst_collapse_type":"A","place_has_arcgis_id":false,"evaluation_count":1,"evaluation_ids_count":1,"barrio":"Cali","nivel_dano_max":"alto","severidad_max":"alto","habitabilidad_codigos":"i2","recomendaciones":"evacuar_total","evaluaciones_adicionales":"otra","usos":"residencial","sistema_estructural":"porticos","material":"conc_no_arr","epoca_construccion":"1998_2010","estado_conservacion":"bueno","calidad_diseno":"bueno","ocupantes_max":200,"heridos_max":0,"muertos_max":5,"gps_accuracy_median":7.05,"rud_records":53,"rud_households":29,"rud_addresses":1,"rud_women":33,"rud_minors":3,"rud_older65":15,"rud_afro":1,"rud_indigenous":0,"rud_estado_averiado":7,"rud_estado_no_habitable":7,"rud_estado_habitable":0,"rud_estado_destruido":39,"rud_estado_no_informa":0,"rud_tenencia_propietario":40,"rud_tenencia_arrendatario":13,"rud_tenencia_ocupante":0,"rud_tenencia_poseedor":0,"rud_tenencia_no_informa":0,"rud_match_methods":"direccion_normalizada","rud_match_confidences":"alta","has_rud_match":true}},{"type":"Feature","geometry":{"type":"Point","coordinates":[-76.5531397,3.4099408]},"properties":{"place_id":"2dbc735a-6814-48cc-bae8-89a1e850bf55","place_report_count":1,"worst_collapse_type":"B","place_has_arcgis_id":false,"evaluation_count":0,"evaluation_ids_count":0,"barrio":"","nivel_dano_max":null,"severidad_max":null,"habitabilidad_codigos":"","recomendaciones":"","evaluaciones_adicionales":"","usos":"","sistema_estructural":"","material":"","epoca_construccion":"","estado_conservacion":"","calidad_diseno":"","ocupantes_max":null,"heridos_max":null,"muertos_max":null,"gps_accuracy_median":null,"rud_records":0,"rud_households":0,"rud_addresses":0,"rud_women":0,"rud_minors":0,"rud_older65":0,"rud_afro":0,"rud_indigenous":0,"rud_estado_averiado":0,"rud_estado_no_habitable":0,"rud_estado_habitable":0,"rud_estado_destruido":0,"rud_estado_no_informa":0,"rud_tenencia_propietario":0,"rud_tenencia_arrendatario":0,"rud_tenencia_ocupante":0,"rud_tenencia_poseedor":0,"rud_tenencia_no_informa":0,"rud_match_methods":"","rud_match_confidences":"","has_rud_match":false}},{"type":"Feature","geometry":{"type":"Point","coordinates":[-76.553422,3.4099711]},"properties":{"place_id":"44d34f89-9221-4f5f-845d-414c7fdc2d9e","place_report_count":1,"worst_collapse_type":"B","place_has_arcgis_id":false,"evaluation_count":0,"evaluation_ids_count":0,"barrio":"","nivel_dano_max":null,"severidad_max":null,"habitabilidad_codigos":"","recomendaciones":"","evaluaciones_adicionales":"","usos":"","sistema_estructural":"","material":"","epoca_construccion":"","estado_conservacion":"","calidad_diseno":"","ocupantes_max":null,"heridos_max":null,"muertos_max":null,"gps_accuracy_median":null,"rud_records":0,"rud_households":0,"rud_addresses":0,"rud_women":0,"rud_minors":0,"rud_older65":0,"rud_afro":0,"rud_indigenous":0,"rud_estado_averiado":0,"rud_estado_no_habitable":0,"rud_estado_habitable":0,"rud_estado_destruido":0,"rud_estado_no_informa":0,"rud_tenencia_propietario":0,"rud_tenencia_arrendatario":0,"rud_tenencia_ocupante":0,"rud_tenencia_poseedor":0,"rud_tenencia_no_informa":0,"rud_match_methods":"","rud_match_confidences":"","has_rud_match":false}},{"type":"Feature","geometry":{"type":"Point","coordinates":[-76.5535577,3.41011]},"properties":{"place_id":"3c96276c-6890-4bfa-a526-ebe2b31b8418","place_report_count":1,"worst_collapse_type":"B","place_has_arcgis_id":true,"evaluation_count":2,"evaluation_ids_count":2,"barrio":"Cuarto  de Legua","nivel_dano_max":"bajo","severidad_max":"sin_dano","habitabilidad_codigos":"r1","recomendaciones":"aislamiento","evaluaciones_adicionales":"","usos":"educativo","sistema_estructural":"dual","material":"concreto_dual","epoca_construccion":"antes_1984","estado_conservacion":"bueno","calidad_diseno":"bueno","ocupantes_max":350,"heridos_max":null,"muertos_max":null,"gps_accuracy_median":null,"rud_records":0,"rud_households":0,"rud_addresses":0,"rud_women":0,"rud_minors":0,"rud_older65":0,"rud_afro":0,"rud_indigenous":0,"rud_estado_averiado":0,"rud_estado_no_habitable":0,"rud_estado_habitable":0,"rud_estado_destruido":0,"rud_estado_no_informa":0,"rud_tenencia_propietario":0,"rud_tenencia_arrendatario":0,"rud_tenencia_ocupante":0,"rud_tenencia_poseedor":0,"rud_tenencia_no_informa":0,"rud_match_methods":"","rud_match_confidences":"","has_rud_match":false}},{"type":"Feature","geometry":{"type":"Point","coordinates":[-76.5398237,3.4104426]},"properties":{"place_id":"3563282e-1b8f-46ad-b8d3-bc02bc238c1f","place_report_count":0,"worst_collapse_type":null,"place_has_arcgis_id":false,"evaluation_count":1,"evaluation_ids_count":1,"barrio":"Panamericana","nivel_dano_max":"bajo","severidad_max":"medio","habitabilidad_codigos":"r1","recomendaciones":"","evaluaciones_adicionales":"estructural","usos":"comercial, residencial","sistema_estructural":"porticos","material":"conc_arr","epoca_construccion":"1984_1997","estado_conservacion":"bueno","calidad_diseno":"bueno","ocupantes_max":300,"heridos_max":null,"muertos_max":null,"gps_accuracy_median":4.3,"rud_records":17,"rud_households":8,"rud_addresses":1,"rud_women":10,"rud_minors":0,"rud_older65":8,"rud_afro":0,"rud_indigenous":0,"rud_estado_averiado":0,"rud_estado_no_habitable":17,"rud_estado_habitable":0,"rud_estado_destruido":0,"rud_estado_no_informa":0,"rud_tenencia_propietario":13,"rud_tenencia_arrendatario":4,"rud_tenencia_ocupante":0,"rud_tenencia_poseedor":0,"rud_tenencia_no_informa":0,"rud_match_methods":"direccion_normalizada","rud_match_confidences":"alta","has_rud_match":true}},{"type":"Feature","geometry":{"type":"Point","coordinates":[-76.5505103,3.4105356]},"properties":{"place_id":"eb3793a5-8d24-4588-83cf-9614271af657","place_report_count":0,"worst_collapse_type":null,"place_has_arcgis_id":true,"evaluation_count":2,"evaluation_ids_count":2,"barrio":"Guadalupe","nivel_dano_max":"bajo","severidad_max":"bajo","habitabilidad_codigos":"h","recomendaciones":"apuntalar, monitoreo, restringir_peatones, seguimiento","evaluaciones_adicionales":"estructural, otra","usos":"residencial","sistema_estructural":"porticos","material":"conc_prefab_p","epoca_construccion":"despues_2010","estado_conservacion":"bueno","calidad_diseno":"bueno","ocupantes_max":87,"heridos_max":null,"muertos_max":null,"gps_accuracy_median":20.75,"rud_records":0,"rud_households":0,"rud_addresses":0,"rud_women":0,"rud_minors":0,"rud_older65":0,"rud_afro":0,"rud_indigenous":0,"rud_estado_averiado":0,"rud_estado_no_habitable":0,"rud_estado_habitable":0,"rud_estado_destruido":0,"rud_estado_no_informa":0,"rud_tenencia_propietario":0,"rud_tenencia_arrendatario":0,"rud_tenencia_ocupante":0,"rud_tenencia_poseedor":0,"rud_tenencia_no_informa":0,"rud_match_methods":"","rud_match_confidences":"","has_rud_match":false}},{"type":"Feature","geometry":{"type":"Point","coordinates":[-76.5230038,3.4109627]},"properties":{"place_id":"a0ff5694-9cd6-4d50-8f49-454732ccb480","place_report_count":0,"worst_collapse_type":null,"place_has_arcgis_id":true,"evaluation_count":1,"evaluation_ids_count":1,"barrio":"San Judas","nivel_dano_max":"bajo","severidad_max":"bajo","habitabilidad_codigos":"h","recomendaciones":"restringir_peatones","evaluaciones_adicionales":"","usos":"educativo","sistema_estructural":"porticos","material":"conc_arr","epoca_construccion":"antes_1984","estado_conservacion":"bueno","calidad_diseno":"bueno","ocupantes_max":395,"heridos_max":null,"muertos_max":null,"gps_accuracy_median":9.94,"rud_records":0,"rud_households":0,"rud_addresses":0,"rud_women":0,"rud_minors":0,"rud_older65":0,"rud_afro":0,"rud_indigenous":0,"rud_estado_averiado":0,"rud_estado_no_habitable":0,"rud_estado_habitable":0,"rud_estado_destruido":0,"rud_estado_no_informa":0,"rud_tenencia_propietario":0,"rud_tenencia_arrendatario":0,"rud_tenencia_ocupante":0,"rud_tenencia_poseedor":0,"rud_tenencia_no_informa":0,"rud_match_methods":"","rud_match_confidences":"","has_rud_match":false}},{"type":"Feature","geometry":{"type":"Point","coordinates":[-76.5302966,3.411195]},"properties":{"place_id":"ebab44bb-95d7-4351-a945-0ffb3eb62f80","place_report_count":0,"worst_collapse_type":null,"place_has_arcgis_id":true,"evaluation_count":1,"evaluation_ids_count":1,"barrio":"Santo Domingo","nivel_dano_max":"bajo","severidad_max":"bajo","habitabilidad_codigos":"h","recomendaciones":"restringir_peatones","evaluaciones_adicionales":"","usos":"educativo","sistema_estructural":"porticos","material":"conc_no_arr","epoca_construccion":"antes_1984","estado_conservacion":"bueno","calidad_diseno":"bueno","ocupantes_max":356,"heridos_max":null,"muertos_max":null,"gps_accuracy_median":3.79,"rud_records":0,"rud_households":0,"rud_addresses":0,"rud_women":0,"rud_minors":0,"rud_older65":0,"rud_afro":0,"rud_indigenous":0,"rud_estado_averiado":0,"rud_estado_no_habitable":0,"rud_estado_habitable":0,"rud_estado_destruido":0,"rud_estado_no_informa":0,"rud_tenencia_propietario":0,"rud_tenencia_arrendatario":0,"rud_tenencia_ocupante":0,"rud_tenencia_poseedor":0,"rud_tenencia_no_informa":0,"rud_match_methods":"","rud_match_confidences":"","has_rud_match":false}},{"type":"Feature","geometry":{"type":"Point","coordinates":[-76.5509792,3.4115037]},"properties":{"place_id":"b6df39f5-a118-4298-99fa-1b02ab77168e","place_report_count":0,"worst_collapse_type":null,"place_has_arcgis_id":false,"evaluation_count":1,"evaluation_ids_count":1,"barrio":"Cuarto de legua","nivel_dano_max":"alto","severidad_max":"alto","habitabilidad_codigos":"i2","recomendaciones":"demoler, evacuar_total, restringir_peatones","evaluaciones_adicionales":"","usos":"reunion","sistema_estructural":"otro","material":"","epoca_construccion":"antes_1984","estado_conservacion":"malo","calidad_diseno":"","ocupantes_max":0,"heridos_max":null,"muertos_max":null,"gps_accuracy_median":null,"rud_records":0,"rud_households":0,"rud_addresses":0,"rud_women":0,"rud_minors":0,"rud_older65":0,"rud_afro":0,"rud_indigenous":0,"rud_estado_averiado":0,"rud_estado_no_habitable":0,"rud_estado_habitable":0,"rud_estado_destruido":0,"rud_estado_no_informa":0,"rud_tenencia_propietario":0,"rud_tenencia_arrendatario":0,"rud_tenencia_ocupante":0,"rud_tenencia_poseedor":0,"rud_tenencia_no_informa":0,"rud_match_methods":"","rud_match_confidences":"","has_rud_match":false}},{"type":"Feature","geometry":{"type":"Point","coordinates":[-76.5533437,3.4117303]},"properties":{"place_id":"a4cf214d-3c80-42dc-bfa4-0fff95742b54","place_report_count":1,"worst_collapse_type":null,"place_has_arcgis_id":false,"evaluation_count":3,"evaluation_ids_count":3,"barrio":"Altos de Santa Elena, Altos de Santa Helena, Bajo jordan","nivel_dano_max":"bajo","severidad_max":"medio","habitabilidad_codigos":"h","recomendaciones":"evacuar_parcial","evaluaciones_adicionales":"otra","usos":"residencial","sistema_estructural":"muros_carga","material":"concreto_mc","epoca_construccion":"despues_2010","estado_conservacion":"bueno","calidad_diseno":"bueno","ocupantes_max":60,"heridos_max":0,"muertos_max":0,"gps_accuracy_median":3.92,"rud_records":20,"rud_households":4,"rud_addresses":1,"rud_women":16,"rud_minors":7,"rud_older65":0,"rud_afro":0,"rud_indigenous":0,"rud_estado_averiado":0,"rud_estado_no_habitable":11,"rud_estado_habitable":9,"rud_estado_destruido":0,"rud_estado_no_informa":0,"rud_tenencia_propietario":20,"rud_tenencia_arrendatario":0,"rud_tenencia_ocupante":0,"rud_tenencia_poseedor":0,"rud_tenencia_no_informa":0,"rud_match_methods":"direccion_normalizada","rud_match_confidences":"alta","has_rud_match":true}},{"type":"Feature","geometry":{"type":"Point","coordinates":[-76.55326219,3.41187285]},"properties":{"place_id":"15cc8136-ed06-483b-b5ee-f73a0d27737f","place_report_count":1,"worst_collapse_type":"B","place_has_arcgis_id":false,"evaluation_count":3,"evaluation_ids_count":3,"barrio":"Calimio norte, Cambulos, Napoles","nivel_dano_max":"alto","severidad_max":"alto","habitabilidad_codigos":"i2, r1","recomendaciones":"aislamiento, apuntalar, demoler, evacuar_total, evacuar_vecinas, monitoreo, restringir_vehiculos","evaluaciones_adicionales":"otra","usos":"institucional, residencial","sistema_estructural":"muros_carga, porticos","material":"conc_no_arr, conc_prefab_mc, concreto_mc","epoca_construccion":"1984_1997, desconocida, despues_2010","estado_conservacion":"malo, regular","calidad_diseno":"bueno, malo","ocupantes_max":300,"heridos_max":0,"muertos_max":0,"gps_accuracy_median":7.14,"rud_records":81,"rud_households":31,"rud_addresses":25,"rud_women":43,"rud_minors":17,"rud_older65":6,"rud_afro":14,"rud_indigenous":1,"rud_estado_averiado":44,"rud_estado_no_habitable":28,"rud_estado_habitable":9,"rud_estado_destruido":0,"rud_estado_no_informa":0,"rud_tenencia_propietario":69,"rud_tenencia_arrendatario":12,"rud_tenencia_ocupante":0,"rud_tenencia_poseedor":0,"rud_tenencia_no_informa":0,"rud_match_methods":"nomenclatura_sector","rud_match_confidences":"media","has_rud_match":true}},{"type":"Feature","geometry":{"type":"Point","coordinates":[-76.5532716666667,3.411915]},"properties":{"place_id":"3aa47278-b714-4ef6-b378-3bf50dc3feac","place_report_count":1,"worst_collapse_type":"B","place_has_arcgis_id":false,"evaluation_count":6,"evaluation_ids_count":6,"barrio":"3 julio, El Limonar, Guayaquil, Napoles, Refugio. Comuna 19 Z 25, Santa Anita","nivel_dano_max":"alto","severidad_max":"alto","habitabilidad_codigos":"i1, i2, r1","recomendaciones":"apuntalar, demoler, desconectar, evacuar_parcial, evacuar_total, evacuar_vecinas, intervencion, monitoreo, restringir_peatones, restringir_vehiculos, seguimiento, vigilancia","evaluaciones_adicionales":"estructural, geotecnica, otra","usos":"comercial, residencial","sistema_estructural":"muros_carga, otro, porticos","material":"conc_arr, conc_no_arr, losa_columna, mamp_reforzada","epoca_construccion":"1984_1997, 1998_2010, despues_2010","estado_conservacion":"malo, regular","calidad_diseno":"bueno, malo, regular","ocupantes_max":150,"heridos_max":2,"muertos_max":0,"gps_accuracy_median":2.2,"rud_records":0,"rud_households":0,"rud_addresses":0,"rud_women":0,"rud_minors":0,"rud_older65":0,"rud_afro":0,"rud_indigenous":0,"rud_estado_averiado":0,"rud_estado_no_habitable":0,"rud_estado_habitable":0,"rud_estado_destruido":0,"rud_estado_no_informa":0,"rud_tenencia_propietario":0,"rud_tenencia_arrendatario":0,"rud_tenencia_ocupante":0,"rud_tenencia_poseedor":0,"rud_tenencia_no_informa":0,"rud_match_methods":"","rud_match_confidences":"","has_rud_match":false}},{"type":"Feature","geometry":{"type":"Point","coordinates":[-76.5531841,3.4119521]},"properties":{"place_id":"4bd75388-2a3d-4377-85e6-debfdca028d9","place_report_count":0,"worst_collapse_type":null,"place_has_arcgis_id":false,"evaluation_count":1,"evaluation_ids_count":1,"barrio":"Limonar","nivel_dano_max":"alto","severidad_max":"medio_alto","habitabilidad_codigos":"i2","recomendaciones":"aislamiento, apuntalar, demoler, evacuar_total, restringir_peatones","evaluaciones_adicionales":"otra","usos":"residencial","sistema_estructural":"dual","material":"conc_acero","epoca_construccion":"1984_1997","estado_conservacion":"regular","calidad_diseno":"bueno","ocupantes_max":256,"heridos_max":null,"muertos_max":null,"gps_accuracy_median":4.9,"rud_records":0,"rud_households":0,"rud_addresses":0,"rud_women":0,"rud_minors":0,"rud_older65":0,"rud_afro":0,"rud_indigenous":0,"rud_estado_averiado":0,"rud_estado_no_habitable":0,"rud_estado_habitable":0,"rud_estado_destruido":0,"rud_estado_no_informa":0,"rud_tenencia_propietario":0,"rud_tenencia_arrendatario":0,"rud_tenencia_ocupante":0,"rud_tenencia_poseedor":0,"rud_tenencia_no_informa":0,"rud_match_methods":"","rud_match_confidences":"","has_rud_match":false}},{"type":"Feature","geometry":{"type":"Point","coordinates":[-76.553336,3.4119534]},"properties":{"place_id":"75fe74d5-e46f-4fc2-b046-7993d713ba59","place_report_count":0,"worst_collapse_type":null,"place_has_arcgis_id":false,"evaluation_count":3,"evaluation_ids_count":3,"barrio":"Centro, Cuarto de Legua, San Fernando","nivel_dano_max":"alto","severidad_max":"alto","habitabilidad_codigos":"i1, i2","recomendaciones":"aislamiento, apuntalar, demoler, desconectar, evacuar_parcial, evacuar_total, evacuar_vecinas, monitoreo, restringir_peatones, restringir_vehiculos, vigilancia","evaluaciones_adicionales":"estructural, geotecnica","usos":"institucional, residencial","sistema_estructural":"dual, porticos","material":"conc_mamposteria, conc_no_arr","epoca_construccion":"1998_2010, antes_1984","estado_conservacion":"bueno, malo, regular","calidad_diseno":"bueno, regular","ocupantes_max":500,"heridos_max":0,"muertos_max":0,"gps_accuracy_median":7.31,"rud_records":5,"rud_households":1,"rud_addresses":1,"rud_women":3,"rud_minors":0,"rud_older65":1,"rud_afro":0,"rud_indigenous":0,"rud_estado_averiado":0,"rud_estado_no_habitable":5,"rud_estado_habitable":0,"rud_estado_destruido":0,"rud_estado_no_informa":0,"rud_tenencia_propietario":5,"rud_tenencia_arrendatario":0,"rud_tenencia_ocupante":0,"rud_tenencia_poseedor":0,"rud_tenencia_no_informa":0,"rud_match_methods":"direccion_normalizada","rud_match_confidences":"alta","has_rud_match":true}},{"type":"Feature","geometry":{"type":"Point","coordinates":[-76.5532395,3.4119619]},"properties":{"place_id":"1d13bf0c-420d-423d-93ef-31e21f99206c","place_report_count":0,"worst_collapse_type":null,"place_has_arcgis_id":false,"evaluation_count":2,"evaluation_ids_count":2,"barrio":"Lido, Uresa","nivel_dano_max":"alto","severidad_max":"alto","habitabilidad_codigos":"i2","recomendaciones":"apuntalar, demoler, desconectar, evacuar_total, evacuar_vecinas, intervencion, monitoreo, restringir_peatones","evaluaciones_adicionales":"estructural","usos":"residencial","sistema_estructural":"dual, porticos","material":"conc_no_arr, concreto_dual","epoca_construccion":"antes_1984","estado_conservacion":"malo, regular","calidad_diseno":"bueno, regular","ocupantes_max":22,"heridos_max":0,"muertos_max":0,"gps_accuracy_median":4.03,"rud_records":0,"rud_households":0,"rud_addresses":0,"rud_women":0,"rud_minors":0,"rud_older65":0,"rud_afro":0,"rud_indigenous":0,"rud_estado_averiado":0,"rud_estado_no_habitable":0,"rud_estado_habitable":0,"rud_estado_destruido":0,"rud_estado_no_informa":0,"rud_tenencia_propietario":0,"rud_tenencia_arrendatario":0,"rud_tenencia_ocupante":0,"rud_tenencia_poseedor":0,"rud_tenencia_no_informa":0,"rud_match_methods":"","rud_match_confidences":"","has_rud_match":false}},{"type":"Feature","geometry":{"type":"Point","coordinates":[-76.5536317,3.412505]},"properties":{"place_id":"2290641e-3a1d-432c-b5c4-cf7a512fe54d","place_report_count":0,"worst_collapse_type":null,"place_has_arcgis_id":false,"evaluation_count":1,"evaluation_ids_count":1,"barrio":"Cali","nivel_dano_max":"bajo","severidad_max":"medio_alto","habitabilidad_codigos":"h","recomendaciones":"restringir_peatones, seguimiento","evaluaciones_adicionales":"","usos":"institucional, salud","sistema_estructural":"dual","material":"concreto_dual","epoca_construccion":"1984_1997","estado_conservacion":"bueno","calidad_diseno":"bueno","ocupantes_max":1400,"heridos_max":null,"muertos_max":null,"gps_accuracy_median":2.0,"rud_records":0,"rud_households":0,"rud_addresses":0,"rud_women":0,"rud_minors":0,"rud_older65":0,"rud_afro":0,"rud_indigenous":0,"rud_estado_averiado":0,"rud_estado_no_habitable":0,"rud_estado_habitable":0,"rud_estado_destruido":0,"rud_estado_no_informa":0,"rud_tenencia_propietario":0,"rud_tenencia_arrendatario":0,"rud_tenencia_ocupante":0,"rud_tenencia_poseedor":0,"rud_tenencia_no_informa":0,"rud_match_methods":"","rud_match_confidences":"","has_rud_match":false}},{"type":"Feature","geometry":{"type":"Point","coordinates":[-76.5425158,3.4128146]},"properties":{"place_id":"e0cdc37b-0476-4650-8469-c4dbcaedad00","place_report_count":0,"worst_collapse_type":null,"place_has_arcgis_id":false,"evaluation_count":1,"evaluation_ids_count":1,"barrio":"Tequendama","nivel_dano_max":"alto","severidad_max":"alto","habitabilidad_codigos":"i2","recomendaciones":"","evaluaciones_adicionales":"estructural","usos":"residencial","sistema_estructural":"porticos","material":"conc_arr","epoca_construccion":"1984_1997","estado_conservacion":"regular","calidad_diseno":"bueno","ocupantes_max":140,"heridos_max":null,"muertos_max":null,"gps_accuracy_median":9.89,"rud_records":0,"rud_households":0,"rud_addresses":0,"rud_women":0,"rud_minors":0,"rud_older65":0,"rud_afro":0,"rud_indigenous":0,"rud_estado_averiado":0,"rud_estado_no_habitable":0,"rud_estado_habitable":0,"rud_estado_destruido":0,"rud_estado_no_informa":0,"rud_tenencia_propietario":0,"rud_tenencia_arrendatario":0,"rud_tenencia_ocupante":0,"rud_tenencia_poseedor":0,"rud_tenencia_no_informa":0,"rud_match_methods":"","rud_match_confidences":"","has_rud_match":false}},{"type":"Feature","geometry":{"type":"Point","coordinates":[-76.5373234477211,3.41334226767262]},"properties":{"place_id":"07f84c2d-3f5a-40a2-a553-254db7a8ca42","place_report_count":1,"worst_collapse_type":"B","place_has_arcgis_id":false,"evaluation_count":1,"evaluation_ids_count":1,"barrio":"DEPARTAMENTAL","nivel_dano_max":"medio","severidad_max":"medio","habitabilidad_codigos":"i2","recomendaciones":"evacuar_parcial, monitoreo","evaluaciones_adicionales":"estructural","usos":"residencial","sistema_estructural":"porticos","material":"conc_no_arr","epoca_construccion":"1984_1997","estado_conservacion":"regular","calidad_diseno":"regular","ocupantes_max":20,"heridos_max":null,"muertos_max":null,"gps_accuracy_median":9.26,"rud_records":0,"rud_households":0,"rud_addresses":0,"rud_women":0,"rud_minors":0,"rud_older65":0,"rud_afro":0,"rud_indigenous":0,"rud_estado_averiado":0,"rud_estado_no_habitable":0,"rud_estado_habitable":0,"rud_estado_destruido":0,"rud_estado_no_informa":0,"rud_tenencia_propietario":0,"rud_tenencia_arrendatario":0,"rud_tenencia_ocupante":0,"rud_tenencia_poseedor":0,"rud_tenencia_no_informa":0,"rud_match_methods":"","rud_match_confidences":"","has_rud_match":false}},{"type":"Feature","geometry":{"type":"Point","coordinates":[-76.5517913,3.413393]},"properties":{"place_id":"0ee4c121-f6e8-496d-8b9b-132cfe7865bf","place_report_count":0,"worst_collapse_type":null,"place_has_arcgis_id":false,"evaluation_count":1,"evaluation_ids_count":1,"barrio":"Cuarto de legua","nivel_dano_max":"medio","severidad_max":"medio_alto","habitabilidad_codigos":"i3","recomendaciones":"demoler, evacuar_parcial, restringir_peatones","evaluaciones_adicionales":"estructural","usos":"reunion","sistema_estructural":"otro","material":"","epoca_construccion":"antes_1984","estado_conservacion":"bueno","calidad_diseno":"bueno","ocupantes_max":12000,"heridos_max":null,"muertos_max":null,"gps_accuracy_median":null,"rud_records":0,"rud_households":0,"rud_addresses":0,"rud_women":0,"rud_minors":0,"rud_older65":0,"rud_afro":0,"rud_indigenous":0,"rud_estado_averiado":0,"rud_estado_no_habitable":0,"rud_estado_habitable":0,"rud_estado_destruido":0,"rud_estado_no_informa":0,"rud_tenencia_propietario":0,"rud_tenencia_arrendatario":0,"rud_tenencia_ocupante":0,"rud_tenencia_poseedor":0,"rud_tenencia_no_informa":0,"rud_match_methods":"","rud_match_confidences":"","has_rud_match":false}},{"type":"Feature","geometry":{"type":"Point","coordinates":[-76.5414149,3.4136154]},"properties":{"place_id":"9ffef242-5b38-4f45-b757-05a4da26aa1b","place_report_count":0,"worst_collapse_type":null,"place_has_arcgis_id":false,"evaluation_count":1,"evaluation_ids_count":1,"barrio":"Nueva Tequendama","nivel_dano_max":"alto","severidad_max":"medio_alto","habitabilidad_codigos":"i2","recomendaciones":"apuntalar, demoler, evacuar_parcial, seguimiento, vigilancia","evaluaciones_adicionales":"otra","usos":"residencial","sistema_estructural":"porticos","material":"conc_arr","epoca_construccion":"1984_1997","estado_conservacion":"regular","calidad_diseno":"bueno","ocupantes_max":300,"heridos_max":0,"muertos_max":0,"gps_accuracy_median":7.9,"rud_records":88,"rud_households":38,"rud_addresses":33,"rud_women":60,"rud_minors":9,"rud_older65":26,"rud_afro":4,"rud_indigenous":0,"rud_estado_averiado":0,"rud_estado_no_habitable":78,"rud_estado_habitable":10,"rud_estado_destruido":0,"rud_estado_no_informa":0,"rud_tenencia_propietario":64,"rud_tenencia_arrendatario":24,"rud_tenencia_ocupante":0,"rud_tenencia_poseedor":0,"rud_tenencia_no_informa":0,"rud_match_methods":"nomenclatura_sector","rud_match_confidences":"media","has_rud_match":true}},{"type":"Feature","geometry":{"type":"Point","coordinates":[-76.5409939,3.4140456]},"properties":{"place_id":"911c103e-c1de-4661-8085-1a8d45882327","place_report_count":0,"worst_collapse_type":null,"place_has_arcgis_id":true,"evaluation_count":1,"evaluation_ids_count":1,"barrio":"Nueva Tequendama","nivel_dano_max":"medio","severidad_max":"medio_alto","habitabilidad_codigos":"r2","recomendaciones":"demoler, evacuar_parcial, monitoreo, vigilancia","evaluaciones_adicionales":"estructural","usos":"residencial","sistema_estructural":"dual","material":"concreto_dual","epoca_construccion":"1984_1997","estado_conservacion":"bueno","calidad_diseno":"bueno","ocupantes_max":255,"heridos_max":2,"muertos_max":1,"gps_accuracy_median":3.79,"rud_records":199,"rud_households":90,"rud_addresses":79,"rud_women":115,"rud_minors":23,"rud_older65":61,"rud_afro":1,"rud_indigenous":1,"rud_estado_averiado":0,"rud_estado_no_habitable":190,"rud_estado_habitable":0,"rud_estado_destruido":9,"rud_estado_no_informa":0,"rud_tenencia_propietario":141,"rud_tenencia_arrendatario":57,"rud_tenencia_ocupante":1,"rud_tenencia_poseedor":0,"rud_tenencia_no_informa":0,"rud_match_methods":"direccion_normalizada, nomenclatura_sector","rud_match_confidences":"alta, media","has_rud_match":true}},{"type":"Feature","geometry":{"type":"Point","coordinates":[-76.5370602,3.414221]},"properties":{"place_id":"3bec51ec-83e2-4801-8078-53ea3eadf992","place_report_count":1,"worst_collapse_type":null,"place_has_arcgis_id":false,"evaluation_count":1,"evaluation_ids_count":1,"barrio":"Departamental","nivel_dano_max":"bajo","severidad_max":"bajo","habitabilidad_codigos":"h","recomendaciones":"monitoreo","evaluaciones_adicionales":"otra","usos":"residencial","sistema_estructural":"porticos","material":"conc_no_arr","epoca_construccion":"1984_1997","estado_conservacion":"bueno","calidad_diseno":"bueno","ocupantes_max":20,"heridos_max":null,"muertos_max":null,"gps_accuracy_median":3.76,"rud_records":0,"rud_households":0,"rud_addresses":0,"rud_women":0,"rud_minors":0,"rud_older65":0,"rud_afro":0,"rud_indigenous":0,"rud_estado_averiado":0,"rud_estado_no_habitable":0,"rud_estado_habitable":0,"rud_estado_destruido":0,"rud_estado_no_informa":0,"rud_tenencia_propietario":0,"rud_tenencia_arrendatario":0,"rud_tenencia_ocupante":0,"rud_tenencia_poseedor":0,"rud_tenencia_no_informa":0,"rud_match_methods":"","rud_match_confidences":"","has_rud_match":false}},{"type":"Feature","geometry":{"type":"Point","coordinates":[-76.5386844,3.4146652]},"properties":{"place_id":"8dcd92bb-d81a-4327-b937-90fe33b3850f","place_report_count":0,"worst_collapse_type":null,"place_has_arcgis_id":false,"evaluation_count":1,"evaluation_ids_count":1,"barrio":"Barrio departamental","nivel_dano_max":"bajo","severidad_max":"medio","habitabilidad_codigos":"r1","recomendaciones":"","evaluaciones_adicionales":"","usos":"salud","sistema_estructural":"porticos","material":"conc_no_arr","epoca_construccion":"antes_1984","estado_conservacion":"bueno","calidad_diseno":"bueno","ocupantes_max":null,"heridos_max":null,"muertos_max":null,"gps_accuracy_median":4.09,"rud_records":0,"rud_households":0,"rud_addresses":0,"rud_women":0,"rud_minors":0,"rud_older65":0,"rud_afro":0,"rud_indigenous":0,"rud_estado_averiado":0,"rud_estado_no_habitable":0,"rud_estado_habitable":0,"rud_estado_destruido":0,"rud_estado_no_informa":0,"rud_tenencia_propietario":0,"rud_tenencia_arrendatario":0,"rud_tenencia_ocupante":0,"rud_tenencia_poseedor":0,"rud_tenencia_no_informa":0,"rud_match_methods":"","rud_match_confidences":"","has_rud_match":false}},{"type":"Feature","geometry":{"type":"Point","coordinates":[-76.536344,3.4146693]},"properties":{"place_id":"a94cebd2-a01e-471a-9563-01ca89d279d6","place_report_count":1,"worst_collapse_type":null,"place_has_arcgis_id":false,"evaluation_count":1,"evaluation_ids_count":1,"barrio":"DEPARTAMENTAL","nivel_dano_max":"bajo","severidad_max":"bajo","habitabilidad_codigos":"h","recomendaciones":"","evaluaciones_adicionales":"","usos":"residencial","sistema_estructural":"muros_carga","material":"mamp_confinada","epoca_construccion":"antes_1984","estado_conservacion":"bueno","calidad_diseno":"bueno","ocupantes_max":0,"heridos_max":null,"muertos_max":null,"gps_accuracy_median":5.85,"rud_records":0,"rud_households":0,"rud_addresses":0,"rud_women":0,"rud_minors":0,"rud_older65":0,"rud_afro":0,"rud_indigenous":0,"rud_estado_averiado":0,"rud_estado_no_habitable":0,"rud_estado_habitable":0,"rud_estado_destruido":0,"rud_estado_no_informa":0,"rud_tenencia_propietario":0,"rud_tenencia_arrendatario":0,"rud_tenencia_ocupante":0,"rud_tenencia_poseedor":0,"rud_tenencia_no_informa":0,"rud_match_methods":"","rud_match_confidences":"","has_rud_match":false}},{"type":"Feature","geometry":{"type":"Point","coordinates":[-76.5365971,3.4150663]},"properties":{"place_id":"574fa7a8-7823-4fde-8376-e0a7c97f3945","place_report_count":1,"worst_collapse_type":null,"place_has_arcgis_id":false,"evaluation_count":1,"evaluation_ids_count":1,"barrio":"Departamental","nivel_dano_max":"medio","severidad_max":"medio","habitabilidad_codigos":"r1","recomendaciones":"","evaluaciones_adicionales":"","usos":"residencial","sistema_estructural":"dual","material":"concreto_dual","epoca_construccion":"despues_2010","estado_conservacion":"bueno","calidad_diseno":"bueno","ocupantes_max":6,"heridos_max":null,"muertos_max":null,"gps_accuracy_median":4.44,"rud_records":0,"rud_households":0,"rud_addresses":0,"rud_women":0,"rud_minors":0,"rud_older65":0,"rud_afro":0,"rud_indigenous":0,"rud_estado_averiado":0,"rud_estado_no_habitable":0,"rud_estado_habitable":0,"rud_estado_destruido":0,"rud_estado_no_informa":0,"rud_tenencia_propietario":0,"rud_tenencia_arrendatario":0,"rud_tenencia_ocupante":0,"rud_tenencia_poseedor":0,"rud_tenencia_no_informa":0,"rud_match_methods":"","rud_match_confidences":"","has_rud_match":false}},{"type":"Feature","geometry":{"type":"Point","coordinates":[-76.5512492,3.4151196]},"properties":{"place_id":"24228586-7e48-44b8-99ab-84e51c187839","place_report_count":1,"worst_collapse_type":"B","place_has_arcgis_id":false,"evaluation_count":0,"evaluation_ids_count":0,"barrio":"","nivel_dano_max":null,"severidad_max":null,"habitabilidad_codigos":"","recomendaciones":"","evaluaciones_adicionales":"","usos":"","sistema_estructural":"","material":"","epoca_construccion":"","estado_conservacion":"","calidad_diseno":"","ocupantes_max":null,"heridos_max":null,"muertos_max":null,"gps_accuracy_median":null,"rud_records":0,"rud_households":0,"rud_addresses":0,"rud_women":0,"rud_minors":0,"rud_older65":0,"rud_afro":0,"rud_indigenous":0,"rud_estado_averiado":0,"rud_estado_no_habitable":0,"rud_estado_habitable":0,"rud_estado_destruido":0,"rud_estado_no_informa":0,"rud_tenencia_propietario":0,"rud_tenencia_arrendatario":0,"rud_tenencia_ocupante":0,"rud_tenencia_poseedor":0,"rud_tenencia_no_informa":0,"rud_match_methods":"","rud_match_confidences":"","has_rud_match":false}},{"type":"Feature","geometry":{"type":"Point","coordinates":[-76.5407272,3.4151964]},"properties":{"place_id":"4636a6a0-bda5-4f56-88d4-d5feb9dc940c","place_report_count":0,"worst_collapse_type":null,"place_has_arcgis_id":true,"evaluation_count":1,"evaluation_ids_count":1,"barrio":"Nuevo tequendama","nivel_dano_max":"bajo","severidad_max":"bajo","habitabilidad_codigos":"r1","recomendaciones":"demoler","evaluaciones_adicionales":"estructural","usos":"residencial","sistema_estructural":"dual","material":"concreto_dual","epoca_construccion":"1984_1997","estado_conservacion":"bueno","calidad_diseno":"bueno","ocupantes_max":null,"heridos_max":0,"muertos_max":0,"gps_accuracy_median":3.79,"rud_records":4,"rud_households":1,"rud_addresses":1,"rud_women":3,"rud_minors":0,"rud_older65":0,"rud_afro":0,"rud_indigenous":0,"rud_estado_averiado":0,"rud_estado_no_habitable":4,"rud_estado_habitable":0,"rud_estado_destruido":0,"rud_estado_no_informa":0,"rud_tenencia_propietario":0,"rud_tenencia_arrendatario":4,"rud_tenencia_ocupante":0,"rud_tenencia_poseedor":0,"rud_tenencia_no_informa":0,"rud_match_methods":"nomenclatura_sector","rud_match_confidences":"media","has_rud_match":true}},{"type":"Feature","geometry":{"type":"Point","coordinates":[-76.5363466666667,3.415205]},"properties":{"place_id":"b668dfad-bf61-420c-9644-8a732eeb048f","place_report_count":1,"worst_collapse_type":"B","place_has_arcgis_id":false,"evaluation_count":1,"evaluation_ids_count":1,"barrio":"Departamental","nivel_dano_max":"alto","severidad_max":"alto","habitabilidad_codigos":"i2","recomendaciones":"apuntalar, desconectar, evacuar_total, intervencion, monitoreo, restringir_peatones, restringir_vehiculos, seguimiento, vigilancia","evaluaciones_adicionales":"estructural","usos":"residencial","sistema_estructural":"porticos","material":"conc_no_arr","epoca_construccion":"1984_1997","estado_conservacion":"malo","calidad_diseno":"malo","ocupantes_max":120,"heridos_max":null,"muertos_max":null,"gps_accuracy_median":16.8,"rud_records":0,"rud_households":0,"rud_addresses":0,"rud_women":0,"rud_minors":0,"rud_older65":0,"rud_afro":0,"rud_indigenous":0,"rud_estado_averiado":0,"rud_estado_no_habitable":0,"rud_estado_habitable":0,"rud_estado_destruido":0,"rud_estado_no_informa":0,"rud_tenencia_propietario":0,"rud_tenencia_arrendatario":0,"rud_tenencia_ocupante":0,"rud_tenencia_poseedor":0,"rud_tenencia_no_informa":0,"rud_match_methods":"","rud_match_confidences":"","has_rud_match":false}},{"type":"Feature","geometry":{"type":"Point","coordinates":[-76.5453425,3.4153999]},"properties":{"place_id":"6c78bbc2-97cf-45f2-bda3-84a706511643","place_report_count":0,"worst_collapse_type":"B","place_has_arcgis_id":false,"evaluation_count":1,"evaluation_ids_count":1,"barrio":"Tequendama","nivel_dano_max":"alto","severidad_max":"alto","habitabilidad_codigos":"i2","recomendaciones":"demoler, desconectar, evacuar_total, intervencion, restringir_peatones, restringir_vehiculos, sustancias","evaluaciones_adicionales":"estructural, geotecnica","usos":"comercial, residencial","sistema_estructural":"porticos","material":"conc_no_arr","epoca_construccion":"1984_1997","estado_conservacion":"malo","calidad_diseno":"bueno","ocupantes_max":45,"heridos_max":null,"muertos_max":null,"gps_accuracy_median":null,"rud_records":7,"rud_households":4,"rud_addresses":3,"rud_women":5,"rud_minors":0,"rud_older65":4,"rud_afro":0,"rud_indigenous":0,"rud_estado_averiado":0,"rud_estado_no_habitable":7,"rud_estado_habitable":0,"rud_estado_destruido":0,"rud_estado_no_informa":0,"rud_tenencia_propietario":6,"rud_tenencia_arrendatario":1,"rud_tenencia_ocupante":0,"rud_tenencia_poseedor":0,"rud_tenencia_no_informa":0,"rud_match_methods":"direccion_normalizada, nomenclatura_sector","rud_match_confidences":"alta, media","has_rud_match":true}},{"type":"Feature","geometry":{"type":"Point","coordinates":[-76.5463189,3.4154342]},"properties":{"place_id":"493a5ac4-2a56-467b-9b07-7db0357a0d35","place_report_count":0,"worst_collapse_type":null,"place_has_arcgis_id":false,"evaluation_count":1,"evaluation_ids_count":1,"barrio":"Tequendama","nivel_dano_max":"bajo","severidad_max":"bajo","habitabilidad_codigos":"h","recomendaciones":"","evaluaciones_adicionales":"","usos":"","sistema_estructural":"","material":"","epoca_construccion":"antes_1984","estado_conservacion":"regular","calidad_diseno":"bueno","ocupantes_max":null,"heridos_max":null,"muertos_max":null,"gps_accuracy_median":9.94,"rud_records":0,"rud_households":0,"rud_addresses":0,"rud_women":0,"rud_minors":0,"rud_older65":0,"rud_afro":0,"rud_indigenous":0,"rud_estado_averiado":0,"rud_estado_no_habitable":0,"rud_estado_habitable":0,"rud_estado_destruido":0,"rud_estado_no_informa":0,"rud_tenencia_propietario":0,"rud_tenencia_arrendatario":0,"rud_tenencia_ocupante":0,"rud_tenencia_poseedor":0,"rud_tenencia_no_informa":0,"rud_match_methods":"","rud_match_confidences":"","has_rud_match":false}},{"type":"Feature","geometry":{"type":"Point","coordinates":[-76.5549665,3.4155463]},"properties":{"place_id":"6a7089f5-5b71-4bab-a983-335b3fe0d007","place_report_count":0,"worst_collapse_type":null,"place_has_arcgis_id":false,"evaluation_count":1,"evaluation_ids_count":1,"barrio":"ALTOS DE SANTA HELENA","nivel_dano_max":"sin_dano","severidad_max":"sin_dano","habitabilidad_codigos":"h","recomendaciones":"seguimiento","evaluaciones_adicionales":"otra","usos":"residencial","sistema_estructural":"otro","material":"losa_columna","epoca_construccion":"despues_2010","estado_conservacion":"bueno","calidad_diseno":"regular","ocupantes_max":60,"heridos_max":0,"muertos_max":0,"gps_accuracy_median":6.96,"rud_records":0,"rud_households":0,"rud_addresses":0,"rud_women":0,"rud_minors":0,"rud_older65":0,"rud_afro":0,"rud_indigenous":0,"rud_estado_averiado":0,"rud_estado_no_habitable":0,"rud_estado_habitable":0,"rud_estado_destruido":0,"rud_estado_no_informa":0,"rud_tenencia_propietario":0,"rud_tenencia_arrendatario":0,"rud_tenencia_ocupante":0,"rud_tenencia_poseedor":0,"rud_tenencia_no_informa":0,"rud_match_methods":"","rud_match_confidences":"","has_rud_match":false}},{"type":"Feature","geometry":{"type":"Point","coordinates":[-76.5418887,3.4155916]},"properties":{"place_id":"94c556f2-1732-439f-baa4-c1709c1e3e6a","place_report_count":1,"worst_collapse_type":null,"place_has_arcgis_id":false,"evaluation_count":1,"evaluation_ids_count":1,"barrio":"DEPARTAMENTAL","nivel_dano_max":"sin_dano","severidad_max":"sin_dano","habitabilidad_codigos":"h","recomendaciones":"","evaluaciones_adicionales":"otra","usos":"educativo","sistema_estructural":"porticos","material":"conc_no_arr","epoca_construccion":"1984_1997","estado_conservacion":"bueno","calidad_diseno":"bueno","ocupantes_max":100,"heridos_max":null,"muertos_max":null,"gps_accuracy_median":4.75,"rud_records":0,"rud_households":0,"rud_addresses":0,"rud_women":0,"rud_minors":0,"rud_older65":0,"rud_afro":0,"rud_indigenous":0,"rud_estado_averiado":0,"rud_estado_no_habitable":0,"rud_estado_habitable":0,"rud_estado_destruido":0,"rud_estado_no_informa":0,"rud_tenencia_propietario":0,"rud_tenencia_arrendatario":0,"rud_tenencia_ocupante":0,"rud_tenencia_poseedor":0,"rud_tenencia_no_informa":0,"rud_match_methods":"","rud_match_confidences":"","has_rud_match":false}},{"type":"Feature","geometry":{"type":"Point","coordinates":[-76.55910329999999,3.4156364]},"properties":{"place_id":"cdf1d600-c0f7-4075-bd78-051c33a3a865","place_report_count":1,"worst_collapse_type":"B","place_has_arcgis_id":false,"evaluation_count":0,"evaluation_ids_count":0,"barrio":"","nivel_dano_max":null,"severidad_max":null,"habitabilidad_codigos":"","recomendaciones":"","evaluaciones_adicionales":"","usos":"","sistema_estructural":"","material":"","epoca_construccion":"","estado_conservacion":"","calidad_diseno":"","ocupantes_max":null,"heridos_max":null,"muertos_max":null,"gps_accuracy_median":null,"rud_records":0,"rud_households":0,"rud_addresses":0,"rud_women":0,"rud_minors":0,"rud_older65":0,"rud_afro":0,"rud_indigenous":0,"rud_estado_averiado":0,"rud_estado_no_habitable":0,"rud_estado_habitable":0,"rud_estado_destruido":0,"rud_estado_no_informa":0,"rud_tenencia_propietario":0,"rud_tenencia_arrendatario":0,"rud_tenencia_ocupante":0,"rud_tenencia_poseedor":0,"rud_tenencia_no_informa":0,"rud_match_methods":"","rud_match_confidences":"","has_rud_match":false}},{"type":"Feature","geometry":{"type":"Point","coordinates":[-76.5456893,3.4156372]},"properties":{"place_id":"f29c2a8c-5a6c-42ee-b268-91e6d4798da3","place_report_count":0,"worst_collapse_type":null,"place_has_arcgis_id":false,"evaluation_count":2,"evaluation_ids_count":2,"barrio":"Tequendama","nivel_dano_max":"bajo","severidad_max":"medio","habitabilidad_codigos":"h","recomendaciones":"","evaluaciones_adicionales":"","usos":"residencial","sistema_estructural":"dual","material":"concreto_dual","epoca_construccion":"1984_1997","estado_conservacion":"regular","calidad_diseno":"bueno","ocupantes_max":55,"heridos_max":null,"muertos_max":null,"gps_accuracy_median":null,"rud_records":78,"rud_households":46,"rud_addresses":42,"rud_women":39,"rud_minors":1,"rud_older65":49,"rud_afro":0,"rud_indigenous":0,"rud_estado_averiado":0,"rud_estado_no_habitable":27,"rud_estado_habitable":51,"rud_estado_destruido":0,"rud_estado_no_informa":0,"rud_tenencia_propietario":64,"rud_tenencia_arrendatario":14,"rud_tenencia_ocupante":0,"rud_tenencia_poseedor":0,"rud_tenencia_no_informa":0,"rud_match_methods":"direccion_normalizada, nomenclatura_sector","rud_match_confidences":"alta, media","has_rud_match":true}},{"type":"Feature","geometry":{"type":"Point","coordinates":[-76.5461837,3.415702]},"properties":{"place_id":"4716f4fe-137c-43a2-9902-50aab165ac38","place_report_count":0,"worst_collapse_type":null,"place_has_arcgis_id":false,"evaluation_count":1,"evaluation_ids_count":1,"barrio":"Tequendama","nivel_dano_max":"bajo","severidad_max":"bajo","habitabilidad_codigos":"h","recomendaciones":"","evaluaciones_adicionales":"","usos":"residencial","sistema_estructural":"porticos","material":"conc_no_arr","epoca_construccion":"antes_1984","estado_conservacion":"regular","calidad_diseno":"bueno","ocupantes_max":null,"heridos_max":null,"muertos_max":null,"gps_accuracy_median":8.46,"rud_records":0,"rud_households":0,"rud_addresses":0,"rud_women":0,"rud_minors":0,"rud_older65":0,"rud_afro":0,"rud_indigenous":0,"rud_estado_averiado":0,"rud_estado_no_habitable":0,"rud_estado_habitable":0,"rud_estado_destruido":0,"rud_estado_no_informa":0,"rud_tenencia_propietario":0,"rud_tenencia_arrendatario":0,"rud_tenencia_ocupante":0,"rud_tenencia_poseedor":0,"rud_tenencia_no_informa":0,"rud_match_methods":"","rud_match_confidences":"","has_rud_match":false}},{"type":"Feature","geometry":{"type":"Point","coordinates":[-76.5448236,3.4157466]},"properties":{"place_id":"5ca90f6b-33af-4dd2-9a1d-17ad9c2d9268","place_report_count":0,"worst_collapse_type":null,"place_has_arcgis_id":false,"evaluation_count":2,"evaluation_ids_count":2,"barrio":"Tequendama","nivel_dano_max":"medio","severidad_max":"medio_alto","habitabilidad_codigos":"r1","recomendaciones":"demoler, evacuar_vecinas, restringir_peatones, restringir_vehiculos","evaluaciones_adicionales":"","usos":"residencial","sistema_estructural":"dual","material":"concreto_dual","epoca_construccion":"1984_1997","estado_conservacion":"malo","calidad_diseno":"malo","ocupantes_max":56,"heridos_max":2,"muertos_max":0,"gps_accuracy_median":null,"rud_records":4,"rud_households":2,"rud_addresses":2,"rud_women":2,"rud_minors":0,"rud_older65":2,"rud_afro":0,"rud_indigenous":0,"rud_estado_averiado":4,"rud_estado_no_habitable":0,"rud_estado_habitable":0,"rud_estado_destruido":0,"rud_estado_no_informa":0,"rud_tenencia_propietario":4,"rud_tenencia_arrendatario":0,"rud_tenencia_ocupante":0,"rud_tenencia_poseedor":0,"rud_tenencia_no_informa":0,"rud_match_methods":"nomenclatura_sector","rud_match_confidences":"media","has_rud_match":true}},{"type":"Feature","geometry":{"type":"Point","coordinates":[-76.5572263,3.4158707]},"properties":{"place_id":"c4bd5e6c-f23e-44d5-a3c6-6090daf258cd","place_report_count":1,"worst_collapse_type":"B","place_has_arcgis_id":false,"evaluation_count":0,"evaluation_ids_count":0,"barrio":"","nivel_dano_max":null,"severidad_max":null,"habitabilidad_codigos":"","recomendaciones":"","evaluaciones_adicionales":"","usos":"","sistema_estructural":"","material":"","epoca_construccion":"","estado_conservacion":"","calidad_diseno":"","ocupantes_max":null,"heridos_max":null,"muertos_max":null,"gps_accuracy_median":null,"rud_records":0,"rud_households":0,"rud_addresses":0,"rud_women":0,"rud_minors":0,"rud_older65":0,"rud_afro":0,"rud_indigenous":0,"rud_estado_averiado":0,"rud_estado_no_habitable":0,"rud_estado_habitable":0,"rud_estado_destruido":0,"rud_estado_no_informa":0,"rud_tenencia_propietario":0,"rud_tenencia_arrendatario":0,"rud_tenencia_ocupante":0,"rud_tenencia_poseedor":0,"rud_tenencia_no_informa":0,"rud_match_methods":"","rud_match_confidences":"","has_rud_match":false}},{"type":"Feature","geometry":{"type":"Point","coordinates":[-76.539943,3.41597]},"properties":{"place_id":"322c5892-67fe-4985-836a-77f91d7fad58","place_report_count":0,"worst_collapse_type":null,"place_has_arcgis_id":false,"evaluation_count":1,"evaluation_ids_count":1,"barrio":"Cambulos","nivel_dano_max":"alto","severidad_max":"alto","habitabilidad_codigos":"i2","recomendaciones":"aislamiento, demoler, evacuar_total, evacuar_vecinas, restringir_peatones, restringir_vehiculos","evaluaciones_adicionales":"","usos":"comercial, residencial","sistema_estructural":"porticos","material":"conc_arr","epoca_construccion":"1998_2010","estado_conservacion":"bueno","calidad_diseno":"regular","ocupantes_max":30,"heridos_max":null,"muertos_max":null,"gps_accuracy_median":null,"rud_records":0,"rud_households":0,"rud_addresses":0,"rud_women":0,"rud_minors":0,"rud_older65":0,"rud_afro":0,"rud_indigenous":0,"rud_estado_averiado":0,"rud_estado_no_habitable":0,"rud_estado_habitable":0,"rud_estado_destruido":0,"rud_estado_no_informa":0,"rud_tenencia_propietario":0,"rud_tenencia_arrendatario":0,"rud_tenencia_ocupante":0,"rud_tenencia_poseedor":0,"rud_tenencia_no_informa":0,"rud_match_methods":"","rud_match_confidences":"","has_rud_match":false}},{"type":"Feature","geometry":{"type":"Point","coordinates":[-76.5456592,3.416045]},"properties":{"place_id":"3dd7ef71-6da0-43ae-8e2a-56da03b75123","place_report_count":0,"worst_collapse_type":"A","place_has_arcgis_id":false,"evaluation_count":4,"evaluation_ids_count":4,"barrio":"Nueva Granada, Tequendama","nivel_dano_max":"alto","severidad_max":"alto","habitabilidad_codigos":"i2","recomendaciones":"demoler, evacuar_total, evacuar_vecinas, monitoreo, restringir_peatones, restringir_vehiculos, seguimiento, vigilancia","evaluaciones_adicionales":"estructural, geotecnica","usos":"comercial, residencial","sistema_estructural":"dual, muros_carga, porticos","material":"conc_arr, concreto_dual, concreto_mc","epoca_construccion":"1984_1997, antes_1984, despues_2010","estado_conservacion":"malo","calidad_diseno":"malo, regular","ocupantes_max":220,"heridos_max":2,"muertos_max":0,"gps_accuracy_median":5.77,"rud_records":107,"rud_households":54,"rud_addresses":31,"rud_women":65,"rud_minors":8,"rud_older65":47,"rud_afro":1,"rud_indigenous":0,"rud_estado_averiado":0,"rud_estado_no_habitable":104,"rud_estado_habitable":1,"rud_estado_destruido":2,"rud_estado_no_informa":0,"rud_tenencia_propietario":72,"rud_tenencia_arrendatario":33,"rud_tenencia_ocupante":2,"rud_tenencia_poseedor":0,"rud_tenencia_no_informa":0,"rud_match_methods":"direccion_normalizada, nomenclatura_sector","rud_match_confidences":"alta, media","has_rud_match":true}},{"type":"Feature","geometry":{"type":"Point","coordinates":[-76.5464867,3.416095]},"properties":{"place_id":"8ecbd847-4260-489e-b840-dc3a9aea38e6","place_report_count":0,"worst_collapse_type":null,"place_has_arcgis_id":false,"evaluation_count":2,"evaluation_ids_count":2,"barrio":"Tequendama","nivel_dano_max":"alto","severidad_max":"medio_alto","habitabilidad_codigos":"h, i1","recomendaciones":"","evaluaciones_adicionales":"","usos":"residencial","sistema_estructural":"porticos","material":"conc_no_arr","epoca_construccion":"antes_1984","estado_conservacion":"regular","calidad_diseno":"bueno","ocupantes_max":3,"heridos_max":null,"muertos_max":null,"gps_accuracy_median":9.94,"rud_records":0,"rud_households":0,"rud_addresses":0,"rud_women":0,"rud_minors":0,"rud_older65":0,"rud_afro":0,"rud_indigenous":0,"rud_estado_averiado":0,"rud_estado_no_habitable":0,"rud_estado_habitable":0,"rud_estado_destruido":0,"rud_estado_no_informa":0,"rud_tenencia_propietario":0,"rud_tenencia_arrendatario":0,"rud_tenencia_ocupante":0,"rud_tenencia_poseedor":0,"rud_tenencia_no_informa":0,"rud_match_methods":"","rud_match_confidences":"","has_rud_match":false}},{"type":"Feature","geometry":{"type":"Point","coordinates":[-76.5465514,3.4162012]},"properties":{"place_id":"c5eb61a0-70a0-43ce-a1b9-aca64c74cb37","place_report_count":0,"worst_collapse_type":null,"place_has_arcgis_id":false,"evaluation_count":1,"evaluation_ids_count":1,"barrio":"Tequendama","nivel_dano_max":"bajo","severidad_max":"bajo","habitabilidad_codigos":"h","recomendaciones":"","evaluaciones_adicionales":"","usos":"residencial","sistema_estructural":"porticos","material":"conc_no_arr","epoca_construccion":"antes_1984","estado_conservacion":"regular","calidad_diseno":"bueno","ocupantes_max":3,"heridos_max":null,"muertos_max":null,"gps_accuracy_median":3.79,"rud_records":0,"rud_households":0,"rud_addresses":0,"rud_women":0,"rud_minors":0,"rud_older65":0,"rud_afro":0,"rud_indigenous":0,"rud_estado_averiado":0,"rud_estado_no_habitable":0,"rud_estado_habitable":0,"rud_estado_destruido":0,"rud_estado_no_informa":0,"rud_tenencia_propietario":0,"rud_tenencia_arrendatario":0,"rud_tenencia_ocupante":0,"rud_tenencia_poseedor":0,"rud_tenencia_no_informa":0,"rud_match_methods":"","rud_match_confidences":"","has_rud_match":false}},{"type":"Feature","geometry":{"type":"Point","coordinates":[-76.5388008443359,3.4162645692469]},"properties":{"place_id":"bf0e3b34-277a-4566-8b21-aef8e68dc104","place_report_count":1,"worst_collapse_type":"B","place_has_arcgis_id":false,"evaluation_count":1,"evaluation_ids_count":1,"barrio":"Los cambulos","nivel_dano_max":"alto","severidad_max":"alto","habitabilidad_codigos":"i2","recomendaciones":"","evaluaciones_adicionales":"estructural","usos":"residencial","sistema_estructural":"porticos","material":"conc_arr","epoca_construccion":"antes_1984","estado_conservacion":"malo","calidad_diseno":"malo","ocupantes_max":null,"heridos_max":null,"muertos_max":null,"gps_accuracy_median":9.76,"rud_records":30,"rud_households":13,"rud_addresses":10,"rud_women":18,"rud_minors":4,"rud_older65":9,"rud_afro":0,"rud_indigenous":0,"rud_estado_averiado":0,"rud_estado_no_habitable":27,"rud_estado_habitable":0,"rud_estado_destruido":3,"rud_estado_no_informa":0,"rud_tenencia_propietario":14,"rud_tenencia_arrendatario":16,"rud_tenencia_ocupante":0,"rud_tenencia_poseedor":0,"rud_tenencia_no_informa":0,"rud_match_methods":"nomenclatura_sector","rud_match_confidences":"media","has_rud_match":true}},{"type":"Feature","geometry":{"type":"Point","coordinates":[-76.5469867,3.41627]},"properties":{"place_id":"b92adc3d-0f6e-4d58-bad0-7cf5b5e29b0d","place_report_count":0,"worst_collapse_type":null,"place_has_arcgis_id":false,"evaluation_count":1,"evaluation_ids_count":1,"barrio":"Nueva Tequendama","nivel_dano_max":"medio","severidad_max":"medio","habitabilidad_codigos":"r1","recomendaciones":"apuntalar, seguimiento","evaluaciones_adicionales":"estructural","usos":"residencial","sistema_estructural":"muros_carga","material":"concreto_mc","epoca_construccion":"antes_1984","estado_conservacion":"regular","calidad_diseno":"regular","ocupantes_max":30,"heridos_max":null,"muertos_max":null,"gps_accuracy_median":2.1,"rud_records":0,"rud_households":0,"rud_addresses":0,"rud_women":0,"rud_minors":0,"rud_older65":0,"rud_afro":0,"rud_indigenous":0,"rud_estado_averiado":0,"rud_estado_no_habitable":0,"rud_estado_habitable":0,"rud_estado_destruido":0,"rud_estado_no_informa":0,"rud_tenencia_propietario":0,"rud_tenencia_arrendatario":0,"rud_tenencia_ocupante":0,"rud_tenencia_poseedor":0,"rud_tenencia_no_informa":0,"rud_match_methods":"","rud_match_confidences":"","has_rud_match":false}},{"type":"Feature","geometry":{"type":"Point","coordinates":[-76.5400692949967,3.41627440272409]},"properties":{"place_id":"db5d1c75-6d34-4303-94a7-d9e831d68f8b","place_report_count":1,"worst_collapse_type":"B","place_has_arcgis_id":false,"evaluation_count":1,"evaluation_ids_count":1,"barrio":"Los cambulos","nivel_dano_max":"alto","severidad_max":"alto","habitabilidad_codigos":"i2","recomendaciones":"","evaluaciones_adicionales":"","usos":"comercial, oficina","sistema_estructural":"porticos","material":"conc_arr","epoca_construccion":"antes_1984","estado_conservacion":"malo","calidad_diseno":"malo","ocupantes_max":0,"heridos_max":null,"muertos_max":null,"gps_accuracy_median":4.75,"rud_records":0,"rud_households":0,"rud_addresses":0,"rud_women":0,"rud_minors":0,"rud_older65":0,"rud_afro":0,"rud_indigenous":0,"rud_estado_averiado":0,"rud_estado_no_habitable":0,"rud_estado_habitable":0,"rud_estado_destruido":0,"rud_estado_no_informa":0,"rud_tenencia_propietario":0,"rud_tenencia_arrendatario":0,"rud_tenencia_ocupante":0,"rud_tenencia_poseedor":0,"rud_tenencia_no_informa":0,"rud_match_methods":"","rud_match_confidences":"","has_rud_match":false}},{"type":"Feature","geometry":{"type":"Point","coordinates":[-76.5456423,3.4163719]},"properties":{"place_id":"d7ad33e2-7031-44b0-8534-4bc94a9a113c","place_report_count":5,"worst_collapse_type":"B","place_has_arcgis_id":false,"evaluation_count":0,"evaluation_ids_count":0,"barrio":"","nivel_dano_max":null,"severidad_max":null,"habitabilidad_codigos":"","recomendaciones":"","evaluaciones_adicionales":"","usos":"","sistema_estructural":"","material":"","epoca_construccion":"","estado_conservacion":"","calidad_diseno":"","ocupantes_max":null,"heridos_max":null,"muertos_max":null,"gps_accuracy_median":null,"rud_records":0,"rud_households":0,"rud_addresses":0,"rud_women":0,"rud_minors":0,"rud_older65":0,"rud_afro":0,"rud_indigenous":0,"rud_estado_averiado":0,"rud_estado_no_habitable":0,"rud_estado_habitable":0,"rud_estado_destruido":0,"rud_estado_no_informa":0,"rud_tenencia_propietario":0,"rud_tenencia_arrendatario":0,"rud_tenencia_ocupante":0,"rud_tenencia_poseedor":0,"rud_tenencia_no_informa":0,"rud_match_methods":"","rud_match_confidences":"","has_rud_match":false}},{"type":"Feature","geometry":{"type":"Point","coordinates":[-76.5397176,3.4164165]},"properties":{"place_id":"7f95d189-3dfd-4f95-9447-912424510f1f","place_report_count":0,"worst_collapse_type":null,"place_has_arcgis_id":false,"evaluation_count":1,"evaluation_ids_count":1,"barrio":"Tequendama","nivel_dano_max":"alto","severidad_max":"alto","habitabilidad_codigos":"i2","recomendaciones":"evacuar_total, restringir_peatones, restringir_vehiculos","evaluaciones_adicionales":"estructural, geotecnica","usos":"residencial","sistema_estructural":"porticos","material":"conc_arr","epoca_construccion":"1984_1997","estado_conservacion":"malo","calidad_diseno":"bueno","ocupantes_max":null,"heridos_max":null,"muertos_max":null,"gps_accuracy_median":null,"rud_records":0,"rud_households":0,"rud_addresses":0,"rud_women":0,"rud_minors":0,"rud_older65":0,"rud_afro":0,"rud_indigenous":0,"rud_estado_averiado":0,"rud_estado_no_habitable":0,"rud_estado_habitable":0,"rud_estado_destruido":0,"rud_estado_no_informa":0,"rud_tenencia_propietario":0,"rud_tenencia_arrendatario":0,"rud_tenencia_ocupante":0,"rud_tenencia_poseedor":0,"rud_tenencia_no_informa":0,"rud_match_methods":"","rud_match_confidences":"","has_rud_match":false}},{"type":"Feature","geometry":{"type":"Point","coordinates":[-76.5471867,3.4164217]},"properties":{"place_id":"91941c1e-73c6-4071-96b3-330ea2271e1f","place_report_count":0,"worst_collapse_type":null,"place_has_arcgis_id":false,"evaluation_count":2,"evaluation_ids_count":2,"barrio":"Nueva Tequendama","nivel_dano_max":"medio","severidad_max":"medio_alto","habitabilidad_codigos":"h, r1","recomendaciones":"apuntalar","evaluaciones_adicionales":"estructural","usos":"residencial","sistema_estructural":"dual, muros_carga","material":"conc_mamposteria, concreto_mc","epoca_construccion":"antes_1984","estado_conservacion":"bueno, regular","calidad_diseno":"regular","ocupantes_max":30,"heridos_max":null,"muertos_max":null,"gps_accuracy_median":2.2,"rud_records":0,"rud_households":0,"rud_addresses":0,"rud_women":0,"rud_minors":0,"rud_older65":0,"rud_afro":0,"rud_indigenous":0,"rud_estado_averiado":0,"rud_estado_no_habitable":0,"rud_estado_habitable":0,"rud_estado_destruido":0,"rud_estado_no_informa":0,"rud_tenencia_propietario":0,"rud_tenencia_arrendatario":0,"rud_tenencia_ocupante":0,"rud_tenencia_poseedor":0,"rud_tenencia_no_informa":0,"rud_match_methods":"","rud_match_confidences":"","has_rud_match":false}},{"type":"Feature","geometry":{"type":"Point","coordinates":[-76.5463544,3.4164229]},"properties":{"place_id":"74bbb0d8-741b-4944-9b68-cefc19c10444","place_report_count":0,"worst_collapse_type":null,"place_has_arcgis_id":false,"evaluation_count":1,"evaluation_ids_count":1,"barrio":"Unidad residencial santiago de cali","nivel_dano_max":"bajo","severidad_max":"medio","habitabilidad_codigos":"h","recomendaciones":"","evaluaciones_adicionales":"","usos":"residencial","sistema_estructural":"porticos","material":"conc_no_arr","epoca_construccion":"antes_1984","estado_conservacion":"regular","calidad_diseno":"","ocupantes_max":3,"heridos_max":null,"muertos_max":null,"gps_accuracy_median":5.73,"rud_records":0,"rud_households":0,"rud_addresses":0,"rud_women":0,"rud_minors":0,"rud_older65":0,"rud_afro":0,"rud_indigenous":0,"rud_estado_averiado":0,"rud_estado_no_habitable":0,"rud_estado_habitable":0,"rud_estado_destruido":0,"rud_estado_no_informa":0,"rud_tenencia_propietario":0,"rud_tenencia_arrendatario":0,"rud_tenencia_ocupante":0,"rud_tenencia_poseedor":0,"rud_tenencia_no_informa":0,"rud_match_methods":"","rud_match_confidences":"","has_rud_match":false}},{"type":"Feature","geometry":{"type":"Point","coordinates":[-76.5400419239518,3.41647479099757]},"properties":{"place_id":"6bc41862-0d8c-4a2e-9e57-fc59d25b60e9","place_report_count":1,"worst_collapse_type":"B","place_has_arcgis_id":false,"evaluation_count":1,"evaluation_ids_count":1,"barrio":"Los Cambulos","nivel_dano_max":"alto","severidad_max":"alto","habitabilidad_codigos":"i2","recomendaciones":"evacuar_parcial, monitoreo, restringir_peatones","evaluaciones_adicionales":"estructural","usos":"otro","sistema_estructural":"porticos","material":"conc_arr","epoca_construccion":"1984_1997","estado_conservacion":"regular","calidad_diseno":"regular","ocupantes_max":null,"heridos_max":null,"muertos_max":null,"gps_accuracy_median":9.76,"rud_records":0,"rud_households":0,"rud_addresses":0,"rud_women":0,"rud_minors":0,"rud_older65":0,"rud_afro":0,"rud_indigenous":0,"rud_estado_averiado":0,"rud_estado_no_habitable":0,"rud_estado_habitable":0,"rud_estado_destruido":0,"rud_estado_no_informa":0,"rud_tenencia_propietario":0,"rud_tenencia_arrendatario":0,"rud_tenencia_ocupante":0,"rud_tenencia_poseedor":0,"rud_tenencia_no_informa":0,"rud_match_methods":"","rud_match_confidences":"","has_rud_match":false}},{"type":"Feature","geometry":{"type":"Point","coordinates":[-76.5397291,3.4164751]},"properties":{"place_id":"5d6032ed-325e-429a-b320-003e63f36bed","place_report_count":0,"worst_collapse_type":null,"place_has_arcgis_id":true,"evaluation_count":1,"evaluation_ids_count":1,"barrio":"Cra 44-11 alado","nivel_dano_max":"medio","severidad_max":"alto","habitabilidad_codigos":"i2","recomendaciones":"","evaluaciones_adicionales":"estructural","usos":"residencial","sistema_estructural":"porticos","material":"conc_no_arr","epoca_construccion":"1984_1997","estado_conservacion":"malo","calidad_diseno":"bueno","ocupantes_max":500,"heridos_max":null,"muertos_max":null,"gps_accuracy_median":10.54,"rud_records":0,"rud_households":0,"rud_addresses":0,"rud_women":0,"rud_minors":0,"rud_older65":0,"rud_afro":0,"rud_indigenous":0,"rud_estado_averiado":0,"rud_estado_no_habitable":0,"rud_estado_habitable":0,"rud_estado_destruido":0,"rud_estado_no_informa":0,"rud_tenencia_propietario":0,"rud_tenencia_arrendatario":0,"rud_tenencia_ocupante":0,"rud_tenencia_poseedor":0,"rud_tenencia_no_informa":0,"rud_match_methods":"","rud_match_confidences":"","has_rud_match":false}},{"type":"Feature","geometry":{"type":"Point","coordinates":[-76.5395332,3.4164757]},"properties":{"place_id":"2d2fc4a8-5c2c-4a60-8cb5-49ff97ef0dfc","place_report_count":0,"worst_collapse_type":"B","place_has_arcgis_id":true,"evaluation_count":1,"evaluation_ids_count":1,"barrio":"Pampalinda","nivel_dano_max":"alto","severidad_max":"alto","habitabilidad_codigos":"i2","recomendaciones":"apuntalar, demoler, evacuar_total, intervencion, monitoreo, restringir_peatones, restringir_vehiculos, seguimiento, vigilancia","evaluaciones_adicionales":"estructural","usos":"residencial","sistema_estructural":"dual","material":"conc_mamposteria","epoca_construccion":"1984_1997","estado_conservacion":"malo","calidad_diseno":"regular","ocupantes_max":3,"heridos_max":0,"muertos_max":0,"gps_accuracy_median":null,"rud_records":1,"rud_households":1,"rud_addresses":1,"rud_women":0,"rud_minors":0,"rud_older65":1,"rud_afro":1,"rud_indigenous":0,"rud_estado_averiado":0,"rud_estado_no_habitable":1,"rud_estado_habitable":0,"rud_estado_destruido":0,"rud_estado_no_informa":0,"rud_tenencia_propietario":1,"rud_tenencia_arrendatario":0,"rud_tenencia_ocupante":0,"rud_tenencia_poseedor":0,"rud_tenencia_no_informa":0,"rud_match_methods":"direccion_normalizada","rud_match_confidences":"alta","has_rud_match":true}},{"type":"Feature","geometry":{"type":"Point","coordinates":[-76.5393379219005,3.41653280190196]},"properties":{"place_id":"3efb563f-7e1e-466a-80ff-1ab8f6a090b5","place_report_count":1,"worst_collapse_type":"A","place_has_arcgis_id":false,"evaluation_count":1,"evaluation_ids_count":1,"barrio":"Los cambulos","nivel_dano_max":"alto","severidad_max":"alto","habitabilidad_codigos":"i2","recomendaciones":"","evaluaciones_adicionales":"","usos":"residencial","sistema_estructural":"porticos","material":"conc_arr","epoca_construccion":"antes_1984","estado_conservacion":"malo","calidad_diseno":"malo","ocupantes_max":null,"heridos_max":null,"muertos_max":null,"gps_accuracy_median":9.78,"rud_records":0,"rud_households":0,"rud_addresses":0,"rud_women":0,"rud_minors":0,"rud_older65":0,"rud_afro":0,"rud_indigenous":0,"rud_estado_averiado":0,"rud_estado_no_habitable":0,"rud_estado_habitable":0,"rud_estado_destruido":0,"rud_estado_no_informa":0,"rud_tenencia_propietario":0,"rud_tenencia_arrendatario":0,"rud_tenencia_ocupante":0,"rud_tenencia_poseedor":0,"rud_tenencia_no_informa":0,"rud_match_methods":"","rud_match_confidences":"","has_rud_match":false}},{"type":"Feature","geometry":{"type":"Point","coordinates":[-76.5401826,3.4166014]},"properties":{"place_id":"137752b0-1466-4245-a95b-dbe17bb9cc4b","place_report_count":0,"worst_collapse_type":null,"place_has_arcgis_id":false,"evaluation_count":1,"evaluation_ids_count":1,"barrio":"Los cambulos","nivel_dano_max":"alto","severidad_max":"alto","habitabilidad_codigos":"i2","recomendaciones":"evacuar_total, evacuar_vecinas, monitoreo, restringir_peatones, restringir_vehiculos, seguimiento, vigilancia","evaluaciones_adicionales":"estructural, geotecnica","usos":"comercial","sistema_estructural":"no_claro","material":"mat_no_claro","epoca_construccion":"1998_2010","estado_conservacion":"malo","calidad_diseno":"regular","ocupantes_max":null,"heridos_max":null,"muertos_max":null,"gps_accuracy_median":3.54,"rud_records":1,"rud_households":1,"rud_addresses":1,"rud_women":0,"rud_minors":0,"rud_older65":0,"rud_afro":0,"rud_indigenous":0,"rud_estado_averiado":0,"rud_estado_no_habitable":0,"rud_estado_habitable":0,"rud_estado_destruido":1,"rud_estado_no_informa":0,"rud_tenencia_propietario":1,"rud_tenencia_arrendatario":0,"rud_tenencia_ocupante":0,"rud_tenencia_poseedor":0,"rud_tenencia_no_informa":0,"rud_match_methods":"nomenclatura_sector","rud_match_confidences":"media","has_rud_match":true}},{"type":"Feature","geometry":{"type":"Point","coordinates":[-76.5467215,3.4166109]},"properties":{"place_id":"197553af-499c-417a-8e08-a32efcc129dd","place_report_count":0,"worst_collapse_type":null,"place_has_arcgis_id":false,"evaluation_count":1,"evaluation_ids_count":1,"barrio":"Uresa","nivel_dano_max":"medio","severidad_max":"medio_alto","habitabilidad_codigos":"h","recomendaciones":"","evaluaciones_adicionales":"","usos":"residencial","sistema_estructural":"porticos","material":"conc_no_arr","epoca_construccion":"antes_1984","estado_conservacion":"bueno","calidad_diseno":"regular","ocupantes_max":4,"heridos_max":null,"muertos_max":null,"gps_accuracy_median":8.28,"rud_records":0,"rud_households":0,"rud_addresses":0,"rud_women":0,"rud_minors":0,"rud_older65":0,"rud_afro":0,"rud_indigenous":0,"rud_estado_averiado":0,"rud_estado_no_habitable":0,"rud_estado_habitable":0,"rud_estado_destruido":0,"rud_estado_no_informa":0,"rud_tenencia_propietario":0,"rud_tenencia_arrendatario":0,"rud_tenencia_ocupante":0,"rud_tenencia_poseedor":0,"rud_tenencia_no_informa":0,"rud_match_methods":"","rud_match_confidences":"","has_rud_match":false}},{"type":"Feature","geometry":{"type":"Point","coordinates":[-76.5476567,3.4166217]},"properties":{"place_id":"582843d3-6220-4278-9df0-f5be917e1be9","place_report_count":3,"worst_collapse_type":"B","place_has_arcgis_id":false,"evaluation_count":2,"evaluation_ids_count":2,"barrio":"Nueva Tequendama, Nueva tequendama","nivel_dano_max":"alto","severidad_max":"alto","habitabilidad_codigos":"h, i2","recomendaciones":"apuntalar, demoler, evacuar_total, restringir_peatones, seguimiento","evaluaciones_adicionales":"estructural","usos":"residencial","sistema_estructural":"dual","material":"conc_mamposteria","epoca_construccion":"antes_1984","estado_conservacion":"regular","calidad_diseno":"regular","ocupantes_max":33,"heridos_max":null,"muertos_max":null,"gps_accuracy_median":3.65,"rud_records":0,"rud_households":0,"rud_addresses":0,"rud_women":0,"rud_minors":0,"rud_older65":0,"rud_afro":0,"rud_indigenous":0,"rud_estado_averiado":0,"rud_estado_no_habitable":0,"rud_estado_habitable":0,"rud_estado_destruido":0,"rud_estado_no_informa":0,"rud_tenencia_propietario":0,"rud_tenencia_arrendatario":0,"rud_tenencia_ocupante":0,"rud_tenencia_poseedor":0,"rud_tenencia_no_informa":0,"rud_match_methods":"","rud_match_confidences":"","has_rud_match":false}},{"type":"Feature","geometry":{"type":"Point","coordinates":[-76.539742508919,3.41664910879423]},"properties":{"place_id":"937f6d58-3ca7-420e-af84-6186b4111b4a","place_report_count":1,"worst_collapse_type":"B","place_has_arcgis_id":false,"evaluation_count":1,"evaluation_ids_count":1,"barrio":"Los cambulos","nivel_dano_max":"alto","severidad_max":"alto","habitabilidad_codigos":"i2","recomendaciones":"","evaluaciones_adicionales":"estructural","usos":"comercial","sistema_estructural":"porticos","material":"conc_arr","epoca_construccion":"antes_1984","estado_conservacion":"malo","calidad_diseno":"malo","ocupantes_max":null,"heridos_max":null,"muertos_max":null,"gps_accuracy_median":3.87,"rud_records":0,"rud_households":0,"rud_addresses":0,"rud_women":0,"rud_minors":0,"rud_older65":0,"rud_afro":0,"rud_indigenous":0,"rud_estado_averiado":0,"rud_estado_no_habitable":0,"rud_estado_habitable":0,"rud_estado_destruido":0,"rud_estado_no_informa":0,"rud_tenencia_propietario":0,"rud_tenencia_arrendatario":0,"rud_tenencia_ocupante":0,"rud_tenencia_poseedor":0,"rud_tenencia_no_informa":0,"rud_match_methods":"","rud_match_confidences":"","has_rud_match":false}},{"type":"Feature","geometry":{"type":"Point","coordinates":[-76.535717005384,3.41668877936282]},"properties":{"place_id":"c34916a2-d5ef-488f-bd92-817ce09d3005","place_report_count":1,"worst_collapse_type":"B","place_has_arcgis_id":false,"evaluation_count":1,"evaluation_ids_count":1,"barrio":"Departamental","nivel_dano_max":"alto","severidad_max":"alto","habitabilidad_codigos":"i2","recomendaciones":"","evaluaciones_adicionales":"estructural","usos":"residencial","sistema_estructural":"porticos","material":"conc_no_arr","epoca_construccion":"1984_1997","estado_conservacion":"malo","calidad_diseno":"regular","ocupantes_max":32,"heridos_max":null,"muertos_max":null,"gps_accuracy_median":9.07,"rud_records":0,"rud_households":0,"rud_addresses":0,"rud_women":0,"rud_minors":0,"rud_older65":0,"rud_afro":0,"rud_indigenous":0,"rud_estado_averiado":0,"rud_estado_no_habitable":0,"rud_estado_habitable":0,"rud_estado_destruido":0,"rud_estado_no_informa":0,"rud_tenencia_propietario":0,"rud_tenencia_arrendatario":0,"rud_tenencia_ocupante":0,"rud_tenencia_poseedor":0,"rud_tenencia_no_informa":0,"rud_match_methods":"","rud_match_confidences":"","has_rud_match":false}},{"type":"Feature","geometry":{"type":"Point","coordinates":[-76.5465162,3.4167048]},"properties":{"place_id":"79a61a22-d763-4c54-8a60-cacb24c5d8a5","place_report_count":0,"worst_collapse_type":null,"place_has_arcgis_id":false,"evaluation_count":1,"evaluation_ids_count":1,"barrio":"Uresa","nivel_dano_max":"alto","severidad_max":"alto","habitabilidad_codigos":"i2","recomendaciones":"","evaluaciones_adicionales":"","usos":"residencial","sistema_estructural":"porticos","material":"conc_no_arr","epoca_construccion":"antes_1984","estado_conservacion":"regular","calidad_diseno":"bueno","ocupantes_max":4,"heridos_max":null,"muertos_max":null,"gps_accuracy_median":9.65,"rud_records":0,"rud_households":0,"rud_addresses":0,"rud_women":0,"rud_minors":0,"rud_older65":0,"rud_afro":0,"rud_indigenous":0,"rud_estado_averiado":0,"rud_estado_no_habitable":0,"rud_estado_habitable":0,"rud_estado_destruido":0,"rud_estado_no_informa":0,"rud_tenencia_propietario":0,"rud_tenencia_arrendatario":0,"rud_tenencia_ocupante":0,"rud_tenencia_poseedor":0,"rud_tenencia_no_informa":0,"rud_match_methods":"","rud_match_confidences":"","has_rud_match":false}},{"type":"Feature","geometry":{"type":"Point","coordinates":[-76.5389542,3.4170003]},"properties":{"place_id":"9bb5f5f6-a92a-4eeb-828e-00d0e09aab93","place_report_count":0,"worst_collapse_type":null,"place_has_arcgis_id":false,"evaluation_count":1,"evaluation_ids_count":1,"barrio":"Los Cambulos","nivel_dano_max":"bajo","severidad_max":"bajo","habitabilidad_codigos":"i1","recomendaciones":"evacuar_total","evaluaciones_adicionales":"otra","usos":"comercial","sistema_estructural":"porticos","material":"conc_no_arr","epoca_construccion":"desconocida","estado_conservacion":"bueno","calidad_diseno":"bueno","ocupantes_max":35,"heridos_max":null,"muertos_max":null,"gps_accuracy_median":null,"rud_records":0,"rud_households":0,"rud_addresses":0,"rud_women":0,"rud_minors":0,"rud_older65":0,"rud_afro":0,"rud_indigenous":0,"rud_estado_averiado":0,"rud_estado_no_habitable":0,"rud_estado_habitable":0,"rud_estado_destruido":0,"rud_estado_no_informa":0,"rud_tenencia_propietario":0,"rud_tenencia_arrendatario":0,"rud_tenencia_ocupante":0,"rud_tenencia_poseedor":0,"rud_tenencia_no_informa":0,"rud_match_methods":"","rud_match_confidences":"","has_rud_match":false}},{"type":"Feature","geometry":{"type":"Point","coordinates":[-76.5357349,3.4171039]},"properties":{"place_id":"0744b035-2e82-4242-9bfd-3fe215a771e2","place_report_count":1,"worst_collapse_type":null,"place_has_arcgis_id":false,"evaluation_count":1,"evaluation_ids_count":1,"barrio":"Calle 10 no. 42a 02","nivel_dano_max":"alto","severidad_max":"medio_alto","habitabilidad_codigos":"r2","recomendaciones":"evacuar_total","evaluaciones_adicionales":"","usos":"serv_publicos","sistema_estructural":"porticos","material":"conc_arr","epoca_construccion":"","estado_conservacion":"bueno","calidad_diseno":"bueno","ocupantes_max":50,"heridos_max":null,"muertos_max":null,"gps_accuracy_median":10.23,"rud_records":0,"rud_households":0,"rud_addresses":0,"rud_women":0,"rud_minors":0,"rud_older65":0,"rud_afro":0,"rud_indigenous":0,"rud_estado_averiado":0,"rud_estado_no_habitable":0,"rud_estado_habitable":0,"rud_estado_destruido":0,"rud_estado_no_informa":0,"rud_tenencia_propietario":0,"rud_tenencia_arrendatario":0,"rud_tenencia_ocupante":0,"rud_tenencia_poseedor":0,"rud_tenencia_no_informa":0,"rud_match_methods":"","rud_match_confidences":"","has_rud_match":false}},{"type":"Feature","geometry":{"type":"Point","coordinates":[-76.5474244,3.4171098]},"properties":{"place_id":"f047bdd1-e2c2-4596-8893-b00bc762c643","place_report_count":4,"worst_collapse_type":"B","place_has_arcgis_id":false,"evaluation_count":6,"evaluation_ids_count":6,"barrio":"El Lido, Tequendama","nivel_dano_max":"medio","severidad_max":"medio_alto","habitabilidad_codigos":"h, i1, r1","recomendaciones":"intervencion, monitoreo, seguimiento","evaluaciones_adicionales":"estructural","usos":"residencial","sistema_estructural":"dual","material":"conc_mamposteria, concreto_dual","epoca_construccion":"antes_1984","estado_conservacion":"bueno, regular","calidad_diseno":"bueno, regular","ocupantes_max":40,"heridos_max":0,"muertos_max":0,"gps_accuracy_median":92.77,"rud_records":28,"rud_households":15,"rud_addresses":7,"rud_women":15,"rud_minors":1,"rud_older65":12,"rud_afro":1,"rud_indigenous":0,"rud_estado_averiado":16,"rud_estado_no_habitable":12,"rud_estado_habitable":0,"rud_estado_destruido":0,"rud_estado_no_informa":0,"rud_tenencia_propietario":17,"rud_tenencia_arrendatario":7,"rud_tenencia_ocupante":0,"rud_tenencia_poseedor":4,"rud_tenencia_no_informa":0,"rud_match_methods":"direccion_normalizada, nomenclatura_sector","rud_match_confidences":"alta, media","has_rud_match":true}},{"type":"Feature","geometry":{"type":"Point","coordinates":[-76.4882258,3.4172947]},"properties":{"place_id":"a5903187-005d-4862-a6cd-f2bd0ce9f7bf","place_report_count":0,"worst_collapse_type":null,"place_has_arcgis_id":true,"evaluation_count":1,"evaluation_ids_count":1,"barrio":"Mojica 1","nivel_dano_max":"sin_dano","severidad_max":"sin_dano","habitabilidad_codigos":"h","recomendaciones":"seguimiento","evaluaciones_adicionales":"","usos":"educativo","sistema_estructural":"porticos","material":"conc_no_arr","epoca_construccion":"1984_1997","estado_conservacion":"bueno","calidad_diseno":"","ocupantes_max":340,"heridos_max":null,"muertos_max":null,"gps_accuracy_median":9.55,"rud_records":0,"rud_households":0,"rud_addresses":0,"rud_women":0,"rud_minors":0,"rud_older65":0,"rud_afro":0,"rud_indigenous":0,"rud_estado_averiado":0,"rud_estado_no_habitable":0,"rud_estado_habitable":0,"rud_estado_destruido":0,"rud_estado_no_informa":0,"rud_tenencia_propietario":0,"rud_tenencia_arrendatario":0,"rud_tenencia_ocupante":0,"rud_tenencia_poseedor":0,"rud_tenencia_no_informa":0,"rud_match_methods":"","rud_match_confidences":"","has_rud_match":false}},{"type":"Feature","geometry":{"type":"Point","coordinates":[-76.5374502,3.4173347]},"properties":{"place_id":"00ab6f60-b077-4398-a0cc-74464b463bbb","place_report_count":0,"worst_collapse_type":null,"place_has_arcgis_id":true,"evaluation_count":1,"evaluation_ids_count":1,"barrio":"Cambulos","nivel_dano_max":"medio","severidad_max":"medio_alto","habitabilidad_codigos":"r1","recomendaciones":"aislamiento, monitoreo, restringir_peatones","evaluaciones_adicionales":"estructural","usos":"comercial, residencial","sistema_estructural":"dual","material":"conc_mamposteria","epoca_construccion":"1984_1997","estado_conservacion":"regular","calidad_diseno":"regular","ocupantes_max":70,"heridos_max":1,"muertos_max":0,"gps_accuracy_median":1.02,"rud_records":14,"rud_households":6,"rud_addresses":6,"rud_women":6,"rud_minors":4,"rud_older65":3,"rud_afro":3,"rud_indigenous":0,"rud_estado_averiado":1,"rud_estado_no_habitable":8,"rud_estado_habitable":0,"rud_estado_destruido":5,"rud_estado_no_informa":0,"rud_tenencia_propietario":0,"rud_tenencia_arrendatario":14,"rud_tenencia_ocupante":0,"rud_tenencia_poseedor":0,"rud_tenencia_no_informa":0,"rud_match_methods":"nomenclatura_sector","rud_match_confidences":"media","has_rud_match":true}},{"type":"Feature","geometry":{"type":"Point","coordinates":[-76.54869774,3.41734469]},"properties":{"place_id":"a7fab4dc-ad11-46f2-9d90-744d32597129","place_report_count":1,"worst_collapse_type":"B","place_has_arcgis_id":false,"evaluation_count":1,"evaluation_ids_count":1,"barrio":"Lido","nivel_dano_max":"alto","severidad_max":"alto","habitabilidad_codigos":"i2","recomendaciones":"intervencion","evaluaciones_adicionales":"otra","usos":"","sistema_estructural":"muros_carga","material":"mamp_simple","epoca_construccion":"antes_1984","estado_conservacion":"malo","calidad_diseno":"bueno","ocupantes_max":16,"heridos_max":null,"muertos_max":null,"gps_accuracy_median":3.79,"rud_records":0,"rud_households":0,"rud_addresses":0,"rud_women":0,"rud_minors":0,"rud_older65":0,"rud_afro":0,"rud_indigenous":0,"rud_estado_averiado":0,"rud_estado_no_habitable":0,"rud_estado_habitable":0,"rud_estado_destruido":0,"rud_estado_no_informa":0,"rud_tenencia_propietario":0,"rud_tenencia_arrendatario":0,"rud_tenencia_ocupante":0,"rud_tenencia_poseedor":0,"rud_tenencia_no_informa":0,"rud_match_methods":"","rud_match_confidences":"","has_rud_match":false}},{"type":"Feature","geometry":{"type":"Point","coordinates":[-76.5392035,3.417399]},"properties":{"place_id":"3e5ebc15-eae7-484e-9117-799b0232ca99","place_report_count":1,"worst_collapse_type":null,"place_has_arcgis_id":false,"evaluation_count":1,"evaluation_ids_count":1,"barrio":"Los cambulos","nivel_dano_max":"medio","severidad_max":"medio_alto","habitabilidad_codigos":"i1","recomendaciones":"","evaluaciones_adicionales":"estructural","usos":"institucional","sistema_estructural":"porticos","material":"conc_no_arr","epoca_construccion":"1984_1997","estado_conservacion":"bueno","calidad_diseno":"bueno","ocupantes_max":320,"heridos_max":null,"muertos_max":null,"gps_accuracy_median":5.05,"rud_records":0,"rud_households":0,"rud_addresses":0,"rud_women":0,"rud_minors":0,"rud_older65":0,"rud_afro":0,"rud_indigenous":0,"rud_estado_averiado":0,"rud_estado_no_habitable":0,"rud_estado_habitable":0,"rud_estado_destruido":0,"rud_estado_no_informa":0,"rud_tenencia_propietario":0,"rud_tenencia_arrendatario":0,"rud_tenencia_ocupante":0,"rud_tenencia_poseedor":0,"rud_tenencia_no_informa":0,"rud_match_methods":"","rud_match_confidences":"","has_rud_match":false}},{"type":"Feature","geometry":{"type":"Point","coordinates":[-76.5491968888921,3.41746983349271]},"properties":{"place_id":"8f018a34-003b-4cc1-8223-260d3bdbff7f","place_report_count":1,"worst_collapse_type":"B","place_has_arcgis_id":false,"evaluation_count":1,"evaluation_ids_count":1,"barrio":"El lido","nivel_dano_max":"alto","severidad_max":"alto","habitabilidad_codigos":"i2","recomendaciones":"restringir_peatones, restringir_vehiculos","evaluaciones_adicionales":"estructural","usos":"comercial, residencial","sistema_estructural":"porticos","material":"conc_arr","epoca_construccion":"antes_1984","estado_conservacion":"regular","calidad_diseno":"bueno","ocupantes_max":160,"heridos_max":null,"muertos_max":null,"gps_accuracy_median":3.24,"rud_records":0,"rud_households":0,"rud_addresses":0,"rud_women":0,"rud_minors":0,"rud_older65":0,"rud_afro":0,"rud_indigenous":0,"rud_estado_averiado":0,"rud_estado_no_habitable":0,"rud_estado_habitable":0,"rud_estado_destruido":0,"rud_estado_no_informa":0,"rud_tenencia_propietario":0,"rud_tenencia_arrendatario":0,"rud_tenencia_ocupante":0,"rud_tenencia_poseedor":0,"rud_tenencia_no_informa":0,"rud_match_methods":"","rud_match_confidences":"","has_rud_match":false}},{"type":"Feature","geometry":{"type":"Point","coordinates":[-76.54863982,3.41754455]},"properties":{"place_id":"780cd5cb-3453-49c8-ac5a-086cdfcb6d6d","place_report_count":1,"worst_collapse_type":"B","place_has_arcgis_id":false,"evaluation_count":1,"evaluation_ids_count":1,"barrio":"Lido","nivel_dano_max":"alto","severidad_max":"alto","habitabilidad_codigos":"i2","recomendaciones":"evacuar_total, evacuar_vecinas, intervencion, restringir_peatones","evaluaciones_adicionales":"otra","usos":"residencial","sistema_estructural":"muros_carga","material":"mamp_simple","epoca_construccion":"antes_1984","estado_conservacion":"malo","calidad_diseno":"bueno","ocupantes_max":16,"heridos_max":0,"muertos_max":0,"gps_accuracy_median":9.94,"rud_records":0,"rud_households":0,"rud_addresses":0,"rud_women":0,"rud_minors":0,"rud_older65":0,"rud_afro":0,"rud_indigenous":0,"rud_estado_averiado":0,"rud_estado_no_habitable":0,"rud_estado_habitable":0,"rud_estado_destruido":0,"rud_estado_no_informa":0,"rud_tenencia_propietario":0,"rud_tenencia_arrendatario":0,"rud_tenencia_ocupante":0,"rud_tenencia_poseedor":0,"rud_tenencia_no_informa":0,"rud_match_methods":"","rud_match_confidences":"","has_rud_match":false}},{"type":"Feature","geometry":{"type":"Point","coordinates":[-76.54884788,3.4176102]},"properties":{"place_id":"2bed5c8f-507e-4114-acb4-b8f5b63feea9","place_report_count":1,"worst_collapse_type":"B","place_has_arcgis_id":false,"evaluation_count":1,"evaluation_ids_count":1,"barrio":"Lido","nivel_dano_max":"alto","severidad_max":"alto","habitabilidad_codigos":"i2","recomendaciones":"demoler, desconectar, evacuar_total, evacuar_vecinas, intervencion","evaluaciones_adicionales":"otra","usos":"residencial","sistema_estructural":"muros_carga","material":"mamp_simple","epoca_construccion":"antes_1984","estado_conservacion":"malo","calidad_diseno":"bueno","ocupantes_max":64,"heridos_max":null,"muertos_max":null,"gps_accuracy_median":9.94,"rud_records":0,"rud_households":0,"rud_addresses":0,"rud_women":0,"rud_minors":0,"rud_older65":0,"rud_afro":0,"rud_indigenous":0,"rud_estado_averiado":0,"rud_estado_no_habitable":0,"rud_estado_habitable":0,"rud_estado_destruido":0,"rud_estado_no_informa":0,"rud_tenencia_propietario":0,"rud_tenencia_arrendatario":0,"rud_tenencia_ocupante":0,"rud_tenencia_poseedor":0,"rud_tenencia_no_informa":0,"rud_match_methods":"","rud_match_confidences":"","has_rud_match":false}},{"type":"Feature","geometry":{"type":"Point","coordinates":[-76.5486966666667,3.41770666666667]},"properties":{"place_id":"6b3b498e-bb76-4fd3-947e-18c6de2416be","place_report_count":1,"worst_collapse_type":"A","place_has_arcgis_id":false,"evaluation_count":1,"evaluation_ids_count":1,"barrio":"El lido","nivel_dano_max":"alto","severidad_max":"alto","habitabilidad_codigos":"i2","recomendaciones":"aislamiento, demoler, evacuar_total, evacuar_vecinas, restringir_peatones, restringir_vehiculos, seguimiento, vigilancia","evaluaciones_adicionales":"estructural","usos":"comercial, residencial","sistema_estructural":"porticos","material":"conc_no_arr","epoca_construccion":"antes_1984","estado_conservacion":"bueno","calidad_diseno":"bueno","ocupantes_max":4,"heridos_max":0,"muertos_max":0,"gps_accuracy_median":1.5,"rud_records":65,"rud_households":28,"rud_addresses":28,"rud_women":39,"rud_minors":2,"rud_older65":24,"rud_afro":0,"rud_indigenous":0,"rud_estado_averiado":0,"rud_estado_no_habitable":64,"rud_estado_habitable":0,"rud_estado_destruido":1,"rud_estado_no_informa":0,"rud_tenencia_propietario":52,"rud_tenencia_arrendatario":13,"rud_tenencia_ocupante":0,"rud_tenencia_poseedor":0,"rud_tenencia_no_informa":0,"rud_match_methods":"nomenclatura_sector","rud_match_confidences":"media","has_rud_match":true}},{"type":"Feature","geometry":{"type":"Point","coordinates":[-76.5486083333333,3.41771833333333]},"properties":{"place_id":"e487b5d1-293e-46b8-9bce-1531298203cb","place_report_count":1,"worst_collapse_type":"B","place_has_arcgis_id":false,"evaluation_count":1,"evaluation_ids_count":1,"barrio":"El lido","nivel_dano_max":"alto","severidad_max":"alto","habitabilidad_codigos":"i2","recomendaciones":"aislamiento, demoler, desconectar, evacuar_total, intervencion, monitoreo, restringir_vehiculos, seguimiento, vigilancia","evaluaciones_adicionales":"estructural","usos":"comercial, residencial","sistema_estructural":"porticos","material":"conc_no_arr","epoca_construccion":"antes_1984","estado_conservacion":"malo","calidad_diseno":"bueno","ocupantes_max":4,"heridos_max":15,"muertos_max":0,"gps_accuracy_median":4.2,"rud_records":0,"rud_households":0,"rud_addresses":0,"rud_women":0,"rud_minors":0,"rud_older65":0,"rud_afro":0,"rud_indigenous":0,"rud_estado_averiado":0,"rud_estado_no_habitable":0,"rud_estado_habitable":0,"rud_estado_destruido":0,"rud_estado_no_informa":0,"rud_tenencia_propietario":0,"rud_tenencia_arrendatario":0,"rud_tenencia_ocupante":0,"rud_tenencia_poseedor":0,"rud_tenencia_no_informa":0,"rud_match_methods":"","rud_match_confidences":"","has_rud_match":false}},{"type":"Feature","geometry":{"type":"Point","coordinates":[-76.5496788,3.4177883]},"properties":{"place_id":"5c5c64db-589c-4ebe-8bb3-213a64b5d9fe","place_report_count":1,"worst_collapse_type":"B","place_has_arcgis_id":false,"evaluation_count":1,"evaluation_ids_count":1,"barrio":"El lido","nivel_dano_max":"alto","severidad_max":"alto","habitabilidad_codigos":"i2","recomendaciones":"","evaluaciones_adicionales":"estructural","usos":"residencial","sistema_estructural":"muros_carga","material":"mamp_simple","epoca_construccion":"","estado_conservacion":"regular","calidad_diseno":"bueno","ocupantes_max":3,"heridos_max":null,"muertos_max":null,"gps_accuracy_median":7.2,"rud_records":0,"rud_households":0,"rud_addresses":0,"rud_women":0,"rud_minors":0,"rud_older65":0,"rud_afro":0,"rud_indigenous":0,"rud_estado_averiado":0,"rud_estado_no_habitable":0,"rud_estado_habitable":0,"rud_estado_destruido":0,"rud_estado_no_informa":0,"rud_tenencia_propietario":0,"rud_tenencia_arrendatario":0,"rud_tenencia_ocupante":0,"rud_tenencia_poseedor":0,"rud_tenencia_no_informa":0,"rud_match_methods":"","rud_match_confidences":"","has_rud_match":false}},{"type":"Feature","geometry":{"type":"Point","coordinates":[-76.5496788,3.4177883]},"properties":{"place_id":"eaa7b16d-d9dc-44d9-a935-18c8d31285d3","place_report_count":1,"worst_collapse_type":"B","place_has_arcgis_id":false,"evaluation_count":0,"evaluation_ids_count":0,"barrio":"","nivel_dano_max":null,"severidad_max":null,"habitabilidad_codigos":"","recomendaciones":"","evaluaciones_adicionales":"","usos":"","sistema_estructural":"","material":"","epoca_construccion":"","estado_conservacion":"","calidad_diseno":"","ocupantes_max":null,"heridos_max":null,"muertos_max":null,"gps_accuracy_median":null,"rud_records":0,"rud_households":0,"rud_addresses":0,"rud_women":0,"rud_minors":0,"rud_older65":0,"rud_afro":0,"rud_indigenous":0,"rud_estado_averiado":0,"rud_estado_no_habitable":0,"rud_estado_habitable":0,"rud_estado_destruido":0,"rud_estado_no_informa":0,"rud_tenencia_propietario":0,"rud_tenencia_arrendatario":0,"rud_tenencia_ocupante":0,"rud_tenencia_poseedor":0,"rud_tenencia_no_informa":0,"rud_match_methods":"","rud_match_confidences":"","has_rud_match":false}},{"type":"Feature","geometry":{"type":"Point","coordinates":[-76.549195,3.41783]},"properties":{"place_id":"c7352636-88f7-48c2-8d9d-317338d4c0eb","place_report_count":1,"worst_collapse_type":"B","place_has_arcgis_id":false,"evaluation_count":1,"evaluation_ids_count":1,"barrio":"El Lido","nivel_dano_max":"alto","severidad_max":"alto","habitabilidad_codigos":"i2","recomendaciones":"aislamiento, demoler, desconectar, evacuar_total, monitoreo, restringir_peatones, restringir_vehiculos, seguimiento, vigilancia","evaluaciones_adicionales":"estructural","usos":"residencial","sistema_estructural":"porticos","material":"conc_no_arr","epoca_construccion":"","estado_conservacion":"bueno","calidad_diseno":"bueno","ocupantes_max":4,"heridos_max":0,"muertos_max":0,"gps_accuracy_median":1.5,"rud_records":21,"rud_households":11,"rud_addresses":8,"rud_women":13,"rud_minors":2,"rud_older65":7,"rud_afro":0,"rud_indigenous":0,"rud_estado_averiado":5,"rud_estado_no_habitable":15,"rud_estado_habitable":1,"rud_estado_destruido":0,"rud_estado_no_informa":0,"rud_tenencia_propietario":9,"rud_tenencia_arrendatario":9,"rud_tenencia_ocupante":3,"rud_tenencia_poseedor":0,"rud_tenencia_no_informa":0,"rud_match_methods":"direccion_normalizada, nomenclatura_sector","rud_match_confidences":"alta, media","has_rud_match":true}},{"type":"Feature","geometry":{"type":"Point","coordinates":[-76.5476661,3.4178807]},"properties":{"place_id":"fbdf8496-de18-4b97-8d9d-8a6605e1e52e","place_report_count":0,"worst_collapse_type":null,"place_has_arcgis_id":false,"evaluation_count":1,"evaluation_ids_count":1,"barrio":"Lido","nivel_dano_max":"alto","severidad_max":"medio_alto","habitabilidad_codigos":"r1","recomendaciones":"","evaluaciones_adicionales":"","usos":"residencial","sistema_estructural":"dual","material":"concreto_dual","epoca_construccion":"antes_1984","estado_conservacion":"bueno","calidad_diseno":"regular","ocupantes_max":22,"heridos_max":null,"muertos_max":null,"gps_accuracy_median":6.08,"rud_records":0,"rud_households":0,"rud_addresses":0,"rud_women":0,"rud_minors":0,"rud_older65":0,"rud_afro":0,"rud_indigenous":0,"rud_estado_averiado":0,"rud_estado_no_habitable":0,"rud_estado_habitable":0,"rud_estado_destruido":0,"rud_estado_no_informa":0,"rud_tenencia_propietario":0,"rud_tenencia_arrendatario":0,"rud_tenencia_ocupante":0,"rud_tenencia_poseedor":0,"rud_tenencia_no_informa":0,"rud_match_methods":"","rud_match_confidences":"","has_rud_match":false}},{"type":"Feature","geometry":{"type":"Point","coordinates":[-76.5438256,3.4179012]},"properties":{"place_id":"560499d4-7947-4a5c-a576-0914c56f0eea","place_report_count":1,"worst_collapse_type":null,"place_has_arcgis_id":false,"evaluation_count":1,"evaluation_ids_count":1,"barrio":"Tequendama","nivel_dano_max":"medio","severidad_max":"medio_alto","habitabilidad_codigos":"r1","recomendaciones":"apuntalar, demoler, restringir_peatones","evaluaciones_adicionales":"","usos":"otro","sistema_estructural":"porticos","material":"conc_no_arr","epoca_construccion":"desconocida","estado_conservacion":"malo","calidad_diseno":"regular","ocupantes_max":0,"heridos_max":0,"muertos_max":0,"gps_accuracy_median":20.12,"rud_records":0,"rud_households":0,"rud_addresses":0,"rud_women":0,"rud_minors":0,"rud_older65":0,"rud_afro":0,"rud_indigenous":0,"rud_estado_averiado":0,"rud_estado_no_habitable":0,"rud_estado_habitable":0,"rud_estado_destruido":0,"rud_estado_no_informa":0,"rud_tenencia_propietario":0,"rud_tenencia_arrendatario":0,"rud_tenencia_ocupante":0,"rud_tenencia_poseedor":0,"rud_tenencia_no_informa":0,"rud_match_methods":"","rud_match_confidences":"","has_rud_match":false}},{"type":"Feature","geometry":{"type":"Point","coordinates":[-76.5396589204555,3.41793296069197]},"properties":{"place_id":"5bdbf4b2-213e-45b9-b10c-e20dffc954e3","place_report_count":1,"worst_collapse_type":"B","place_has_arcgis_id":false,"evaluation_count":1,"evaluation_ids_count":1,"barrio":"Los cambulos","nivel_dano_max":"alto","severidad_max":"alto","habitabilidad_codigos":"i2","recomendaciones":"","evaluaciones_adicionales":"estructural","usos":"residencial","sistema_estructural":"porticos","material":"conc_arr","epoca_construccion":"antes_1984","estado_conservacion":"regular","calidad_diseno":"regular","ocupantes_max":null,"heridos_max":null,"muertos_max":null,"gps_accuracy_median":3.54,"rud_records":52,"rud_households":30,"rud_addresses":1,"rud_women":36,"rud_minors":2,"rud_older65":13,"rud_afro":0,"rud_indigenous":0,"rud_estado_averiado":0,"rud_estado_no_habitable":51,"rud_estado_habitable":0,"rud_estado_destruido":1,"rud_estado_no_informa":0,"rud_tenencia_propietario":35,"rud_tenencia_arrendatario":16,"rud_tenencia_ocupante":1,"rud_tenencia_poseedor":0,"rud_tenencia_no_informa":0,"rud_match_methods":"direccion_normalizada","rud_match_confidences":"alta","has_rud_match":true}},{"type":"Feature","geometry":{"type":"Point","coordinates":[-76.5505562,3.4179673]},"properties":{"place_id":"09236f37-02ef-4941-9252-61c441581022","place_report_count":0,"worst_collapse_type":null,"place_has_arcgis_id":true,"evaluation_count":1,"evaluation_ids_count":1,"barrio":"Lido","nivel_dano_max":"medio","severidad_max":"medio_alto","habitabilidad_codigos":"r1","recomendaciones":"demoler","evaluaciones_adicionales":"","usos":"residencial","sistema_estructural":"porticos","material":"conc_no_arr","epoca_construccion":"antes_1984","estado_conservacion":"bueno","calidad_diseno":"bueno","ocupantes_max":1,"heridos_max":0,"muertos_max":0,"gps_accuracy_median":null,"rud_records":0,"rud_households":0,"rud_addresses":0,"rud_women":0,"rud_minors":0,"rud_older65":0,"rud_afro":0,"rud_indigenous":0,"rud_estado_averiado":0,"rud_estado_no_habitable":0,"rud_estado_habitable":0,"rud_estado_destruido":0,"rud_estado_no_informa":0,"rud_tenencia_propietario":0,"rud_tenencia_arrendatario":0,"rud_tenencia_ocupante":0,"rud_tenencia_poseedor":0,"rud_tenencia_no_informa":0,"rud_match_methods":"","rud_match_confidences":"","has_rud_match":false}},{"type":"Feature","geometry":{"type":"Point","coordinates":[-76.5439167177355,3.4180498009880864]},"properties":{"place_id":"fa93c6f6-cd79-4076-b64f-9e76fec45390","place_report_count":1,"worst_collapse_type":"B","place_has_arcgis_id":false,"evaluation_count":0,"evaluation_ids_count":0,"barrio":"","nivel_dano_max":null,"severidad_max":null,"habitabilidad_codigos":"","recomendaciones":"","evaluaciones_adicionales":"","usos":"","sistema_estructural":"","material":"","epoca_construccion":"","estado_conservacion":"","calidad_diseno":"","ocupantes_max":null,"heridos_max":null,"muertos_max":null,"gps_accuracy_median":null,"rud_records":0,"rud_households":0,"rud_addresses":0,"rud_women":0,"rud_minors":0,"rud_older65":0,"rud_afro":0,"rud_indigenous":0,"rud_estado_averiado":0,"rud_estado_no_habitable":0,"rud_estado_habitable":0,"rud_estado_destruido":0,"rud_estado_no_informa":0,"rud_tenencia_propietario":0,"rud_tenencia_arrendatario":0,"rud_tenencia_ocupante":0,"rud_tenencia_poseedor":0,"rud_tenencia_no_informa":0,"rud_match_methods":"","rud_match_confidences":"","has_rud_match":false}},{"type":"Feature","geometry":{"type":"Point","coordinates":[-76.5487058669466,3.41807019154838]},"properties":{"place_id":"272ece90-0dbe-497a-8899-3309a10ebbc8","place_report_count":0,"worst_collapse_type":"B","place_has_arcgis_id":false,"evaluation_count":1,"evaluation_ids_count":1,"barrio":"Lido","nivel_dano_max":"alto","severidad_max":"alto","habitabilidad_codigos":"i2","recomendaciones":"","evaluaciones_adicionales":"estructural","usos":"residencial","sistema_estructural":"porticos","material":"conc_arr","epoca_construccion":"antes_1984","estado_conservacion":"regular","calidad_diseno":"bueno","ocupantes_max":null,"heridos_max":null,"muertos_max":null,"gps_accuracy_median":7.83,"rud_records":0,"rud_households":0,"rud_addresses":0,"rud_women":0,"rud_minors":0,"rud_older65":0,"rud_afro":0,"rud_indigenous":0,"rud_estado_averiado":0,"rud_estado_no_habitable":0,"rud_estado_habitable":0,"rud_estado_destruido":0,"rud_estado_no_informa":0,"rud_tenencia_propietario":0,"rud_tenencia_arrendatario":0,"rud_tenencia_ocupante":0,"rud_tenencia_poseedor":0,"rud_tenencia_no_informa":0,"rud_match_methods":"","rud_match_confidences":"","has_rud_match":false}},{"type":"Feature","geometry":{"type":"Point","coordinates":[-76.5506643,3.4180857]},"properties":{"place_id":"8c436563-d3cd-4690-853c-11ca0142726b","place_report_count":0,"worst_collapse_type":null,"place_has_arcgis_id":false,"evaluation_count":1,"evaluation_ids_count":1,"barrio":"El Lido","nivel_dano_max":"bajo","severidad_max":"bajo","habitabilidad_codigos":"h","recomendaciones":"demoler, monitoreo","evaluaciones_adicionales":"estructural","usos":"residencial","sistema_estructural":"porticos","material":"conc_no_arr","epoca_construccion":"1984_1997","estado_conservacion":"bueno","calidad_diseno":"bueno","ocupantes_max":15,"heridos_max":null,"muertos_max":null,"gps_accuracy_median":11.31,"rud_records":0,"rud_households":0,"rud_addresses":0,"rud_women":0,"rud_minors":0,"rud_older65":0,"rud_afro":0,"rud_indigenous":0,"rud_estado_averiado":0,"rud_estado_no_habitable":0,"rud_estado_habitable":0,"rud_estado_destruido":0,"rud_estado_no_informa":0,"rud_tenencia_propietario":0,"rud_tenencia_arrendatario":0,"rud_tenencia_ocupante":0,"rud_tenencia_poseedor":0,"rud_tenencia_no_informa":0,"rud_match_methods":"","rud_match_confidences":"","has_rud_match":false}},{"type":"Feature","geometry":{"type":"Point","coordinates":[-76.54866989,3.41810605]},"properties":{"place_id":"bea0ae50-5717-4fc7-b9d9-16eb1c1f656d","place_report_count":1,"worst_collapse_type":"B","place_has_arcgis_id":false,"evaluation_count":3,"evaluation_ids_count":3,"barrio":"Lido","nivel_dano_max":"alto","severidad_max":"alto","habitabilidad_codigos":"i2","recomendaciones":"apuntalar, demoler, desconectar, evacuar_total, intervencion, monitoreo, restringir_peatones, restringir_vehiculos","evaluaciones_adicionales":"estructural, otra","usos":"comercial, residencial","sistema_estructural":"muros_carga, porticos","material":"conc_arr, mamp_simple","epoca_construccion":"antes_1984","estado_conservacion":"malo, regular","calidad_diseno":"bueno","ocupantes_max":80,"heridos_max":1,"muertos_max":1,"gps_accuracy_median":7.83,"rud_records":0,"rud_households":0,"rud_addresses":0,"rud_women":0,"rud_minors":0,"rud_older65":0,"rud_afro":0,"rud_indigenous":0,"rud_estado_averiado":0,"rud_estado_no_habitable":0,"rud_estado_habitable":0,"rud_estado_destruido":0,"rud_estado_no_informa":0,"rud_tenencia_propietario":0,"rud_tenencia_arrendatario":0,"rud_tenencia_ocupante":0,"rud_tenencia_poseedor":0,"rud_tenencia_no_informa":0,"rud_match_methods":"","rud_match_confidences":"","has_rud_match":false}},{"type":"Feature","geometry":{"type":"Point","coordinates":[-76.5385993050736,3.41817063618799]},"properties":{"place_id":"e68a23b6-809d-4fcf-be11-938ba0293625","place_report_count":1,"worst_collapse_type":"B","place_has_arcgis_id":false,"evaluation_count":1,"evaluation_ids_count":1,"barrio":"Cambulos","nivel_dano_max":"alto","severidad_max":"alto","habitabilidad_codigos":"i2","recomendaciones":"demoler, evacuar_total, monitoreo, restringir_peatones, restringir_vehiculos, seguimiento, vigilancia","evaluaciones_adicionales":"estructural","usos":"residencial","sistema_estructural":"porticos","material":"conc_no_arr","epoca_construccion":"1984_1997","estado_conservacion":"regular","calidad_diseno":"regular","ocupantes_max":150,"heridos_max":null,"muertos_max":null,"gps_accuracy_median":13.71,"rud_records":47,"rud_households":20,"rud_addresses":1,"rud_women":27,"rud_minors":4,"rud_older65":19,"rud_afro":0,"rud_indigenous":0,"rud_estado_averiado":2,"rud_estado_no_habitable":40,"rud_estado_habitable":0,"rud_estado_destruido":5,"rud_estado_no_informa":0,"rud_tenencia_propietario":34,"rud_tenencia_arrendatario":8,"rud_tenencia_ocupante":5,"rud_tenencia_poseedor":0,"rud_tenencia_no_informa":0,"rud_match_methods":"direccion_normalizada","rud_match_confidences":"alta","has_rud_match":true}},{"type":"Feature","geometry":{"type":"Point","coordinates":[-76.5492717,3.4181733]},"properties":{"place_id":"e241367f-f7a9-453b-a630-4e66f60db4c9","place_report_count":0,"worst_collapse_type":null,"place_has_arcgis_id":true,"evaluation_count":1,"evaluation_ids_count":1,"barrio":"Lido","nivel_dano_max":"bajo","severidad_max":"bajo","habitabilidad_codigos":"h","recomendaciones":"seguimiento","evaluaciones_adicionales":"","usos":"residencial","sistema_estructural":"porticos","material":"conc_no_arr","epoca_construccion":"antes_1984","estado_conservacion":"bueno","calidad_diseno":"bueno","ocupantes_max":80,"heridos_max":0,"muertos_max":0,"gps_accuracy_median":1.9,"rud_records":0,"rud_households":0,"rud_addresses":0,"rud_women":0,"rud_minors":0,"rud_older65":0,"rud_afro":0,"rud_indigenous":0,"rud_estado_averiado":0,"rud_estado_no_habitable":0,"rud_estado_habitable":0,"rud_estado_destruido":0,"rud_estado_no_informa":0,"rud_tenencia_propietario":0,"rud_tenencia_arrendatario":0,"rud_tenencia_ocupante":0,"rud_tenencia_poseedor":0,"rud_tenencia_no_informa":0,"rud_match_methods":"","rud_match_confidences":"","has_rud_match":false}},{"type":"Feature","geometry":{"type":"Point","coordinates":[-76.5496098655542,3.41823750384686]},"properties":{"place_id":"e2444df9-294e-4578-9eae-8d0de1601fa4","place_report_count":1,"worst_collapse_type":"B","place_has_arcgis_id":false,"evaluation_count":1,"evaluation_ids_count":1,"barrio":"Lido","nivel_dano_max":"alto","severidad_max":"alto","habitabilidad_codigos":"i2","recomendaciones":"","evaluaciones_adicionales":"estructural","usos":"residencial","sistema_estructural":"porticos","material":"conc_arr","epoca_construccion":"1984_1997","estado_conservacion":"malo","calidad_diseno":"bueno","ocupantes_max":null,"heridos_max":null,"muertos_max":null,"gps_accuracy_median":6.36,"rud_records":0,"rud_households":0,"rud_addresses":0,"rud_women":0,"rud_minors":0,"rud_older65":0,"rud_afro":0,"rud_indigenous":0,"rud_estado_averiado":0,"rud_estado_no_habitable":0,"rud_estado_habitable":0,"rud_estado_destruido":0,"rud_estado_no_informa":0,"rud_tenencia_propietario":0,"rud_tenencia_arrendatario":0,"rud_tenencia_ocupante":0,"rud_tenencia_poseedor":0,"rud_tenencia_no_informa":0,"rud_match_methods":"","rud_match_confidences":"","has_rud_match":false}},{"type":"Feature","geometry":{"type":"Point","coordinates":[-76.5480792,3.4182408]},"properties":{"place_id":"6615e59d-90d5-43eb-ab22-26d6b32c1fb2","place_report_count":0,"worst_collapse_type":null,"place_has_arcgis_id":false,"evaluation_count":1,"evaluation_ids_count":1,"barrio":"Lido","nivel_dano_max":"alto","severidad_max":"medio_alto","habitabilidad_codigos":"r1","recomendaciones":"demoler, monitoreo, seguimiento","evaluaciones_adicionales":"estructural","usos":"residencial","sistema_estructural":"dual","material":"concreto_dual","epoca_construccion":"antes_1984","estado_conservacion":"bueno","calidad_diseno":"bueno","ocupantes_max":22,"heridos_max":1,"muertos_max":0,"gps_accuracy_median":11.32,"rud_records":0,"rud_households":0,"rud_addresses":0,"rud_women":0,"rud_minors":0,"rud_older65":0,"rud_afro":0,"rud_indigenous":0,"rud_estado_averiado":0,"rud_estado_no_habitable":0,"rud_estado_habitable":0,"rud_estado_destruido":0,"rud_estado_no_informa":0,"rud_tenencia_propietario":0,"rud_tenencia_arrendatario":0,"rud_tenencia_ocupante":0,"rud_tenencia_poseedor":0,"rud_tenencia_no_informa":0,"rud_match_methods":"","rud_match_confidences":"","has_rud_match":false}},{"type":"Feature","geometry":{"type":"Point","coordinates":[-76.5498722952474,3.41835749581682]},"properties":{"place_id":"95cd638c-3362-4387-ac54-7dcf18065b84","place_report_count":1,"worst_collapse_type":"B","place_has_arcgis_id":false,"evaluation_count":1,"evaluation_ids_count":1,"barrio":"El lido","nivel_dano_max":"alto","severidad_max":"alto","habitabilidad_codigos":"i2","recomendaciones":"","evaluaciones_adicionales":"estructural","usos":"residencial","sistema_estructural":"dual","material":"concreto_dual","epoca_construccion":"antes_1984","estado_conservacion":"regular","calidad_diseno":"regular","ocupantes_max":100,"heridos_max":null,"muertos_max":null,"gps_accuracy_median":9.62,"rud_records":21,"rud_households":12,"rud_addresses":9,"rud_women":12,"rud_minors":2,"rud_older65":6,"rud_afro":0,"rud_indigenous":0,"rud_estado_averiado":0,"rud_estado_no_habitable":16,"rud_estado_habitable":0,"rud_estado_destruido":5,"rud_estado_no_informa":0,"rud_tenencia_propietario":12,"rud_tenencia_arrendatario":9,"rud_tenencia_ocupante":0,"rud_tenencia_poseedor":0,"rud_tenencia_no_informa":0,"rud_match_methods":"nomenclatura_sector","rud_match_confidences":"media","has_rud_match":true}},{"type":"Feature","geometry":{"type":"Point","coordinates":[-76.5434945101015,3.41838354876097]},"properties":{"place_id":"efd55d41-4471-4354-9449-d44abe789167","place_report_count":1,"worst_collapse_type":"B","place_has_arcgis_id":false,"evaluation_count":1,"evaluation_ids_count":1,"barrio":"Tequendama","nivel_dano_max":"alto","severidad_max":"medio_alto","habitabilidad_codigos":"i2","recomendaciones":"","evaluaciones_adicionales":"estructural","usos":"residencial","sistema_estructural":"porticos","material":"conc_arr","epoca_construccion":"antes_1984","estado_conservacion":"regular","calidad_diseno":"bueno","ocupantes_max":null,"heridos_max":null,"muertos_max":null,"gps_accuracy_median":9.51,"rud_records":0,"rud_households":0,"rud_addresses":0,"rud_women":0,"rud_minors":0,"rud_older65":0,"rud_afro":0,"rud_indigenous":0,"rud_estado_averiado":0,"rud_estado_no_habitable":0,"rud_estado_habitable":0,"rud_estado_destruido":0,"rud_estado_no_informa":0,"rud_tenencia_propietario":0,"rud_tenencia_arrendatario":0,"rud_tenencia_ocupante":0,"rud_tenencia_poseedor":0,"rud_tenencia_no_informa":0,"rud_match_methods":"","rud_match_confidences":"","has_rud_match":false}},{"type":"Feature","geometry":{"type":"Point","coordinates":[-76.54875538,3.41848426]},"properties":{"place_id":"117b3244-71ad-4c14-9280-645065575342","place_report_count":1,"worst_collapse_type":"B","place_has_arcgis_id":false,"evaluation_count":2,"evaluation_ids_count":2,"barrio":"El lido, Lido","nivel_dano_max":"alto","severidad_max":"alto","habitabilidad_codigos":"i2","recomendaciones":"aislamiento, apuntalar, demoler, evacuar_parcial, evacuar_total, evacuar_vecinas, intervencion, monitoreo, restringir_peatones, restringir_vehiculos, seguimiento, vigilancia","evaluaciones_adicionales":"estructural","usos":"residencial","sistema_estructural":"muros_carga, porticos","material":"conc_no_arr, mamp_simple","epoca_construccion":"antes_1984","estado_conservacion":"bueno, regular","calidad_diseno":"bueno","ocupantes_max":64,"heridos_max":0,"muertos_max":0,"gps_accuracy_median":2.75,"rud_records":21,"rud_households":10,"rud_addresses":9,"rud_women":11,"rud_minors":0,"rud_older65":5,"rud_afro":0,"rud_indigenous":0,"rud_estado_averiado":0,"rud_estado_no_habitable":18,"rud_estado_habitable":0,"rud_estado_destruido":3,"rud_estado_no_informa":0,"rud_tenencia_propietario":9,"rud_tenencia_arrendatario":12,"rud_tenencia_ocupante":0,"rud_tenencia_poseedor":0,"rud_tenencia_no_informa":0,"rud_match_methods":"nomenclatura_sector","rud_match_confidences":"media","has_rud_match":true}},{"type":"Feature","geometry":{"type":"Point","coordinates":[-76.5408143,3.4187847]},"properties":{"place_id":"ab60a8da-27aa-4ba7-951d-ac6ce2b98d63","place_report_count":0,"worst_collapse_type":"B","place_has_arcgis_id":true,"evaluation_count":1,"evaluation_ids_count":1,"barrio":"Los Cambulos","nivel_dano_max":"alto","severidad_max":"alto","habitabilidad_codigos":"i2","recomendaciones":"desconectar, evacuar_total, monitoreo, restringir_peatones, seguimiento","evaluaciones_adicionales":"estructural","usos":"parqueaderos, residencial","sistema_estructural":"porticos","material":"conc_arr","epoca_construccion":"1998_2010","estado_conservacion":"regular","calidad_diseno":"bueno","ocupantes_max":120,"heridos_max":0,"muertos_max":0,"gps_accuracy_median":null,"rud_records":0,"rud_households":0,"rud_addresses":0,"rud_women":0,"rud_minors":0,"rud_older65":0,"rud_afro":0,"rud_indigenous":0,"rud_estado_averiado":0,"rud_estado_no_habitable":0,"rud_estado_habitable":0,"rud_estado_destruido":0,"rud_estado_no_informa":0,"rud_tenencia_propietario":0,"rud_tenencia_arrendatario":0,"rud_tenencia_ocupante":0,"rud_tenencia_poseedor":0,"rud_tenencia_no_informa":0,"rud_match_methods":"","rud_match_confidences":"","has_rud_match":false}},{"type":"Feature","geometry":{"type":"Point","coordinates":[-76.4909061,3.4191636]},"properties":{"place_id":"54701b11-f6c8-473a-af78-1ee096e8c9e4","place_report_count":0,"worst_collapse_type":null,"place_has_arcgis_id":true,"evaluation_count":1,"evaluation_ids_count":1,"barrio":"Poblado 2","nivel_dano_max":"sin_dano","severidad_max":"sin_dano","habitabilidad_codigos":"h","recomendaciones":"","evaluaciones_adicionales":"","usos":"educativo","sistema_estructural":"porticos","material":"conc_no_arr","epoca_construccion":"1998_2010","estado_conservacion":"bueno","calidad_diseno":"bueno","ocupantes_max":105,"heridos_max":0,"muertos_max":0,"gps_accuracy_median":5.26,"rud_records":0,"rud_households":0,"rud_addresses":0,"rud_women":0,"rud_minors":0,"rud_older65":0,"rud_afro":0,"rud_indigenous":0,"rud_estado_averiado":0,"rud_estado_no_habitable":0,"rud_estado_habitable":0,"rud_estado_destruido":0,"rud_estado_no_informa":0,"rud_tenencia_propietario":0,"rud_tenencia_arrendatario":0,"rud_tenencia_ocupante":0,"rud_tenencia_poseedor":0,"rud_tenencia_no_informa":0,"rud_match_methods":"","rud_match_confidences":"","has_rud_match":false}},{"type":"Feature","geometry":{"type":"Point","coordinates":[-76.5431290763985,3.41918930363589]},"properties":{"place_id":"f85f61bf-26c4-4e2c-a168-c17b7b223337","place_report_count":1,"worst_collapse_type":"B","place_has_arcgis_id":false,"evaluation_count":2,"evaluation_ids_count":2,"barrio":"Tequendama","nivel_dano_max":"alto","severidad_max":"alto","habitabilidad_codigos":"i2","recomendaciones":"aislamiento, apuntalar, demoler, evacuar_total, evacuar_vecinas, monitoreo, restringir_peatones, restringir_vehiculos","evaluaciones_adicionales":"estructural, otra","usos":"comercial, otro, residencial","sistema_estructural":"porticos","material":"conc_arr, conc_no_arr","epoca_construccion":"1984_1997","estado_conservacion":"malo, regular","calidad_diseno":"malo, regular","ocupantes_max":33,"heridos_max":null,"muertos_max":null,"gps_accuracy_median":8.0,"rud_records":11,"rud_households":6,"rud_addresses":4,"rud_women":7,"rud_minors":1,"rud_older65":1,"rud_afro":1,"rud_indigenous":0,"rud_estado_averiado":0,"rud_estado_no_habitable":10,"rud_estado_habitable":0,"rud_estado_destruido":1,"rud_estado_no_informa":0,"rud_tenencia_propietario":7,"rud_tenencia_arrendatario":1,"rud_tenencia_ocupante":3,"rud_tenencia_poseedor":0,"rud_tenencia_no_informa":0,"rud_match_methods":"direccion_normalizada, nomenclatura_sector","rud_match_confidences":"alta, media","has_rud_match":true}},{"type":"Feature","geometry":{"type":"Point","coordinates":[-76.4983523,3.4192973]},"properties":{"place_id":"5ce754fe-a978-4d8b-b8da-8fcd04fbcc7f","place_report_count":0,"worst_collapse_type":null,"place_has_arcgis_id":true,"evaluation_count":1,"evaluation_ids_count":1,"barrio":"El diamante","nivel_dano_max":"sin_dano","severidad_max":"sin_dano","habitabilidad_codigos":"h","recomendaciones":"","evaluaciones_adicionales":"","usos":"educativo, institucional","sistema_estructural":"porticos","material":"conc_no_arr","epoca_construccion":"despues_2010","estado_conservacion":"bueno","calidad_diseno":"bueno","ocupantes_max":400,"heridos_max":0,"muertos_max":0,"gps_accuracy_median":7.37,"rud_records":0,"rud_households":0,"rud_addresses":0,"rud_women":0,"rud_minors":0,"rud_older65":0,"rud_afro":0,"rud_indigenous":0,"rud_estado_averiado":0,"rud_estado_no_habitable":0,"rud_estado_habitable":0,"rud_estado_destruido":0,"rud_estado_no_informa":0,"rud_tenencia_propietario":0,"rud_tenencia_arrendatario":0,"rud_tenencia_ocupante":0,"rud_tenencia_poseedor":0,"rud_tenencia_no_informa":0,"rud_match_methods":"","rud_match_confidences":"","has_rud_match":false}},{"type":"Feature","geometry":{"type":"Point","coordinates":[-76.5402899,3.419332]},"properties":{"place_id":"fa2a0e53-15aa-4b1b-8037-bf2cf9b207fa","place_report_count":1,"worst_collapse_type":null,"place_has_arcgis_id":false,"evaluation_count":1,"evaluation_ids_count":1,"barrio":"Los cambulos","nivel_dano_max":"sin_dano","severidad_max":"sin_dano","habitabilidad_codigos":"i1","recomendaciones":"","evaluaciones_adicionales":"","usos":"comercial","sistema_estructural":"porticos","material":"conc_arr","epoca_construccion":"1984_1997","estado_conservacion":"","calidad_diseno":"","ocupantes_max":null,"heridos_max":null,"muertos_max":null,"gps_accuracy_median":8.58,"rud_records":0,"rud_households":0,"rud_addresses":0,"rud_women":0,"rud_minors":0,"rud_older65":0,"rud_afro":0,"rud_indigenous":0,"rud_estado_averiado":0,"rud_estado_no_habitable":0,"rud_estado_habitable":0,"rud_estado_destruido":0,"rud_estado_no_informa":0,"rud_tenencia_propietario":0,"rud_tenencia_arrendatario":0,"rud_tenencia_ocupante":0,"rud_tenencia_poseedor":0,"rud_tenencia_no_informa":0,"rud_match_methods":"","rud_match_confidences":"","has_rud_match":false}},{"type":"Feature","geometry":{"type":"Point","coordinates":[-76.5620696324228,3.41937405770792]},"properties":{"place_id":"45ec0b4c-6f2c-44de-874f-be318a0046fe","place_report_count":1,"worst_collapse_type":"B","place_has_arcgis_id":false,"evaluation_count":1,"evaluation_ids_count":1,"barrio":"Altos de Santa Elena","nivel_dano_max":"alto","severidad_max":"alto","habitabilidad_codigos":"i2","recomendaciones":"","evaluaciones_adicionales":"estructural, geotecnica","usos":"residencial","sistema_estructural":"muros_carga","material":"mamp_reforzada","epoca_construccion":"despues_2010","estado_conservacion":"malo","calidad_diseno":"malo","ocupantes_max":50,"heridos_max":0,"muertos_max":0,"gps_accuracy_median":null,"rud_records":0,"rud_households":0,"rud_addresses":0,"rud_women":0,"rud_minors":0,"rud_older65":0,"rud_afro":0,"rud_indigenous":0,"rud_estado_averiado":0,"rud_estado_no_habitable":0,"rud_estado_habitable":0,"rud_estado_destruido":0,"rud_estado_no_informa":0,"rud_tenencia_propietario":0,"rud_tenencia_arrendatario":0,"rud_tenencia_ocupante":0,"rud_tenencia_poseedor":0,"rud_tenencia_no_informa":0,"rud_match_methods":"","rud_match_confidences":"","has_rud_match":false}},{"type":"Feature","geometry":{"type":"Point","coordinates":[-76.55616230000001,3.4194348]},"properties":{"place_id":"2de6e273-be93-4a50-9291-5cca0fd3f7ec","place_report_count":1,"worst_collapse_type":"B","place_has_arcgis_id":false,"evaluation_count":0,"evaluation_ids_count":0,"barrio":"","nivel_dano_max":null,"severidad_max":null,"habitabilidad_codigos":"","recomendaciones":"","evaluaciones_adicionales":"","usos":"","sistema_estructural":"","material":"","epoca_construccion":"","estado_conservacion":"","calidad_diseno":"","ocupantes_max":null,"heridos_max":null,"muertos_max":null,"gps_accuracy_median":null,"rud_records":0,"rud_households":0,"rud_addresses":0,"rud_women":0,"rud_minors":0,"rud_older65":0,"rud_afro":0,"rud_indigenous":0,"rud_estado_averiado":0,"rud_estado_no_habitable":0,"rud_estado_habitable":0,"rud_estado_destruido":0,"rud_estado_no_informa":0,"rud_tenencia_propietario":0,"rud_tenencia_arrendatario":0,"rud_tenencia_ocupante":0,"rud_tenencia_poseedor":0,"rud_tenencia_no_informa":0,"rud_match_methods":"","rud_match_confidences":"","has_rud_match":false}},{"type":"Feature","geometry":{"type":"Point","coordinates":[-76.5408932,3.4194986]},"properties":{"place_id":"c7b9f30a-2c53-46d0-b0ed-a6355fb116bc","place_report_count":1,"worst_collapse_type":null,"place_has_arcgis_id":false,"evaluation_count":1,"evaluation_ids_count":1,"barrio":"Los cambulos","nivel_dano_max":"bajo","severidad_max":"medio","habitabilidad_codigos":"h","recomendaciones":"","evaluaciones_adicionales":"","usos":"","sistema_estructural":"","material":"","epoca_construccion":"","estado_conservacion":"","calidad_diseno":"","ocupantes_max":null,"heridos_max":null,"muertos_max":null,"gps_accuracy_median":7.46,"rud_records":0,"rud_households":0,"rud_addresses":0,"rud_women":0,"rud_minors":0,"rud_older65":0,"rud_afro":0,"rud_indigenous":0,"rud_estado_averiado":0,"rud_estado_no_habitable":0,"rud_estado_habitable":0,"rud_estado_destruido":0,"rud_estado_no_informa":0,"rud_tenencia_propietario":0,"rud_tenencia_arrendatario":0,"rud_tenencia_ocupante":0,"rud_tenencia_poseedor":0,"rud_tenencia_no_informa":0,"rud_match_methods":"","rud_match_confidences":"","has_rud_match":false}},{"type":"Feature","geometry":{"type":"Point","coordinates":[-76.5411241064388,3.41954174198912]},"properties":{"place_id":"fbb0a7ae-9f4a-4582-a988-c4e4d57c1b2d","place_report_count":0,"worst_collapse_type":"B","place_has_arcgis_id":false,"evaluation_count":1,"evaluation_ids_count":1,"barrio":"Los cambulos","nivel_dano_max":"alto","severidad_max":"alto","habitabilidad_codigos":"i2","recomendaciones":"","evaluaciones_adicionales":"estructural","usos":"salud","sistema_estructural":"porticos","material":"conc_arr","epoca_construccion":"despues_2010","estado_conservacion":"regular","calidad_diseno":"bueno","ocupantes_max":110,"heridos_max":null,"muertos_max":null,"gps_accuracy_median":4.12,"rud_records":0,"rud_households":0,"rud_addresses":0,"rud_women":0,"rud_minors":0,"rud_older65":0,"rud_afro":0,"rud_indigenous":0,"rud_estado_averiado":0,"rud_estado_no_habitable":0,"rud_estado_habitable":0,"rud_estado_destruido":0,"rud_estado_no_informa":0,"rud_tenencia_propietario":0,"rud_tenencia_arrendatario":0,"rud_tenencia_ocupante":0,"rud_tenencia_poseedor":0,"rud_tenencia_no_informa":0,"rud_match_methods":"","rud_match_confidences":"","has_rud_match":false}},{"type":"Feature","geometry":{"type":"Point","coordinates":[-76.5410679,3.4195544]},"properties":{"place_id":"89662aed-3c16-4de0-b79e-7fab8e090784","place_report_count":1,"worst_collapse_type":null,"place_has_arcgis_id":false,"evaluation_count":1,"evaluation_ids_count":1,"barrio":"Los cambulos","nivel_dano_max":"medio","severidad_max":"medio_alto","habitabilidad_codigos":"r2","recomendaciones":"","evaluaciones_adicionales":"","usos":"comercial","sistema_estructural":"muros_carga","material":"mamp_reforzada","epoca_construccion":"antes_1984","estado_conservacion":"regular","calidad_diseno":"regular","ocupantes_max":0,"heridos_max":null,"muertos_max":null,"gps_accuracy_median":5.34,"rud_records":0,"rud_households":0,"rud_addresses":0,"rud_women":0,"rud_minors":0,"rud_older65":0,"rud_afro":0,"rud_indigenous":0,"rud_estado_averiado":0,"rud_estado_no_habitable":0,"rud_estado_habitable":0,"rud_estado_destruido":0,"rud_estado_no_informa":0,"rud_tenencia_propietario":0,"rud_tenencia_arrendatario":0,"rud_tenencia_ocupante":0,"rud_tenencia_poseedor":0,"rud_tenencia_no_informa":0,"rud_match_methods":"","rud_match_confidences":"","has_rud_match":false}},{"type":"Feature","geometry":{"type":"Point","coordinates":[-76.5526155,3.419731]},"properties":{"place_id":"087205a0-59eb-4e11-b36a-76c517e704ff","place_report_count":0,"worst_collapse_type":null,"place_has_arcgis_id":false,"evaluation_count":1,"evaluation_ids_count":1,"barrio":"El Lido","nivel_dano_max":"bajo","severidad_max":"bajo","habitabilidad_codigos":"h","recomendaciones":"aislamiento, monitoreo","evaluaciones_adicionales":"estructural","usos":"residencial","sistema_estructural":"porticos","material":"conc_no_arr","epoca_construccion":"1984_1997","estado_conservacion":"bueno","calidad_diseno":"bueno","ocupantes_max":1820,"heridos_max":null,"muertos_max":null,"gps_accuracy_median":null,"rud_records":43,"rud_households":18,"rud_addresses":1,"rud_women":26,"rud_minors":3,"rud_older65":9,"rud_afro":3,"rud_indigenous":0,"rud_estado_averiado":11,"rud_estado_no_habitable":0,"rud_estado_habitable":32,"rud_estado_destruido":0,"rud_estado_no_informa":0,"rud_tenencia_propietario":29,"rud_tenencia_arrendatario":14,"rud_tenencia_ocupante":0,"rud_tenencia_poseedor":0,"rud_tenencia_no_informa":0,"rud_match_methods":"direccion_normalizada","rud_match_confidences":"alta","has_rud_match":true}},{"type":"Feature","geometry":{"type":"Point","coordinates":[-76.5480890353502,3.41987012753345]},"properties":{"place_id":"e10daa2d-c938-4cb3-a5f6-4bee868474e7","place_report_count":1,"worst_collapse_type":"A","place_has_arcgis_id":false,"evaluation_count":1,"evaluation_ids_count":1,"barrio":"Tequendama","nivel_dano_max":"alto","severidad_max":"alto","habitabilidad_codigos":"i2","recomendaciones":"","evaluaciones_adicionales":"","usos":"comercial, residencial","sistema_estructural":"muros_carga","material":"mamp_reforzada","epoca_construccion":"antes_1984","estado_conservacion":"malo","calidad_diseno":"bueno","ocupantes_max":null,"heridos_max":null,"muertos_max":null,"gps_accuracy_median":5.84,"rud_records":3,"rud_households":1,"rud_addresses":1,"rud_women":1,"rud_minors":0,"rud_older65":0,"rud_afro":0,"rud_indigenous":0,"rud_estado_averiado":0,"rud_estado_no_habitable":0,"rud_estado_habitable":0,"rud_estado_destruido":3,"rud_estado_no_informa":0,"rud_tenencia_propietario":3,"rud_tenencia_arrendatario":0,"rud_tenencia_ocupante":0,"rud_tenencia_poseedor":0,"rud_tenencia_no_informa":0,"rud_match_methods":"direccion_normalizada","rud_match_confidences":"alta","has_rud_match":true}},{"type":"Feature","geometry":{"type":"Point","coordinates":[-76.5413040419329,3.41990348318836]},"properties":{"place_id":"132bbc86-739b-43c4-aad9-f99b8e0ad769","place_report_count":1,"worst_collapse_type":"B","place_has_arcgis_id":false,"evaluation_count":1,"evaluation_ids_count":1,"barrio":"Los cambulos","nivel_dano_max":"alto","severidad_max":"medio_alto","habitabilidad_codigos":"i2","recomendaciones":"","evaluaciones_adicionales":"otra","usos":"comercial","sistema_estructural":"porticos","material":"acero_arr","epoca_construccion":"antes_1984","estado_conservacion":"regular","calidad_diseno":"malo","ocupantes_max":0,"heridos_max":null,"muertos_max":null,"gps_accuracy_median":9.21,"rud_records":0,"rud_households":0,"rud_addresses":0,"rud_women":0,"rud_minors":0,"rud_older65":0,"rud_afro":0,"rud_indigenous":0,"rud_estado_averiado":0,"rud_estado_no_habitable":0,"rud_estado_habitable":0,"rud_estado_destruido":0,"rud_estado_no_informa":0,"rud_tenencia_propietario":0,"rud_tenencia_arrendatario":0,"rud_tenencia_ocupante":0,"rud_tenencia_poseedor":0,"rud_tenencia_no_informa":0,"rud_match_methods":"","rud_match_confidences":"","has_rud_match":false}},{"type":"Feature","geometry":{"type":"Point","coordinates":[-76.5509019,3.419921]},"properties":{"place_id":"7b03852c-2abc-4947-b199-87a15b6aca25","place_report_count":2,"worst_collapse_type":"B","place_has_arcgis_id":false,"evaluation_count":0,"evaluation_ids_count":0,"barrio":"","nivel_dano_max":null,"severidad_max":null,"habitabilidad_codigos":"","recomendaciones":"","evaluaciones_adicionales":"","usos":"","sistema_estructural":"","material":"","epoca_construccion":"","estado_conservacion":"","calidad_diseno":"","ocupantes_max":null,"heridos_max":null,"muertos_max":null,"gps_accuracy_median":null,"rud_records":0,"rud_households":0,"rud_addresses":0,"rud_women":0,"rud_minors":0,"rud_older65":0,"rud_afro":0,"rud_indigenous":0,"rud_estado_averiado":0,"rud_estado_no_habitable":0,"rud_estado_habitable":0,"rud_estado_destruido":0,"rud_estado_no_informa":0,"rud_tenencia_propietario":0,"rud_tenencia_arrendatario":0,"rud_tenencia_ocupante":0,"rud_tenencia_poseedor":0,"rud_tenencia_no_informa":0,"rud_match_methods":"","rud_match_confidences":"","has_rud_match":false}},{"type":"Feature","geometry":{"type":"Point","coordinates":[-76.54708459999999,3.4199525]},"properties":{"place_id":"a3471508-d8ab-4a18-ad2a-d62917e0b4fb","place_report_count":1,"worst_collapse_type":"B","place_has_arcgis_id":false,"evaluation_count":0,"evaluation_ids_count":0,"barrio":"","nivel_dano_max":null,"severidad_max":null,"habitabilidad_codigos":"","recomendaciones":"","evaluaciones_adicionales":"","usos":"","sistema_estructural":"","material":"","epoca_construccion":"","estado_conservacion":"","calidad_diseno":"","ocupantes_max":null,"heridos_max":null,"muertos_max":null,"gps_accuracy_median":null,"rud_records":0,"rud_households":0,"rud_addresses":0,"rud_women":0,"rud_minors":0,"rud_older65":0,"rud_afro":0,"rud_indigenous":0,"rud_estado_averiado":0,"rud_estado_no_habitable":0,"rud_estado_habitable":0,"rud_estado_destruido":0,"rud_estado_no_informa":0,"rud_tenencia_propietario":0,"rud_tenencia_arrendatario":0,"rud_tenencia_ocupante":0,"rud_tenencia_poseedor":0,"rud_tenencia_no_informa":0,"rud_match_methods":"","rud_match_confidences":"","has_rud_match":false}},{"type":"Feature","geometry":{"type":"Point","coordinates":[-76.5412515732546,3.41996674494319]},"properties":{"place_id":"d75d690e-0d85-4a1d-b1cd-55b41befec26","place_report_count":1,"worst_collapse_type":"B","place_has_arcgis_id":false,"evaluation_count":3,"evaluation_ids_count":3,"barrio":"Los cambulos, Tequendama","nivel_dano_max":"alto","severidad_max":"alto","habitabilidad_codigos":"i2","recomendaciones":"","evaluaciones_adicionales":"estructural","usos":"comercial, residencial","sistema_estructural":"porticos","material":"acero_arr, acero_no_arr, conc_arr","epoca_construccion":"1984_1997, antes_1984, desconocida","estado_conservacion":"malo, regular","calidad_diseno":"bueno, regular","ocupantes_max":152,"heridos_max":null,"muertos_max":null,"gps_accuracy_median":4.26,"rud_records":17,"rud_households":9,"rud_addresses":1,"rud_women":10,"rud_minors":0,"rud_older65":4,"rud_afro":0,"rud_indigenous":0,"rud_estado_averiado":0,"rud_estado_no_habitable":17,"rud_estado_habitable":0,"rud_estado_destruido":0,"rud_estado_no_informa":0,"rud_tenencia_propietario":4,"rud_tenencia_arrendatario":10,"rud_tenencia_ocupante":0,"rud_tenencia_poseedor":3,"rud_tenencia_no_informa":0,"rud_match_methods":"direccion_normalizada","rud_match_confidences":"alta","has_rud_match":true}},{"type":"Feature","geometry":{"type":"Point","coordinates":[-76.5425601,3.4200556]},"properties":{"place_id":"36fe1964-2421-4a92-9f71-efe3541ffd6d","place_report_count":1,"worst_collapse_type":null,"place_has_arcgis_id":false,"evaluation_count":1,"evaluation_ids_count":1,"barrio":"Los cambulos","nivel_dano_max":"medio","severidad_max":"medio","habitabilidad_codigos":"h","recomendaciones":"","evaluaciones_adicionales":"","usos":"comercial, residencial","sistema_estructural":"porticos","material":"conc_arr","epoca_construccion":"antes_1984","estado_conservacion":"bueno","calidad_diseno":"bueno","ocupantes_max":null,"heridos_max":null,"muertos_max":null,"gps_accuracy_median":5.93,"rud_records":0,"rud_households":0,"rud_addresses":0,"rud_women":0,"rud_minors":0,"rud_older65":0,"rud_afro":0,"rud_indigenous":0,"rud_estado_averiado":0,"rud_estado_no_habitable":0,"rud_estado_habitable":0,"rud_estado_destruido":0,"rud_estado_no_informa":0,"rud_tenencia_propietario":0,"rud_tenencia_arrendatario":0,"rud_tenencia_ocupante":0,"rud_tenencia_poseedor":0,"rud_tenencia_no_informa":0,"rud_match_methods":"","rud_match_confidences":"","has_rud_match":false}},{"type":"Feature","geometry":{"type":"Point","coordinates":[-76.4770362,3.4200905]},"properties":{"place_id":"2f52d004-a2e2-4e06-81f7-a26304e0374d","place_report_count":0,"worst_collapse_type":null,"place_has_arcgis_id":false,"evaluation_count":1,"evaluation_ids_count":1,"barrio":"Marroquin II","nivel_dano_max":"bajo","severidad_max":"bajo","habitabilidad_codigos":"h","recomendaciones":"","evaluaciones_adicionales":"","usos":"educativo","sistema_estructural":"porticos","material":"conc_no_arr","epoca_construccion":"antes_1984","estado_conservacion":"bueno","calidad_diseno":"regular","ocupantes_max":300,"heridos_max":0,"muertos_max":0,"gps_accuracy_median":null,"rud_records":0,"rud_households":0,"rud_addresses":0,"rud_women":0,"rud_minors":0,"rud_older65":0,"rud_afro":0,"rud_indigenous":0,"rud_estado_averiado":0,"rud_estado_no_habitable":0,"rud_estado_habitable":0,"rud_estado_destruido":0,"rud_estado_no_informa":0,"rud_tenencia_propietario":0,"rud_tenencia_arrendatario":0,"rud_tenencia_ocupante":0,"rud_tenencia_poseedor":0,"rud_tenencia_no_informa":0,"rud_match_methods":"","rud_match_confidences":"","has_rud_match":false}},{"type":"Feature","geometry":{"type":"Point","coordinates":[-76.5286986,3.4201039]},"properties":{"place_id":"37487699-b904-4c14-9c47-ecfbd607ebfa","place_report_count":0,"worst_collapse_type":"B","place_has_arcgis_id":true,"evaluation_count":1,"evaluation_ids_count":1,"barrio":"El dorado","nivel_dano_max":"alto","severidad_max":"alto","habitabilidad_codigos":"i2","recomendaciones":"evacuar_total, restringir_peatones, seguimiento","evaluaciones_adicionales":"estructural","usos":"comercial, residencial","sistema_estructural":"muros_carga","material":"mamp_confinada","epoca_construccion":"1998_2010","estado_conservacion":"regular","calidad_diseno":"malo","ocupantes_max":4,"heridos_max":0,"muertos_max":0,"gps_accuracy_median":null,"rud_records":0,"rud_households":0,"rud_addresses":0,"rud_women":0,"rud_minors":0,"rud_older65":0,"rud_afro":0,"rud_indigenous":0,"rud_estado_averiado":0,"rud_estado_no_habitable":0,"rud_estado_habitable":0,"rud_estado_destruido":0,"rud_estado_no_informa":0,"rud_tenencia_propietario":0,"rud_tenencia_arrendatario":0,"rud_tenencia_ocupante":0,"rud_tenencia_poseedor":0,"rud_tenencia_no_informa":0,"rud_match_methods":"","rud_match_confidences":"","has_rud_match":false}},{"type":"Feature","geometry":{"type":"Point","coordinates":[-76.5499402,3.4201814]},"properties":{"place_id":"6c4145cb-da80-472b-b64d-c1e3dbbe6c08","place_report_count":0,"worst_collapse_type":"B","place_has_arcgis_id":false,"evaluation_count":2,"evaluation_ids_count":2,"barrio":"El Lido","nivel_dano_max":"alto","severidad_max":"alto","habitabilidad_codigos":"h, r1","recomendaciones":"demoler, evacuar_parcial, evacuar_vecinas, restringir_vehiculos, seguimiento","evaluaciones_adicionales":"estructural","usos":"residencial","sistema_estructural":"porticos","material":"conc_no_arr","epoca_construccion":"despues_2010","estado_conservacion":"bueno","calidad_diseno":"bueno","ocupantes_max":12,"heridos_max":0,"muertos_max":0,"gps_accuracy_median":null,"rud_records":0,"rud_households":0,"rud_addresses":0,"rud_women":0,"rud_minors":0,"rud_older65":0,"rud_afro":0,"rud_indigenous":0,"rud_estado_averiado":0,"rud_estado_no_habitable":0,"rud_estado_habitable":0,"rud_estado_destruido":0,"rud_estado_no_informa":0,"rud_tenencia_propietario":0,"rud_tenencia_arrendatario":0,"rud_tenencia_ocupante":0,"rud_tenencia_poseedor":0,"rud_tenencia_no_informa":0,"rud_match_methods":"","rud_match_confidences":"","has_rud_match":false}},{"type":"Feature","geometry":{"type":"Point","coordinates":[-76.5409633798543,3.42023855773034]},"properties":{"place_id":"bfc60ba7-d031-40f4-ba4a-afd96346f59c","place_report_count":1,"worst_collapse_type":"B","place_has_arcgis_id":false,"evaluation_count":1,"evaluation_ids_count":1,"barrio":"Los cambulos","nivel_dano_max":"alto","severidad_max":"alto","habitabilidad_codigos":"i2","recomendaciones":"","evaluaciones_adicionales":"","usos":"residencial","sistema_estructural":"porticos","material":"conc_arr","epoca_construccion":"","estado_conservacion":"malo","calidad_diseno":"malo","ocupantes_max":81,"heridos_max":null,"muertos_max":null,"gps_accuracy_median":9.44,"rud_records":29,"rud_households":10,"rud_addresses":5,"rud_women":18,"rud_minors":4,"rud_older65":6,"rud_afro":1,"rud_indigenous":0,"rud_estado_averiado":0,"rud_estado_no_habitable":23,"rud_estado_habitable":3,"rud_estado_destruido":3,"rud_estado_no_informa":0,"rud_tenencia_propietario":0,"rud_tenencia_arrendatario":29,"rud_tenencia_ocupante":0,"rud_tenencia_poseedor":0,"rud_tenencia_no_informa":0,"rud_match_methods":"direccion_normalizada, nomenclatura_sector","rud_match_confidences":"alta, media","has_rud_match":true}},{"type":"Feature","geometry":{"type":"Point","coordinates":[-76.542757508226,3.42025527148601]},"properties":{"place_id":"672c0f52-57ae-4fab-b208-b0bd3e82194b","place_report_count":1,"worst_collapse_type":"B","place_has_arcgis_id":false,"evaluation_count":1,"evaluation_ids_count":1,"barrio":"Tequendama","nivel_dano_max":"alto","severidad_max":"medio_alto","habitabilidad_codigos":"i3","recomendaciones":"demoler, evacuar_total, restringir_peatones","evaluaciones_adicionales":"estructural","usos":"comercial","sistema_estructural":"porticos","material":"conc_no_arr","epoca_construccion":"desconocida","estado_conservacion":"bueno","calidad_diseno":"bueno","ocupantes_max":20,"heridos_max":0,"muertos_max":0,"gps_accuracy_median":5.21,"rud_records":0,"rud_households":0,"rud_addresses":0,"rud_women":0,"rud_minors":0,"rud_older65":0,"rud_afro":0,"rud_indigenous":0,"rud_estado_averiado":0,"rud_estado_no_habitable":0,"rud_estado_habitable":0,"rud_estado_destruido":0,"rud_estado_no_informa":0,"rud_tenencia_propietario":0,"rud_tenencia_arrendatario":0,"rud_tenencia_ocupante":0,"rud_tenencia_poseedor":0,"rud_tenencia_no_informa":0,"rud_match_methods":"","rud_match_confidences":"","has_rud_match":false}},{"type":"Feature","geometry":{"type":"Point","coordinates":[-76.5484398609623,3.42035506691551]},"properties":{"place_id":"545cb7bd-de8f-444c-a2f5-6366f6a4211e","place_report_count":1,"worst_collapse_type":"B","place_has_arcgis_id":false,"evaluation_count":1,"evaluation_ids_count":1,"barrio":"Tequendama","nivel_dano_max":"alto","severidad_max":"alto","habitabilidad_codigos":"i2","recomendaciones":"apuntalar, demoler, evacuar_total, monitoreo, restringir_peatones","evaluaciones_adicionales":"estructural","usos":"comercial","sistema_estructural":"","material":"","epoca_construccion":"desconocida","estado_conservacion":"regular","calidad_diseno":"regular","ocupantes_max":0,"heridos_max":null,"muertos_max":null,"gps_accuracy_median":null,"rud_records":1,"rud_households":1,"rud_addresses":1,"rud_women":0,"rud_minors":0,"rud_older65":1,"rud_afro":0,"rud_indigenous":0,"rud_estado_averiado":0,"rud_estado_no_habitable":1,"rud_estado_habitable":0,"rud_estado_destruido":0,"rud_estado_no_informa":0,"rud_tenencia_propietario":1,"rud_tenencia_arrendatario":0,"rud_tenencia_ocupante":0,"rud_tenencia_poseedor":0,"rud_tenencia_no_informa":0,"rud_match_methods":"direccion_normalizada","rud_match_confidences":"alta","has_rud_match":true}},{"type":"Feature","geometry":{"type":"Point","coordinates":[-76.5182406,3.4204556]},"properties":{"place_id":"28ac51ca-7ed3-420a-a9c8-efc189ae0536","place_report_count":0,"worst_collapse_type":null,"place_has_arcgis_id":true,"evaluation_count":1,"evaluation_ids_count":1,"barrio":"El Jardin","nivel_dano_max":"bajo","severidad_max":"bajo","habitabilidad_codigos":"h","recomendaciones":"restringir_peatones","evaluaciones_adicionales":"","usos":"educativo","sistema_estructural":"porticos","material":"conc_arr","epoca_construccion":"despues_2010","estado_conservacion":"bueno","calidad_diseno":"bueno","ocupantes_max":805,"heridos_max":null,"muertos_max":null,"gps_accuracy_median":3.79,"rud_records":0,"rud_households":0,"rud_addresses":0,"rud_women":0,"rud_minors":0,"rud_older65":0,"rud_afro":0,"rud_indigenous":0,"rud_estado_averiado":0,"rud_estado_no_habitable":0,"rud_estado_habitable":0,"rud_estado_destruido":0,"rud_estado_no_informa":0,"rud_tenencia_propietario":0,"rud_tenencia_arrendatario":0,"rud_tenencia_ocupante":0,"rud_tenencia_poseedor":0,"rud_tenencia_no_informa":0,"rud_match_methods":"","rud_match_confidences":"","has_rud_match":false}},{"type":"Feature","geometry":{"type":"Point","coordinates":[-76.4965228,3.4205545]},"properties":{"place_id":"19e09efb-e0e5-4a17-8127-c64494d84834","place_report_count":0,"worst_collapse_type":null,"place_has_arcgis_id":false,"evaluation_count":1,"evaluation_ids_count":1,"barrio":"El poblado","nivel_dano_max":"sin_dano","severidad_max":"sin_dano","habitabilidad_codigos":"r2","recomendaciones":"seguimiento","evaluaciones_adicionales":"","usos":"","sistema_estructural":"porticos","material":"conc_no_arr","epoca_construccion":"1998_2010","estado_conservacion":"","calidad_diseno":"","ocupantes_max":null,"heridos_max":null,"muertos_max":null,"gps_accuracy_median":7.99,"rud_records":0,"rud_households":0,"rud_addresses":0,"rud_women":0,"rud_minors":0,"rud_older65":0,"rud_afro":0,"rud_indigenous":0,"rud_estado_averiado":0,"rud_estado_no_habitable":0,"rud_estado_habitable":0,"rud_estado_destruido":0,"rud_estado_no_informa":0,"rud_tenencia_propietario":0,"rud_tenencia_arrendatario":0,"rud_tenencia_ocupante":0,"rud_tenencia_poseedor":0,"rud_tenencia_no_informa":0,"rud_match_methods":"","rud_match_confidences":"","has_rud_match":false}},{"type":"Feature","geometry":{"type":"Point","coordinates":[-76.5403307719615,3.42058015119623]},"properties":{"place_id":"638d7cde-895b-4a16-b841-4766b89bb3c7","place_report_count":1,"worst_collapse_type":"B","place_has_arcgis_id":false,"evaluation_count":1,"evaluation_ids_count":1,"barrio":"Los cambulos","nivel_dano_max":"alto","severidad_max":"medio_alto","habitabilidad_codigos":"i2","recomendaciones":"","evaluaciones_adicionales":"estructural","usos":"residencial","sistema_estructural":"porticos","material":"conc_arr","epoca_construccion":"antes_1984","estado_conservacion":"regular","calidad_diseno":"bueno","ocupantes_max":64,"heridos_max":null,"muertos_max":null,"gps_accuracy_median":9.62,"rud_records":70,"rud_households":33,"rud_addresses":12,"rud_women":46,"rud_minors":8,"rud_older65":12,"rud_afro":8,"rud_indigenous":0,"rud_estado_averiado":0,"rud_estado_no_habitable":70,"rud_estado_habitable":0,"rud_estado_destruido":0,"rud_estado_no_informa":0,"rud_tenencia_propietario":47,"rud_tenencia_arrendatario":23,"rud_tenencia_ocupante":0,"rud_tenencia_poseedor":0,"rud_tenencia_no_informa":0,"rud_match_methods":"direccion_normalizada, nomenclatura_sector","rud_match_confidences":"alta, media","has_rud_match":true}},{"type":"Feature","geometry":{"type":"Point","coordinates":[-76.4961771,3.4206147]},"properties":{"place_id":"0788bb12-66dd-4d3c-b791-3e169a73c7cc","place_report_count":0,"worst_collapse_type":null,"place_has_arcgis_id":false,"evaluation_count":1,"evaluation_ids_count":1,"barrio":"El poblado","nivel_dano_max":"alto","severidad_max":"alto","habitabilidad_codigos":"i2","recomendaciones":"apuntalar, evacuar_parcial, monitoreo","evaluaciones_adicionales":"estructural","usos":"educativo, institucional","sistema_estructural":"porticos","material":"conc_no_arr","epoca_construccion":"1998_2010","estado_conservacion":"bueno","calidad_diseno":"regular","ocupantes_max":null,"heridos_max":null,"muertos_max":null,"gps_accuracy_median":10.13,"rud_records":0,"rud_households":0,"rud_addresses":0,"rud_women":0,"rud_minors":0,"rud_older65":0,"rud_afro":0,"rud_indigenous":0,"rud_estado_averiado":0,"rud_estado_no_habitable":0,"rud_estado_habitable":0,"rud_estado_destruido":0,"rud_estado_no_informa":0,"rud_tenencia_propietario":0,"rud_tenencia_arrendatario":0,"rud_tenencia_ocupante":0,"rud_tenencia_poseedor":0,"rud_tenencia_no_informa":0,"rud_match_methods":"","rud_match_confidences":"","has_rud_match":false}},{"type":"Feature","geometry":{"type":"Point","coordinates":[-76.5392008,3.4206981]},"properties":{"place_id":"97cb1a15-2ea3-48b8-8106-ed9cf67e717f","place_report_count":0,"worst_collapse_type":"B","place_has_arcgis_id":true,"evaluation_count":1,"evaluation_ids_count":1,"barrio":"Los Cambulos","nivel_dano_max":"alto","severidad_max":"alto","habitabilidad_codigos":"i2","recomendaciones":"demoler, evacuar_total, monitoreo, restringir_peatones","evaluaciones_adicionales":"estructural","usos":"comercial, residencial","sistema_estructural":"porticos","material":"conc_arr","epoca_construccion":"1984_1997","estado_conservacion":"bueno","calidad_diseno":"bueno","ocupantes_max":48,"heridos_max":0,"muertos_max":0,"gps_accuracy_median":null,"rud_records":34,"rud_households":12,"rud_addresses":5,"rud_women":24,"rud_minors":3,"rud_older65":15,"rud_afro":0,"rud_indigenous":0,"rud_estado_averiado":0,"rud_estado_no_habitable":34,"rud_estado_habitable":0,"rud_estado_destruido":0,"rud_estado_no_informa":0,"rud_tenencia_propietario":11,"rud_tenencia_arrendatario":23,"rud_tenencia_ocupante":0,"rud_tenencia_poseedor":0,"rud_tenencia_no_informa":0,"rud_match_methods":"direccion_normalizada, nomenclatura_sector","rud_match_confidences":"alta, media","has_rud_match":true}},{"type":"Feature","geometry":{"type":"Point","coordinates":[-76.5402077,3.4207833]},"properties":{"place_id":"7c3dc80f-92ee-4c86-b2d4-699a1f7ac4cb","place_report_count":0,"worst_collapse_type":null,"place_has_arcgis_id":true,"evaluation_count":1,"evaluation_ids_count":1,"barrio":"Los Cambulos","nivel_dano_max":"alto","severidad_max":"alto","habitabilidad_codigos":"i3","recomendaciones":"demoler, desconectar, evacuar_total, evacuar_vecinas, restringir_peatones, restringir_vehiculos, vigilancia","evaluaciones_adicionales":"estructural, geotecnica","usos":"residencial","sistema_estructural":"dual","material":"conc_mamposteria","epoca_construccion":"1984_1997","estado_conservacion":"malo","calidad_diseno":"malo","ocupantes_max":100,"heridos_max":null,"muertos_max":null,"gps_accuracy_median":null,"rud_records":8,"rud_households":2,"rud_addresses":1,"rud_women":4,"rud_minors":0,"rud_older65":4,"rud_afro":0,"rud_indigenous":0,"rud_estado_averiado":0,"rud_estado_no_habitable":8,"rud_estado_habitable":0,"rud_estado_destruido":0,"rud_estado_no_informa":0,"rud_tenencia_propietario":3,"rud_tenencia_arrendatario":5,"rud_tenencia_ocupante":0,"rud_tenencia_poseedor":0,"rud_tenencia_no_informa":0,"rud_match_methods":"nomenclatura_sector","rud_match_confidences":"media","has_rud_match":true}},{"type":"Feature","geometry":{"type":"Point","coordinates":[-76.490238,3.42082]},"properties":{"place_id":"45423587-a95c-41c1-8a4d-4f67bc9e80f0","place_report_count":0,"worst_collapse_type":null,"place_has_arcgis_id":true,"evaluation_count":1,"evaluation_ids_count":1,"barrio":"El Poblado II","nivel_dano_max":"alto","severidad_max":"alto","habitabilidad_codigos":"i2","recomendaciones":"","evaluaciones_adicionales":"","usos":"otro","sistema_estructural":"porticos","material":"conc_no_arr","epoca_construccion":"","estado_conservacion":"malo","calidad_diseno":"malo","ocupantes_max":null,"heridos_max":null,"muertos_max":null,"gps_accuracy_median":null,"rud_records":4,"rud_households":2,"rud_addresses":1,"rud_women":2,"rud_minors":0,"rud_older65":0,"rud_afro":0,"rud_indigenous":0,"rud_estado_averiado":0,"rud_estado_no_habitable":0,"rud_estado_habitable":0,"rud_estado_destruido":4,"rud_estado_no_informa":0,"rud_tenencia_propietario":0,"rud_tenencia_arrendatario":4,"rud_tenencia_ocupante":0,"rud_tenencia_poseedor":0,"rud_tenencia_no_informa":0,"rud_match_methods":"direccion_normalizada","rud_match_confidences":"alta","has_rud_match":true}},{"type":"Feature","geometry":{"type":"Point","coordinates":[-76.5388625145361,3.42088766218456]},"properties":{"place_id":"5a7bae24-6249-4ff6-a352-85a9c26d4cd8","place_report_count":1,"worst_collapse_type":"A","place_has_arcgis_id":false,"evaluation_count":1,"evaluation_ids_count":1,"barrio":"Cambulos","nivel_dano_max":"alto","severidad_max":"alto","habitabilidad_codigos":"i2","recomendaciones":"evacuar_total","evaluaciones_adicionales":"estructural","usos":"comercial, residencial","sistema_estructural":"porticos","material":"conc_arr","epoca_construccion":"1984_1997","estado_conservacion":"regular","calidad_diseno":"regular","ocupantes_max":36,"heridos_max":null,"muertos_max":null,"gps_accuracy_median":6.24,"rud_records":31,"rud_households":8,"rud_addresses":2,"rud_women":15,"rud_minors":4,"rud_older65":5,"rud_afro":2,"rud_indigenous":2,"rud_estado_averiado":0,"rud_estado_no_habitable":31,"rud_estado_habitable":0,"rud_estado_destruido":0,"rud_estado_no_informa":0,"rud_tenencia_propietario":21,"rud_tenencia_arrendatario":10,"rud_tenencia_ocupante":0,"rud_tenencia_poseedor":0,"rud_tenencia_no_informa":0,"rud_match_methods":"direccion_normalizada, nomenclatura_sector","rud_match_confidences":"alta, media","has_rud_match":true}},{"type":"Feature","geometry":{"type":"Point","coordinates":[-76.5417131,3.4209528]},"properties":{"place_id":"0178b2cc-20c1-4949-be53-ce114563cc61","place_report_count":1,"worst_collapse_type":null,"place_has_arcgis_id":false,"evaluation_count":1,"evaluation_ids_count":1,"barrio":"Cambulos","nivel_dano_max":"medio","severidad_max":"medio","habitabilidad_codigos":"r1","recomendaciones":"apuntalar, demoler, evacuar_parcial, monitoreo","evaluaciones_adicionales":"estructural","usos":"comercial, residencial","sistema_estructural":"porticos","material":"conc_no_arr","epoca_construccion":"1984_1997","estado_conservacion":"bueno","calidad_diseno":"bueno","ocupantes_max":400,"heridos_max":null,"muertos_max":null,"gps_accuracy_median":26.8,"rud_records":125,"rud_households":71,"rud_addresses":41,"rud_women":64,"rud_minors":8,"rud_older65":38,"rud_afro":1,"rud_indigenous":0,"rud_estado_averiado":4,"rud_estado_no_habitable":120,"rud_estado_habitable":0,"rud_estado_destruido":1,"rud_estado_no_informa":0,"rud_tenencia_propietario":68,"rud_tenencia_arrendatario":55,"rud_tenencia_ocupante":2,"rud_tenencia_poseedor":0,"rud_tenencia_no_informa":0,"rud_match_methods":"direccion_normalizada, nomenclatura_sector","rud_match_confidences":"alta, media","has_rud_match":true}},{"type":"Feature","geometry":{"type":"Point","coordinates":[-76.5402431,3.4209685]},"properties":{"place_id":"6dcc6b84-2b22-4122-ad88-de70f5edc8f7","place_report_count":0,"worst_collapse_type":null,"place_has_arcgis_id":false,"evaluation_count":2,"evaluation_ids_count":2,"barrio":"Cambulos, Los cambulos","nivel_dano_max":"alto","severidad_max":"alto","habitabilidad_codigos":"i2, r1","recomendaciones":"evacuar_total, monitoreo, restringir_peatones, restringir_vehiculos, vigilancia","evaluaciones_adicionales":"estructural, geotecnica","usos":"residencial","sistema_estructural":"porticos","material":"conc_no_arr","epoca_construccion":"1984_1997","estado_conservacion":"malo, regular","calidad_diseno":"bueno, regular","ocupantes_max":30,"heridos_max":null,"muertos_max":null,"gps_accuracy_median":11.54,"rud_records":11,"rud_households":4,"rud_addresses":1,"rud_women":4,"rud_minors":0,"rud_older65":4,"rud_afro":0,"rud_indigenous":0,"rud_estado_averiado":0,"rud_estado_no_habitable":8,"rud_estado_habitable":0,"rud_estado_destruido":3,"rud_estado_no_informa":0,"rud_tenencia_propietario":0,"rud_tenencia_arrendatario":11,"rud_tenencia_ocupante":0,"rud_tenencia_poseedor":0,"rud_tenencia_no_informa":0,"rud_match_methods":"direccion_normalizada","rud_match_confidences":"alta","has_rud_match":true}},{"type":"Feature","geometry":{"type":"Point","coordinates":[-76.5401529,3.4210434]},"properties":{"place_id":"f564bdf2-1bc6-4937-99d3-4cb746784ad8","place_report_count":0,"worst_collapse_type":null,"place_has_arcgis_id":false,"evaluation_count":1,"evaluation_ids_count":1,"barrio":"Los cambulos","nivel_dano_max":"alto","severidad_max":"alto","habitabilidad_codigos":"i2","recomendaciones":"aislamiento, apuntalar, evacuar_parcial, monitoreo, restringir_vehiculos","evaluaciones_adicionales":"estructural","usos":"comercial, residencial","sistema_estructural":"porticos","material":"conc_no_arr","epoca_construccion":"1984_1997","estado_conservacion":"regular","calidad_diseno":"bueno","ocupantes_max":30,"heridos_max":null,"muertos_max":null,"gps_accuracy_median":6.74,"rud_records":8,"rud_households":1,"rud_addresses":1,"rud_women":4,"rud_minors":2,"rud_older65":0,"rud_afro":0,"rud_indigenous":0,"rud_estado_averiado":0,"rud_estado_no_habitable":8,"rud_estado_habitable":0,"rud_estado_destruido":0,"rud_estado_no_informa":0,"rud_tenencia_propietario":0,"rud_tenencia_arrendatario":8,"rud_tenencia_ocupante":0,"rud_tenencia_poseedor":0,"rud_tenencia_no_informa":0,"rud_match_methods":"direccion_normalizada","rud_match_confidences":"alta","has_rud_match":true}},{"type":"Feature","geometry":{"type":"Point","coordinates":[-76.5401176,3.4210945]},"properties":{"place_id":"86c33545-d4c4-4540-a8b4-6260a84ad810","place_report_count":0,"worst_collapse_type":null,"place_has_arcgis_id":false,"evaluation_count":1,"evaluation_ids_count":1,"barrio":"Cambulos","nivel_dano_max":"medio","severidad_max":"medio","habitabilidad_codigos":"r1","recomendaciones":"aislamiento, demoler","evaluaciones_adicionales":"","usos":"comercial","sistema_estructural":"dual","material":"conc_acero","epoca_construccion":"1998_2010","estado_conservacion":"","calidad_diseno":"","ocupantes_max":18,"heridos_max":0,"muertos_max":0,"gps_accuracy_median":10.0,"rud_records":0,"rud_households":0,"rud_addresses":0,"rud_women":0,"rud_minors":0,"rud_older65":0,"rud_afro":0,"rud_indigenous":0,"rud_estado_averiado":0,"rud_estado_no_habitable":0,"rud_estado_habitable":0,"rud_estado_destruido":0,"rud_estado_no_informa":0,"rud_tenencia_propietario":0,"rud_tenencia_arrendatario":0,"rud_tenencia_ocupante":0,"rud_tenencia_poseedor":0,"rud_tenencia_no_informa":0,"rud_match_methods":"","rud_match_confidences":"","has_rud_match":false}},{"type":"Feature","geometry":{"type":"Point","coordinates":[-76.5402241,3.4211006]},"properties":{"place_id":"5900d63b-e370-4180-a7af-7a09ef3ebfd0","place_report_count":0,"worst_collapse_type":null,"place_has_arcgis_id":false,"evaluation_count":1,"evaluation_ids_count":1,"barrio":"Los cambulos","nivel_dano_max":"alto","severidad_max":"alto","habitabilidad_codigos":"r1","recomendaciones":"aislamiento, apuntalar, evacuar_parcial, evacuar_vecinas, monitoreo","evaluaciones_adicionales":"estructural","usos":"residencial","sistema_estructural":"porticos","material":"conc_no_arr","epoca_construccion":"antes_1984","estado_conservacion":"regular","calidad_diseno":"bueno","ocupantes_max":48,"heridos_max":null,"muertos_max":null,"gps_accuracy_median":8.27,"rud_records":5,"rud_households":3,"rud_addresses":1,"rud_women":3,"rud_minors":0,"rud_older65":0,"rud_afro":0,"rud_indigenous":0,"rud_estado_averiado":0,"rud_estado_no_habitable":3,"rud_estado_habitable":2,"rud_estado_destruido":0,"rud_estado_no_informa":0,"rud_tenencia_propietario":1,"rud_tenencia_arrendatario":4,"rud_tenencia_ocupante":0,"rud_tenencia_poseedor":0,"rud_tenencia_no_informa":0,"rud_match_methods":"direccion_normalizada","rud_match_confidences":"alta","has_rud_match":true}},{"type":"Feature","geometry":{"type":"Point","coordinates":[-76.541252,3.4211454]},"properties":{"place_id":"4c700894-051a-424f-843c-93f63af7917a","place_report_count":0,"worst_collapse_type":null,"place_has_arcgis_id":false,"evaluation_count":1,"evaluation_ids_count":1,"barrio":"Los cambulos","nivel_dano_max":"medio","severidad_max":"medio_alto","habitabilidad_codigos":"i2","recomendaciones":"apuntalar, evacuar_total, evacuar_vecinas, monitoreo, restringir_peatones, restringir_vehiculos, seguimiento","evaluaciones_adicionales":"estructural","usos":"comercial","sistema_estructural":"porticos","material":"conc_no_arr","epoca_construccion":"1998_2010","estado_conservacion":"malo","calidad_diseno":"malo","ocupantes_max":150,"heridos_max":0,"muertos_max":0,"gps_accuracy_median":9.46,"rud_records":1,"rud_households":1,"rud_addresses":1,"rud_women":0,"rud_minors":0,"rud_older65":0,"rud_afro":0,"rud_indigenous":0,"rud_estado_averiado":0,"rud_estado_no_habitable":1,"rud_estado_habitable":0,"rud_estado_destruido":0,"rud_estado_no_informa":0,"rud_tenencia_propietario":1,"rud_tenencia_arrendatario":0,"rud_tenencia_ocupante":0,"rud_tenencia_poseedor":0,"rud_tenencia_no_informa":0,"rud_match_methods":"direccion_normalizada","rud_match_confidences":"alta","has_rud_match":true}},{"type":"Feature","geometry":{"type":"Point","coordinates":[-76.5347758831562,3.4212433532305]},"properties":{"place_id":"69808ad7-4077-4e8e-83b3-28355cb57018","place_report_count":1,"worst_collapse_type":"B","place_has_arcgis_id":false,"evaluation_count":1,"evaluation_ids_count":1,"barrio":"Olimpico","nivel_dano_max":"alto","severidad_max":"alto","habitabilidad_codigos":"i2","recomendaciones":"aislamiento, evacuar_total, restringir_peatones, restringir_vehiculos","evaluaciones_adicionales":"otra","usos":"comercial","sistema_estructural":"porticos","material":"conc_no_arr","epoca_construccion":"1998_2010","estado_conservacion":"malo","calidad_diseno":"regular","ocupantes_max":0,"heridos_max":null,"muertos_max":null,"gps_accuracy_median":4.51,"rud_records":0,"rud_households":0,"rud_addresses":0,"rud_women":0,"rud_minors":0,"rud_older65":0,"rud_afro":0,"rud_indigenous":0,"rud_estado_averiado":0,"rud_estado_no_habitable":0,"rud_estado_habitable":0,"rud_estado_destruido":0,"rud_estado_no_informa":0,"rud_tenencia_propietario":0,"rud_tenencia_arrendatario":0,"rud_tenencia_ocupante":0,"rud_tenencia_poseedor":0,"rud_tenencia_no_informa":0,"rud_match_methods":"","rud_match_confidences":"","has_rud_match":false}},{"type":"Feature","geometry":{"type":"Point","coordinates":[-76.5410055,3.4212617]},"properties":{"place_id":"d8752726-d618-4cd0-8da6-e994f3903211","place_report_count":0,"worst_collapse_type":"B","place_has_arcgis_id":true,"evaluation_count":1,"evaluation_ids_count":1,"barrio":"Los Cambulos","nivel_dano_max":"alto","severidad_max":"alto","habitabilidad_codigos":"i2","recomendaciones":"desconectar, evacuar_total, evacuar_vecinas, monitoreo, restringir_peatones","evaluaciones_adicionales":"estructural","usos":"parqueaderos, residencial","sistema_estructural":"porticos","material":"conc_arr","epoca_construccion":"1984_1997","estado_conservacion":"bueno","calidad_diseno":"bueno","ocupantes_max":25,"heridos_max":0,"muertos_max":0,"gps_accuracy_median":null,"rud_records":0,"rud_households":0,"rud_addresses":0,"rud_women":0,"rud_minors":0,"rud_older65":0,"rud_afro":0,"rud_indigenous":0,"rud_estado_averiado":0,"rud_estado_no_habitable":0,"rud_estado_habitable":0,"rud_estado_destruido":0,"rud_estado_no_informa":0,"rud_tenencia_propietario":0,"rud_tenencia_arrendatario":0,"rud_tenencia_ocupante":0,"rud_tenencia_poseedor":0,"rud_tenencia_no_informa":0,"rud_match_methods":"","rud_match_confidences":"","has_rud_match":false}},{"type":"Feature","geometry":{"type":"Point","coordinates":[-76.4946577,3.4213562]},"properties":{"place_id":"1706293f-cfe7-4582-ab13-95a313bc4723","place_report_count":0,"worst_collapse_type":null,"place_has_arcgis_id":true,"evaluation_count":1,"evaluation_ids_count":1,"barrio":"Los robles","nivel_dano_max":"sin_dano","severidad_max":"sin_dano","habitabilidad_codigos":"h","recomendaciones":"seguimiento","evaluaciones_adicionales":"","usos":"educativo","sistema_estructural":"porticos","material":"conc_no_arr","epoca_construccion":"1998_2010","estado_conservacion":"bueno","calidad_diseno":"bueno","ocupantes_max":120,"heridos_max":null,"muertos_max":null,"gps_accuracy_median":9.92,"rud_records":0,"rud_households":0,"rud_addresses":0,"rud_women":0,"rud_minors":0,"rud_older65":0,"rud_afro":0,"rud_indigenous":0,"rud_estado_averiado":0,"rud_estado_no_habitable":0,"rud_estado_habitable":0,"rud_estado_destruido":0,"rud_estado_no_informa":0,"rud_tenencia_propietario":0,"rud_tenencia_arrendatario":0,"rud_tenencia_ocupante":0,"rud_tenencia_poseedor":0,"rud_tenencia_no_informa":0,"rud_match_methods":"","rud_match_confidences":"","has_rud_match":false}},{"type":"Feature","geometry":{"type":"Point","coordinates":[-76.5150158,3.4215375]},"properties":{"place_id":"c377117c-c330-40e7-8477-31cd341b5241","place_report_count":0,"worst_collapse_type":"B","place_has_arcgis_id":false,"evaluation_count":1,"evaluation_ids_count":1,"barrio":"San carlos","nivel_dano_max":"alto","severidad_max":"alto","habitabilidad_codigos":"i2","recomendaciones":"apuntalar, demoler, evacuar_parcial, monitoreo, restringir_peatones, restringir_vehiculos, seguimiento, vigilancia","evaluaciones_adicionales":"estructural, geotecnica","usos":"residencial","sistema_estructural":"muros_carga","material":"mamp_simple","epoca_construccion":"antes_1984","estado_conservacion":"malo","calidad_diseno":"malo","ocupantes_max":1,"heridos_max":null,"muertos_max":null,"gps_accuracy_median":9.8,"rud_records":0,"rud_households":0,"rud_addresses":0,"rud_women":0,"rud_minors":0,"rud_older65":0,"rud_afro":0,"rud_indigenous":0,"rud_estado_averiado":0,"rud_estado_no_habitable":0,"rud_estado_habitable":0,"rud_estado_destruido":0,"rud_estado_no_informa":0,"rud_tenencia_propietario":0,"rud_tenencia_arrendatario":0,"rud_tenencia_ocupante":0,"rud_tenencia_poseedor":0,"rud_tenencia_no_informa":0,"rud_match_methods":"","rud_match_confidences":"","has_rud_match":false}},{"type":"Feature","geometry":{"type":"Point","coordinates":[-76.5416442,3.4217092]},"properties":{"place_id":"cdb23365-1ef5-41d7-8325-c3bb27e8a8eb","place_report_count":0,"worst_collapse_type":"A","place_has_arcgis_id":true,"evaluation_count":1,"evaluation_ids_count":1,"barrio":"Los Cambulos","nivel_dano_max":"bajo","severidad_max":"bajo","habitabilidad_codigos":"h","recomendaciones":"evacuar_parcial","evaluaciones_adicionales":"estructural","usos":"comercial","sistema_estructural":"porticos","material":"conc_arr","epoca_construccion":"1984_1997","estado_conservacion":"bueno","calidad_diseno":"bueno","ocupantes_max":5,"heridos_max":0,"muertos_max":0,"gps_accuracy_median":5.14,"rud_records":0,"rud_households":0,"rud_addresses":0,"rud_women":0,"rud_minors":0,"rud_older65":0,"rud_afro":0,"rud_indigenous":0,"rud_estado_averiado":0,"rud_estado_no_habitable":0,"rud_estado_habitable":0,"rud_estado_destruido":0,"rud_estado_no_informa":0,"rud_tenencia_propietario":0,"rud_tenencia_arrendatario":0,"rud_tenencia_ocupante":0,"rud_tenencia_poseedor":0,"rud_tenencia_no_informa":0,"rud_match_methods":"","rud_match_confidences":"","has_rud_match":false}},{"type":"Feature","geometry":{"type":"Point","coordinates":[-76.5427291,3.4217179]},"properties":{"place_id":"a286a509-5b72-4d79-89ed-496b73a777c2","place_report_count":0,"worst_collapse_type":null,"place_has_arcgis_id":true,"evaluation_count":2,"evaluation_ids_count":2,"barrio":"Tequendama","nivel_dano_max":"medio","severidad_max":"medio","habitabilidad_codigos":"i1","recomendaciones":"demoler, desconectar, evacuar_total, evacuar_vecinas, intervencion, seguimiento, vigilancia","evaluaciones_adicionales":"otra","usos":"residencial","sistema_estructural":"muros_carga","material":"mamp_confinada, mamp_simple","epoca_construccion":"1984_1997","estado_conservacion":"bueno","calidad_diseno":"bueno","ocupantes_max":3,"heridos_max":null,"muertos_max":null,"gps_accuracy_median":null,"rud_records":0,"rud_households":0,"rud_addresses":0,"rud_women":0,"rud_minors":0,"rud_older65":0,"rud_afro":0,"rud_indigenous":0,"rud_estado_averiado":0,"rud_estado_no_habitable":0,"rud_estado_habitable":0,"rud_estado_destruido":0,"rud_estado_no_informa":0,"rud_tenencia_propietario":0,"rud_tenencia_arrendatario":0,"rud_tenencia_ocupante":0,"rud_tenencia_poseedor":0,"rud_tenencia_no_informa":0,"rud_match_methods":"","rud_match_confidences":"","has_rud_match":false}},{"type":"Feature","geometry":{"type":"Point","coordinates":[-76.5482107,3.4217195]},"properties":{"place_id":"bc891a17-9bd8-40b3-b7d4-3d54aa17b18b","place_report_count":0,"worst_collapse_type":null,"place_has_arcgis_id":true,"evaluation_count":1,"evaluation_ids_count":1,"barrio":"El lido","nivel_dano_max":"bajo","severidad_max":"bajo","habitabilidad_codigos":"h","recomendaciones":"monitoreo, seguimiento","evaluaciones_adicionales":"estructural","usos":"residencial","sistema_estructural":"muros_carga","material":"mamp_confinada","epoca_construccion":"antes_1984","estado_conservacion":"regular","calidad_diseno":"bueno","ocupantes_max":264,"heridos_max":0,"muertos_max":0,"gps_accuracy_median":null,"rud_records":3,"rud_households":1,"rud_addresses":1,"rud_women":2,"rud_minors":0,"rud_older65":1,"rud_afro":0,"rud_indigenous":0,"rud_estado_averiado":3,"rud_estado_no_habitable":0,"rud_estado_habitable":0,"rud_estado_destruido":0,"rud_estado_no_informa":0,"rud_tenencia_propietario":3,"rud_tenencia_arrendatario":0,"rud_tenencia_ocupante":0,"rud_tenencia_poseedor":0,"rud_tenencia_no_informa":0,"rud_match_methods":"nomenclatura_sector","rud_match_confidences":"media","has_rud_match":true}},{"type":"Feature","geometry":{"type":"Point","coordinates":[-76.5463901,3.4218846]},"properties":{"place_id":"3baf857a-c6a4-4b20-bcbf-27d6604b41a8","place_report_count":0,"worst_collapse_type":null,"place_has_arcgis_id":true,"evaluation_count":1,"evaluation_ids_count":1,"barrio":"Tequendama","nivel_dano_max":"bajo","severidad_max":"bajo","habitabilidad_codigos":"r1","recomendaciones":"demoler, monitoreo, restringir_peatones, vigilancia","evaluaciones_adicionales":"estructural","usos":"comercial","sistema_estructural":"porticos","material":"conc_arr","epoca_construccion":"1998_2010","estado_conservacion":"bueno","calidad_diseno":"bueno","ocupantes_max":3,"heridos_max":0,"muertos_max":0,"gps_accuracy_median":3.79,"rud_records":0,"rud_households":0,"rud_addresses":0,"rud_women":0,"rud_minors":0,"rud_older65":0,"rud_afro":0,"rud_indigenous":0,"rud_estado_averiado":0,"rud_estado_no_habitable":0,"rud_estado_habitable":0,"rud_estado_destruido":0,"rud_estado_no_informa":0,"rud_tenencia_propietario":0,"rud_tenencia_arrendatario":0,"rud_tenencia_ocupante":0,"rud_tenencia_poseedor":0,"rud_tenencia_no_informa":0,"rud_match_methods":"","rud_match_confidences":"","has_rud_match":false}},{"type":"Feature","geometry":{"type":"Point","coordinates":[-76.5465033,3.4219094]},"properties":{"place_id":"beaffaa9-922d-49a6-8df2-55cde581fcba","place_report_count":0,"worst_collapse_type":null,"place_has_arcgis_id":true,"evaluation_count":1,"evaluation_ids_count":1,"barrio":"Tequendama","nivel_dano_max":"medio","severidad_max":"medio","habitabilidad_codigos":"r1","recomendaciones":"aislamiento, evacuar_parcial, monitoreo","evaluaciones_adicionales":"estructural","usos":"comercial","sistema_estructural":"porticos","material":"conc_arr","epoca_construccion":"1998_2010","estado_conservacion":"bueno","calidad_diseno":"bueno","ocupantes_max":30,"heridos_max":0,"muertos_max":0,"gps_accuracy_median":3.79,"rud_records":0,"rud_households":0,"rud_addresses":0,"rud_women":0,"rud_minors":0,"rud_older65":0,"rud_afro":0,"rud_indigenous":0,"rud_estado_averiado":0,"rud_estado_no_habitable":0,"rud_estado_habitable":0,"rud_estado_destruido":0,"rud_estado_no_informa":0,"rud_tenencia_propietario":0,"rud_tenencia_arrendatario":0,"rud_tenencia_ocupante":0,"rud_tenencia_poseedor":0,"rud_tenencia_no_informa":0,"rud_match_methods":"","rud_match_confidences":"","has_rud_match":false}},{"type":"Feature","geometry":{"type":"Point","coordinates":[-76.5427922,3.4219144]},"properties":{"place_id":"180b2d87-9840-4606-a19b-89a3cf8bb81b","place_report_count":0,"worst_collapse_type":null,"place_has_arcgis_id":true,"evaluation_count":1,"evaluation_ids_count":1,"barrio":"Tequendama","nivel_dano_max":"bajo","severidad_max":"bajo","habitabilidad_codigos":"i1","recomendaciones":"demoler, desconectar, evacuar_total, evacuar_vecinas, vigilancia","evaluaciones_adicionales":"estructural","usos":"residencial","sistema_estructural":"muros_carga","material":"mamp_simple","epoca_construccion":"1984_1997","estado_conservacion":"bueno","calidad_diseno":"bueno","ocupantes_max":3,"heridos_max":null,"muertos_max":null,"gps_accuracy_median":null,"rud_records":0,"rud_households":0,"rud_addresses":0,"rud_women":0,"rud_minors":0,"rud_older65":0,"rud_afro":0,"rud_indigenous":0,"rud_estado_averiado":0,"rud_estado_no_habitable":0,"rud_estado_habitable":0,"rud_estado_destruido":0,"rud_estado_no_informa":0,"rud_tenencia_propietario":0,"rud_tenencia_arrendatario":0,"rud_tenencia_ocupante":0,"rud_tenencia_poseedor":0,"rud_tenencia_no_informa":0,"rud_match_methods":"","rud_match_confidences":"","has_rud_match":false}},{"type":"Feature","geometry":{"type":"Point","coordinates":[-76.5368822,3.4219371]},"properties":{"place_id":"bf4f3cff-6dc5-490a-b3b8-c50b75af07a4","place_report_count":0,"worst_collapse_type":null,"place_has_arcgis_id":false,"evaluation_count":1,"evaluation_ids_count":1,"barrio":"Eucaristico","nivel_dano_max":"alto","severidad_max":"medio_alto","habitabilidad_codigos":"r1","recomendaciones":"demoler, restringir_peatones","evaluaciones_adicionales":"","usos":"reunion","sistema_estructural":"otro","material":"","epoca_construccion":"antes_1984","estado_conservacion":"bueno","calidad_diseno":"","ocupantes_max":4500,"heridos_max":null,"muertos_max":null,"gps_accuracy_median":null,"rud_records":0,"rud_households":0,"rud_addresses":0,"rud_women":0,"rud_minors":0,"rud_older65":0,"rud_afro":0,"rud_indigenous":0,"rud_estado_averiado":0,"rud_estado_no_habitable":0,"rud_estado_habitable":0,"rud_estado_destruido":0,"rud_estado_no_informa":0,"rud_tenencia_propietario":0,"rud_tenencia_arrendatario":0,"rud_tenencia_ocupante":0,"rud_tenencia_poseedor":0,"rud_tenencia_no_informa":0,"rud_match_methods":"","rud_match_confidences":"","has_rud_match":false}},{"type":"Feature","geometry":{"type":"Point","coordinates":[-76.5344278812878,3.42218421278897]},"properties":{"place_id":"d4483db4-1cca-4aa9-8d52-31ad37678631","place_report_count":1,"worst_collapse_type":"B","place_has_arcgis_id":false,"evaluation_count":1,"evaluation_ids_count":1,"barrio":"Olímpico","nivel_dano_max":"medio","severidad_max":"medio","habitabilidad_codigos":"i3","recomendaciones":"demoler, evacuar_total, evacuar_vecinas, monitoreo, restringir_peatones","evaluaciones_adicionales":"estructural","usos":"comercial","sistema_estructural":"porticos","material":"conc_no_arr","epoca_construccion":"desconocida","estado_conservacion":"bueno","calidad_diseno":"regular","ocupantes_max":0,"heridos_max":0,"muertos_max":0,"gps_accuracy_median":7.51,"rud_records":0,"rud_households":0,"rud_addresses":0,"rud_women":0,"rud_minors":0,"rud_older65":0,"rud_afro":0,"rud_indigenous":0,"rud_estado_averiado":0,"rud_estado_no_habitable":0,"rud_estado_habitable":0,"rud_estado_destruido":0,"rud_estado_no_informa":0,"rud_tenencia_propietario":0,"rud_tenencia_arrendatario":0,"rud_tenencia_ocupante":0,"rud_tenencia_poseedor":0,"rud_tenencia_no_informa":0,"rud_match_methods":"","rud_match_confidences":"","has_rud_match":false}},{"type":"Feature","geometry":{"type":"Point","coordinates":[-76.5422007776938,3.42219561605532]},"properties":{"place_id":"eaf24e1b-9589-4fe3-9952-4a0075572ca1","place_report_count":1,"worst_collapse_type":"B","place_has_arcgis_id":false,"evaluation_count":1,"evaluation_ids_count":1,"barrio":"Tequendama","nivel_dano_max":"alto","severidad_max":"medio_alto","habitabilidad_codigos":"i2","recomendaciones":"demoler, evacuar_total, monitoreo","evaluaciones_adicionales":"estructural","usos":"residencial","sistema_estructural":"porticos","material":"conc_no_arr","epoca_construccion":"1984_1997","estado_conservacion":"regular","calidad_diseno":"bueno","ocupantes_max":100,"heridos_max":null,"muertos_max":null,"gps_accuracy_median":null,"rud_records":0,"rud_households":0,"rud_addresses":0,"rud_women":0,"rud_minors":0,"rud_older65":0,"rud_afro":0,"rud_indigenous":0,"rud_estado_averiado":0,"rud_estado_no_habitable":0,"rud_estado_habitable":0,"rud_estado_destruido":0,"rud_estado_no_informa":0,"rud_tenencia_propietario":0,"rud_tenencia_arrendatario":0,"rud_tenencia_ocupante":0,"rud_tenencia_poseedor":0,"rud_tenencia_no_informa":0,"rud_match_methods":"","rud_match_confidences":"","has_rud_match":false}},{"type":"Feature","geometry":{"type":"Point","coordinates":[-76.5402073,3.4222207]},"properties":{"place_id":"10929b9d-eaff-4de5-b338-fdecdb9dcc49","place_report_count":0,"worst_collapse_type":null,"place_has_arcgis_id":true,"evaluation_count":1,"evaluation_ids_count":1,"barrio":"Eucarístico","nivel_dano_max":"medio","severidad_max":"medio","habitabilidad_codigos":"r1","recomendaciones":"demoler, evacuar_parcial, monitoreo, seguimiento","evaluaciones_adicionales":"estructural","usos":"comercial","sistema_estructural":"porticos","material":"conc_no_arr","epoca_construccion":"1998_2010","estado_conservacion":"regular","calidad_diseno":"regular","ocupantes_max":35,"heridos_max":0,"muertos_max":0,"gps_accuracy_median":6.06,"rud_records":0,"rud_households":0,"rud_addresses":0,"rud_women":0,"rud_minors":0,"rud_older65":0,"rud_afro":0,"rud_indigenous":0,"rud_estado_averiado":0,"rud_estado_no_habitable":0,"rud_estado_habitable":0,"rud_estado_destruido":0,"rud_estado_no_informa":0,"rud_tenencia_propietario":0,"rud_tenencia_arrendatario":0,"rud_tenencia_ocupante":0,"rud_tenencia_poseedor":0,"rud_tenencia_no_informa":0,"rud_match_methods":"","rud_match_confidences":"","has_rud_match":false}},{"type":"Feature","geometry":{"type":"Point","coordinates":[-76.538421,3.4222536]},"properties":{"place_id":"8f578de2-4f70-49d6-81c8-dbbf9a3f9d26","place_report_count":0,"worst_collapse_type":"A","place_has_arcgis_id":true,"evaluation_count":1,"evaluation_ids_count":1,"barrio":"Eucaristico","nivel_dano_max":"alto","severidad_max":"alto","habitabilidad_codigos":"i2","recomendaciones":"apuntalar, demoler, desconectar, evacuar_total, intervencion, restringir_peatones","evaluaciones_adicionales":"otra","usos":"comercial, residencial","sistema_estructural":"porticos","material":"conc_arr","epoca_construccion":"1998_2010","estado_conservacion":"bueno","calidad_diseno":"bueno","ocupantes_max":7,"heridos_max":0,"muertos_max":0,"gps_accuracy_median":3.79,"rud_records":0,"rud_households":0,"rud_addresses":0,"rud_women":0,"rud_minors":0,"rud_older65":0,"rud_afro":0,"rud_indigenous":0,"rud_estado_averiado":0,"rud_estado_no_habitable":0,"rud_estado_habitable":0,"rud_estado_destruido":0,"rud_estado_no_informa":0,"rud_tenencia_propietario":0,"rud_tenencia_arrendatario":0,"rud_tenencia_ocupante":0,"rud_tenencia_poseedor":0,"rud_tenencia_no_informa":0,"rud_match_methods":"","rud_match_confidences":"","has_rud_match":false}},{"type":"Feature","geometry":{"type":"Point","coordinates":[-76.5392822,3.422297]},"properties":{"place_id":"82baa6f8-048e-43ab-9283-0b640d4d59a5","place_report_count":0,"worst_collapse_type":null,"place_has_arcgis_id":false,"evaluation_count":1,"evaluation_ids_count":1,"barrio":"Cambulo","nivel_dano_max":"alto","severidad_max":"alto","habitabilidad_codigos":"i2","recomendaciones":"","evaluaciones_adicionales":"estructural","usos":"residencial","sistema_estructural":"porticos","material":"conc_no_arr","epoca_construccion":"1984_1997","estado_conservacion":"malo","calidad_diseno":"regular","ocupantes_max":81,"heridos_max":null,"muertos_max":null,"gps_accuracy_median":null,"rud_records":0,"rud_households":0,"rud_addresses":0,"rud_women":0,"rud_minors":0,"rud_older65":0,"rud_afro":0,"rud_indigenous":0,"rud_estado_averiado":0,"rud_estado_no_habitable":0,"rud_estado_habitable":0,"rud_estado_destruido":0,"rud_estado_no_informa":0,"rud_tenencia_propietario":0,"rud_tenencia_arrendatario":0,"rud_tenencia_ocupante":0,"rud_tenencia_poseedor":0,"rud_tenencia_no_informa":0,"rud_match_methods":"","rud_match_confidences":"","has_rud_match":false}},{"type":"Feature","geometry":{"type":"Point","coordinates":[-76.5620133,3.4223]},"properties":{"place_id":"b732bce1-a121-45a7-ad23-b56101be0a09","place_report_count":0,"worst_collapse_type":null,"place_has_arcgis_id":false,"evaluation_count":1,"evaluation_ids_count":1,"barrio":"Siloe","nivel_dano_max":"bajo","severidad_max":"bajo","habitabilidad_codigos":"h","recomendaciones":"seguimiento","evaluaciones_adicionales":"geotecnica","usos":"educativo","sistema_estructural":"porticos","material":"conc_arr","epoca_construccion":"antes_1984","estado_conservacion":"bueno","calidad_diseno":"bueno","ocupantes_max":180,"heridos_max":null,"muertos_max":null,"gps_accuracy_median":3.0,"rud_records":0,"rud_households":0,"rud_addresses":0,"rud_women":0,"rud_minors":0,"rud_older65":0,"rud_afro":0,"rud_indigenous":0,"rud_estado_averiado":0,"rud_estado_no_habitable":0,"rud_estado_habitable":0,"rud_estado_destruido":0,"rud_estado_no_informa":0,"rud_tenencia_propietario":0,"rud_tenencia_arrendatario":0,"rud_tenencia_ocupante":0,"rud_tenencia_poseedor":0,"rud_tenencia_no_informa":0,"rud_match_methods":"","rud_match_confidences":"","has_rud_match":false}},{"type":"Feature","geometry":{"type":"Point","coordinates":[-76.5461023,3.4223475]},"properties":{"place_id":"cfb2c720-d05e-4f37-beef-9388a69548c7","place_report_count":0,"worst_collapse_type":null,"place_has_arcgis_id":true,"evaluation_count":1,"evaluation_ids_count":1,"barrio":"Tequendama","nivel_dano_max":"bajo","severidad_max":"bajo","habitabilidad_codigos":"r1","recomendaciones":"aislamiento","evaluaciones_adicionales":"","usos":"institucional","sistema_estructural":"porticos","material":"conc_arr","epoca_construccion":"1998_2010","estado_conservacion":"bueno","calidad_diseno":"bueno","ocupantes_max":0,"heridos_max":0,"muertos_max":0,"gps_accuracy_median":3.79,"rud_records":0,"rud_households":0,"rud_addresses":0,"rud_women":0,"rud_minors":0,"rud_older65":0,"rud_afro":0,"rud_indigenous":0,"rud_estado_averiado":0,"rud_estado_no_habitable":0,"rud_estado_habitable":0,"rud_estado_destruido":0,"rud_estado_no_informa":0,"rud_tenencia_propietario":0,"rud_tenencia_arrendatario":0,"rud_tenencia_ocupante":0,"rud_tenencia_poseedor":0,"rud_tenencia_no_informa":0,"rud_match_methods":"","rud_match_confidences":"","has_rud_match":false}},{"type":"Feature","geometry":{"type":"Point","coordinates":[-76.5475671,3.4225095]},"properties":{"place_id":"fc065bfd-18a2-4a42-a3cf-97eb54bd8a0b","place_report_count":0,"worst_collapse_type":"B","place_has_arcgis_id":true,"evaluation_count":1,"evaluation_ids_count":1,"barrio":"Nueva Granada","nivel_dano_max":"alto","severidad_max":"alto","habitabilidad_codigos":"i2","recomendaciones":"evacuar_total, restringir_peatones","evaluaciones_adicionales":"estructural","usos":"comercial, residencial","sistema_estructural":"muros_carga","material":"mamp_reforzada","epoca_construccion":"antes_1984","estado_conservacion":"regular","calidad_diseno":"bueno","ocupantes_max":20,"heridos_max":0,"muertos_max":0,"gps_accuracy_median":3.79,"rud_records":0,"rud_households":0,"rud_addresses":0,"rud_women":0,"rud_minors":0,"rud_older65":0,"rud_afro":0,"rud_indigenous":0,"rud_estado_averiado":0,"rud_estado_no_habitable":0,"rud_estado_habitable":0,"rud_estado_destruido":0,"rud_estado_no_informa":0,"rud_tenencia_propietario":0,"rud_tenencia_arrendatario":0,"rud_tenencia_ocupante":0,"rud_tenencia_poseedor":0,"rud_tenencia_no_informa":0,"rud_match_methods":"","rud_match_confidences":"","has_rud_match":false}},{"type":"Feature","geometry":{"type":"Point","coordinates":[-76.489425,3.422614]},"properties":{"place_id":"5713bc85-e7ce-4d3d-8c96-5ebefecc33e2","place_report_count":1,"worst_collapse_type":"B","place_has_arcgis_id":false,"evaluation_count":1,"evaluation_ids_count":1,"barrio":"Poblado II","nivel_dano_max":"alto","severidad_max":"medio_alto","habitabilidad_codigos":"i2","recomendaciones":"apuntalar, evacuar_total, monitoreo, restringir_peatones, restringir_vehiculos, seguimiento, vigilancia","evaluaciones_adicionales":"estructural","usos":"comercial, residencial","sistema_estructural":"porticos","material":"conc_arr","epoca_construccion":"despues_2010","estado_conservacion":"regular","calidad_diseno":"regular","ocupantes_max":20,"heridos_max":0,"muertos_max":0,"gps_accuracy_median":1.5,"rud_records":0,"rud_households":0,"rud_addresses":0,"rud_women":0,"rud_minors":0,"rud_older65":0,"rud_afro":0,"rud_indigenous":0,"rud_estado_averiado":0,"rud_estado_no_habitable":0,"rud_estado_habitable":0,"rud_estado_destruido":0,"rud_estado_no_informa":0,"rud_tenencia_propietario":0,"rud_tenencia_arrendatario":0,"rud_tenencia_ocupante":0,"rud_tenencia_poseedor":0,"rud_tenencia_no_informa":0,"rud_match_methods":"","rud_match_confidences":"","has_rud_match":false}},{"type":"Feature","geometry":{"type":"Point","coordinates":[-76.5427167,3.422809]},"properties":{"place_id":"50ac40f1-6c24-4887-8cfd-c2fd1bb628f9","place_report_count":2,"worst_collapse_type":"A","place_has_arcgis_id":false,"evaluation_count":0,"evaluation_ids_count":0,"barrio":"","nivel_dano_max":null,"severidad_max":null,"habitabilidad_codigos":"","recomendaciones":"","evaluaciones_adicionales":"","usos":"","sistema_estructural":"","material":"","epoca_construccion":"","estado_conservacion":"","calidad_diseno":"","ocupantes_max":null,"heridos_max":null,"muertos_max":null,"gps_accuracy_median":null,"rud_records":0,"rud_households":0,"rud_addresses":0,"rud_women":0,"rud_minors":0,"rud_older65":0,"rud_afro":0,"rud_indigenous":0,"rud_estado_averiado":0,"rud_estado_no_habitable":0,"rud_estado_habitable":0,"rud_estado_destruido":0,"rud_estado_no_informa":0,"rud_tenencia_propietario":0,"rud_tenencia_arrendatario":0,"rud_tenencia_ocupante":0,"rud_tenencia_poseedor":0,"rud_tenencia_no_informa":0,"rud_match_methods":"","rud_match_confidences":"","has_rud_match":false}},{"type":"Feature","geometry":{"type":"Point","coordinates":[-76.5480907,3.4229414]},"properties":{"place_id":"6839c4f1-6401-4316-bfaa-000b6d0bc2ab","place_report_count":0,"worst_collapse_type":null,"place_has_arcgis_id":true,"evaluation_count":1,"evaluation_ids_count":1,"barrio":"Nueva granada","nivel_dano_max":"alto","severidad_max":"medio_alto","habitabilidad_codigos":"i2","recomendaciones":"evacuar_parcial, monitoreo, restringir_vehiculos","evaluaciones_adicionales":"estructural","usos":"residencial","sistema_estructural":"dual","material":"conc_mamposteria","epoca_construccion":"despues_2010","estado_conservacion":"regular","calidad_diseno":"bueno","ocupantes_max":220,"heridos_max":null,"muertos_max":null,"gps_accuracy_median":null,"rud_records":0,"rud_households":0,"rud_addresses":0,"rud_women":0,"rud_minors":0,"rud_older65":0,"rud_afro":0,"rud_indigenous":0,"rud_estado_averiado":0,"rud_estado_no_habitable":0,"rud_estado_habitable":0,"rud_estado_destruido":0,"rud_estado_no_informa":0,"rud_tenencia_propietario":0,"rud_tenencia_arrendatario":0,"rud_tenencia_ocupante":0,"rud_tenencia_poseedor":0,"rud_tenencia_no_informa":0,"rud_match_methods":"","rud_match_confidences":"","has_rud_match":false}},{"type":"Feature","geometry":{"type":"Point","coordinates":[-76.5569717,3.4230317]},"properties":{"place_id":"5e6cffe4-0b54-45f5-92c7-cc188bfbc4c4","place_report_count":0,"worst_collapse_type":null,"place_has_arcgis_id":false,"evaluation_count":1,"evaluation_ids_count":1,"barrio":"Siloe","nivel_dano_max":"bajo","severidad_max":"sin_dano","habitabilidad_codigos":"r1","recomendaciones":"","evaluaciones_adicionales":"","usos":"educativo","sistema_estructural":"porticos","material":"conc_arr","epoca_construccion":"antes_1984","estado_conservacion":"regular","calidad_diseno":"regular","ocupantes_max":800,"heridos_max":null,"muertos_max":null,"gps_accuracy_median":3.0,"rud_records":0,"rud_households":0,"rud_addresses":0,"rud_women":0,"rud_minors":0,"rud_older65":0,"rud_afro":0,"rud_indigenous":0,"rud_estado_averiado":0,"rud_estado_no_habitable":0,"rud_estado_habitable":0,"rud_estado_destruido":0,"rud_estado_no_informa":0,"rud_tenencia_propietario":0,"rud_tenencia_arrendatario":0,"rud_tenencia_ocupante":0,"rud_tenencia_poseedor":0,"rud_tenencia_no_informa":0,"rud_match_methods":"","rud_match_confidences":"","has_rud_match":false}},{"type":"Feature","geometry":{"type":"Point","coordinates":[-76.5023493,3.4230597]},"properties":{"place_id":"0a482e42-8e57-4849-a633-62e3f4a3681b","place_report_count":0,"worst_collapse_type":null,"place_has_arcgis_id":false,"evaluation_count":1,"evaluation_ids_count":1,"barrio":"El diamante","nivel_dano_max":"sin_dano","severidad_max":"sin_dano","habitabilidad_codigos":"h","recomendaciones":"","evaluaciones_adicionales":"","usos":"educativo","sistema_estructural":"porticos","material":"conc_no_arr","epoca_construccion":"despues_2010","estado_conservacion":"bueno","calidad_diseno":"bueno","ocupantes_max":790,"heridos_max":null,"muertos_max":null,"gps_accuracy_median":9.72,"rud_records":0,"rud_households":0,"rud_addresses":0,"rud_women":0,"rud_minors":0,"rud_older65":0,"rud_afro":0,"rud_indigenous":0,"rud_estado_averiado":0,"rud_estado_no_habitable":0,"rud_estado_habitable":0,"rud_estado_destruido":0,"rud_estado_no_informa":0,"rud_tenencia_propietario":0,"rud_tenencia_arrendatario":0,"rud_tenencia_ocupante":0,"rud_tenencia_poseedor":0,"rud_tenencia_no_informa":0,"rud_match_methods":"","rud_match_confidences":"","has_rud_match":false}},{"type":"Feature","geometry":{"type":"Point","coordinates":[-76.5369049,3.4230823]},"properties":{"place_id":"2ef2fc7a-e57d-46d8-9c51-1c109d88db80","place_report_count":0,"worst_collapse_type":null,"place_has_arcgis_id":false,"evaluation_count":1,"evaluation_ids_count":1,"barrio":"Eucaristico","nivel_dano_max":"alto","severidad_max":"alto","habitabilidad_codigos":"i2","recomendaciones":"aislamiento, apuntalar, demoler, monitoreo, seguimiento","evaluaciones_adicionales":"estructural","usos":"institucional","sistema_estructural":"porticos","material":"conc_no_arr","epoca_construccion":"antes_1984","estado_conservacion":"regular","calidad_diseno":"regular","ocupantes_max":0,"heridos_max":0,"muertos_max":0,"gps_accuracy_median":null,"rud_records":0,"rud_households":0,"rud_addresses":0,"rud_women":0,"rud_minors":0,"rud_older65":0,"rud_afro":0,"rud_indigenous":0,"rud_estado_averiado":0,"rud_estado_no_habitable":0,"rud_estado_habitable":0,"rud_estado_destruido":0,"rud_estado_no_informa":0,"rud_tenencia_propietario":0,"rud_tenencia_arrendatario":0,"rud_tenencia_ocupante":0,"rud_tenencia_poseedor":0,"rud_tenencia_no_informa":0,"rud_match_methods":"","rud_match_confidences":"","has_rud_match":false}},{"type":"Feature","geometry":{"type":"Point","coordinates":[-76.5436318029581,3.42317615880266]},"properties":{"place_id":"0c863e16-731c-47f1-81ec-34a24416f4ab","place_report_count":1,"worst_collapse_type":"B","place_has_arcgis_id":false,"evaluation_count":1,"evaluation_ids_count":1,"barrio":"Tequendama","nivel_dano_max":"alto","severidad_max":"alto","habitabilidad_codigos":"i2","recomendaciones":"","evaluaciones_adicionales":"estructural","usos":"comercial","sistema_estructural":"","material":"","epoca_construccion":"desconocida","estado_conservacion":"regular","calidad_diseno":"bueno","ocupantes_max":null,"heridos_max":null,"muertos_max":null,"gps_accuracy_median":null,"rud_records":0,"rud_households":0,"rud_addresses":0,"rud_women":0,"rud_minors":0,"rud_older65":0,"rud_afro":0,"rud_indigenous":0,"rud_estado_averiado":0,"rud_estado_no_habitable":0,"rud_estado_habitable":0,"rud_estado_destruido":0,"rud_estado_no_informa":0,"rud_tenencia_propietario":0,"rud_tenencia_arrendatario":0,"rud_tenencia_ocupante":0,"rud_tenencia_poseedor":0,"rud_tenencia_no_informa":0,"rud_match_methods":"","rud_match_confidences":"","has_rud_match":false}},{"type":"Feature","geometry":{"type":"Point","coordinates":[-76.5436318029581,3.42317615880266]},"properties":{"place_id":"ddf4e66a-c08f-418e-9d72-4742c5d5fd79","place_report_count":1,"worst_collapse_type":"A","place_has_arcgis_id":false,"evaluation_count":1,"evaluation_ids_count":1,"barrio":"Los cambulos","nivel_dano_max":"alto","severidad_max":"alto","habitabilidad_codigos":"i2","recomendaciones":"","evaluaciones_adicionales":"","usos":"","sistema_estructural":"","material":"","epoca_construccion":"","estado_conservacion":"regular","calidad_diseno":"bueno","ocupantes_max":null,"heridos_max":null,"muertos_max":null,"gps_accuracy_median":null,"rud_records":0,"rud_households":0,"rud_addresses":0,"rud_women":0,"rud_minors":0,"rud_older65":0,"rud_afro":0,"rud_indigenous":0,"rud_estado_averiado":0,"rud_estado_no_habitable":0,"rud_estado_habitable":0,"rud_estado_destruido":0,"rud_estado_no_informa":0,"rud_tenencia_propietario":0,"rud_tenencia_arrendatario":0,"rud_tenencia_ocupante":0,"rud_tenencia_poseedor":0,"rud_tenencia_no_informa":0,"rud_match_methods":"","rud_match_confidences":"","has_rud_match":false}},{"type":"Feature","geometry":{"type":"Point","coordinates":[-76.54744149999999,3.4232942]},"properties":{"place_id":"a992ed1f-c4e2-4265-a80d-b52ba55a2e84","place_report_count":1,"worst_collapse_type":"B","place_has_arcgis_id":false,"evaluation_count":1,"evaluation_ids_count":1,"barrio":"Nueva granada","nivel_dano_max":"alto","severidad_max":"alto","habitabilidad_codigos":"i2","recomendaciones":"","evaluaciones_adicionales":"estructural","usos":"residencial","sistema_estructural":"dual","material":"concreto_dual","epoca_construccion":"despues_2010","estado_conservacion":"regular","calidad_diseno":"bueno","ocupantes_max":240,"heridos_max":null,"muertos_max":null,"gps_accuracy_median":9.7,"rud_records":0,"rud_households":0,"rud_addresses":0,"rud_women":0,"rud_minors":0,"rud_older65":0,"rud_afro":0,"rud_indigenous":0,"rud_estado_averiado":0,"rud_estado_no_habitable":0,"rud_estado_habitable":0,"rud_estado_destruido":0,"rud_estado_no_informa":0,"rud_tenencia_propietario":0,"rud_tenencia_arrendatario":0,"rud_tenencia_ocupante":0,"rud_tenencia_poseedor":0,"rud_tenencia_no_informa":0,"rud_match_methods":"","rud_match_confidences":"","has_rud_match":false}},{"type":"Feature","geometry":{"type":"Point","coordinates":[-76.5415975886565,3.42333162191568]},"properties":{"place_id":"c321b0c1-5cbc-4499-a2fb-80a2d04cbecb","place_report_count":1,"worst_collapse_type":"B","place_has_arcgis_id":false,"evaluation_count":1,"evaluation_ids_count":1,"barrio":"Eucarístico","nivel_dano_max":"alto","severidad_max":"alto","habitabilidad_codigos":"i2","recomendaciones":"","evaluaciones_adicionales":"estructural","usos":"comercial, residencial","sistema_estructural":"porticos","material":"conc_arr","epoca_construccion":"antes_1984","estado_conservacion":"bueno","calidad_diseno":"bueno","ocupantes_max":416,"heridos_max":null,"muertos_max":null,"gps_accuracy_median":8.82,"rud_records":2,"rud_households":1,"rud_addresses":1,"rud_women":0,"rud_minors":0,"rud_older65":0,"rud_afro":0,"rud_indigenous":0,"rud_estado_averiado":0,"rud_estado_no_habitable":2,"rud_estado_habitable":0,"rud_estado_destruido":0,"rud_estado_no_informa":0,"rud_tenencia_propietario":0,"rud_tenencia_arrendatario":2,"rud_tenencia_ocupante":0,"rud_tenencia_poseedor":0,"rud_tenencia_no_informa":0,"rud_match_methods":"nomenclatura_sector","rud_match_confidences":"media","has_rud_match":true}},{"type":"Feature","geometry":{"type":"Point","coordinates":[-76.5477701,3.4234222]},"properties":{"place_id":"cfeccbde-38e0-4e18-bfa9-b7624aa6c021","place_report_count":0,"worst_collapse_type":null,"place_has_arcgis_id":true,"evaluation_count":1,"evaluation_ids_count":1,"barrio":"Barrio Nueva Granada","nivel_dano_max":"bajo","severidad_max":"bajo","habitabilidad_codigos":"h","recomendaciones":"seguimiento","evaluaciones_adicionales":"otra","usos":"residencial","sistema_estructural":"muros_carga","material":"conc_prefab_mc","epoca_construccion":"despues_2010","estado_conservacion":"bueno","calidad_diseno":"bueno","ocupantes_max":33,"heridos_max":0,"muertos_max":0,"gps_accuracy_median":null,"rud_records":0,"rud_households":0,"rud_addresses":0,"rud_women":0,"rud_minors":0,"rud_older65":0,"rud_afro":0,"rud_indigenous":0,"rud_estado_averiado":0,"rud_estado_no_habitable":0,"rud_estado_habitable":0,"rud_estado_destruido":0,"rud_estado_no_informa":0,"rud_tenencia_propietario":0,"rud_tenencia_arrendatario":0,"rud_tenencia_ocupante":0,"rud_tenencia_poseedor":0,"rud_tenencia_no_informa":0,"rud_match_methods":"","rud_match_confidences":"","has_rud_match":false}},{"type":"Feature","geometry":{"type":"Point","coordinates":[-76.5375801,3.4234437]},"properties":{"place_id":"5d02d2fd-355d-42ab-9f84-84f1e41a6138","place_report_count":0,"worst_collapse_type":null,"place_has_arcgis_id":false,"evaluation_count":1,"evaluation_ids_count":1,"barrio":"Eucaristico","nivel_dano_max":"alto","severidad_max":"alto","habitabilidad_codigos":"i2","recomendaciones":"aislamiento, demoler, monitoreo, seguimiento, vigilancia","evaluaciones_adicionales":"estructural, otra","usos":"reunion","sistema_estructural":"dual","material":"conc_acero","epoca_construccion":"antes_1984","estado_conservacion":"regular","calidad_diseno":"bueno","ocupantes_max":0,"heridos_max":0,"muertos_max":0,"gps_accuracy_median":null,"rud_records":0,"rud_households":0,"rud_addresses":0,"rud_women":0,"rud_minors":0,"rud_older65":0,"rud_afro":0,"rud_indigenous":0,"rud_estado_averiado":0,"rud_estado_no_habitable":0,"rud_estado_habitable":0,"rud_estado_destruido":0,"rud_estado_no_informa":0,"rud_tenencia_propietario":0,"rud_tenencia_arrendatario":0,"rud_tenencia_ocupante":0,"rud_tenencia_poseedor":0,"rud_tenencia_no_informa":0,"rud_match_methods":"","rud_match_confidences":"","has_rud_match":false}},{"type":"Feature","geometry":{"type":"Point","coordinates":[-76.547754,3.4234737]},"properties":{"place_id":"745a06ed-92cf-4dbd-9900-68c83a249284","place_report_count":0,"worst_collapse_type":null,"place_has_arcgis_id":false,"evaluation_count":1,"evaluation_ids_count":1,"barrio":"Nueva granada","nivel_dano_max":"bajo","severidad_max":"medio","habitabilidad_codigos":"h","recomendaciones":"","evaluaciones_adicionales":"estructural","usos":"residencial","sistema_estructural":"dual","material":"concreto_dual","epoca_construccion":"1998_2010","estado_conservacion":"bueno","calidad_diseno":"bueno","ocupantes_max":150,"heridos_max":null,"muertos_max":null,"gps_accuracy_median":7.45,"rud_records":17,"rud_households":7,"rud_addresses":6,"rud_women":8,"rud_minors":0,"rud_older65":3,"rud_afro":0,"rud_indigenous":0,"rud_estado_averiado":12,"rud_estado_no_habitable":5,"rud_estado_habitable":0,"rud_estado_destruido":0,"rud_estado_no_informa":0,"rud_tenencia_propietario":17,"rud_tenencia_arrendatario":0,"rud_tenencia_ocupante":0,"rud_tenencia_poseedor":0,"rud_tenencia_no_informa":0,"rud_match_methods":"nomenclatura_sector","rud_match_confidences":"media","has_rud_match":true}},{"type":"Feature","geometry":{"type":"Point","coordinates":[-76.5369843,3.4235483]},"properties":{"place_id":"6a17c16c-cf1c-46a8-ab94-30cb97e93fa4","place_report_count":0,"worst_collapse_type":null,"place_has_arcgis_id":false,"evaluation_count":1,"evaluation_ids_count":1,"barrio":"Eucaristico","nivel_dano_max":"alto","severidad_max":"alto","habitabilidad_codigos":"i2","recomendaciones":"aislamiento, monitoreo, restringir_peatones, seguimiento","evaluaciones_adicionales":"estructural, otra","usos":"reunion","sistema_estructural":"no_claro","material":"mat_no_claro","epoca_construccion":"despues_2010","estado_conservacion":"regular","calidad_diseno":"bueno","ocupantes_max":0,"heridos_max":0,"muertos_max":0,"gps_accuracy_median":null,"rud_records":0,"rud_households":0,"rud_addresses":0,"rud_women":0,"rud_minors":0,"rud_older65":0,"rud_afro":0,"rud_indigenous":0,"rud_estado_averiado":0,"rud_estado_no_habitable":0,"rud_estado_habitable":0,"rud_estado_destruido":0,"rud_estado_no_informa":0,"rud_tenencia_propietario":0,"rud_tenencia_arrendatario":0,"rud_tenencia_ocupante":0,"rud_tenencia_poseedor":0,"rud_tenencia_no_informa":0,"rud_match_methods":"","rud_match_confidences":"","has_rud_match":false}},{"type":"Feature","geometry":{"type":"Point","coordinates":[-76.54859019999999,3.4236601]},"properties":{"place_id":"b1535bf0-f217-4725-9259-ca7c190884d1","place_report_count":8,"worst_collapse_type":"A","place_has_arcgis_id":false,"evaluation_count":1,"evaluation_ids_count":1,"barrio":"Nueva granada","nivel_dano_max":"alto","severidad_max":"alto","habitabilidad_codigos":"i2","recomendaciones":"","evaluaciones_adicionales":"estructural","usos":"residencial","sistema_estructural":"porticos","material":"conc_arr","epoca_construccion":"1984_1997","estado_conservacion":"regular","calidad_diseno":"bueno","ocupantes_max":396,"heridos_max":30,"muertos_max":1,"gps_accuracy_median":5.91,"rud_records":223,"rud_households":77,"rud_addresses":38,"rud_women":113,"rud_minors":28,"rud_older65":50,"rud_afro":0,"rud_indigenous":0,"rud_estado_averiado":17,"rud_estado_no_habitable":171,"rud_estado_habitable":3,"rud_estado_destruido":31,"rud_estado_no_informa":1,"rud_tenencia_propietario":179,"rud_tenencia_arrendatario":40,"rud_tenencia_ocupante":0,"rud_tenencia_poseedor":4,"rud_tenencia_no_informa":0,"rud_match_methods":"nomenclatura_sector","rud_match_confidences":"media","has_rud_match":true}},{"type":"Feature","geometry":{"type":"Point","coordinates":[-76.5465506,3.423915]},"properties":{"place_id":"853327d9-9861-4ffc-a73f-bce674b40698","place_report_count":0,"worst_collapse_type":"B","place_has_arcgis_id":true,"evaluation_count":1,"evaluation_ids_count":1,"barrio":"Tequendama","nivel_dano_max":"medio","severidad_max":"medio_alto","habitabilidad_codigos":"r1","recomendaciones":"aislamiento","evaluaciones_adicionales":"","usos":"salud","sistema_estructural":"porticos","material":"conc_arr","epoca_construccion":"despues_2010","estado_conservacion":"bueno","calidad_diseno":"bueno","ocupantes_max":0,"heridos_max":null,"muertos_max":null,"gps_accuracy_median":null,"rud_records":0,"rud_households":0,"rud_addresses":0,"rud_women":0,"rud_minors":0,"rud_older65":0,"rud_afro":0,"rud_indigenous":0,"rud_estado_averiado":0,"rud_estado_no_habitable":0,"rud_estado_habitable":0,"rud_estado_destruido":0,"rud_estado_no_informa":0,"rud_tenencia_propietario":0,"rud_tenencia_arrendatario":0,"rud_tenencia_ocupante":0,"rud_tenencia_poseedor":0,"rud_tenencia_no_informa":0,"rud_match_methods":"","rud_match_confidences":"","has_rud_match":false}},{"type":"Feature","geometry":{"type":"Point","coordinates":[-76.4885686,3.423971]},"properties":{"place_id":"0e666fdb-6b11-45d6-9b30-e77faa076863","place_report_count":0,"worst_collapse_type":null,"place_has_arcgis_id":true,"evaluation_count":1,"evaluation_ids_count":1,"barrio":"Omar Torrijos","nivel_dano_max":"bajo","severidad_max":"bajo","habitabilidad_codigos":"h","recomendaciones":"apuntalar, demoler","evaluaciones_adicionales":"","usos":"educativo, institucional","sistema_estructural":"porticos","material":"conc_no_arr","epoca_construccion":"1998_2010","estado_conservacion":"bueno","calidad_diseno":"bueno","ocupantes_max":275,"heridos_max":0,"muertos_max":0,"gps_accuracy_median":12.9,"rud_records":0,"rud_households":0,"rud_addresses":0,"rud_women":0,"rud_minors":0,"rud_older65":0,"rud_afro":0,"rud_indigenous":0,"rud_estado_averiado":0,"rud_estado_no_habitable":0,"rud_estado_habitable":0,"rud_estado_destruido":0,"rud_estado_no_informa":0,"rud_tenencia_propietario":0,"rud_tenencia_arrendatario":0,"rud_tenencia_ocupante":0,"rud_tenencia_poseedor":0,"rud_tenencia_no_informa":0,"rud_match_methods":"","rud_match_confidences":"","has_rud_match":false}},{"type":"Feature","geometry":{"type":"Point","coordinates":[-76.5429728,3.4240164]},"properties":{"place_id":"caab0ab5-949f-43fa-9b6d-1ea7c60faf1d","place_report_count":1,"worst_collapse_type":null,"place_has_arcgis_id":false,"evaluation_count":1,"evaluation_ids_count":1,"barrio":"San Fernando nuevo","nivel_dano_max":"bajo","severidad_max":"bajo","habitabilidad_codigos":"h","recomendaciones":"","evaluaciones_adicionales":"","usos":"residencial","sistema_estructural":"muros_carga","material":"mamp_reforzada","epoca_construccion":"","estado_conservacion":"bueno","calidad_diseno":"bueno","ocupantes_max":4,"heridos_max":null,"muertos_max":null,"gps_accuracy_median":6.35,"rud_records":0,"rud_households":0,"rud_addresses":0,"rud_women":0,"rud_minors":0,"rud_older65":0,"rud_afro":0,"rud_indigenous":0,"rud_estado_averiado":0,"rud_estado_no_habitable":0,"rud_estado_habitable":0,"rud_estado_destruido":0,"rud_estado_no_informa":0,"rud_tenencia_propietario":0,"rud_tenencia_arrendatario":0,"rud_tenencia_ocupante":0,"rud_tenencia_poseedor":0,"rud_tenencia_no_informa":0,"rud_match_methods":"","rud_match_confidences":"","has_rud_match":false}},{"type":"Feature","geometry":{"type":"Point","coordinates":[-76.541037,3.424387]},"properties":{"place_id":"f69714ed-4283-4663-a1c3-fb853ee985c9","place_report_count":1,"worst_collapse_type":"B","place_has_arcgis_id":false,"evaluation_count":1,"evaluation_ids_count":1,"barrio":"San Fernando Nievo, eucsrístico (19)","nivel_dano_max":"medio","severidad_max":"medio_alto","habitabilidad_codigos":"i2","recomendaciones":"demoler, desconectar, evacuar_total, evacuar_vecinas, monitoreo, restringir_peatones, restringir_vehiculos, seguimiento","evaluaciones_adicionales":"estructural","usos":"residencial","sistema_estructural":"porticos","material":"conc_no_arr","epoca_construccion":"1984_1997","estado_conservacion":"regular","calidad_diseno":"bueno","ocupantes_max":14,"heridos_max":1,"muertos_max":0,"gps_accuracy_median":null,"rud_records":0,"rud_households":0,"rud_addresses":0,"rud_women":0,"rud_minors":0,"rud_older65":0,"rud_afro":0,"rud_indigenous":0,"rud_estado_averiado":0,"rud_estado_no_habitable":0,"rud_estado_habitable":0,"rud_estado_destruido":0,"rud_estado_no_informa":0,"rud_tenencia_propietario":0,"rud_tenencia_arrendatario":0,"rud_tenencia_ocupante":0,"rud_tenencia_poseedor":0,"rud_tenencia_no_informa":0,"rud_match_methods":"","rud_match_confidences":"","has_rud_match":false}},{"type":"Feature","geometry":{"type":"Point","coordinates":[-76.5377654,3.4245237]},"properties":{"place_id":"93ecaf58-0606-4dea-83ae-1dbabc129a37","place_report_count":0,"worst_collapse_type":null,"place_has_arcgis_id":false,"evaluation_count":1,"evaluation_ids_count":1,"barrio":"Eucaristico","nivel_dano_max":"medio","severidad_max":"medio","habitabilidad_codigos":"r1","recomendaciones":"monitoreo, restringir_peatones, seguimiento","evaluaciones_adicionales":"estructural, otra","usos":"reunion","sistema_estructural":"porticos","material":"conc_no_arr","epoca_construccion":"despues_2010","estado_conservacion":"regular","calidad_diseno":"bueno","ocupantes_max":0,"heridos_max":null,"muertos_max":null,"gps_accuracy_median":null,"rud_records":0,"rud_households":0,"rud_addresses":0,"rud_women":0,"rud_minors":0,"rud_older65":0,"rud_afro":0,"rud_indigenous":0,"rud_estado_averiado":0,"rud_estado_no_habitable":0,"rud_estado_habitable":0,"rud_estado_destruido":0,"rud_estado_no_informa":0,"rud_tenencia_propietario":0,"rud_tenencia_arrendatario":0,"rud_tenencia_ocupante":0,"rud_tenencia_poseedor":0,"rud_tenencia_no_informa":0,"rud_match_methods":"","rud_match_confidences":"","has_rud_match":false}},{"type":"Feature","geometry":{"type":"Point","coordinates":[-76.54928856,3.42458847]},"properties":{"place_id":"44135413-5ae4-4248-bd30-4f2903033449","place_report_count":1,"worst_collapse_type":"B","place_has_arcgis_id":false,"evaluation_count":1,"evaluation_ids_count":1,"barrio":"Urbanización Nueva Granada","nivel_dano_max":"alto","severidad_max":"medio_alto","habitabilidad_codigos":"i2","recomendaciones":"apuntalar, demoler, evacuar_total, restringir_peatones, restringir_vehiculos, seguimiento, vigilancia","evaluaciones_adicionales":"estructural","usos":"residencial","sistema_estructural":"porticos","material":"conc_no_arr","epoca_construccion":"1998_2010","estado_conservacion":"regular","calidad_diseno":"bueno","ocupantes_max":9,"heridos_max":0,"muertos_max":0,"gps_accuracy_median":3.79,"rud_records":9,"rud_households":4,"rud_addresses":1,"rud_women":6,"rud_minors":1,"rud_older65":0,"rud_afro":0,"rud_indigenous":0,"rud_estado_averiado":0,"rud_estado_no_habitable":0,"rud_estado_habitable":9,"rud_estado_destruido":0,"rud_estado_no_informa":0,"rud_tenencia_propietario":2,"rud_tenencia_arrendatario":7,"rud_tenencia_ocupante":0,"rud_tenencia_poseedor":0,"rud_tenencia_no_informa":0,"rud_match_methods":"direccion_normalizada","rud_match_confidences":"alta","has_rud_match":true}},{"type":"Feature","geometry":{"type":"Point","coordinates":[-76.5496432,3.4246812]},"properties":{"place_id":"2d673ddd-2236-4a1f-9145-5cb1f2c06d50","place_report_count":0,"worst_collapse_type":null,"place_has_arcgis_id":false,"evaluation_count":1,"evaluation_ids_count":1,"barrio":"Guadalupe","nivel_dano_max":"medio","severidad_max":"medio_alto","habitabilidad_codigos":"r1","recomendaciones":"aislamiento, demoler","evaluaciones_adicionales":"","usos":"residencial","sistema_estructural":"muros_carga","material":"mamp_simple","epoca_construccion":"antes_1984","estado_conservacion":"regular","calidad_diseno":"regular","ocupantes_max":3,"heridos_max":null,"muertos_max":null,"gps_accuracy_median":null,"rud_records":2,"rud_households":1,"rud_addresses":1,"rud_women":1,"rud_minors":0,"rud_older65":1,"rud_afro":0,"rud_indigenous":0,"rud_estado_averiado":2,"rud_estado_no_habitable":0,"rud_estado_habitable":0,"rud_estado_destruido":0,"rud_estado_no_informa":0,"rud_tenencia_propietario":2,"rud_tenencia_arrendatario":0,"rud_tenencia_ocupante":0,"rud_tenencia_poseedor":0,"rud_tenencia_no_informa":0,"rud_match_methods":"direccion_normalizada","rud_match_confidences":"alta","has_rud_match":true}},{"type":"Feature","geometry":{"type":"Point","coordinates":[-76.5364565,3.4248741]},"properties":{"place_id":"803d5c2d-cb43-437e-86c8-4593594df2ea","place_report_count":0,"worst_collapse_type":null,"place_has_arcgis_id":false,"evaluation_count":1,"evaluation_ids_count":1,"barrio":"Eucaristico","nivel_dano_max":"medio","severidad_max":"medio","habitabilidad_codigos":"r1","recomendaciones":"monitoreo, restringir_peatones, seguimiento, vigilancia","evaluaciones_adicionales":"estructural, otra","usos":"reunion","sistema_estructural":"porticos","material":"conc_no_arr","epoca_construccion":"antes_1984","estado_conservacion":"regular","calidad_diseno":"bueno","ocupantes_max":0,"heridos_max":0,"muertos_max":0,"gps_accuracy_median":null,"rud_records":0,"rud_households":0,"rud_addresses":0,"rud_women":0,"rud_minors":0,"rud_older65":0,"rud_afro":0,"rud_indigenous":0,"rud_estado_averiado":0,"rud_estado_no_habitable":0,"rud_estado_habitable":0,"rud_estado_destruido":0,"rud_estado_no_informa":0,"rud_tenencia_propietario":0,"rud_tenencia_arrendatario":0,"rud_tenencia_ocupante":0,"rud_tenencia_poseedor":0,"rud_tenencia_no_informa":0,"rud_match_methods":"","rud_match_confidences":"","has_rud_match":false}},{"type":"Feature","geometry":{"type":"Point","coordinates":[-76.5388543,3.425114]},"properties":{"place_id":"64e014d9-1615-4d65-8d80-3b625056dc23","place_report_count":0,"worst_collapse_type":"B","place_has_arcgis_id":false,"evaluation_count":1,"evaluation_ids_count":1,"barrio":"San Fernando Nuevo - Eucsrístico (19)","nivel_dano_max":"medio","severidad_max":"medio_alto","habitabilidad_codigos":"i2","recomendaciones":"demoler, desconectar, evacuar_total, evacuar_vecinas, monitoreo, restringir_peatones, restringir_vehiculos, seguimiento","evaluaciones_adicionales":"estructural","usos":"residencial","sistema_estructural":"porticos","material":"conc_no_arr","epoca_construccion":"1984_1997","estado_conservacion":"regular","calidad_diseno":"regular","ocupantes_max":14,"heridos_max":null,"muertos_max":null,"gps_accuracy_median":null,"rud_records":0,"rud_households":0,"rud_addresses":0,"rud_women":0,"rud_minors":0,"rud_older65":0,"rud_afro":0,"rud_indigenous":0,"rud_estado_averiado":0,"rud_estado_no_habitable":0,"rud_estado_habitable":0,"rud_estado_destruido":0,"rud_estado_no_informa":0,"rud_tenencia_propietario":0,"rud_tenencia_arrendatario":0,"rud_tenencia_ocupante":0,"rud_tenencia_poseedor":0,"rud_tenencia_no_informa":0,"rud_match_methods":"","rud_match_confidences":"","has_rud_match":false}},{"type":"Feature","geometry":{"type":"Point","coordinates":[-76.5414064,3.4251814]},"properties":{"place_id":"daff5a1f-38a8-4695-a49a-f949056d0431","place_report_count":0,"worst_collapse_type":"B","place_has_arcgis_id":false,"evaluation_count":1,"evaluation_ids_count":1,"barrio":"Barrio San Fernando, eucsrístico (19)","nivel_dano_max":"alto","severidad_max":"alto","habitabilidad_codigos":"i2","recomendaciones":"aislamiento, apuntalar, desconectar, evacuar_total, evacuar_vecinas, monitoreo, restringir_peatones, restringir_vehiculos, seguimiento","evaluaciones_adicionales":"estructural","usos":"residencial","sistema_estructural":"porticos","material":"conc_no_arr","epoca_construccion":"1984_1997","estado_conservacion":"malo","calidad_diseno":"regular","ocupantes_max":35,"heridos_max":0,"muertos_max":0,"gps_accuracy_median":8.15,"rud_records":0,"rud_households":0,"rud_addresses":0,"rud_women":0,"rud_minors":0,"rud_older65":0,"rud_afro":0,"rud_indigenous":0,"rud_estado_averiado":0,"rud_estado_no_habitable":0,"rud_estado_habitable":0,"rud_estado_destruido":0,"rud_estado_no_informa":0,"rud_tenencia_propietario":0,"rud_tenencia_arrendatario":0,"rud_tenencia_ocupante":0,"rud_tenencia_poseedor":0,"rud_tenencia_no_informa":0,"rud_match_methods":"","rud_match_confidences":"","has_rud_match":false}},{"type":"Feature","geometry":{"type":"Point","coordinates":[-76.4864972,3.4252386]},"properties":{"place_id":"4706da26-0ed7-421d-8cda-e4aced96d86c","place_report_count":0,"worst_collapse_type":null,"place_has_arcgis_id":true,"evaluation_count":1,"evaluation_ids_count":1,"barrio":"Omar Torrijos","nivel_dano_max":"bajo","severidad_max":"bajo","habitabilidad_codigos":"h","recomendaciones":"","evaluaciones_adicionales":"estructural","usos":"educativo, institucional","sistema_estructural":"porticos","material":"conc_no_arr","epoca_construccion":"1984_1997","estado_conservacion":"bueno","calidad_diseno":"bueno","ocupantes_max":240,"heridos_max":0,"muertos_max":0,"gps_accuracy_median":7.29,"rud_records":0,"rud_households":0,"rud_addresses":0,"rud_women":0,"rud_minors":0,"rud_older65":0,"rud_afro":0,"rud_indigenous":0,"rud_estado_averiado":0,"rud_estado_no_habitable":0,"rud_estado_habitable":0,"rud_estado_destruido":0,"rud_estado_no_informa":0,"rud_tenencia_propietario":0,"rud_tenencia_arrendatario":0,"rud_tenencia_ocupante":0,"rud_tenencia_poseedor":0,"rud_tenencia_no_informa":0,"rud_match_methods":"","rud_match_confidences":"","has_rud_match":false}},{"type":"Feature","geometry":{"type":"Point","coordinates":[-76.5304054,3.4257585]},"properties":{"place_id":"0cf1045d-eb1e-4382-a0c6-0de76f4091ff","place_report_count":0,"worst_collapse_type":"B","place_has_arcgis_id":false,"evaluation_count":3,"evaluation_ids_count":3,"barrio":"Colseguros","nivel_dano_max":"alto","severidad_max":"alto","habitabilidad_codigos":"i2, r2","recomendaciones":"aislamiento, apuntalar, demoler, evacuar_parcial, evacuar_total, intervencion, monitoreo, restringir_peatones, restringir_vehiculos, seguimiento, vigilancia","evaluaciones_adicionales":"estructural","usos":"residencial","sistema_estructural":"porticos","material":"conc_no_arr","epoca_construccion":"antes_1984","estado_conservacion":"malo, regular","calidad_diseno":"malo, regular","ocupantes_max":96,"heridos_max":null,"muertos_max":null,"gps_accuracy_median":8.56,"rud_records":4,"rud_households":1,"rud_addresses":1,"rud_women":2,"rud_minors":1,"rud_older65":1,"rud_afro":0,"rud_indigenous":0,"rud_estado_averiado":0,"rud_estado_no_habitable":0,"rud_estado_habitable":4,"rud_estado_destruido":0,"rud_estado_no_informa":0,"rud_tenencia_propietario":4,"rud_tenencia_arrendatario":0,"rud_tenencia_ocupante":0,"rud_tenencia_poseedor":0,"rud_tenencia_no_informa":0,"rud_match_methods":"direccion_normalizada","rud_match_confidences":"alta","has_rud_match":true}},{"type":"Feature","geometry":{"type":"Point","coordinates":[-76.5468111,3.4258861]},"properties":{"place_id":"f24af845-e541-424f-8c47-1fa9c6503aa4","place_report_count":0,"worst_collapse_type":null,"place_has_arcgis_id":true,"evaluation_count":1,"evaluation_ids_count":1,"barrio":"Santa Isabel","nivel_dano_max":"bajo","severidad_max":"bajo","habitabilidad_codigos":"r1","recomendaciones":"monitoreo","evaluaciones_adicionales":"estructural","usos":"residencial","sistema_estructural":"porticos","material":"conc_no_arr","epoca_construccion":"1984_1997","estado_conservacion":"bueno","calidad_diseno":"bueno","ocupantes_max":8,"heridos_max":0,"muertos_max":0,"gps_accuracy_median":3.79,"rud_records":0,"rud_households":0,"rud_addresses":0,"rud_women":0,"rud_minors":0,"rud_older65":0,"rud_afro":0,"rud_indigenous":0,"rud_estado_averiado":0,"rud_estado_no_habitable":0,"rud_estado_habitable":0,"rud_estado_destruido":0,"rud_estado_no_informa":0,"rud_tenencia_propietario":0,"rud_tenencia_arrendatario":0,"rud_tenencia_ocupante":0,"rud_tenencia_poseedor":0,"rud_tenencia_no_informa":0,"rud_match_methods":"","rud_match_confidences":"","has_rud_match":false}},{"type":"Feature","geometry":{"type":"Point","coordinates":[-76.5499865,3.4261188]},"properties":{"place_id":"b78c7cde-be71-4ce6-8157-442ad0a71224","place_report_count":1,"worst_collapse_type":"A","place_has_arcgis_id":false,"evaluation_count":0,"evaluation_ids_count":0,"barrio":"","nivel_dano_max":null,"severidad_max":null,"habitabilidad_codigos":"","recomendaciones":"","evaluaciones_adicionales":"","usos":"","sistema_estructural":"","material":"","epoca_construccion":"","estado_conservacion":"","calidad_diseno":"","ocupantes_max":null,"heridos_max":null,"muertos_max":null,"gps_accuracy_median":null,"rud_records":0,"rud_households":0,"rud_addresses":0,"rud_women":0,"rud_minors":0,"rud_older65":0,"rud_afro":0,"rud_indigenous":0,"rud_estado_averiado":0,"rud_estado_no_habitable":0,"rud_estado_habitable":0,"rud_estado_destruido":0,"rud_estado_no_informa":0,"rud_tenencia_propietario":0,"rud_tenencia_arrendatario":0,"rud_tenencia_ocupante":0,"rud_tenencia_poseedor":0,"rud_tenencia_no_informa":0,"rud_match_methods":"","rud_match_confidences":"","has_rud_match":false}},{"type":"Feature","geometry":{"type":"Point","coordinates":[-76.5437409416842,3.4263161576869]},"properties":{"place_id":"1b363c83-8811-4bf2-8830-05d3c46a5176","place_report_count":1,"worst_collapse_type":"B","place_has_arcgis_id":false,"evaluation_count":1,"evaluation_ids_count":1,"barrio":"San Fernando Nuevo","nivel_dano_max":"alto","severidad_max":"alto","habitabilidad_codigos":"i2","recomendaciones":"","evaluaciones_adicionales":"estructural","usos":"residencial","sistema_estructural":"muros_carga","material":"mamp_simple","epoca_construccion":"antes_1984","estado_conservacion":"regular","calidad_diseno":"regular","ocupantes_max":3,"heridos_max":null,"muertos_max":null,"gps_accuracy_median":null,"rud_records":0,"rud_households":0,"rud_addresses":0,"rud_women":0,"rud_minors":0,"rud_older65":0,"rud_afro":0,"rud_indigenous":0,"rud_estado_averiado":0,"rud_estado_no_habitable":0,"rud_estado_habitable":0,"rud_estado_destruido":0,"rud_estado_no_informa":0,"rud_tenencia_propietario":0,"rud_tenencia_arrendatario":0,"rud_tenencia_ocupante":0,"rud_tenencia_poseedor":0,"rud_tenencia_no_informa":0,"rud_match_methods":"","rud_match_confidences":"","has_rud_match":false}},{"type":"Feature","geometry":{"type":"Point","coordinates":[-76.48683,3.4266179]},"properties":{"place_id":"9e0113a6-d71e-401d-b60e-1eb39acfc150","place_report_count":0,"worst_collapse_type":null,"place_has_arcgis_id":true,"evaluation_count":1,"evaluation_ids_count":1,"barrio":"Los lagos","nivel_dano_max":"sin_dano","severidad_max":"sin_dano","habitabilidad_codigos":"h","recomendaciones":"seguimiento","evaluaciones_adicionales":"","usos":"educativo","sistema_estructural":"porticos","material":"conc_no_arr","epoca_construccion":"1998_2010","estado_conservacion":"bueno","calidad_diseno":"bueno","ocupantes_max":310,"heridos_max":null,"muertos_max":null,"gps_accuracy_median":8.51,"rud_records":0,"rud_households":0,"rud_addresses":0,"rud_women":0,"rud_minors":0,"rud_older65":0,"rud_afro":0,"rud_indigenous":0,"rud_estado_averiado":0,"rud_estado_no_habitable":0,"rud_estado_habitable":0,"rud_estado_destruido":0,"rud_estado_no_informa":0,"rud_tenencia_propietario":0,"rud_tenencia_arrendatario":0,"rud_tenencia_ocupante":0,"rud_tenencia_poseedor":0,"rud_tenencia_no_informa":0,"rud_match_methods":"","rud_match_confidences":"","has_rud_match":false}},{"type":"Feature","geometry":{"type":"Point","coordinates":[-76.5447895168713,3.42665929423015]},"properties":{"place_id":"54899509-103c-4d41-ae79-b2b4368dae37","place_report_count":1,"worst_collapse_type":"B","place_has_arcgis_id":false,"evaluation_count":1,"evaluation_ids_count":1,"barrio":"San Fernando","nivel_dano_max":"alto","severidad_max":"alto","habitabilidad_codigos":"i2","recomendaciones":"aislamiento, apuntalar, demoler, desconectar, evacuar_total, evacuar_vecinas, monitoreo, restringir_peatones, restringir_vehiculos, seguimiento, vigilancia","evaluaciones_adicionales":"estructural","usos":"comercial, residencial","sistema_estructural":"porticos","material":"conc_arr","epoca_construccion":"desconocida","estado_conservacion":"malo","calidad_diseno":"regular","ocupantes_max":null,"heridos_max":null,"muertos_max":null,"gps_accuracy_median":null,"rud_records":0,"rud_households":0,"rud_addresses":0,"rud_women":0,"rud_minors":0,"rud_older65":0,"rud_afro":0,"rud_indigenous":0,"rud_estado_averiado":0,"rud_estado_no_habitable":0,"rud_estado_habitable":0,"rud_estado_destruido":0,"rud_estado_no_informa":0,"rud_tenencia_propietario":0,"rud_tenencia_arrendatario":0,"rud_tenencia_ocupante":0,"rud_tenencia_poseedor":0,"rud_tenencia_no_informa":0,"rud_match_methods":"","rud_match_confidences":"","has_rud_match":false}},{"type":"Feature","geometry":{"type":"Point","coordinates":[-76.5394828,3.4268674]},"properties":{"place_id":"da7dbd89-db3f-456a-aaae-44907491a7a4","place_report_count":1,"worst_collapse_type":"B","place_has_arcgis_id":false,"evaluation_count":0,"evaluation_ids_count":0,"barrio":"","nivel_dano_max":null,"severidad_max":null,"habitabilidad_codigos":"","recomendaciones":"","evaluaciones_adicionales":"","usos":"","sistema_estructural":"","material":"","epoca_construccion":"","estado_conservacion":"","calidad_diseno":"","ocupantes_max":null,"heridos_max":null,"muertos_max":null,"gps_accuracy_median":null,"rud_records":0,"rud_households":0,"rud_addresses":0,"rud_women":0,"rud_minors":0,"rud_older65":0,"rud_afro":0,"rud_indigenous":0,"rud_estado_averiado":0,"rud_estado_no_habitable":0,"rud_estado_habitable":0,"rud_estado_destruido":0,"rud_estado_no_informa":0,"rud_tenencia_propietario":0,"rud_tenencia_arrendatario":0,"rud_tenencia_ocupante":0,"rud_tenencia_poseedor":0,"rud_tenencia_no_informa":0,"rud_match_methods":"","rud_match_confidences":"","has_rud_match":false}},{"type":"Feature","geometry":{"type":"Point","coordinates":[-76.5387687,3.4268675]},"properties":{"place_id":"181d4bd1-e887-4df9-a9b8-b58fce265138","place_report_count":0,"worst_collapse_type":"B","place_has_arcgis_id":false,"evaluation_count":1,"evaluation_ids_count":1,"barrio":"Eucaristico","nivel_dano_max":"alto","severidad_max":"medio_alto","habitabilidad_codigos":"i2","recomendaciones":"apuntalar, evacuar_vecinas, monitoreo, restringir_peatones, restringir_vehiculos, seguimiento","evaluaciones_adicionales":"estructural","usos":"comercial, residencial","sistema_estructural":"dual","material":"conc_mamposteria","epoca_construccion":"antes_1984","estado_conservacion":"","calidad_diseno":"regular","ocupantes_max":null,"heridos_max":null,"muertos_max":null,"gps_accuracy_median":3.79,"rud_records":0,"rud_households":0,"rud_addresses":0,"rud_women":0,"rud_minors":0,"rud_older65":0,"rud_afro":0,"rud_indigenous":0,"rud_estado_averiado":0,"rud_estado_no_habitable":0,"rud_estado_habitable":0,"rud_estado_destruido":0,"rud_estado_no_informa":0,"rud_tenencia_propietario":0,"rud_tenencia_arrendatario":0,"rud_tenencia_ocupante":0,"rud_tenencia_poseedor":0,"rud_tenencia_no_informa":0,"rud_match_methods":"","rud_match_confidences":"","has_rud_match":false}},{"type":"Feature","geometry":{"type":"Point","coordinates":[-76.4848681,3.4269287]},"properties":{"place_id":"24a24086-42a2-492f-b51c-be1c183e82db","place_report_count":0,"worst_collapse_type":null,"place_has_arcgis_id":true,"evaluation_count":1,"evaluation_ids_count":1,"barrio":"Los lagos","nivel_dano_max":"sin_dano","severidad_max":"sin_dano","habitabilidad_codigos":"h","recomendaciones":"seguimiento","evaluaciones_adicionales":"","usos":"educativo","sistema_estructural":"porticos","material":"conc_no_arr","epoca_construccion":"despues_2010","estado_conservacion":"bueno","calidad_diseno":"bueno","ocupantes_max":310,"heridos_max":null,"muertos_max":null,"gps_accuracy_median":6.4,"rud_records":0,"rud_households":0,"rud_addresses":0,"rud_women":0,"rud_minors":0,"rud_older65":0,"rud_afro":0,"rud_indigenous":0,"rud_estado_averiado":0,"rud_estado_no_habitable":0,"rud_estado_habitable":0,"rud_estado_destruido":0,"rud_estado_no_informa":0,"rud_tenencia_propietario":0,"rud_tenencia_arrendatario":0,"rud_tenencia_ocupante":0,"rud_tenencia_poseedor":0,"rud_tenencia_no_informa":0,"rud_match_methods":"","rud_match_confidences":"","has_rud_match":false}},{"type":"Feature","geometry":{"type":"Point","coordinates":[-76.5411733465964,3.42715160621527]},"properties":{"place_id":"49d03a84-68d8-4d26-be69-75b3ecad841d","place_report_count":1,"worst_collapse_type":"B","place_has_arcgis_id":false,"evaluation_count":1,"evaluation_ids_count":1,"barrio":"San Fernando","nivel_dano_max":"alto","severidad_max":"alto","habitabilidad_codigos":"i2","recomendaciones":"","evaluaciones_adicionales":"","usos":"residencial","sistema_estructural":"porticos","material":"conc_no_arr","epoca_construccion":"antes_1984","estado_conservacion":"bueno","calidad_diseno":"bueno","ocupantes_max":14,"heridos_max":null,"muertos_max":null,"gps_accuracy_median":9.35,"rud_records":4,"rud_households":3,"rud_addresses":3,"rud_women":4,"rud_minors":0,"rud_older65":1,"rud_afro":0,"rud_indigenous":0,"rud_estado_averiado":2,"rud_estado_no_habitable":2,"rud_estado_habitable":0,"rud_estado_destruido":0,"rud_estado_no_informa":0,"rud_tenencia_propietario":1,"rud_tenencia_arrendatario":3,"rud_tenencia_ocupante":0,"rud_tenencia_poseedor":0,"rud_tenencia_no_informa":0,"rud_match_methods":"direccion_normalizada, nomenclatura_sector","rud_match_confidences":"alta, media","has_rud_match":true}},{"type":"Feature","geometry":{"type":"Point","coordinates":[-76.5446404,3.427512]},"properties":{"place_id":"fba50f61-0083-4925-a6b6-c62a3d3f5010","place_report_count":0,"worst_collapse_type":null,"place_has_arcgis_id":false,"evaluation_count":1,"evaluation_ids_count":1,"barrio":"San fernando","nivel_dano_max":"bajo","severidad_max":"medio","habitabilidad_codigos":"i1","recomendaciones":"","evaluaciones_adicionales":"estructural","usos":"comercial","sistema_estructural":"porticos","material":"conc_arr","epoca_construccion":"1998_2010","estado_conservacion":"bueno","calidad_diseno":"bueno","ocupantes_max":20,"heridos_max":null,"muertos_max":null,"gps_accuracy_median":null,"rud_records":0,"rud_households":0,"rud_addresses":0,"rud_women":0,"rud_minors":0,"rud_older65":0,"rud_afro":0,"rud_indigenous":0,"rud_estado_averiado":0,"rud_estado_no_habitable":0,"rud_estado_habitable":0,"rud_estado_destruido":0,"rud_estado_no_informa":0,"rud_tenencia_propietario":0,"rud_tenencia_arrendatario":0,"rud_tenencia_ocupante":0,"rud_tenencia_poseedor":0,"rud_tenencia_no_informa":0,"rud_match_methods":"","rud_match_confidences":"","has_rud_match":false}},{"type":"Feature","geometry":{"type":"Point","coordinates":[-76.54141082,3.42754311]},"properties":{"place_id":"81538ea5-8622-4fbb-b640-58409c14d52d","place_report_count":1,"worst_collapse_type":"B","place_has_arcgis_id":false,"evaluation_count":2,"evaluation_ids_count":2,"barrio":"San Fernando","nivel_dano_max":"alto","severidad_max":"alto","habitabilidad_codigos":"i2","recomendaciones":"evacuar_parcial, evacuar_vecinas","evaluaciones_adicionales":"estructural","usos":"residencial","sistema_estructural":"dual, porticos","material":"acero_arr, concreto_dual","epoca_construccion":"despues_2010","estado_conservacion":"bueno, malo","calidad_diseno":"bueno, malo","ocupantes_max":40,"heridos_max":0,"muertos_max":0,"gps_accuracy_median":3.79,"rud_records":1,"rud_households":1,"rud_addresses":1,"rud_women":0,"rud_minors":0,"rud_older65":0,"rud_afro":0,"rud_indigenous":0,"rud_estado_averiado":0,"rud_estado_no_habitable":1,"rud_estado_habitable":0,"rud_estado_destruido":0,"rud_estado_no_informa":0,"rud_tenencia_propietario":0,"rud_tenencia_arrendatario":1,"rud_tenencia_ocupante":0,"rud_tenencia_poseedor":0,"rud_tenencia_no_informa":0,"rud_match_methods":"direccion_normalizada","rud_match_confidences":"alta","has_rud_match":true}},{"type":"Feature","geometry":{"type":"Point","coordinates":[-76.5413247,3.4275736]},"properties":{"place_id":"66c37689-a089-474c-978c-2a96a5f563b5","place_report_count":0,"worst_collapse_type":null,"place_has_arcgis_id":false,"evaluation_count":2,"evaluation_ids_count":2,"barrio":"San Fernando","nivel_dano_max":"alto","severidad_max":"alto","habitabilidad_codigos":"i2","recomendaciones":"","evaluaciones_adicionales":"","usos":"institucional","sistema_estructural":"muros_carga","material":"adobe","epoca_construccion":"antes_1984","estado_conservacion":"malo","calidad_diseno":"malo","ocupantes_max":20,"heridos_max":0,"muertos_max":1,"gps_accuracy_median":null,"rud_records":10,"rud_households":1,"rud_addresses":1,"rud_women":5,"rud_minors":0,"rud_older65":8,"rud_afro":0,"rud_indigenous":0,"rud_estado_averiado":0,"rud_estado_no_habitable":10,"rud_estado_habitable":0,"rud_estado_destruido":0,"rud_estado_no_informa":0,"rud_tenencia_propietario":0,"rud_tenencia_arrendatario":10,"rud_tenencia_ocupante":0,"rud_tenencia_poseedor":0,"rud_tenencia_no_informa":0,"rud_match_methods":"direccion_normalizada","rud_match_confidences":"alta","has_rud_match":true}},{"type":"Feature","geometry":{"type":"Point","coordinates":[-76.5416515,3.4276]},"properties":{"place_id":"75f94e4e-ac6b-48c0-8153-91899f0e9507","place_report_count":0,"worst_collapse_type":null,"place_has_arcgis_id":false,"evaluation_count":1,"evaluation_ids_count":1,"barrio":"San Fernando","nivel_dano_max":"alto","severidad_max":"medio_alto","habitabilidad_codigos":"i2","recomendaciones":"apuntalar, demoler, evacuar_parcial","evaluaciones_adicionales":"","usos":"educativo, residencial","sistema_estructural":"no_claro","material":"mat_no_claro","epoca_construccion":"desconocida","estado_conservacion":"malo","calidad_diseno":"malo","ocupantes_max":6,"heridos_max":0,"muertos_max":0,"gps_accuracy_median":null,"rud_records":0,"rud_households":0,"rud_addresses":0,"rud_women":0,"rud_minors":0,"rud_older65":0,"rud_afro":0,"rud_indigenous":0,"rud_estado_averiado":0,"rud_estado_no_habitable":0,"rud_estado_habitable":0,"rud_estado_destruido":0,"rud_estado_no_informa":0,"rud_tenencia_propietario":0,"rud_tenencia_arrendatario":0,"rud_tenencia_ocupante":0,"rud_tenencia_poseedor":0,"rud_tenencia_no_informa":0,"rud_match_methods":"","rud_match_confidences":"","has_rud_match":false}},{"type":"Feature","geometry":{"type":"Point","coordinates":[-76.5305659,3.427722]},"properties":{"place_id":"628fdda2-5f45-4aef-be4f-580b66eba1b5","place_report_count":1,"worst_collapse_type":"B","place_has_arcgis_id":false,"evaluation_count":0,"evaluation_ids_count":0,"barrio":"","nivel_dano_max":null,"severidad_max":null,"habitabilidad_codigos":"","recomendaciones":"","evaluaciones_adicionales":"","usos":"","sistema_estructural":"","material":"","epoca_construccion":"","estado_conservacion":"","calidad_diseno":"","ocupantes_max":null,"heridos_max":null,"muertos_max":null,"gps_accuracy_median":null,"rud_records":0,"rud_households":0,"rud_addresses":0,"rud_women":0,"rud_minors":0,"rud_older65":0,"rud_afro":0,"rud_indigenous":0,"rud_estado_averiado":0,"rud_estado_no_habitable":0,"rud_estado_habitable":0,"rud_estado_destruido":0,"rud_estado_no_informa":0,"rud_tenencia_propietario":0,"rud_tenencia_arrendatario":0,"rud_tenencia_ocupante":0,"rud_tenencia_poseedor":0,"rud_tenencia_no_informa":0,"rud_match_methods":"","rud_match_confidences":"","has_rud_match":false}},{"type":"Feature","geometry":{"type":"Point","coordinates":[-76.5305659,3.427722]},"properties":{"place_id":"8c916b8b-2339-4832-bd6d-4a7c3fde473b","place_report_count":19,"worst_collapse_type":"B","place_has_arcgis_id":false,"evaluation_count":0,"evaluation_ids_count":0,"barrio":"","nivel_dano_max":null,"severidad_max":null,"habitabilidad_codigos":"","recomendaciones":"","evaluaciones_adicionales":"","usos":"","sistema_estructural":"","material":"","epoca_construccion":"","estado_conservacion":"","calidad_diseno":"","ocupantes_max":null,"heridos_max":null,"muertos_max":null,"gps_accuracy_median":null,"rud_records":0,"rud_households":0,"rud_addresses":0,"rud_women":0,"rud_minors":0,"rud_older65":0,"rud_afro":0,"rud_indigenous":0,"rud_estado_averiado":0,"rud_estado_no_habitable":0,"rud_estado_habitable":0,"rud_estado_destruido":0,"rud_estado_no_informa":0,"rud_tenencia_propietario":0,"rud_tenencia_arrendatario":0,"rud_tenencia_ocupante":0,"rud_tenencia_poseedor":0,"rud_tenencia_no_informa":0,"rud_match_methods":"","rud_match_confidences":"","has_rud_match":false}},{"type":"Feature","geometry":{"type":"Point","coordinates":[-76.5418538,3.4277808]},"properties":{"place_id":"aefe3591-7a42-4e27-9f75-d4d35654fa7c","place_report_count":0,"worst_collapse_type":null,"place_has_arcgis_id":false,"evaluation_count":2,"evaluation_ids_count":2,"barrio":"San Fernando","nivel_dano_max":"alto","severidad_max":"medio_alto","habitabilidad_codigos":"i2, r1","recomendaciones":"apuntalar, evacuar_parcial, evacuar_total, restringir_peatones","evaluaciones_adicionales":"estructural","usos":"residencial","sistema_estructural":"porticos","material":"conc_no_arr","epoca_construccion":"desconocida, despues_2010","estado_conservacion":"malo, regular","calidad_diseno":"bueno, malo","ocupantes_max":32,"heridos_max":0,"muertos_max":0,"gps_accuracy_median":null,"rud_records":26,"rud_households":15,"rud_addresses":7,"rud_women":13,"rud_minors":1,"rud_older65":6,"rud_afro":0,"rud_indigenous":0,"rud_estado_averiado":1,"rud_estado_no_habitable":25,"rud_estado_habitable":0,"rud_estado_destruido":0,"rud_estado_no_informa":0,"rud_tenencia_propietario":2,"rud_tenencia_arrendatario":24,"rud_tenencia_ocupante":0,"rud_tenencia_poseedor":0,"rud_tenencia_no_informa":0,"rud_match_methods":"direccion_normalizada, nomenclatura_sector","rud_match_confidences":"alta, media","has_rud_match":true}},{"type":"Feature","geometry":{"type":"Point","coordinates":[-76.5462943,3.4282036]},"properties":{"place_id":"29bbbf75-a980-4a6b-aaee-6866262dc0a8","place_report_count":0,"worst_collapse_type":"B","place_has_arcgis_id":true,"evaluation_count":1,"evaluation_ids_count":1,"barrio":"Nueva granada","nivel_dano_max":"medio","severidad_max":"medio_alto","habitabilidad_codigos":"r1","recomendaciones":"","evaluaciones_adicionales":"","usos":"educativo","sistema_estructural":"porticos","material":"conc_arr","epoca_construccion":"1984_1997","estado_conservacion":"bueno","calidad_diseno":"bueno","ocupantes_max":0,"heridos_max":null,"muertos_max":null,"gps_accuracy_median":null,"rud_records":0,"rud_households":0,"rud_addresses":0,"rud_women":0,"rud_minors":0,"rud_older65":0,"rud_afro":0,"rud_indigenous":0,"rud_estado_averiado":0,"rud_estado_no_habitable":0,"rud_estado_habitable":0,"rud_estado_destruido":0,"rud_estado_no_informa":0,"rud_tenencia_propietario":0,"rud_tenencia_arrendatario":0,"rud_tenencia_ocupante":0,"rud_tenencia_poseedor":0,"rud_tenencia_no_informa":0,"rud_match_methods":"","rud_match_confidences":"","has_rud_match":false}},{"type":"Feature","geometry":{"type":"Point","coordinates":[-76.5419243,3.42826845]},"properties":{"place_id":"196b1897-dbc3-4674-8f77-d3bca948f67e","place_report_count":1,"worst_collapse_type":"B","place_has_arcgis_id":false,"evaluation_count":1,"evaluation_ids_count":1,"barrio":"San fernando","nivel_dano_max":"alto","severidad_max":"alto","habitabilidad_codigos":"i2","recomendaciones":"evacuar_parcial","evaluaciones_adicionales":"","usos":"comercial","sistema_estructural":"muros_carga","material":"mamp_simple","epoca_construccion":"antes_1984","estado_conservacion":"regular","calidad_diseno":"regular","ocupantes_max":26,"heridos_max":1,"muertos_max":0,"gps_accuracy_median":3.79,"rud_records":0,"rud_households":0,"rud_addresses":0,"rud_women":0,"rud_minors":0,"rud_older65":0,"rud_afro":0,"rud_indigenous":0,"rud_estado_averiado":0,"rud_estado_no_habitable":0,"rud_estado_habitable":0,"rud_estado_destruido":0,"rud_estado_no_informa":0,"rud_tenencia_propietario":0,"rud_tenencia_arrendatario":0,"rud_tenencia_ocupante":0,"rud_tenencia_poseedor":0,"rud_tenencia_no_informa":0,"rud_match_methods":"","rud_match_confidences":"","has_rud_match":false}},{"type":"Feature","geometry":{"type":"Point","coordinates":[-76.5448197589721,3.42845491700123]},"properties":{"place_id":"d1d9a28f-23e0-4f4d-b180-60c04d00eabf","place_report_count":1,"worst_collapse_type":"B","place_has_arcgis_id":false,"evaluation_count":1,"evaluation_ids_count":1,"barrio":"San Fernando","nivel_dano_max":"alto","severidad_max":"alto","habitabilidad_codigos":"i2","recomendaciones":"","evaluaciones_adicionales":"estructural","usos":"comercial","sistema_estructural":"porticos","material":"conc_no_arr","epoca_construccion":"antes_1984","estado_conservacion":"regular","calidad_diseno":"bueno","ocupantes_max":19,"heridos_max":null,"muertos_max":null,"gps_accuracy_median":7.85,"rud_records":1,"rud_households":1,"rud_addresses":1,"rud_women":0,"rud_minors":0,"rud_older65":0,"rud_afro":0,"rud_indigenous":0,"rud_estado_averiado":0,"rud_estado_no_habitable":1,"rud_estado_habitable":0,"rud_estado_destruido":0,"rud_estado_no_informa":0,"rud_tenencia_propietario":1,"rud_tenencia_arrendatario":0,"rud_tenencia_ocupante":0,"rud_tenencia_poseedor":0,"rud_tenencia_no_informa":0,"rud_match_methods":"nomenclatura_sector","rud_match_confidences":"media","has_rud_match":true}},{"type":"Feature","geometry":{"type":"Point","coordinates":[-76.5447859,3.428488]},"properties":{"place_id":"a76c3e83-9356-40ef-8688-df4946cc0de5","place_report_count":1,"worst_collapse_type":null,"place_has_arcgis_id":false,"evaluation_count":1,"evaluation_ids_count":1,"barrio":"San Fernando","nivel_dano_max":"alto","severidad_max":"medio","habitabilidad_codigos":"r1","recomendaciones":"","evaluaciones_adicionales":"","usos":"comercial","sistema_estructural":"porticos","material":"conc_no_arr","epoca_construccion":"antes_1984","estado_conservacion":"bueno","calidad_diseno":"bueno","ocupantes_max":2,"heridos_max":null,"muertos_max":null,"gps_accuracy_median":7.36,"rud_records":0,"rud_households":0,"rud_addresses":0,"rud_women":0,"rud_minors":0,"rud_older65":0,"rud_afro":0,"rud_indigenous":0,"rud_estado_averiado":0,"rud_estado_no_habitable":0,"rud_estado_habitable":0,"rud_estado_destruido":0,"rud_estado_no_informa":0,"rud_tenencia_propietario":0,"rud_tenencia_arrendatario":0,"rud_tenencia_ocupante":0,"rud_tenencia_poseedor":0,"rud_tenencia_no_informa":0,"rud_match_methods":"","rud_match_confidences":"","has_rud_match":false}},{"type":"Feature","geometry":{"type":"Point","coordinates":[-76.5431026,3.4286313]},"properties":{"place_id":"c8fa04e6-0c60-42cc-9cca-5a28152ba08c","place_report_count":0,"worst_collapse_type":null,"place_has_arcgis_id":false,"evaluation_count":1,"evaluation_ids_count":1,"barrio":"San Fernando","nivel_dano_max":"alto","severidad_max":"alto","habitabilidad_codigos":"i2","recomendaciones":"apuntalar, demoler, evacuar_total, restringir_peatones","evaluaciones_adicionales":"","usos":"residencial","sistema_estructural":"porticos","material":"conc_no_arr","epoca_construccion":"desconocida","estado_conservacion":"malo","calidad_diseno":"malo","ocupantes_max":50,"heridos_max":0,"muertos_max":0,"gps_accuracy_median":null,"rud_records":11,"rud_households":5,"rud_addresses":3,"rud_women":8,"rud_minors":0,"rud_older65":3,"rud_afro":0,"rud_indigenous":0,"rud_estado_averiado":0,"rud_estado_no_habitable":11,"rud_estado_habitable":0,"rud_estado_destruido":0,"rud_estado_no_informa":0,"rud_tenencia_propietario":5,"rud_tenencia_arrendatario":6,"rud_tenencia_ocupante":0,"rud_tenencia_poseedor":0,"rud_tenencia_no_informa":0,"rud_match_methods":"direccion_normalizada, nomenclatura_sector","rud_match_confidences":"alta, media","has_rud_match":true}},{"type":"Feature","geometry":{"type":"Point","coordinates":[-76.5459435,3.4289436]},"properties":{"place_id":"caf0967d-e231-4be6-aa51-aaf7897d230c","place_report_count":0,"worst_collapse_type":null,"place_has_arcgis_id":true,"evaluation_count":1,"evaluation_ids_count":1,"barrio":"Nueva granada","nivel_dano_max":"medio","severidad_max":"medio_alto","habitabilidad_codigos":"r2","recomendaciones":"","evaluaciones_adicionales":"","usos":"educativo","sistema_estructural":"porticos","material":"conc_arr","epoca_construccion":"1984_1997","estado_conservacion":"bueno","calidad_diseno":"bueno","ocupantes_max":0,"heridos_max":null,"muertos_max":null,"gps_accuracy_median":null,"rud_records":0,"rud_households":0,"rud_addresses":0,"rud_women":0,"rud_minors":0,"rud_older65":0,"rud_afro":0,"rud_indigenous":0,"rud_estado_averiado":0,"rud_estado_no_habitable":0,"rud_estado_habitable":0,"rud_estado_destruido":0,"rud_estado_no_informa":0,"rud_tenencia_propietario":0,"rud_tenencia_arrendatario":0,"rud_tenencia_ocupante":0,"rud_tenencia_poseedor":0,"rud_tenencia_no_informa":0,"rud_match_methods":"","rud_match_confidences":"","has_rud_match":false}},{"type":"Feature","geometry":{"type":"Point","coordinates":[-76.5421056,3.4292365]},"properties":{"place_id":"cf05772d-30b4-4eea-92dd-f49f8fd04956","place_report_count":0,"worst_collapse_type":null,"place_has_arcgis_id":false,"evaluation_count":2,"evaluation_ids_count":2,"barrio":"San Fernando","nivel_dano_max":"alto","severidad_max":"alto","habitabilidad_codigos":"i1, i2","recomendaciones":"apuntalar, demoler, evacuar_total, evacuar_vecinas","evaluaciones_adicionales":"","usos":"residencial","sistema_estructural":"muros_carga, porticos","material":"conc_no_arr, mamp_simple","epoca_construccion":"desconocida","estado_conservacion":"regular","calidad_diseno":"regular","ocupantes_max":6,"heridos_max":0,"muertos_max":0,"gps_accuracy_median":null,"rud_records":0,"rud_households":0,"rud_addresses":0,"rud_women":0,"rud_minors":0,"rud_older65":0,"rud_afro":0,"rud_indigenous":0,"rud_estado_averiado":0,"rud_estado_no_habitable":0,"rud_estado_habitable":0,"rud_estado_destruido":0,"rud_estado_no_informa":0,"rud_tenencia_propietario":0,"rud_tenencia_arrendatario":0,"rud_tenencia_ocupante":0,"rud_tenencia_poseedor":0,"rud_tenencia_no_informa":0,"rud_match_methods":"","rud_match_confidences":"","has_rud_match":false}},{"type":"Feature","geometry":{"type":"Point","coordinates":[-76.5415644,3.429262]},"properties":{"place_id":"546c60c3-1062-4296-9ae3-c2a4e3cc9234","place_report_count":0,"worst_collapse_type":null,"place_has_arcgis_id":false,"evaluation_count":1,"evaluation_ids_count":1,"barrio":"San fernando","nivel_dano_max":"alto","severidad_max":"alto","habitabilidad_codigos":"i2","recomendaciones":"","evaluaciones_adicionales":"estructural","usos":"educativo","sistema_estructural":"porticos","material":"conc_no_arr","epoca_construccion":"1984_1997","estado_conservacion":"malo","calidad_diseno":"malo","ocupantes_max":null,"heridos_max":0,"muertos_max":0,"gps_accuracy_median":4.07,"rud_records":3,"rud_households":3,"rud_addresses":1,"rud_women":2,"rud_minors":0,"rud_older65":2,"rud_afro":0,"rud_indigenous":0,"rud_estado_averiado":0,"rud_estado_no_habitable":3,"rud_estado_habitable":0,"rud_estado_destruido":0,"rud_estado_no_informa":0,"rud_tenencia_propietario":1,"rud_tenencia_arrendatario":2,"rud_tenencia_ocupante":0,"rud_tenencia_poseedor":0,"rud_tenencia_no_informa":0,"rud_match_methods":"direccion_normalizada","rud_match_confidences":"alta","has_rud_match":true}},{"type":"Feature","geometry":{"type":"Point","coordinates":[-76.5424689,3.4294009]},"properties":{"place_id":"e38db91e-baa4-421a-b80d-c6bd8ea358d4","place_report_count":0,"worst_collapse_type":null,"place_has_arcgis_id":false,"evaluation_count":1,"evaluation_ids_count":1,"barrio":"SAN FERNANDO NUEVO","nivel_dano_max":"bajo","severidad_max":"bajo","habitabilidad_codigos":"h","recomendaciones":"apuntalar, demoler, monitoreo","evaluaciones_adicionales":"otra","usos":"educativo","sistema_estructural":"muros_carga","material":"concreto_mc","epoca_construccion":"antes_1984","estado_conservacion":"bueno","calidad_diseno":"regular","ocupantes_max":100,"heridos_max":0,"muertos_max":0,"gps_accuracy_median":9.78,"rud_records":0,"rud_households":0,"rud_addresses":0,"rud_women":0,"rud_minors":0,"rud_older65":0,"rud_afro":0,"rud_indigenous":0,"rud_estado_averiado":0,"rud_estado_no_habitable":0,"rud_estado_habitable":0,"rud_estado_destruido":0,"rud_estado_no_informa":0,"rud_tenencia_propietario":0,"rud_tenencia_arrendatario":0,"rud_tenencia_ocupante":0,"rud_tenencia_poseedor":0,"rud_tenencia_no_informa":0,"rud_match_methods":"","rud_match_confidences":"","has_rud_match":false}},{"type":"Feature","geometry":{"type":"Point","coordinates":[-76.5425029,3.4294712]},"properties":{"place_id":"4bb2e8bc-1e35-4c50-a8bb-ca50618e2387","place_report_count":0,"worst_collapse_type":null,"place_has_arcgis_id":false,"evaluation_count":1,"evaluation_ids_count":1,"barrio":"San fernando","nivel_dano_max":"alto","severidad_max":"alto","habitabilidad_codigos":"i2","recomendaciones":"","evaluaciones_adicionales":"estructural, geotecnica","usos":"residencial","sistema_estructural":"porticos","material":"conc_no_arr","epoca_construccion":"despues_2010","estado_conservacion":"malo","calidad_diseno":"regular","ocupantes_max":null,"heridos_max":0,"muertos_max":1,"gps_accuracy_median":4.53,"rud_records":2,"rud_households":2,"rud_addresses":2,"rud_women":2,"rud_minors":0,"rud_older65":0,"rud_afro":0,"rud_indigenous":0,"rud_estado_averiado":0,"rud_estado_no_habitable":2,"rud_estado_habitable":0,"rud_estado_destruido":0,"rud_estado_no_informa":0,"rud_tenencia_propietario":1,"rud_tenencia_arrendatario":1,"rud_tenencia_ocupante":0,"rud_tenencia_poseedor":0,"rud_tenencia_no_informa":0,"rud_match_methods":"direccion_normalizada, nomenclatura_sector","rud_match_confidences":"alta, media","has_rud_match":true}},{"type":"Feature","geometry":{"type":"Point","coordinates":[-76.5428896,3.4294816]},"properties":{"place_id":"66e5106c-3b53-49aa-a0d8-4d98959c1784","place_report_count":0,"worst_collapse_type":null,"place_has_arcgis_id":false,"evaluation_count":1,"evaluation_ids_count":1,"barrio":"Cali","nivel_dano_max":"alto","severidad_max":"alto","habitabilidad_codigos":"i2","recomendaciones":"apuntalar, demoler, evacuar_total","evaluaciones_adicionales":"","usos":"residencial","sistema_estructural":"porticos","material":"conc_no_arr","epoca_construccion":"desconocida","estado_conservacion":"malo","calidad_diseno":"malo","ocupantes_max":50,"heridos_max":0,"muertos_max":0,"gps_accuracy_median":null,"rud_records":21,"rud_households":11,"rud_addresses":1,"rud_women":10,"rud_minors":2,"rud_older65":1,"rud_afro":1,"rud_indigenous":0,"rud_estado_averiado":0,"rud_estado_no_habitable":16,"rud_estado_habitable":0,"rud_estado_destruido":5,"rud_estado_no_informa":0,"rud_tenencia_propietario":0,"rud_tenencia_arrendatario":21,"rud_tenencia_ocupante":0,"rud_tenencia_poseedor":0,"rud_tenencia_no_informa":0,"rud_match_methods":"direccion_normalizada","rud_match_confidences":"alta","has_rud_match":true}},{"type":"Feature","geometry":{"type":"Point","coordinates":[-76.5423406,3.4295619]},"properties":{"place_id":"b251f73c-8787-4be8-a1af-29523ade7f4e","place_report_count":0,"worst_collapse_type":null,"place_has_arcgis_id":false,"evaluation_count":1,"evaluation_ids_count":1,"barrio":"San Fernando","nivel_dano_max":"bajo","severidad_max":"bajo","habitabilidad_codigos":"h","recomendaciones":"","evaluaciones_adicionales":"","usos":"residencial","sistema_estructural":"porticos","material":"conc_no_arr","epoca_construccion":"1984_1997","estado_conservacion":"bueno","calidad_diseno":"bueno","ocupantes_max":50,"heridos_max":0,"muertos_max":0,"gps_accuracy_median":null,"rud_records":9,"rud_households":7,"rud_addresses":2,"rud_women":3,"rud_minors":0,"rud_older65":1,"rud_afro":0,"rud_indigenous":0,"rud_estado_averiado":8,"rud_estado_no_habitable":1,"rud_estado_habitable":0,"rud_estado_destruido":0,"rud_estado_no_informa":0,"rud_tenencia_propietario":8,"rud_tenencia_arrendatario":1,"rud_tenencia_ocupante":0,"rud_tenencia_poseedor":0,"rud_tenencia_no_informa":0,"rud_match_methods":"direccion_normalizada, nomenclatura_sector","rud_match_confidences":"alta, media","has_rud_match":true}},{"type":"Feature","geometry":{"type":"Point","coordinates":[-76.525689,3.4295907]},"properties":{"place_id":"5b48fece-d4dd-4459-a3f7-d99144068566","place_report_count":0,"worst_collapse_type":null,"place_has_arcgis_id":false,"evaluation_count":1,"evaluation_ids_count":1,"barrio":"Santa Helena","nivel_dano_max":"alto","severidad_max":"alto","habitabilidad_codigos":"i2","recomendaciones":"evacuar_parcial","evaluaciones_adicionales":"otra","usos":"residencial","sistema_estructural":"muros_carga","material":"mamp_simple","epoca_construccion":"antes_1984","estado_conservacion":"malo","calidad_diseno":"malo","ocupantes_max":6,"heridos_max":2,"muertos_max":0,"gps_accuracy_median":9.57,"rud_records":0,"rud_households":0,"rud_addresses":0,"rud_women":0,"rud_minors":0,"rud_older65":0,"rud_afro":0,"rud_indigenous":0,"rud_estado_averiado":0,"rud_estado_no_habitable":0,"rud_estado_habitable":0,"rud_estado_destruido":0,"rud_estado_no_informa":0,"rud_tenencia_propietario":0,"rud_tenencia_arrendatario":0,"rud_tenencia_ocupante":0,"rud_tenencia_poseedor":0,"rud_tenencia_no_informa":0,"rud_match_methods":"","rud_match_confidences":"","has_rud_match":false}},{"type":"Feature","geometry":{"type":"Point","coordinates":[-76.5422053,3.4297697]},"properties":{"place_id":"454ec520-0ef7-4f29-87bb-ce84f5b1d32e","place_report_count":0,"worst_collapse_type":null,"place_has_arcgis_id":false,"evaluation_count":1,"evaluation_ids_count":1,"barrio":"San Fernando","nivel_dano_max":"medio","severidad_max":"medio","habitabilidad_codigos":"r2","recomendaciones":"aislamiento, apuntalar, demoler, evacuar_total, evacuar_vecinas, monitoreo, restringir_peatones, restringir_vehiculos, seguimiento","evaluaciones_adicionales":"estructural","usos":"comercial","sistema_estructural":"dual","material":"concreto_dual","epoca_construccion":"despues_2010","estado_conservacion":"regular","calidad_diseno":"bueno","ocupantes_max":130,"heridos_max":null,"muertos_max":null,"gps_accuracy_median":9.96,"rud_records":1,"rud_households":1,"rud_addresses":1,"rud_women":0,"rud_minors":0,"rud_older65":0,"rud_afro":0,"rud_indigenous":0,"rud_estado_averiado":0,"rud_estado_no_habitable":1,"rud_estado_habitable":0,"rud_estado_destruido":0,"rud_estado_no_informa":0,"rud_tenencia_propietario":1,"rud_tenencia_arrendatario":0,"rud_tenencia_ocupante":0,"rud_tenencia_poseedor":0,"rud_tenencia_no_informa":0,"rud_match_methods":"direccion_normalizada","rud_match_confidences":"alta","has_rud_match":true}},{"type":"Feature","geometry":{"type":"Point","coordinates":[-76.5429408,3.4297796]},"properties":{"place_id":"a7a18eba-285b-46e3-b958-0c8a54a28c00","place_report_count":1,"worst_collapse_type":null,"place_has_arcgis_id":false,"evaluation_count":1,"evaluation_ids_count":1,"barrio":"San Fernando","nivel_dano_max":"medio","severidad_max":"medio_alto","habitabilidad_codigos":"r1","recomendaciones":"","evaluaciones_adicionales":"","usos":"residencial","sistema_estructural":"muros_carga","material":"mamp_simple","epoca_construccion":"antes_1984","estado_conservacion":"bueno","calidad_diseno":"bueno","ocupantes_max":9,"heridos_max":null,"muertos_max":null,"gps_accuracy_median":7.1,"rud_records":0,"rud_households":0,"rud_addresses":0,"rud_women":0,"rud_minors":0,"rud_older65":0,"rud_afro":0,"rud_indigenous":0,"rud_estado_averiado":0,"rud_estado_no_habitable":0,"rud_estado_habitable":0,"rud_estado_destruido":0,"rud_estado_no_informa":0,"rud_tenencia_propietario":0,"rud_tenencia_arrendatario":0,"rud_tenencia_ocupante":0,"rud_tenencia_poseedor":0,"rud_tenencia_no_informa":0,"rud_match_methods":"","rud_match_confidences":"","has_rud_match":false}},{"type":"Feature","geometry":{"type":"Point","coordinates":[-76.542165,3.4299983]},"properties":{"place_id":"77977dee-626d-4ece-aea6-da5fc83aa2d5","place_report_count":0,"worst_collapse_type":null,"place_has_arcgis_id":false,"evaluation_count":1,"evaluation_ids_count":1,"barrio":"San fernando","nivel_dano_max":"bajo","severidad_max":"bajo","habitabilidad_codigos":"r1","recomendaciones":"apuntalar, demoler, restringir_peatones, seguimiento","evaluaciones_adicionales":"estructural","usos":"comercial","sistema_estructural":"porticos","material":"conc_no_arr","epoca_construccion":"1984_1997","estado_conservacion":"","calidad_diseno":"bueno","ocupantes_max":60,"heridos_max":0,"muertos_max":0,"gps_accuracy_median":1.4,"rud_records":0,"rud_households":0,"rud_addresses":0,"rud_women":0,"rud_minors":0,"rud_older65":0,"rud_afro":0,"rud_indigenous":0,"rud_estado_averiado":0,"rud_estado_no_habitable":0,"rud_estado_habitable":0,"rud_estado_destruido":0,"rud_estado_no_informa":0,"rud_tenencia_propietario":0,"rud_tenencia_arrendatario":0,"rud_tenencia_ocupante":0,"rud_tenencia_poseedor":0,"rud_tenencia_no_informa":0,"rud_match_methods":"","rud_match_confidences":"","has_rud_match":false}},{"type":"Feature","geometry":{"type":"Point","coordinates":[-76.5378324,3.4301069]},"properties":{"place_id":"ef5f46d8-19a1-401b-b671-3b519c2b74b1","place_report_count":0,"worst_collapse_type":"B","place_has_arcgis_id":false,"evaluation_count":1,"evaluation_ids_count":1,"barrio":"El cedro","nivel_dano_max":"bajo","severidad_max":"bajo","habitabilidad_codigos":"h","recomendaciones":"","evaluaciones_adicionales":"","usos":"residencial","sistema_estructural":"dual","material":"conc_mamposteria","epoca_construccion":"antes_1984","estado_conservacion":"bueno","calidad_diseno":"regular","ocupantes_max":6,"heridos_max":null,"muertos_max":null,"gps_accuracy_median":null,"rud_records":1,"rud_households":1,"rud_addresses":1,"rud_women":0,"rud_minors":0,"rud_older65":0,"rud_afro":0,"rud_indigenous":0,"rud_estado_averiado":1,"rud_estado_no_habitable":0,"rud_estado_habitable":0,"rud_estado_destruido":0,"rud_estado_no_informa":0,"rud_tenencia_propietario":0,"rud_tenencia_arrendatario":1,"rud_tenencia_ocupante":0,"rud_tenencia_poseedor":0,"rud_tenencia_no_informa":0,"rud_match_methods":"direccion_normalizada","rud_match_confidences":"alta","has_rud_match":true}},{"type":"Feature","geometry":{"type":"Point","coordinates":[-76.5291856,3.4301125]},"properties":{"place_id":"debc09e3-5e35-4986-9361-8518f7d0ba6e","place_report_count":0,"worst_collapse_type":"B","place_has_arcgis_id":true,"evaluation_count":1,"evaluation_ids_count":1,"barrio":"Colseguros","nivel_dano_max":"alto","severidad_max":"medio_alto","habitabilidad_codigos":"i2","recomendaciones":"apuntalar, demoler, evacuar_total, restringir_peatones, restringir_vehiculos, seguimiento","evaluaciones_adicionales":"estructural","usos":"comercial, residencial","sistema_estructural":"porticos","material":"conc_no_arr","epoca_construccion":"1984_1997","estado_conservacion":"malo","calidad_diseno":"regular","ocupantes_max":130,"heridos_max":0,"muertos_max":0,"gps_accuracy_median":19.12,"rud_records":13,"rud_households":6,"rud_addresses":6,"rud_women":7,"rud_minors":3,"rud_older65":3,"rud_afro":0,"rud_indigenous":0,"rud_estado_averiado":0,"rud_estado_no_habitable":13,"rud_estado_habitable":0,"rud_estado_destruido":0,"rud_estado_no_informa":0,"rud_tenencia_propietario":7,"rud_tenencia_arrendatario":6,"rud_tenencia_ocupante":0,"rud_tenencia_poseedor":0,"rud_tenencia_no_informa":0,"rud_match_methods":"direccion_normalizada, nomenclatura_sector","rud_match_confidences":"alta, media","has_rud_match":true}},{"type":"Feature","geometry":{"type":"Point","coordinates":[-76.5378367,3.4305958]},"properties":{"place_id":"e7f25474-809f-432b-a44d-50558088d74a","place_report_count":0,"worst_collapse_type":null,"place_has_arcgis_id":true,"evaluation_count":1,"evaluation_ids_count":1,"barrio":"San Vicente","nivel_dano_max":"medio","severidad_max":"medio","habitabilidad_codigos":"r1","recomendaciones":"demoler, intervencion, monitoreo, seguimiento, vigilancia","evaluaciones_adicionales":"estructural, geotecnica, otra","usos":"residencial","sistema_estructural":"porticos","material":"conc_no_arr","epoca_construccion":"antes_1984","estado_conservacion":"regular","calidad_diseno":"bueno","ocupantes_max":500,"heridos_max":0,"muertos_max":0,"gps_accuracy_median":8.84,"rud_records":0,"rud_households":0,"rud_addresses":0,"rud_women":0,"rud_minors":0,"rud_older65":0,"rud_afro":0,"rud_indigenous":0,"rud_estado_averiado":0,"rud_estado_no_habitable":0,"rud_estado_habitable":0,"rud_estado_destruido":0,"rud_estado_no_informa":0,"rud_tenencia_propietario":0,"rud_tenencia_arrendatario":0,"rud_tenencia_ocupante":0,"rud_tenencia_poseedor":0,"rud_tenencia_no_informa":0,"rud_match_methods":"","rud_match_confidences":"","has_rud_match":false}},{"type":"Feature","geometry":{"type":"Point","coordinates":[-76.5275707,3.4306652]},"properties":{"place_id":"5ccc4bfe-464e-4ed1-b850-f85d1527a8a0","place_report_count":0,"worst_collapse_type":null,"place_has_arcgis_id":false,"evaluation_count":1,"evaluation_ids_count":1,"barrio":"Cra 29a 12b 173","nivel_dano_max":"bajo","severidad_max":"bajo","habitabilidad_codigos":"h","recomendaciones":"","evaluaciones_adicionales":"","usos":"comercial","sistema_estructural":"porticos","material":"conc_arr","epoca_construccion":"1984_1997","estado_conservacion":"bueno","calidad_diseno":"bueno","ocupantes_max":200,"heridos_max":null,"muertos_max":null,"gps_accuracy_median":14.2,"rud_records":0,"rud_households":0,"rud_addresses":0,"rud_women":0,"rud_minors":0,"rud_older65":0,"rud_afro":0,"rud_indigenous":0,"rud_estado_averiado":0,"rud_estado_no_habitable":0,"rud_estado_habitable":0,"rud_estado_destruido":0,"rud_estado_no_informa":0,"rud_tenencia_propietario":0,"rud_tenencia_arrendatario":0,"rud_tenencia_ocupante":0,"rud_tenencia_poseedor":0,"rud_tenencia_no_informa":0,"rud_match_methods":"","rud_match_confidences":"","has_rud_match":false}},{"type":"Feature","geometry":{"type":"Point","coordinates":[-76.5434283,3.430805]},"properties":{"place_id":"da3b6919-0ee7-49f4-9c4b-4dcb7ce495cc","place_report_count":0,"worst_collapse_type":null,"place_has_arcgis_id":false,"evaluation_count":1,"evaluation_ids_count":1,"barrio":"San fernando","nivel_dano_max":"alto","severidad_max":"alto","habitabilidad_codigos":"r1","recomendaciones":"seguimiento","evaluaciones_adicionales":"estructural","usos":"comercial","sistema_estructural":"porticos","material":"conc_no_arr","epoca_construccion":"1984_1997","estado_conservacion":"bueno","calidad_diseno":"bueno","ocupantes_max":100,"heridos_max":0,"muertos_max":0,"gps_accuracy_median":2.2,"rud_records":0,"rud_households":0,"rud_addresses":0,"rud_women":0,"rud_minors":0,"rud_older65":0,"rud_afro":0,"rud_indigenous":0,"rud_estado_averiado":0,"rud_estado_no_habitable":0,"rud_estado_habitable":0,"rud_estado_destruido":0,"rud_estado_no_informa":0,"rud_tenencia_propietario":0,"rud_tenencia_arrendatario":0,"rud_tenencia_ocupante":0,"rud_tenencia_poseedor":0,"rud_tenencia_no_informa":0,"rud_match_methods":"","rud_match_confidences":"","has_rud_match":false}},{"type":"Feature","geometry":{"type":"Point","coordinates":[-76.5282903,3.4310828]},"properties":{"place_id":"92c3caf0-6a60-4d3e-95b9-3a46d3fcb769","place_report_count":0,"worst_collapse_type":null,"place_has_arcgis_id":false,"evaluation_count":1,"evaluation_ids_count":1,"barrio":"Calimio Norte","nivel_dano_max":"bajo","severidad_max":"bajo","habitabilidad_codigos":"r1","recomendaciones":"seguimiento","evaluaciones_adicionales":"","usos":"residencial","sistema_estructural":"muros_carga","material":"conc_prefab_mc","epoca_construccion":"despues_2010","estado_conservacion":"regular","calidad_diseno":"bueno","ocupantes_max":1000,"heridos_max":0,"muertos_max":0,"gps_accuracy_median":3.92,"rud_records":0,"rud_households":0,"rud_addresses":0,"rud_women":0,"rud_minors":0,"rud_older65":0,"rud_afro":0,"rud_indigenous":0,"rud_estado_averiado":0,"rud_estado_no_habitable":0,"rud_estado_habitable":0,"rud_estado_destruido":0,"rud_estado_no_informa":0,"rud_tenencia_propietario":0,"rud_tenencia_arrendatario":0,"rud_tenencia_ocupante":0,"rud_tenencia_poseedor":0,"rud_tenencia_no_informa":0,"rud_match_methods":"","rud_match_confidences":"","has_rud_match":false}},{"type":"Feature","geometry":{"type":"Point","coordinates":[-76.5398933,3.4315017]},"properties":{"place_id":"625fc65b-b7b7-4c1b-a22e-a581d8473df7","place_report_count":0,"worst_collapse_type":null,"place_has_arcgis_id":false,"evaluation_count":1,"evaluation_ids_count":1,"barrio":"3 julio","nivel_dano_max":"medio","severidad_max":"medio","habitabilidad_codigos":"r1","recomendaciones":"","evaluaciones_adicionales":"estructural","usos":"residencial","sistema_estructural":"muros_carga","material":"mamp_simple","epoca_construccion":"antes_1984","estado_conservacion":"regular","calidad_diseno":"regular","ocupantes_max":15,"heridos_max":null,"muertos_max":null,"gps_accuracy_median":1.6,"rud_records":2,"rud_households":1,"rud_addresses":1,"rud_women":1,"rud_minors":0,"rud_older65":2,"rud_afro":0,"rud_indigenous":0,"rud_estado_averiado":0,"rud_estado_no_habitable":2,"rud_estado_habitable":0,"rud_estado_destruido":0,"rud_estado_no_informa":0,"rud_tenencia_propietario":2,"rud_tenencia_arrendatario":0,"rud_tenencia_ocupante":0,"rud_tenencia_poseedor":0,"rud_tenencia_no_informa":0,"rud_match_methods":"direccion_normalizada","rud_match_confidences":"alta","has_rud_match":true}},{"type":"Feature","geometry":{"type":"Point","coordinates":[-76.5248268,3.4317154]},"properties":{"place_id":"f228d73c-9d4c-424a-b490-97ab67a52727","place_report_count":0,"worst_collapse_type":null,"place_has_arcgis_id":false,"evaluation_count":1,"evaluation_ids_count":1,"barrio":"Santa","nivel_dano_max":"bajo","severidad_max":"medio","habitabilidad_codigos":"h","recomendaciones":"apuntalar","evaluaciones_adicionales":"otra","usos":"residencial","sistema_estructural":"muros_carga","material":"mamp_simple","epoca_construccion":"antes_1984","estado_conservacion":"regular","calidad_diseno":"regular","ocupantes_max":4,"heridos_max":0,"muertos_max":0,"gps_accuracy_median":9.7,"rud_records":0,"rud_households":0,"rud_addresses":0,"rud_women":0,"rud_minors":0,"rud_older65":0,"rud_afro":0,"rud_indigenous":0,"rud_estado_averiado":0,"rud_estado_no_habitable":0,"rud_estado_habitable":0,"rud_estado_destruido":0,"rud_estado_no_informa":0,"rud_tenencia_propietario":0,"rud_tenencia_arrendatario":0,"rud_tenencia_ocupante":0,"rud_tenencia_poseedor":0,"rud_tenencia_no_informa":0,"rud_match_methods":"","rud_match_confidences":"","has_rud_match":false}},{"type":"Feature","geometry":{"type":"Point","coordinates":[-76.53984,3.4317167]},"properties":{"place_id":"4a5741a1-b77d-41a1-9411-2ff251e1f18c","place_report_count":0,"worst_collapse_type":null,"place_has_arcgis_id":false,"evaluation_count":1,"evaluation_ids_count":1,"barrio":"3 de julio","nivel_dano_max":"alto","severidad_max":"alto","habitabilidad_codigos":"i2","recomendaciones":"evacuar_total, monitoreo, restringir_peatones, seguimiento","evaluaciones_adicionales":"estructural, geotecnica","usos":"residencial","sistema_estructural":"porticos","material":"conc_no_arr","epoca_construccion":"antes_1984","estado_conservacion":"regular","calidad_diseno":"regular","ocupantes_max":25,"heridos_max":null,"muertos_max":null,"gps_accuracy_median":4.0,"rud_records":6,"rud_households":2,"rud_addresses":2,"rud_women":5,"rud_minors":0,"rud_older65":3,"rud_afro":0,"rud_indigenous":0,"rud_estado_averiado":0,"rud_estado_no_habitable":6,"rud_estado_habitable":0,"rud_estado_destruido":0,"rud_estado_no_informa":0,"rud_tenencia_propietario":6,"rud_tenencia_arrendatario":0,"rud_tenencia_ocupante":0,"rud_tenencia_poseedor":0,"rud_tenencia_no_informa":0,"rud_match_methods":"nomenclatura_sector","rud_match_confidences":"media","has_rud_match":true}},{"type":"Feature","geometry":{"type":"Point","coordinates":[-76.5414618,3.4317684]},"properties":{"place_id":"5a180da2-f327-4b2d-8355-7d0eae48829d","place_report_count":0,"worst_collapse_type":"B","place_has_arcgis_id":true,"evaluation_count":1,"evaluation_ids_count":1,"barrio":"Panamericano","nivel_dano_max":"bajo","severidad_max":"bajo","habitabilidad_codigos":"h","recomendaciones":"seguimiento","evaluaciones_adicionales":"estructural","usos":"comercial, residencial","sistema_estructural":"muros_carga","material":"mamp_simple","epoca_construccion":"antes_1984","estado_conservacion":"","calidad_diseno":"","ocupantes_max":7,"heridos_max":null,"muertos_max":null,"gps_accuracy_median":null,"rud_records":0,"rud_households":0,"rud_addresses":0,"rud_women":0,"rud_minors":0,"rud_older65":0,"rud_afro":0,"rud_indigenous":0,"rud_estado_averiado":0,"rud_estado_no_habitable":0,"rud_estado_habitable":0,"rud_estado_destruido":0,"rud_estado_no_informa":0,"rud_tenencia_propietario":0,"rud_tenencia_arrendatario":0,"rud_tenencia_ocupante":0,"rud_tenencia_poseedor":0,"rud_tenencia_no_informa":0,"rud_match_methods":"","rud_match_confidences":"","has_rud_match":false}},{"type":"Feature","geometry":{"type":"Point","coordinates":[-76.5447017,3.43184]},"properties":{"place_id":"4f9f1f79-6f11-40e2-b7fc-d5a55d4cd0f8","place_report_count":0,"worst_collapse_type":null,"place_has_arcgis_id":false,"evaluation_count":1,"evaluation_ids_count":1,"barrio":"San Fernando","nivel_dano_max":"alto","severidad_max":"alto","habitabilidad_codigos":"i2","recomendaciones":"demoler, desconectar, evacuar_total, monitoreo, restringir_vehiculos, seguimiento","evaluaciones_adicionales":"estructural, geotecnica","usos":"residencial","sistema_estructural":"porticos","material":"conc_no_arr","epoca_construccion":"1984_1997","estado_conservacion":"regular","calidad_diseno":"bueno","ocupantes_max":22,"heridos_max":0,"muertos_max":0,"gps_accuracy_median":2.9,"rud_records":14,"rud_households":8,"rud_addresses":1,"rud_women":9,"rud_minors":1,"rud_older65":3,"rud_afro":0,"rud_indigenous":0,"rud_estado_averiado":1,"rud_estado_no_habitable":13,"rud_estado_habitable":0,"rud_estado_destruido":0,"rud_estado_no_informa":0,"rud_tenencia_propietario":5,"rud_tenencia_arrendatario":9,"rud_tenencia_ocupante":0,"rud_tenencia_poseedor":0,"rud_tenencia_no_informa":0,"rud_match_methods":"direccion_normalizada","rud_match_confidences":"alta","has_rud_match":true}},{"type":"Feature","geometry":{"type":"Point","coordinates":[-76.5411017,3.4318983]},"properties":{"place_id":"36624ff1-0b10-417f-9bf3-0762cdbae9ac","place_report_count":0,"worst_collapse_type":null,"place_has_arcgis_id":false,"evaluation_count":1,"evaluation_ids_count":1,"barrio":"3 de julio","nivel_dano_max":"bajo","severidad_max":"bajo","habitabilidad_codigos":"h","recomendaciones":"seguimiento","evaluaciones_adicionales":"","usos":"residencial","sistema_estructural":"porticos","material":"conc_no_arr","epoca_construccion":"1984_1997","estado_conservacion":"malo","calidad_diseno":"bueno","ocupantes_max":12,"heridos_max":0,"muertos_max":0,"gps_accuracy_median":7.0,"rud_records":0,"rud_households":0,"rud_addresses":0,"rud_women":0,"rud_minors":0,"rud_older65":0,"rud_afro":0,"rud_indigenous":0,"rud_estado_averiado":0,"rud_estado_no_habitable":0,"rud_estado_habitable":0,"rud_estado_destruido":0,"rud_estado_no_informa":0,"rud_tenencia_propietario":0,"rud_tenencia_arrendatario":0,"rud_tenencia_ocupante":0,"rud_tenencia_poseedor":0,"rud_tenencia_no_informa":0,"rud_match_methods":"","rud_match_confidences":"","has_rud_match":false}},{"type":"Feature","geometry":{"type":"Point","coordinates":[-76.5408083,3.4319517]},"properties":{"place_id":"c177f3ad-5e6d-4b71-8975-1a2b73ea9687","place_report_count":0,"worst_collapse_type":null,"place_has_arcgis_id":false,"evaluation_count":1,"evaluation_ids_count":1,"barrio":"3 junio","nivel_dano_max":"medio","severidad_max":"medio","habitabilidad_codigos":"r1","recomendaciones":"evacuar_parcial, monitoreo, seguimiento","evaluaciones_adicionales":"estructural","usos":"residencial","sistema_estructural":"porticos","material":"conc_no_arr","epoca_construccion":"1984_1997","estado_conservacion":"regular","calidad_diseno":"regular","ocupantes_max":15,"heridos_max":null,"muertos_max":null,"gps_accuracy_median":3.2,"rud_records":0,"rud_households":0,"rud_addresses":0,"rud_women":0,"rud_minors":0,"rud_older65":0,"rud_afro":0,"rud_indigenous":0,"rud_estado_averiado":0,"rud_estado_no_habitable":0,"rud_estado_habitable":0,"rud_estado_destruido":0,"rud_estado_no_informa":0,"rud_tenencia_propietario":0,"rud_tenencia_arrendatario":0,"rud_tenencia_ocupante":0,"rud_tenencia_poseedor":0,"rud_tenencia_no_informa":0,"rud_match_methods":"","rud_match_confidences":"","has_rud_match":false}},{"type":"Feature","geometry":{"type":"Point","coordinates":[-76.541045,3.4321]},"properties":{"place_id":"62aecff6-02ba-46bd-b2d2-be0dae0aa1ba","place_report_count":0,"worst_collapse_type":null,"place_has_arcgis_id":false,"evaluation_count":1,"evaluation_ids_count":1,"barrio":"3 de junio","nivel_dano_max":"medio","severidad_max":"medio","habitabilidad_codigos":"r1","recomendaciones":"aislamiento, monitoreo, restringir_peatones, seguimiento","evaluaciones_adicionales":"estructural, geotecnica","usos":"residencial","sistema_estructural":"muros_carga","material":"mamp_simple","epoca_construccion":"1984_1997","estado_conservacion":"regular","calidad_diseno":"regular","ocupantes_max":4,"heridos_max":1,"muertos_max":0,"gps_accuracy_median":2.3,"rud_records":3,"rud_households":1,"rud_addresses":1,"rud_women":2,"rud_minors":0,"rud_older65":2,"rud_afro":0,"rud_indigenous":0,"rud_estado_averiado":0,"rud_estado_no_habitable":3,"rud_estado_habitable":0,"rud_estado_destruido":0,"rud_estado_no_informa":0,"rud_tenencia_propietario":3,"rud_tenencia_arrendatario":0,"rud_tenencia_ocupante":0,"rud_tenencia_poseedor":0,"rud_tenencia_no_informa":0,"rud_match_methods":"direccion_normalizada","rud_match_confidences":"alta","has_rud_match":true}},{"type":"Feature","geometry":{"type":"Point","coordinates":[-76.5362651,3.4322161]},"properties":{"place_id":"fae0ff88-52d7-4346-99ca-dadf76837f00","place_report_count":0,"worst_collapse_type":null,"place_has_arcgis_id":true,"evaluation_count":1,"evaluation_ids_count":1,"barrio":"Alameda","nivel_dano_max":"sin_dano","severidad_max":"sin_dano","habitabilidad_codigos":"h","recomendaciones":"seguimiento","evaluaciones_adicionales":"otra","usos":"comercial, residencial","sistema_estructural":"dual","material":"conc_mamposteria","epoca_construccion":"antes_1984","estado_conservacion":"bueno","calidad_diseno":"bueno","ocupantes_max":5,"heridos_max":null,"muertos_max":null,"gps_accuracy_median":12.88,"rud_records":0,"rud_households":0,"rud_addresses":0,"rud_women":0,"rud_minors":0,"rud_older65":0,"rud_afro":0,"rud_indigenous":0,"rud_estado_averiado":0,"rud_estado_no_habitable":0,"rud_estado_habitable":0,"rud_estado_destruido":0,"rud_estado_no_informa":0,"rud_tenencia_propietario":0,"rud_tenencia_arrendatario":0,"rud_tenencia_ocupante":0,"rud_tenencia_poseedor":0,"rud_tenencia_no_informa":0,"rud_match_methods":"","rud_match_confidences":"","has_rud_match":false}},{"type":"Feature","geometry":{"type":"Point","coordinates":[-76.54398739999999,3.4323005]},"properties":{"place_id":"31ffdc08-7a29-445f-a767-6591a4c4a95b","place_report_count":1,"worst_collapse_type":"B","place_has_arcgis_id":false,"evaluation_count":0,"evaluation_ids_count":0,"barrio":"","nivel_dano_max":null,"severidad_max":null,"habitabilidad_codigos":"","recomendaciones":"","evaluaciones_adicionales":"","usos":"","sistema_estructural":"","material":"","epoca_construccion":"","estado_conservacion":"","calidad_diseno":"","ocupantes_max":null,"heridos_max":null,"muertos_max":null,"gps_accuracy_median":null,"rud_records":0,"rud_households":0,"rud_addresses":0,"rud_women":0,"rud_minors":0,"rud_older65":0,"rud_afro":0,"rud_indigenous":0,"rud_estado_averiado":0,"rud_estado_no_habitable":0,"rud_estado_habitable":0,"rud_estado_destruido":0,"rud_estado_no_informa":0,"rud_tenencia_propietario":0,"rud_tenencia_arrendatario":0,"rud_tenencia_ocupante":0,"rud_tenencia_poseedor":0,"rud_tenencia_no_informa":0,"rud_match_methods":"","rud_match_confidences":"","has_rud_match":false}},{"type":"Feature","geometry":{"type":"Point","coordinates":[-76.5361274,3.4323049]},"properties":{"place_id":"14f3ede6-85e9-4ea5-9b5c-58d7b671adf2","place_report_count":1,"worst_collapse_type":"B","place_has_arcgis_id":false,"evaluation_count":1,"evaluation_ids_count":1,"barrio":"Alameda","nivel_dano_max":"bajo","severidad_max":"sin_dano","habitabilidad_codigos":"h","recomendaciones":"seguimiento","evaluaciones_adicionales":"otra","usos":"comercial, residencial","sistema_estructural":"dual","material":"conc_mamposteria","epoca_construccion":"antes_1984","estado_conservacion":"bueno","calidad_diseno":"bueno","ocupantes_max":5,"heridos_max":null,"muertos_max":null,"gps_accuracy_median":14.66,"rud_records":0,"rud_households":0,"rud_addresses":0,"rud_women":0,"rud_minors":0,"rud_older65":0,"rud_afro":0,"rud_indigenous":0,"rud_estado_averiado":0,"rud_estado_no_habitable":0,"rud_estado_habitable":0,"rud_estado_destruido":0,"rud_estado_no_informa":0,"rud_tenencia_propietario":0,"rud_tenencia_arrendatario":0,"rud_tenencia_ocupante":0,"rud_tenencia_poseedor":0,"rud_tenencia_no_informa":0,"rud_match_methods":"","rud_match_confidences":"","has_rud_match":false}},{"type":"Feature","geometry":{"type":"Point","coordinates":[-76.5274303,3.4323137]},"properties":{"place_id":"7e96f765-fce4-4991-af9b-2d29d8195ade","place_report_count":0,"worst_collapse_type":null,"place_has_arcgis_id":true,"evaluation_count":1,"evaluation_ids_count":1,"barrio":"La luna","nivel_dano_max":"alto","severidad_max":"alto","habitabilidad_codigos":"i2","recomendaciones":"demoler, evacuar_total, evacuar_vecinas, restringir_peatones","evaluaciones_adicionales":"estructural, geotecnica","usos":"comercial, residencial","sistema_estructural":"dual","material":"conc_acero","epoca_construccion":"antes_1984","estado_conservacion":"malo","calidad_diseno":"regular","ocupantes_max":100,"heridos_max":null,"muertos_max":null,"gps_accuracy_median":1.02,"rud_records":0,"rud_households":0,"rud_addresses":0,"rud_women":0,"rud_minors":0,"rud_older65":0,"rud_afro":0,"rud_indigenous":0,"rud_estado_averiado":0,"rud_estado_no_habitable":0,"rud_estado_habitable":0,"rud_estado_destruido":0,"rud_estado_no_informa":0,"rud_tenencia_propietario":0,"rud_tenencia_arrendatario":0,"rud_tenencia_ocupante":0,"rud_tenencia_poseedor":0,"rud_tenencia_no_informa":0,"rud_match_methods":"","rud_match_confidences":"","has_rud_match":false}},{"type":"Feature","geometry":{"type":"Point","coordinates":[-76.54137,3.4324683]},"properties":{"place_id":"94c5077a-0292-4f06-92d3-6730c5c83523","place_report_count":0,"worst_collapse_type":null,"place_has_arcgis_id":false,"evaluation_count":2,"evaluation_ids_count":2,"barrio":"3 de julio, 3 de junio","nivel_dano_max":"alto","severidad_max":"alto","habitabilidad_codigos":"i2","recomendaciones":"apuntalar, demoler, evacuar_parcial, evacuar_total, monitoreo, seguimiento","evaluaciones_adicionales":"estructural","usos":"residencial","sistema_estructural":"dual, porticos","material":"conc_mamposteria, conc_no_arr","epoca_construccion":"1984_1997, desconocida","estado_conservacion":"malo, regular","calidad_diseno":"malo, regular","ocupantes_max":4,"heridos_max":null,"muertos_max":null,"gps_accuracy_median":1.95,"rud_records":4,"rud_households":2,"rud_addresses":2,"rud_women":2,"rud_minors":0,"rud_older65":2,"rud_afro":0,"rud_indigenous":0,"rud_estado_averiado":0,"rud_estado_no_habitable":4,"rud_estado_habitable":0,"rud_estado_destruido":0,"rud_estado_no_informa":0,"rud_tenencia_propietario":0,"rud_tenencia_arrendatario":4,"rud_tenencia_ocupante":0,"rud_tenencia_poseedor":0,"rud_tenencia_no_informa":0,"rud_match_methods":"direccion_normalizada","rud_match_confidences":"alta","has_rud_match":true}},{"type":"Feature","geometry":{"type":"Point","coordinates":[-76.5278915,3.432641]},"properties":{"place_id":"e1f10c3f-6f95-40b0-90f4-22483492c9e6","place_report_count":0,"worst_collapse_type":"A","place_has_arcgis_id":false,"evaluation_count":1,"evaluation_ids_count":1,"barrio":"Cll 13 # 23d 55","nivel_dano_max":"alto","severidad_max":"alto","habitabilidad_codigos":"i2","recomendaciones":"evacuar_total","evaluaciones_adicionales":"otra","usos":"comercial","sistema_estructural":"porticos","material":"conc_arr","epoca_construccion":"antes_1984","estado_conservacion":"malo","calidad_diseno":"malo","ocupantes_max":null,"heridos_max":null,"muertos_max":null,"gps_accuracy_median":3.43,"rud_records":0,"rud_households":0,"rud_addresses":0,"rud_women":0,"rud_minors":0,"rud_older65":0,"rud_afro":0,"rud_indigenous":0,"rud_estado_averiado":0,"rud_estado_no_habitable":0,"rud_estado_habitable":0,"rud_estado_destruido":0,"rud_estado_no_informa":0,"rud_tenencia_propietario":0,"rud_tenencia_arrendatario":0,"rud_tenencia_ocupante":0,"rud_tenencia_poseedor":0,"rud_tenencia_no_informa":0,"rud_match_methods":"","rud_match_confidences":"","has_rud_match":false}},{"type":"Feature","geometry":{"type":"Point","coordinates":[-76.552478,3.4326759]},"properties":{"place_id":"d74187df-5dc4-424c-90a1-e7a49f1b4350","place_report_count":0,"worst_collapse_type":null,"place_has_arcgis_id":true,"evaluation_count":1,"evaluation_ids_count":1,"barrio":"Cristales","nivel_dano_max":"bajo","severidad_max":"bajo","habitabilidad_codigos":"r1","recomendaciones":"","evaluaciones_adicionales":"estructural","usos":"otro","sistema_estructural":"porticos","material":"acero_arr","epoca_construccion":"despues_2010","estado_conservacion":"bueno","calidad_diseno":"bueno","ocupantes_max":0,"heridos_max":0,"muertos_max":0,"gps_accuracy_median":null,"rud_records":0,"rud_households":0,"rud_addresses":0,"rud_women":0,"rud_minors":0,"rud_older65":0,"rud_afro":0,"rud_indigenous":0,"rud_estado_averiado":0,"rud_estado_no_habitable":0,"rud_estado_habitable":0,"rud_estado_destruido":0,"rud_estado_no_informa":0,"rud_tenencia_propietario":0,"rud_tenencia_arrendatario":0,"rud_tenencia_ocupante":0,"rud_tenencia_poseedor":0,"rud_tenencia_no_informa":0,"rud_match_methods":"","rud_match_confidences":"","has_rud_match":false}},{"type":"Feature","geometry":{"type":"Point","coordinates":[-76.5272762,3.4328138]},"properties":{"place_id":"4d0ed946-b79f-4a1e-a031-c845eebc7779","place_report_count":0,"worst_collapse_type":null,"place_has_arcgis_id":true,"evaluation_count":1,"evaluation_ids_count":1,"barrio":"JUNÍN","nivel_dano_max":"alto","severidad_max":"alto","habitabilidad_codigos":"i2","recomendaciones":"aislamiento, evacuar_total, monitoreo, restringir_peatones, restringir_vehiculos, vigilancia","evaluaciones_adicionales":"estructural","usos":"comercial","sistema_estructural":"porticos","material":"conc_no_arr","epoca_construccion":"antes_1984","estado_conservacion":"malo","calidad_diseno":"malo","ocupantes_max":100,"heridos_max":0,"muertos_max":0,"gps_accuracy_median":3.21,"rud_records":0,"rud_households":0,"rud_addresses":0,"rud_women":0,"rud_minors":0,"rud_older65":0,"rud_afro":0,"rud_indigenous":0,"rud_estado_averiado":0,"rud_estado_no_habitable":0,"rud_estado_habitable":0,"rud_estado_destruido":0,"rud_estado_no_informa":0,"rud_tenencia_propietario":0,"rud_tenencia_arrendatario":0,"rud_tenencia_ocupante":0,"rud_tenencia_poseedor":0,"rud_tenencia_no_informa":0,"rud_match_methods":"","rud_match_confidences":"","has_rud_match":false}},{"type":"Feature","geometry":{"type":"Point","coordinates":[-76.5040717,3.4328867]},"properties":{"place_id":"ba0694b6-062e-44b9-a92d-a3fedddda4ae","place_report_count":0,"worst_collapse_type":null,"place_has_arcgis_id":false,"evaluation_count":1,"evaluation_ids_count":1,"barrio":"Bello Horizonte","nivel_dano_max":"bajo","severidad_max":"bajo","habitabilidad_codigos":"h","recomendaciones":"","evaluaciones_adicionales":"","usos":"educativo","sistema_estructural":"porticos","material":"conc_arr","epoca_construccion":"antes_1984","estado_conservacion":"bueno","calidad_diseno":"bueno","ocupantes_max":80,"heridos_max":null,"muertos_max":null,"gps_accuracy_median":6.3,"rud_records":0,"rud_households":0,"rud_addresses":0,"rud_women":0,"rud_minors":0,"rud_older65":0,"rud_afro":0,"rud_indigenous":0,"rud_estado_averiado":0,"rud_estado_no_habitable":0,"rud_estado_habitable":0,"rud_estado_destruido":0,"rud_estado_no_informa":0,"rud_tenencia_propietario":0,"rud_tenencia_arrendatario":0,"rud_tenencia_ocupante":0,"rud_tenencia_poseedor":0,"rud_tenencia_no_informa":0,"rud_match_methods":"","rud_match_confidences":"","has_rud_match":false}},{"type":"Feature","geometry":{"type":"Point","coordinates":[-76.5414434,3.4329225]},"properties":{"place_id":"1fddf194-6e02-4f7b-aade-f0d10027dba7","place_report_count":0,"worst_collapse_type":null,"place_has_arcgis_id":false,"evaluation_count":1,"evaluation_ids_count":1,"barrio":"San Fernando","nivel_dano_max":"bajo","severidad_max":"bajo","habitabilidad_codigos":"h","recomendaciones":"","evaluaciones_adicionales":"","usos":"comercial, residencial","sistema_estructural":"porticos","material":"conc_no_arr","epoca_construccion":"desconocida","estado_conservacion":"regular","calidad_diseno":"regular","ocupantes_max":30,"heridos_max":0,"muertos_max":0,"gps_accuracy_median":null,"rud_records":0,"rud_households":0,"rud_addresses":0,"rud_women":0,"rud_minors":0,"rud_older65":0,"rud_afro":0,"rud_indigenous":0,"rud_estado_averiado":0,"rud_estado_no_habitable":0,"rud_estado_habitable":0,"rud_estado_destruido":0,"rud_estado_no_informa":0,"rud_tenencia_propietario":0,"rud_tenencia_arrendatario":0,"rud_tenencia_ocupante":0,"rud_tenencia_poseedor":0,"rud_tenencia_no_informa":0,"rud_match_methods":"","rud_match_confidences":"","has_rud_match":false}},{"type":"Feature","geometry":{"type":"Point","coordinates":[-76.5294555,3.4329898]},"properties":{"place_id":"78ebecb2-6888-4ce0-9504-35be6b61fc9e","place_report_count":0,"worst_collapse_type":null,"place_has_arcgis_id":false,"evaluation_count":1,"evaluation_ids_count":1,"barrio":"Junon","nivel_dano_max":"alto","severidad_max":"alto","habitabilidad_codigos":"i2","recomendaciones":"demoler","evaluaciones_adicionales":"otra","usos":"residencial","sistema_estructural":"muros_carga","material":"mamp_simple","epoca_construccion":"antes_1984","estado_conservacion":"regular","calidad_diseno":"malo","ocupantes_max":5,"heridos_max":0,"muertos_max":0,"gps_accuracy_median":8.95,"rud_records":3,"rud_households":1,"rud_addresses":1,"rud_women":1,"rud_minors":1,"rud_older65":0,"rud_afro":0,"rud_indigenous":0,"rud_estado_averiado":0,"rud_estado_no_habitable":3,"rud_estado_habitable":0,"rud_estado_destruido":0,"rud_estado_no_informa":0,"rud_tenencia_propietario":0,"rud_tenencia_arrendatario":0,"rud_tenencia_ocupante":0,"rud_tenencia_poseedor":3,"rud_tenencia_no_informa":0,"rud_match_methods":"direccion_normalizada","rud_match_confidences":"alta","has_rud_match":true}},{"type":"Feature","geometry":{"type":"Point","coordinates":[-76.5274233,3.4333044]},"properties":{"place_id":"63c02680-aadc-4eea-8830-bb399f726e6a","place_report_count":0,"worst_collapse_type":null,"place_has_arcgis_id":false,"evaluation_count":1,"evaluation_ids_count":1,"barrio":"La Luna","nivel_dano_max":"alto","severidad_max":"alto","habitabilidad_codigos":"i2","recomendaciones":"evacuar_total","evaluaciones_adicionales":"otra","usos":"industrial","sistema_estructural":"porticos","material":"conc_arr","epoca_construccion":"antes_1984","estado_conservacion":"malo","calidad_diseno":"malo","ocupantes_max":24,"heridos_max":null,"muertos_max":null,"gps_accuracy_median":6.85,"rud_records":3,"rud_households":1,"rud_addresses":1,"rud_women":2,"rud_minors":1,"rud_older65":0,"rud_afro":0,"rud_indigenous":0,"rud_estado_averiado":3,"rud_estado_no_habitable":0,"rud_estado_habitable":0,"rud_estado_destruido":0,"rud_estado_no_informa":0,"rud_tenencia_propietario":3,"rud_tenencia_arrendatario":0,"rud_tenencia_ocupante":0,"rud_tenencia_poseedor":0,"rud_tenencia_no_informa":0,"rud_match_methods":"direccion_normalizada","rud_match_confidences":"alta","has_rud_match":true}},{"type":"Feature","geometry":{"type":"Point","coordinates":[-76.5383872,3.4333231]},"properties":{"place_id":"12f0580b-9da5-4eda-ad8f-7249a9859a6c","place_report_count":0,"worst_collapse_type":null,"place_has_arcgis_id":true,"evaluation_count":1,"evaluation_ids_count":1,"barrio":"El cedro","nivel_dano_max":"alto","severidad_max":"alto","habitabilidad_codigos":"i3","recomendaciones":"","evaluaciones_adicionales":"estructural, geotecnica","usos":"otro","sistema_estructural":"muros_carga","material":"mamp_simple","epoca_construccion":"antes_1984","estado_conservacion":"malo","calidad_diseno":"malo","ocupantes_max":0,"heridos_max":null,"muertos_max":null,"gps_accuracy_median":8.79,"rud_records":0,"rud_households":0,"rud_addresses":0,"rud_women":0,"rud_minors":0,"rud_older65":0,"rud_afro":0,"rud_indigenous":0,"rud_estado_averiado":0,"rud_estado_no_habitable":0,"rud_estado_habitable":0,"rud_estado_destruido":0,"rud_estado_no_informa":0,"rud_tenencia_propietario":0,"rud_tenencia_arrendatario":0,"rud_tenencia_ocupante":0,"rud_tenencia_poseedor":0,"rud_tenencia_no_informa":0,"rud_match_methods":"","rud_match_confidences":"","has_rud_match":false}},{"type":"Feature","geometry":{"type":"Point","coordinates":[-76.5446906,3.4336597]},"properties":{"place_id":"9cabb61f-94cc-4544-a091-e0244f361b06","place_report_count":0,"worst_collapse_type":null,"place_has_arcgis_id":true,"evaluation_count":1,"evaluation_ids_count":1,"barrio":"San Fernando","nivel_dano_max":"alto","severidad_max":"medio_alto","habitabilidad_codigos":"i2","recomendaciones":"demoler, evacuar_total","evaluaciones_adicionales":"estructural","usos":"residencial","sistema_estructural":"porticos","material":"conc_no_arr","epoca_construccion":"1984_1997","estado_conservacion":"bueno","calidad_diseno":"bueno","ocupantes_max":32,"heridos_max":null,"muertos_max":null,"gps_accuracy_median":null,"rud_records":9,"rud_households":7,"rud_addresses":6,"rud_women":5,"rud_minors":0,"rud_older65":2,"rud_afro":0,"rud_indigenous":0,"rud_estado_averiado":0,"rud_estado_no_habitable":9,"rud_estado_habitable":0,"rud_estado_destruido":0,"rud_estado_no_informa":0,"rud_tenencia_propietario":2,"rud_tenencia_arrendatario":7,"rud_tenencia_ocupante":0,"rud_tenencia_poseedor":0,"rud_tenencia_no_informa":0,"rud_match_methods":"direccion_normalizada, nomenclatura_sector","rud_match_confidences":"alta, media","has_rud_match":true}},{"type":"Feature","geometry":{"type":"Point","coordinates":[-76.493024,3.4338305]},"properties":{"place_id":"ec06c696-edcc-4dff-b46d-57b99d738e67","place_report_count":0,"worst_collapse_type":null,"place_has_arcgis_id":true,"evaluation_count":1,"evaluation_ids_count":1,"barrio":"RICARDO BALCÁZAR","nivel_dano_max":"bajo","severidad_max":"bajo","habitabilidad_codigos":"h","recomendaciones":"seguimiento","evaluaciones_adicionales":"estructural","usos":"educativo, salud","sistema_estructural":"porticos","material":"","epoca_construccion":"1998_2010","estado_conservacion":"bueno","calidad_diseno":"bueno","ocupantes_max":700,"heridos_max":null,"muertos_max":null,"gps_accuracy_median":4.14,"rud_records":0,"rud_households":0,"rud_addresses":0,"rud_women":0,"rud_minors":0,"rud_older65":0,"rud_afro":0,"rud_indigenous":0,"rud_estado_averiado":0,"rud_estado_no_habitable":0,"rud_estado_habitable":0,"rud_estado_destruido":0,"rud_estado_no_informa":0,"rud_tenencia_propietario":0,"rud_tenencia_arrendatario":0,"rud_tenencia_ocupante":0,"rud_tenencia_poseedor":0,"rud_tenencia_no_informa":0,"rud_match_methods":"","rud_match_confidences":"","has_rud_match":false}},{"type":"Feature","geometry":{"type":"Point","coordinates":[-76.523364,3.4341575]},"properties":{"place_id":"8ebd7625-7a1c-4501-a206-603b6a1c6444","place_report_count":0,"worst_collapse_type":null,"place_has_arcgis_id":true,"evaluation_count":1,"evaluation_ids_count":1,"barrio":"Alameda","nivel_dano_max":"bajo","severidad_max":"bajo","habitabilidad_codigos":"i1","recomendaciones":"desconectar, evacuar_total, monitoreo, restringir_peatones, vigilancia","evaluaciones_adicionales":"estructural","usos":"comercial, residencial","sistema_estructural":"muros_carga","material":"mamp_simple","epoca_construccion":"antes_1984","estado_conservacion":"regular","calidad_diseno":"malo","ocupantes_max":15,"heridos_max":null,"muertos_max":null,"gps_accuracy_median":null,"rud_records":0,"rud_households":0,"rud_addresses":0,"rud_women":0,"rud_minors":0,"rud_older65":0,"rud_afro":0,"rud_indigenous":0,"rud_estado_averiado":0,"rud_estado_no_habitable":0,"rud_estado_habitable":0,"rud_estado_destruido":0,"rud_estado_no_informa":0,"rud_tenencia_propietario":0,"rud_tenencia_arrendatario":0,"rud_tenencia_ocupante":0,"rud_tenencia_poseedor":0,"rud_tenencia_no_informa":0,"rud_match_methods":"","rud_match_confidences":"","has_rud_match":false}},{"type":"Feature","geometry":{"type":"Point","coordinates":[-76.5353808,3.4343681]},"properties":{"place_id":"3b3502a1-a6d8-4853-a462-6d1e3b683bce","place_report_count":1,"worst_collapse_type":"B","place_has_arcgis_id":false,"evaluation_count":1,"evaluation_ids_count":1,"barrio":"Barrio alameda","nivel_dano_max":"medio","severidad_max":"medio","habitabilidad_codigos":"r1","recomendaciones":"evacuar_total","evaluaciones_adicionales":"","usos":"residencial","sistema_estructural":"muros_carga","material":"mamp_simple","epoca_construccion":"antes_1984","estado_conservacion":"malo","calidad_diseno":"malo","ocupantes_max":15,"heridos_max":null,"muertos_max":null,"gps_accuracy_median":6.36,"rud_records":0,"rud_households":0,"rud_addresses":0,"rud_women":0,"rud_minors":0,"rud_older65":0,"rud_afro":0,"rud_indigenous":0,"rud_estado_averiado":0,"rud_estado_no_habitable":0,"rud_estado_habitable":0,"rud_estado_destruido":0,"rud_estado_no_informa":0,"rud_tenencia_propietario":0,"rud_tenencia_arrendatario":0,"rud_tenencia_ocupante":0,"rud_tenencia_poseedor":0,"rud_tenencia_no_informa":0,"rud_match_methods":"","rud_match_confidences":"","has_rud_match":false}},{"type":"Feature","geometry":{"type":"Point","coordinates":[-76.534709,3.434484]},"properties":{"place_id":"5ee15295-0b04-4804-82a2-4e0ee0b414c6","place_report_count":1,"worst_collapse_type":"B","place_has_arcgis_id":false,"evaluation_count":2,"evaluation_ids_count":2,"barrio":"Alameda","nivel_dano_max":"alto","severidad_max":"alto","habitabilidad_codigos":"i2","recomendaciones":"demoler","evaluaciones_adicionales":"otra","usos":"comercial, residencial","sistema_estructural":"muros_carga","material":"mamp_simple","epoca_construccion":"antes_1984","estado_conservacion":"malo","calidad_diseno":"malo","ocupantes_max":6,"heridos_max":null,"muertos_max":null,"gps_accuracy_median":4.3,"rud_records":0,"rud_households":0,"rud_addresses":0,"rud_women":0,"rud_minors":0,"rud_older65":0,"rud_afro":0,"rud_indigenous":0,"rud_estado_averiado":0,"rud_estado_no_habitable":0,"rud_estado_habitable":0,"rud_estado_destruido":0,"rud_estado_no_informa":0,"rud_tenencia_propietario":0,"rud_tenencia_arrendatario":0,"rud_tenencia_ocupante":0,"rud_tenencia_poseedor":0,"rud_tenencia_no_informa":0,"rud_match_methods":"","rud_match_confidences":"","has_rud_match":false}},{"type":"Feature","geometry":{"type":"Point","coordinates":[-76.5380149,3.4346296]},"properties":{"place_id":"cd0e877e-5a64-4fb6-8706-8be6e1745632","place_report_count":0,"worst_collapse_type":null,"place_has_arcgis_id":false,"evaluation_count":1,"evaluation_ids_count":1,"barrio":"El Cedro","nivel_dano_max":"alto","severidad_max":"medio_alto","habitabilidad_codigos":"i2","recomendaciones":"demoler, evacuar_total, monitoreo","evaluaciones_adicionales":"estructural","usos":"comercial, residencial","sistema_estructural":"muros_carga","material":"mamp_simple","epoca_construccion":"antes_1984","estado_conservacion":"regular","calidad_diseno":"regular","ocupantes_max":10,"heridos_max":null,"muertos_max":null,"gps_accuracy_median":null,"rud_records":0,"rud_households":0,"rud_addresses":0,"rud_women":0,"rud_minors":0,"rud_older65":0,"rud_afro":0,"rud_indigenous":0,"rud_estado_averiado":0,"rud_estado_no_habitable":0,"rud_estado_habitable":0,"rud_estado_destruido":0,"rud_estado_no_informa":0,"rud_tenencia_propietario":0,"rud_tenencia_arrendatario":0,"rud_tenencia_ocupante":0,"rud_tenencia_poseedor":0,"rud_tenencia_no_informa":0,"rud_match_methods":"","rud_match_confidences":"","has_rud_match":false}},{"type":"Feature","geometry":{"type":"Point","coordinates":[-76.5264289,3.4346979]},"properties":{"place_id":"b9c9c15a-bec6-492c-a3e8-16aa2514da7b","place_report_count":0,"worst_collapse_type":null,"place_has_arcgis_id":true,"evaluation_count":1,"evaluation_ids_count":1,"barrio":"Junin","nivel_dano_max":"alto","severidad_max":"medio_alto","habitabilidad_codigos":"i2","recomendaciones":"evacuar_parcial","evaluaciones_adicionales":"estructural","usos":"comercial, residencial","sistema_estructural":"muros_carga","material":"mamp_simple","epoca_construccion":"antes_1984","estado_conservacion":"regular","calidad_diseno":"regular","ocupantes_max":4,"heridos_max":null,"muertos_max":null,"gps_accuracy_median":8.96,"rud_records":0,"rud_households":0,"rud_addresses":0,"rud_women":0,"rud_minors":0,"rud_older65":0,"rud_afro":0,"rud_indigenous":0,"rud_estado_averiado":0,"rud_estado_no_habitable":0,"rud_estado_habitable":0,"rud_estado_destruido":0,"rud_estado_no_informa":0,"rud_tenencia_propietario":0,"rud_tenencia_arrendatario":0,"rud_tenencia_ocupante":0,"rud_tenencia_poseedor":0,"rud_tenencia_no_informa":0,"rud_match_methods":"","rud_match_confidences":"","has_rud_match":false}},{"type":"Feature","geometry":{"type":"Point","coordinates":[-76.5500294,3.4347963]},"properties":{"place_id":"2acb4133-8ba5-4b82-b774-fb546790b3c5","place_report_count":0,"worst_collapse_type":null,"place_has_arcgis_id":true,"evaluation_count":1,"evaluation_ids_count":1,"barrio":"Tejares de cristales","nivel_dano_max":"medio","severidad_max":"medio","habitabilidad_codigos":"r1","recomendaciones":"aislamiento, evacuar_parcial, monitoreo","evaluaciones_adicionales":"estructural, geotecnica","usos":"residencial","sistema_estructural":"porticos","material":"conc_no_arr","epoca_construccion":"1984_1997","estado_conservacion":"regular","calidad_diseno":"bueno","ocupantes_max":18,"heridos_max":null,"muertos_max":null,"gps_accuracy_median":9.67,"rud_records":0,"rud_households":0,"rud_addresses":0,"rud_women":0,"rud_minors":0,"rud_older65":0,"rud_afro":0,"rud_indigenous":0,"rud_estado_averiado":0,"rud_estado_no_habitable":0,"rud_estado_habitable":0,"rud_estado_destruido":0,"rud_estado_no_informa":0,"rud_tenencia_propietario":0,"rud_tenencia_arrendatario":0,"rud_tenencia_ocupante":0,"rud_tenencia_poseedor":0,"rud_tenencia_no_informa":0,"rud_match_methods":"","rud_match_confidences":"","has_rud_match":false}},{"type":"Feature","geometry":{"type":"Point","coordinates":[-76.5231963,3.4350836]},"properties":{"place_id":"4f90df3d-25fa-4b46-b863-7745e782de0d","place_report_count":0,"worst_collapse_type":null,"place_has_arcgis_id":false,"evaluation_count":1,"evaluation_ids_count":1,"barrio":"Aranjuez","nivel_dano_max":"medio","severidad_max":"medio","habitabilidad_codigos":"r1","recomendaciones":"evacuar_total","evaluaciones_adicionales":"otra","usos":"residencial","sistema_estructural":"muros_carga","material":"mamp_simple","epoca_construccion":"antes_1984","estado_conservacion":"malo","calidad_diseno":"regular","ocupantes_max":4,"heridos_max":null,"muertos_max":null,"gps_accuracy_median":4.04,"rud_records":0,"rud_households":0,"rud_addresses":0,"rud_women":0,"rud_minors":0,"rud_older65":0,"rud_afro":0,"rud_indigenous":0,"rud_estado_averiado":0,"rud_estado_no_habitable":0,"rud_estado_habitable":0,"rud_estado_destruido":0,"rud_estado_no_informa":0,"rud_tenencia_propietario":0,"rud_tenencia_arrendatario":0,"rud_tenencia_ocupante":0,"rud_tenencia_poseedor":0,"rud_tenencia_no_informa":0,"rud_match_methods":"","rud_match_confidences":"","has_rud_match":false}},{"type":"Feature","geometry":{"type":"Point","coordinates":[-76.5442464,3.4351716]},"properties":{"place_id":"2763ec92-03b1-4e7c-a860-756b13c582b5","place_report_count":0,"worst_collapse_type":"B","place_has_arcgis_id":true,"evaluation_count":1,"evaluation_ids_count":1,"barrio":"San Fernando","nivel_dano_max":"alto","severidad_max":"alto","habitabilidad_codigos":"i2","recomendaciones":"desconectar, evacuar_total, evacuar_vecinas, monitoreo, restringir_peatones, restringir_vehiculos, seguimiento, vigilancia","evaluaciones_adicionales":"estructural","usos":"residencial","sistema_estructural":"porticos","material":"conc_no_arr","epoca_construccion":"1984_1997","estado_conservacion":"malo","calidad_diseno":"regular","ocupantes_max":30,"heridos_max":0,"muertos_max":0,"gps_accuracy_median":null,"rud_records":0,"rud_households":0,"rud_addresses":0,"rud_women":0,"rud_minors":0,"rud_older65":0,"rud_afro":0,"rud_indigenous":0,"rud_estado_averiado":0,"rud_estado_no_habitable":0,"rud_estado_habitable":0,"rud_estado_destruido":0,"rud_estado_no_informa":0,"rud_tenencia_propietario":0,"rud_tenencia_arrendatario":0,"rud_tenencia_ocupante":0,"rud_tenencia_poseedor":0,"rud_tenencia_no_informa":0,"rud_match_methods":"","rud_match_confidences":"","has_rud_match":false}},{"type":"Feature","geometry":{"type":"Point","coordinates":[-76.5269571,3.4353282]},"properties":{"place_id":"e9740f5f-2d92-46f2-bbbd-e71b460bcb5d","place_report_count":0,"worst_collapse_type":null,"place_has_arcgis_id":false,"evaluation_count":1,"evaluation_ids_count":1,"barrio":"Junin","nivel_dano_max":"sin_dano","severidad_max":"sin_dano","habitabilidad_codigos":"h","recomendaciones":"","evaluaciones_adicionales":"","usos":"educativo","sistema_estructural":"porticos","material":"conc_no_arr","epoca_construccion":"antes_1984","estado_conservacion":"bueno","calidad_diseno":"bueno","ocupantes_max":220,"heridos_max":0,"muertos_max":0,"gps_accuracy_median":null,"rud_records":0,"rud_households":0,"rud_addresses":0,"rud_women":0,"rud_minors":0,"rud_older65":0,"rud_afro":0,"rud_indigenous":0,"rud_estado_averiado":0,"rud_estado_no_habitable":0,"rud_estado_habitable":0,"rud_estado_destruido":0,"rud_estado_no_informa":0,"rud_tenencia_propietario":0,"rud_tenencia_arrendatario":0,"rud_tenencia_ocupante":0,"rud_tenencia_poseedor":0,"rud_tenencia_no_informa":0,"rud_match_methods":"","rud_match_confidences":"","has_rud_match":false}},{"type":"Feature","geometry":{"type":"Point","coordinates":[-76.5645744,3.4359367]},"properties":{"place_id":"80725ee8-ac8d-4839-8358-3752d2ad6105","place_report_count":0,"worst_collapse_type":null,"place_has_arcgis_id":true,"evaluation_count":1,"evaluation_ids_count":1,"barrio":"Cristo redentor","nivel_dano_max":"bajo","severidad_max":"bajo","habitabilidad_codigos":"h","recomendaciones":"monitoreo, seguimiento","evaluaciones_adicionales":"estructural","usos":"otro","sistema_estructural":"muros_carga","material":"concreto_mc","epoca_construccion":"despues_2010","estado_conservacion":"bueno","calidad_diseno":"bueno","ocupantes_max":null,"heridos_max":0,"muertos_max":0,"gps_accuracy_median":4.82,"rud_records":0,"rud_households":0,"rud_addresses":0,"rud_women":0,"rud_minors":0,"rud_older65":0,"rud_afro":0,"rud_indigenous":0,"rud_estado_averiado":0,"rud_estado_no_habitable":0,"rud_estado_habitable":0,"rud_estado_destruido":0,"rud_estado_no_informa":0,"rud_tenencia_propietario":0,"rud_tenencia_arrendatario":0,"rud_tenencia_ocupante":0,"rud_tenencia_poseedor":0,"rud_tenencia_no_informa":0,"rud_match_methods":"","rud_match_confidences":"","has_rud_match":false}},{"type":"Feature","geometry":{"type":"Point","coordinates":[-76.5324461,3.4362121]},"properties":{"place_id":"dd1fb24a-5f23-44a9-b635-143da0e2eb9b","place_report_count":0,"worst_collapse_type":null,"place_has_arcgis_id":false,"evaluation_count":1,"evaluation_ids_count":1,"barrio":"Bretaña","nivel_dano_max":"bajo","severidad_max":"bajo","habitabilidad_codigos":"h","recomendaciones":"","evaluaciones_adicionales":"","usos":"educativo","sistema_estructural":"porticos","material":"conc_no_arr","epoca_construccion":"despues_2010","estado_conservacion":"bueno","calidad_diseno":"bueno","ocupantes_max":250,"heridos_max":0,"muertos_max":0,"gps_accuracy_median":null,"rud_records":0,"rud_households":0,"rud_addresses":0,"rud_women":0,"rud_minors":0,"rud_older65":0,"rud_afro":0,"rud_indigenous":0,"rud_estado_averiado":0,"rud_estado_no_habitable":0,"rud_estado_habitable":0,"rud_estado_destruido":0,"rud_estado_no_informa":0,"rud_tenencia_propietario":0,"rud_tenencia_arrendatario":0,"rud_tenencia_ocupante":0,"rud_tenencia_poseedor":0,"rud_tenencia_no_informa":0,"rud_match_methods":"","rud_match_confidences":"","has_rud_match":false}},{"type":"Feature","geometry":{"type":"Point","coordinates":[-76.5369107,3.4362845]},"properties":{"place_id":"4218bfc8-828b-47b1-a710-ee8cb2dfa698","place_report_count":0,"worst_collapse_type":null,"place_has_arcgis_id":false,"evaluation_count":1,"evaluation_ids_count":1,"barrio":"Alameda","nivel_dano_max":"alto","severidad_max":"alto","habitabilidad_codigos":"i2","recomendaciones":"evacuar_total, monitoreo","evaluaciones_adicionales":"estructural","usos":"comercial, residencial","sistema_estructural":"muros_carga","material":"adobe","epoca_construccion":"antes_1984","estado_conservacion":"regular","calidad_diseno":"regular","ocupantes_max":4,"heridos_max":null,"muertos_max":null,"gps_accuracy_median":null,"rud_records":0,"rud_households":0,"rud_addresses":0,"rud_women":0,"rud_minors":0,"rud_older65":0,"rud_afro":0,"rud_indigenous":0,"rud_estado_averiado":0,"rud_estado_no_habitable":0,"rud_estado_habitable":0,"rud_estado_destruido":0,"rud_estado_no_informa":0,"rud_tenencia_propietario":0,"rud_tenencia_arrendatario":0,"rud_tenencia_ocupante":0,"rud_tenencia_poseedor":0,"rud_tenencia_no_informa":0,"rud_match_methods":"","rud_match_confidences":"","has_rud_match":false}},{"type":"Feature","geometry":{"type":"Point","coordinates":[-76.5369396,3.436322]},"properties":{"place_id":"725d1d57-86d3-4baf-a3ec-b29a8ef56552","place_report_count":0,"worst_collapse_type":null,"place_has_arcgis_id":false,"evaluation_count":1,"evaluation_ids_count":1,"barrio":"Alameda","nivel_dano_max":"bajo","severidad_max":"bajo","habitabilidad_codigos":"i1","recomendaciones":"apuntalar, evacuar_total","evaluaciones_adicionales":"estructural","usos":"comercial, residencial","sistema_estructural":"muros_carga","material":"adobe","epoca_construccion":"antes_1984","estado_conservacion":"regular","calidad_diseno":"regular","ocupantes_max":5,"heridos_max":null,"muertos_max":null,"gps_accuracy_median":8.66,"rud_records":0,"rud_households":0,"rud_addresses":0,"rud_women":0,"rud_minors":0,"rud_older65":0,"rud_afro":0,"rud_indigenous":0,"rud_estado_averiado":0,"rud_estado_no_habitable":0,"rud_estado_habitable":0,"rud_estado_destruido":0,"rud_estado_no_informa":0,"rud_tenencia_propietario":0,"rud_tenencia_arrendatario":0,"rud_tenencia_ocupante":0,"rud_tenencia_poseedor":0,"rud_tenencia_no_informa":0,"rud_match_methods":"","rud_match_confidences":"","has_rud_match":false}},{"type":"Feature","geometry":{"type":"Point","coordinates":[-76.489831,3.4373485]},"properties":{"place_id":"02b757aa-0631-4bff-99d3-bbf216d99b63","place_report_count":0,"worst_collapse_type":null,"place_has_arcgis_id":true,"evaluation_count":1,"evaluation_ids_count":1,"barrio":"Villa del lago","nivel_dano_max":"bajo","severidad_max":"bajo","habitabilidad_codigos":"h","recomendaciones":"seguimiento","evaluaciones_adicionales":"","usos":"educativo","sistema_estructural":"porticos","material":"conc_no_arr","epoca_construccion":"","estado_conservacion":"bueno","calidad_diseno":"bueno","ocupantes_max":null,"heridos_max":null,"muertos_max":null,"gps_accuracy_median":8.72,"rud_records":0,"rud_households":0,"rud_addresses":0,"rud_women":0,"rud_minors":0,"rud_older65":0,"rud_afro":0,"rud_indigenous":0,"rud_estado_averiado":0,"rud_estado_no_habitable":0,"rud_estado_habitable":0,"rud_estado_destruido":0,"rud_estado_no_informa":0,"rud_tenencia_propietario":0,"rud_tenencia_arrendatario":0,"rud_tenencia_ocupante":0,"rud_tenencia_poseedor":0,"rud_tenencia_no_informa":0,"rud_match_methods":"","rud_match_confidences":"","has_rud_match":false}},{"type":"Feature","geometry":{"type":"Point","coordinates":[-76.5374414,3.4381036]},"properties":{"place_id":"84ce359e-bbb9-47b6-b790-5909f6856e60","place_report_count":0,"worst_collapse_type":null,"place_has_arcgis_id":true,"evaluation_count":1,"evaluation_ids_count":1,"barrio":"Alameda","nivel_dano_max":"medio","severidad_max":"medio","habitabilidad_codigos":"i2","recomendaciones":"aislamiento, apuntalar, evacuar_total, evacuar_vecinas, restringir_peatones","evaluaciones_adicionales":"estructural","usos":"residencial","sistema_estructural":"muros_carga","material":"mamp_simple","epoca_construccion":"antes_1984","estado_conservacion":"regular","calidad_diseno":"regular","ocupantes_max":5,"heridos_max":0,"muertos_max":0,"gps_accuracy_median":3.79,"rud_records":1,"rud_households":1,"rud_addresses":1,"rud_women":0,"rud_minors":0,"rud_older65":0,"rud_afro":0,"rud_indigenous":0,"rud_estado_averiado":0,"rud_estado_no_habitable":1,"rud_estado_habitable":0,"rud_estado_destruido":0,"rud_estado_no_informa":0,"rud_tenencia_propietario":1,"rud_tenencia_arrendatario":0,"rud_tenencia_ocupante":0,"rud_tenencia_poseedor":0,"rud_tenencia_no_informa":0,"rud_match_methods":"direccion_normalizada","rud_match_confidences":"alta","has_rud_match":true}},{"type":"Feature","geometry":{"type":"Point","coordinates":[-76.5373294,3.4382741]},"properties":{"place_id":"1667a619-e71d-45b6-8c85-67ff5b3b60b6","place_report_count":0,"worst_collapse_type":null,"place_has_arcgis_id":true,"evaluation_count":1,"evaluation_ids_count":1,"barrio":"Alameda","nivel_dano_max":"alto","severidad_max":"alto","habitabilidad_codigos":"i2","recomendaciones":"aislamiento, apuntalar, desconectar, evacuar_total, monitoreo, restringir_peatones, seguimiento, vigilancia","evaluaciones_adicionales":"estructural","usos":"otro","sistema_estructural":"otro","material":"losa_columna","epoca_construccion":"antes_1984","estado_conservacion":"malo","calidad_diseno":"malo","ocupantes_max":3,"heridos_max":0,"muertos_max":0,"gps_accuracy_median":null,"rud_records":0,"rud_households":0,"rud_addresses":0,"rud_women":0,"rud_minors":0,"rud_older65":0,"rud_afro":0,"rud_indigenous":0,"rud_estado_averiado":0,"rud_estado_no_habitable":0,"rud_estado_habitable":0,"rud_estado_destruido":0,"rud_estado_no_informa":0,"rud_tenencia_propietario":0,"rud_tenencia_arrendatario":0,"rud_tenencia_ocupante":0,"rud_tenencia_poseedor":0,"rud_tenencia_no_informa":0,"rud_match_methods":"","rud_match_confidences":"","has_rud_match":false}},{"type":"Feature","geometry":{"type":"Point","coordinates":[-76.5356798,3.4387765]},"properties":{"place_id":"6a055ed2-bbe4-48ca-a8e6-02e61cbc06ab","place_report_count":0,"worst_collapse_type":null,"place_has_arcgis_id":true,"evaluation_count":1,"evaluation_ids_count":1,"barrio":"Alameda","nivel_dano_max":"bajo","severidad_max":"medio","habitabilidad_codigos":"h","recomendaciones":"apuntalar","evaluaciones_adicionales":"","usos":"residencial","sistema_estructural":"muros_carga","material":"mamp_simple","epoca_construccion":"antes_1984","estado_conservacion":"bueno","calidad_diseno":"bueno","ocupantes_max":5,"heridos_max":0,"muertos_max":0,"gps_accuracy_median":null,"rud_records":0,"rud_households":0,"rud_addresses":0,"rud_women":0,"rud_minors":0,"rud_older65":0,"rud_afro":0,"rud_indigenous":0,"rud_estado_averiado":0,"rud_estado_no_habitable":0,"rud_estado_habitable":0,"rud_estado_destruido":0,"rud_estado_no_informa":0,"rud_tenencia_propietario":0,"rud_tenencia_arrendatario":0,"rud_tenencia_ocupante":0,"rud_tenencia_poseedor":0,"rud_tenencia_no_informa":0,"rud_match_methods":"","rud_match_confidences":"","has_rud_match":false}},{"type":"Feature","geometry":{"type":"Point","coordinates":[-76.5476859,3.439273]},"properties":{"place_id":"038582c1-f02a-4939-b79f-351852b5d1af","place_report_count":0,"worst_collapse_type":"B","place_has_arcgis_id":true,"evaluation_count":1,"evaluation_ids_count":1,"barrio":"Los Cristales","nivel_dano_max":"medio","severidad_max":"medio","habitabilidad_codigos":"r1","recomendaciones":"aislamiento","evaluaciones_adicionales":"otra","usos":"residencial","sistema_estructural":"porticos","material":"conc_arr","epoca_construccion":"1984_1997","estado_conservacion":"","calidad_diseno":"bueno","ocupantes_max":25,"heridos_max":null,"muertos_max":null,"gps_accuracy_median":null,"rud_records":0,"rud_households":0,"rud_addresses":0,"rud_women":0,"rud_minors":0,"rud_older65":0,"rud_afro":0,"rud_indigenous":0,"rud_estado_averiado":0,"rud_estado_no_habitable":0,"rud_estado_habitable":0,"rud_estado_destruido":0,"rud_estado_no_informa":0,"rud_tenencia_propietario":0,"rud_tenencia_arrendatario":0,"rud_tenencia_ocupante":0,"rud_tenencia_poseedor":0,"rud_tenencia_no_informa":0,"rud_match_methods":"","rud_match_confidences":"","has_rud_match":false}},{"type":"Feature","geometry":{"type":"Point","coordinates":[-76.527109,3.4395543]},"properties":{"place_id":"ee1de816-c429-4cb0-ab1b-3835d384bd3f","place_report_count":0,"worst_collapse_type":null,"place_has_arcgis_id":true,"evaluation_count":1,"evaluation_ids_count":1,"barrio":"Guayaquil","nivel_dano_max":"bajo","severidad_max":"bajo","habitabilidad_codigos":"h","recomendaciones":"","evaluaciones_adicionales":"","usos":"residencial","sistema_estructural":"dual","material":"conc_mamposteria","epoca_construccion":"1998_2010","estado_conservacion":"regular","calidad_diseno":"regular","ocupantes_max":4,"heridos_max":0,"muertos_max":0,"gps_accuracy_median":1.53,"rud_records":0,"rud_households":0,"rud_addresses":0,"rud_women":0,"rud_minors":0,"rud_older65":0,"rud_afro":0,"rud_indigenous":0,"rud_estado_averiado":0,"rud_estado_no_habitable":0,"rud_estado_habitable":0,"rud_estado_destruido":0,"rud_estado_no_informa":0,"rud_tenencia_propietario":0,"rud_tenencia_arrendatario":0,"rud_tenencia_ocupante":0,"rud_tenencia_poseedor":0,"rud_tenencia_no_informa":0,"rud_match_methods":"","rud_match_confidences":"","has_rud_match":false}},{"type":"Feature","geometry":{"type":"Point","coordinates":[-76.5270369,3.4397266]},"properties":{"place_id":"c1fd711f-a120-4043-8821-475b2ebb9149","place_report_count":0,"worst_collapse_type":null,"place_has_arcgis_id":true,"evaluation_count":1,"evaluation_ids_count":1,"barrio":"Guayaquil","nivel_dano_max":"alto","severidad_max":"alto","habitabilidad_codigos":"i2","recomendaciones":"evacuar_total","evaluaciones_adicionales":"estructural, geotecnica","usos":"residencial","sistema_estructural":"no_claro","material":"mat_no_claro","epoca_construccion":"antes_1984","estado_conservacion":"malo","calidad_diseno":"malo","ocupantes_max":1,"heridos_max":0,"muertos_max":0,"gps_accuracy_median":0.51,"rud_records":1,"rud_households":1,"rud_addresses":1,"rud_women":1,"rud_minors":0,"rud_older65":1,"rud_afro":0,"rud_indigenous":0,"rud_estado_averiado":0,"rud_estado_no_habitable":0,"rud_estado_habitable":0,"rud_estado_destruido":1,"rud_estado_no_informa":0,"rud_tenencia_propietario":1,"rud_tenencia_arrendatario":0,"rud_tenencia_ocupante":0,"rud_tenencia_poseedor":0,"rud_tenencia_no_informa":0,"rud_match_methods":"direccion_normalizada","rud_match_confidences":"alta","has_rud_match":true}},{"type":"Feature","geometry":{"type":"Point","coordinates":[-76.4947708,3.4402579]},"properties":{"place_id":"2b5d58b2-822c-4d75-b3b4-983c61b16a9b","place_report_count":0,"worst_collapse_type":null,"place_has_arcgis_id":false,"evaluation_count":1,"evaluation_ids_count":1,"barrio":"Nueva floresta","nivel_dano_max":"medio","severidad_max":"medio","habitabilidad_codigos":"r1","recomendaciones":"","evaluaciones_adicionales":"","usos":"educativo","sistema_estructural":"muros_carga","material":"mamp_simple","epoca_construccion":"antes_1984","estado_conservacion":"regular","calidad_diseno":"bueno","ocupantes_max":750,"heridos_max":0,"muertos_max":0,"gps_accuracy_median":3.79,"rud_records":0,"rud_households":0,"rud_addresses":0,"rud_women":0,"rud_minors":0,"rud_older65":0,"rud_afro":0,"rud_indigenous":0,"rud_estado_averiado":0,"rud_estado_no_habitable":0,"rud_estado_habitable":0,"rud_estado_destruido":0,"rud_estado_no_informa":0,"rud_tenencia_propietario":0,"rud_tenencia_arrendatario":0,"rud_tenencia_ocupante":0,"rud_tenencia_poseedor":0,"rud_tenencia_no_informa":0,"rud_match_methods":"","rud_match_confidences":"","has_rud_match":false}},{"type":"Feature","geometry":{"type":"Point","coordinates":[-76.52762,3.4404079]},"properties":{"place_id":"f622cc6d-79e7-45cf-ae0f-d977cbf845c1","place_report_count":0,"worst_collapse_type":null,"place_has_arcgis_id":true,"evaluation_count":1,"evaluation_ids_count":1,"barrio":"Guayaquil","nivel_dano_max":"medio","severidad_max":"medio_alto","habitabilidad_codigos":"r1","recomendaciones":"monitoreo, seguimiento","evaluaciones_adicionales":"estructural","usos":"residencial","sistema_estructural":"dual","material":"conc_mamposteria","epoca_construccion":"antes_1984","estado_conservacion":"regular","calidad_diseno":"regular","ocupantes_max":4,"heridos_max":0,"muertos_max":0,"gps_accuracy_median":5.1,"rud_records":4,"rud_households":1,"rud_addresses":1,"rud_women":2,"rud_minors":0,"rud_older65":2,"rud_afro":0,"rud_indigenous":0,"rud_estado_averiado":0,"rud_estado_no_habitable":0,"rud_estado_habitable":4,"rud_estado_destruido":0,"rud_estado_no_informa":0,"rud_tenencia_propietario":4,"rud_tenencia_arrendatario":0,"rud_tenencia_ocupante":0,"rud_tenencia_poseedor":0,"rud_tenencia_no_informa":0,"rud_match_methods":"direccion_normalizada","rud_match_confidences":"alta","has_rud_match":true}},{"type":"Feature","geometry":{"type":"Point","coordinates":[-76.5348554,3.4405435]},"properties":{"place_id":"7385bb82-7f0f-460c-b6ed-d034cb3475f8","place_report_count":0,"worst_collapse_type":null,"place_has_arcgis_id":false,"evaluation_count":1,"evaluation_ids_count":1,"barrio":"Bretaña","nivel_dano_max":"medio","severidad_max":"medio_alto","habitabilidad_codigos":"r1","recomendaciones":"","evaluaciones_adicionales":"","usos":"educativo","sistema_estructural":"porticos","material":"conc_no_arr","epoca_construccion":"antes_1984","estado_conservacion":"bueno","calidad_diseno":"bueno","ocupantes_max":250,"heridos_max":0,"muertos_max":0,"gps_accuracy_median":null,"rud_records":0,"rud_households":0,"rud_addresses":0,"rud_women":0,"rud_minors":0,"rud_older65":0,"rud_afro":0,"rud_indigenous":0,"rud_estado_averiado":0,"rud_estado_no_habitable":0,"rud_estado_habitable":0,"rud_estado_destruido":0,"rud_estado_no_informa":0,"rud_tenencia_propietario":0,"rud_tenencia_arrendatario":0,"rud_tenencia_ocupante":0,"rud_tenencia_poseedor":0,"rud_tenencia_no_informa":0,"rud_match_methods":"","rud_match_confidences":"","has_rud_match":false}},{"type":"Feature","geometry":{"type":"Point","coordinates":[-76.5277793,3.4405455]},"properties":{"place_id":"365d4677-e6d8-42e5-b6ab-9299ab393d38","place_report_count":0,"worst_collapse_type":null,"place_has_arcgis_id":true,"evaluation_count":1,"evaluation_ids_count":1,"barrio":"Guayaquil","nivel_dano_max":"medio","severidad_max":"medio_alto","habitabilidad_codigos":"r1","recomendaciones":"monitoreo, seguimiento","evaluaciones_adicionales":"estructural","usos":"comercial, residencial","sistema_estructural":"dual","material":"conc_mamposteria","epoca_construccion":"antes_1984","estado_conservacion":"malo","calidad_diseno":"regular","ocupantes_max":4,"heridos_max":0,"muertos_max":0,"gps_accuracy_median":5.61,"rud_records":1,"rud_households":1,"rud_addresses":1,"rud_women":1,"rud_minors":0,"rud_older65":0,"rud_afro":0,"rud_indigenous":0,"rud_estado_averiado":0,"rud_estado_no_habitable":0,"rud_estado_habitable":1,"rud_estado_destruido":0,"rud_estado_no_informa":0,"rud_tenencia_propietario":1,"rud_tenencia_arrendatario":0,"rud_tenencia_ocupante":0,"rud_tenencia_poseedor":0,"rud_tenencia_no_informa":0,"rud_match_methods":"direccion_normalizada","rud_match_confidences":"alta","has_rud_match":true}},{"type":"Feature","geometry":{"type":"Point","coordinates":[-76.5350518,3.4408495]},"properties":{"place_id":"0f41c308-8283-42fd-b11d-ca2adc24b9cd","place_report_count":0,"worst_collapse_type":null,"place_has_arcgis_id":false,"evaluation_count":1,"evaluation_ids_count":1,"barrio":"Bretaña","nivel_dano_max":"sin_dano","severidad_max":"sin_dano","habitabilidad_codigos":"i1","recomendaciones":"evacuar_total, restringir_peatones","evaluaciones_adicionales":"estructural","usos":"educativo","sistema_estructural":"porticos","material":"acero_no_arr","epoca_construccion":"despues_2010","estado_conservacion":"bueno","calidad_diseno":"bueno","ocupantes_max":70,"heridos_max":0,"muertos_max":0,"gps_accuracy_median":null,"rud_records":0,"rud_households":0,"rud_addresses":0,"rud_women":0,"rud_minors":0,"rud_older65":0,"rud_afro":0,"rud_indigenous":0,"rud_estado_averiado":0,"rud_estado_no_habitable":0,"rud_estado_habitable":0,"rud_estado_destruido":0,"rud_estado_no_informa":0,"rud_tenencia_propietario":0,"rud_tenencia_arrendatario":0,"rud_tenencia_ocupante":0,"rud_tenencia_poseedor":0,"rud_tenencia_no_informa":0,"rud_match_methods":"","rud_match_confidences":"","has_rud_match":false}},{"type":"Feature","geometry":{"type":"Point","coordinates":[-76.5265563,3.4414246]},"properties":{"place_id":"8912eedd-196c-4528-b93a-3b7edb35ce82","place_report_count":0,"worst_collapse_type":null,"place_has_arcgis_id":true,"evaluation_count":1,"evaluation_ids_count":1,"barrio":"Guayaquil","nivel_dano_max":"alto","severidad_max":"alto","habitabilidad_codigos":"i2","recomendaciones":"demoler, evacuar_total, intervencion, restringir_peatones","evaluaciones_adicionales":"estructural, geotecnica","usos":"comercial, residencial","sistema_estructural":"otro","material":"","epoca_construccion":"","estado_conservacion":"malo","calidad_diseno":"malo","ocupantes_max":1,"heridos_max":0,"muertos_max":0,"gps_accuracy_median":2.04,"rud_records":0,"rud_households":0,"rud_addresses":0,"rud_women":0,"rud_minors":0,"rud_older65":0,"rud_afro":0,"rud_indigenous":0,"rud_estado_averiado":0,"rud_estado_no_habitable":0,"rud_estado_habitable":0,"rud_estado_destruido":0,"rud_estado_no_informa":0,"rud_tenencia_propietario":0,"rud_tenencia_arrendatario":0,"rud_tenencia_ocupante":0,"rud_tenencia_poseedor":0,"rud_tenencia_no_informa":0,"rud_match_methods":"","rud_match_confidences":"","has_rud_match":false}},{"type":"Feature","geometry":{"type":"Point","coordinates":[-76.5265135,3.4419483]},"properties":{"place_id":"366c6b11-d21d-4dd5-a790-632793dcdeed","place_report_count":1,"worst_collapse_type":"B","place_has_arcgis_id":false,"evaluation_count":0,"evaluation_ids_count":0,"barrio":"","nivel_dano_max":null,"severidad_max":null,"habitabilidad_codigos":"","recomendaciones":"","evaluaciones_adicionales":"","usos":"","sistema_estructural":"","material":"","epoca_construccion":"","estado_conservacion":"","calidad_diseno":"","ocupantes_max":null,"heridos_max":null,"muertos_max":null,"gps_accuracy_median":null,"rud_records":0,"rud_households":0,"rud_addresses":0,"rud_women":0,"rud_minors":0,"rud_older65":0,"rud_afro":0,"rud_indigenous":0,"rud_estado_averiado":0,"rud_estado_no_habitable":0,"rud_estado_habitable":0,"rud_estado_destruido":0,"rud_estado_no_informa":0,"rud_tenencia_propietario":0,"rud_tenencia_arrendatario":0,"rud_tenencia_ocupante":0,"rud_tenencia_poseedor":0,"rud_tenencia_no_informa":0,"rud_match_methods":"","rud_match_confidences":"","has_rud_match":false}},{"type":"Feature","geometry":{"type":"Point","coordinates":[-76.5265123,3.4419986]},"properties":{"place_id":"e1793caf-c317-44f8-ab3f-385d233bc0ff","place_report_count":0,"worst_collapse_type":null,"place_has_arcgis_id":true,"evaluation_count":1,"evaluation_ids_count":1,"barrio":"Guayaquil","nivel_dano_max":"alto","severidad_max":"alto","habitabilidad_codigos":"i2","recomendaciones":"demoler, evacuar_total, monitoreo, restringir_peatones","evaluaciones_adicionales":"estructural, geotecnica","usos":"comercial, residencial","sistema_estructural":"porticos","material":"conc_no_arr","epoca_construccion":"1984_1997","estado_conservacion":"malo","calidad_diseno":"regular","ocupantes_max":12,"heridos_max":2,"muertos_max":0,"gps_accuracy_median":5.61,"rud_records":1,"rud_households":1,"rud_addresses":1,"rud_women":1,"rud_minors":0,"rud_older65":0,"rud_afro":0,"rud_indigenous":0,"rud_estado_averiado":0,"rud_estado_no_habitable":1,"rud_estado_habitable":0,"rud_estado_destruido":0,"rud_estado_no_informa":0,"rud_tenencia_propietario":1,"rud_tenencia_arrendatario":0,"rud_tenencia_ocupante":0,"rud_tenencia_poseedor":0,"rud_tenencia_no_informa":0,"rud_match_methods":"nomenclatura_sector","rud_match_confidences":"media","has_rud_match":true}},{"type":"Feature","geometry":{"type":"Point","coordinates":[-76.5295186,3.442188]},"properties":{"place_id":"b8de0aa7-42db-44fc-8b96-bd8deb272d13","place_report_count":0,"worst_collapse_type":"B","place_has_arcgis_id":false,"evaluation_count":1,"evaluation_ids_count":1,"barrio":"Guayaquil","nivel_dano_max":"alto","severidad_max":"alto","habitabilidad_codigos":"i2","recomendaciones":"apuntalar, evacuar_parcial, evacuar_total, restringir_vehiculos","evaluaciones_adicionales":"estructural","usos":"comercial, residencial","sistema_estructural":"muros_carga","material":"mamp_simple","epoca_construccion":"antes_1984","estado_conservacion":"malo","calidad_diseno":"malo","ocupantes_max":3,"heridos_max":null,"muertos_max":null,"gps_accuracy_median":9.76,"rud_records":0,"rud_households":0,"rud_addresses":0,"rud_women":0,"rud_minors":0,"rud_older65":0,"rud_afro":0,"rud_indigenous":0,"rud_estado_averiado":0,"rud_estado_no_habitable":0,"rud_estado_habitable":0,"rud_estado_destruido":0,"rud_estado_no_informa":0,"rud_tenencia_propietario":0,"rud_tenencia_arrendatario":0,"rud_tenencia_ocupante":0,"rud_tenencia_poseedor":0,"rud_tenencia_no_informa":0,"rud_match_methods":"","rud_match_confidences":"","has_rud_match":false}},{"type":"Feature","geometry":{"type":"Point","coordinates":[-76.52958,3.4422139]},"properties":{"place_id":"360821b0-310c-41b3-9905-c40cb659a203","place_report_count":0,"worst_collapse_type":null,"place_has_arcgis_id":false,"evaluation_count":1,"evaluation_ids_count":1,"barrio":"Guayaquil","nivel_dano_max":"alto","severidad_max":"alto","habitabilidad_codigos":"i2","recomendaciones":"apuntalar, desconectar, evacuar_total, evacuar_vecinas, intervencion, monitoreo, restringir_peatones, restringir_vehiculos, seguimiento, vigilancia","evaluaciones_adicionales":"estructural","usos":"comercial, residencial","sistema_estructural":"muros_carga","material":"mamp_simple","epoca_construccion":"antes_1984","estado_conservacion":"malo","calidad_diseno":"malo","ocupantes_max":2,"heridos_max":null,"muertos_max":null,"gps_accuracy_median":8.41,"rud_records":0,"rud_households":0,"rud_addresses":0,"rud_women":0,"rud_minors":0,"rud_older65":0,"rud_afro":0,"rud_indigenous":0,"rud_estado_averiado":0,"rud_estado_no_habitable":0,"rud_estado_habitable":0,"rud_estado_destruido":0,"rud_estado_no_informa":0,"rud_tenencia_propietario":0,"rud_tenencia_arrendatario":0,"rud_tenencia_ocupante":0,"rud_tenencia_poseedor":0,"rud_tenencia_no_informa":0,"rud_match_methods":"","rud_match_confidences":"","has_rud_match":false}},{"type":"Feature","geometry":{"type":"Point","coordinates":[-76.5292956,3.4430904]},"properties":{"place_id":"0cd1dbf7-8279-4a3c-9e56-557c3aaf606b","place_report_count":0,"worst_collapse_type":null,"place_has_arcgis_id":false,"evaluation_count":1,"evaluation_ids_count":1,"barrio":"San pascual","nivel_dano_max":"medio","severidad_max":"alto","habitabilidad_codigos":"r1","recomendaciones":"apuntalar, evacuar_parcial","evaluaciones_adicionales":"estructural","usos":"comercial, residencial","sistema_estructural":"otro","material":"","epoca_construccion":"","estado_conservacion":"regular","calidad_diseno":"regular","ocupantes_max":6,"heridos_max":null,"muertos_max":null,"gps_accuracy_median":8.86,"rud_records":0,"rud_households":0,"rud_addresses":0,"rud_women":0,"rud_minors":0,"rud_older65":0,"rud_afro":0,"rud_indigenous":0,"rud_estado_averiado":0,"rud_estado_no_habitable":0,"rud_estado_habitable":0,"rud_estado_destruido":0,"rud_estado_no_informa":0,"rud_tenencia_propietario":0,"rud_tenencia_arrendatario":0,"rud_tenencia_ocupante":0,"rud_tenencia_poseedor":0,"rud_tenencia_no_informa":0,"rud_match_methods":"","rud_match_confidences":"","has_rud_match":false}},{"type":"Feature","geometry":{"type":"Point","coordinates":[-76.5335267,3.443295]},"properties":{"place_id":"282f7663-7a64-462e-9577-9ab264edc39f","place_report_count":0,"worst_collapse_type":"B","place_has_arcgis_id":false,"evaluation_count":1,"evaluation_ids_count":1,"barrio":"San Bosco","nivel_dano_max":"alto","severidad_max":"alto","habitabilidad_codigos":"i2","recomendaciones":"apuntalar, demoler, desconectar, evacuar_total, restringir_peatones, restringir_vehiculos, seguimiento","evaluaciones_adicionales":"","usos":"residencial","sistema_estructural":"muros_carga","material":"mamp_simple","epoca_construccion":"antes_1984","estado_conservacion":"malo","calidad_diseno":"malo","ocupantes_max":4,"heridos_max":0,"muertos_max":0,"gps_accuracy_median":2.2,"rud_records":0,"rud_households":0,"rud_addresses":0,"rud_women":0,"rud_minors":0,"rud_older65":0,"rud_afro":0,"rud_indigenous":0,"rud_estado_averiado":0,"rud_estado_no_habitable":0,"rud_estado_habitable":0,"rud_estado_destruido":0,"rud_estado_no_informa":0,"rud_tenencia_propietario":0,"rud_tenencia_arrendatario":0,"rud_tenencia_ocupante":0,"rud_tenencia_poseedor":0,"rud_tenencia_no_informa":0,"rud_match_methods":"","rud_match_confidences":"","has_rud_match":false}},{"type":"Feature","geometry":{"type":"Point","coordinates":[-76.5268794,3.4433782]},"properties":{"place_id":"d6a73758-fa76-4e94-a1e8-ba791bed3901","place_report_count":0,"worst_collapse_type":null,"place_has_arcgis_id":false,"evaluation_count":1,"evaluation_ids_count":1,"barrio":"Sin pscual","nivel_dano_max":"bajo","severidad_max":"medio_alto","habitabilidad_codigos":"h","recomendaciones":"","evaluaciones_adicionales":"","usos":"comercial, residencial","sistema_estructural":"dual","material":"concreto_dual","epoca_construccion":"1984_1997","estado_conservacion":"regular","calidad_diseno":"regular","ocupantes_max":12,"heridos_max":null,"muertos_max":null,"gps_accuracy_median":6.08,"rud_records":10,"rud_households":4,"rud_addresses":1,"rud_women":6,"rud_minors":2,"rud_older65":0,"rud_afro":1,"rud_indigenous":0,"rud_estado_averiado":0,"rud_estado_no_habitable":0,"rud_estado_habitable":10,"rud_estado_destruido":0,"rud_estado_no_informa":0,"rud_tenencia_propietario":6,"rud_tenencia_arrendatario":4,"rud_tenencia_ocupante":0,"rud_tenencia_poseedor":0,"rud_tenencia_no_informa":0,"rud_match_methods":"direccion_normalizada","rud_match_confidences":"alta","has_rud_match":true}},{"type":"Feature","geometry":{"type":"Point","coordinates":[-76.53329699999999,3.443465]},"properties":{"place_id":"ab68ccdd-8c88-4a63-ab52-a14f1a95d55a","place_report_count":1,"worst_collapse_type":"B","place_has_arcgis_id":false,"evaluation_count":0,"evaluation_ids_count":0,"barrio":"","nivel_dano_max":null,"severidad_max":null,"habitabilidad_codigos":"","recomendaciones":"","evaluaciones_adicionales":"","usos":"","sistema_estructural":"","material":"","epoca_construccion":"","estado_conservacion":"","calidad_diseno":"","ocupantes_max":null,"heridos_max":null,"muertos_max":null,"gps_accuracy_median":null,"rud_records":0,"rud_households":0,"rud_addresses":0,"rud_women":0,"rud_minors":0,"rud_older65":0,"rud_afro":0,"rud_indigenous":0,"rud_estado_averiado":0,"rud_estado_no_habitable":0,"rud_estado_habitable":0,"rud_estado_destruido":0,"rud_estado_no_informa":0,"rud_tenencia_propietario":0,"rud_tenencia_arrendatario":0,"rud_tenencia_ocupante":0,"rud_tenencia_poseedor":0,"rud_tenencia_no_informa":0,"rud_match_methods":"","rud_match_confidences":"","has_rud_match":false}},{"type":"Feature","geometry":{"type":"Point","coordinates":[-76.5278558,3.4436646]},"properties":{"place_id":"2655f7d1-9be3-4c43-bcc9-9e0c3369bc29","place_report_count":0,"worst_collapse_type":null,"place_has_arcgis_id":false,"evaluation_count":1,"evaluation_ids_count":1,"barrio":"San pascual","nivel_dano_max":"alto","severidad_max":"alto","habitabilidad_codigos":"i2","recomendaciones":"aislamiento, apuntalar, demoler, evacuar_total, intervencion, restringir_peatones, restringir_vehiculos","evaluaciones_adicionales":"estructural","usos":"","sistema_estructural":"","material":"","epoca_construccion":"antes_1984","estado_conservacion":"","calidad_diseno":"","ocupantes_max":null,"heridos_max":null,"muertos_max":null,"gps_accuracy_median":5.69,"rud_records":0,"rud_households":0,"rud_addresses":0,"rud_women":0,"rud_minors":0,"rud_older65":0,"rud_afro":0,"rud_indigenous":0,"rud_estado_averiado":0,"rud_estado_no_habitable":0,"rud_estado_habitable":0,"rud_estado_destruido":0,"rud_estado_no_informa":0,"rud_tenencia_propietario":0,"rud_tenencia_arrendatario":0,"rud_tenencia_ocupante":0,"rud_tenencia_poseedor":0,"rud_tenencia_no_informa":0,"rud_match_methods":"","rud_match_confidences":"","has_rud_match":false}},{"type":"Feature","geometry":{"type":"Point","coordinates":[-76.5439492,3.4441059]},"properties":{"place_id":"4ae1552d-cb1e-4fab-ac0f-12a0dc4d2cfb","place_report_count":0,"worst_collapse_type":null,"place_has_arcgis_id":false,"evaluation_count":1,"evaluation_ids_count":1,"barrio":"San Cayetano","nivel_dano_max":"bajo","severidad_max":"bajo","habitabilidad_codigos":"h","recomendaciones":"","evaluaciones_adicionales":"estructural","usos":"educativo","sistema_estructural":"dual","material":"concreto_dual","epoca_construccion":"antes_1984","estado_conservacion":"","calidad_diseno":"","ocupantes_max":null,"heridos_max":null,"muertos_max":null,"gps_accuracy_median":8.92,"rud_records":0,"rud_households":0,"rud_addresses":0,"rud_women":0,"rud_minors":0,"rud_older65":0,"rud_afro":0,"rud_indigenous":0,"rud_estado_averiado":0,"rud_estado_no_habitable":0,"rud_estado_habitable":0,"rud_estado_destruido":0,"rud_estado_no_informa":0,"rud_tenencia_propietario":0,"rud_tenencia_arrendatario":0,"rud_tenencia_ocupante":0,"rud_tenencia_poseedor":0,"rud_tenencia_no_informa":0,"rud_match_methods":"","rud_match_confidences":"","has_rud_match":false}},{"type":"Feature","geometry":{"type":"Point","coordinates":[-76.4835103,3.4442579]},"properties":{"place_id":"8cdf944d-87bc-4fd8-9757-1c7c489a252b","place_report_count":0,"worst_collapse_type":null,"place_has_arcgis_id":true,"evaluation_count":1,"evaluation_ids_count":1,"barrio":"Andres sannin","nivel_dano_max":"bajo","severidad_max":"bajo","habitabilidad_codigos":"h","recomendaciones":"apuntalar, monitoreo, seguimiento","evaluaciones_adicionales":"otra","usos":"institucional, serv_publicos","sistema_estructural":"dual","material":"conc_acero","epoca_construccion":"1998_2010","estado_conservacion":"bueno","calidad_diseno":"bueno","ocupantes_max":15000,"heridos_max":null,"muertos_max":null,"gps_accuracy_median":5.64,"rud_records":0,"rud_households":0,"rud_addresses":0,"rud_women":0,"rud_minors":0,"rud_older65":0,"rud_afro":0,"rud_indigenous":0,"rud_estado_averiado":0,"rud_estado_no_habitable":0,"rud_estado_habitable":0,"rud_estado_destruido":0,"rud_estado_no_informa":0,"rud_tenencia_propietario":0,"rud_tenencia_arrendatario":0,"rud_tenencia_ocupante":0,"rud_tenencia_poseedor":0,"rud_tenencia_no_informa":0,"rud_match_methods":"","rud_match_confidences":"","has_rud_match":false}},{"type":"Feature","geometry":{"type":"Point","coordinates":[-76.5274025,3.4442785]},"properties":{"place_id":"01c7b9eb-6ff3-46ad-b434-ffbfa8658e03","place_report_count":0,"worst_collapse_type":null,"place_has_arcgis_id":false,"evaluation_count":1,"evaluation_ids_count":1,"barrio":"San pascual","nivel_dano_max":"sin_dano","severidad_max":"sin_dano","habitabilidad_codigos":"h","recomendaciones":"seguimiento","evaluaciones_adicionales":"otra","usos":"institucional","sistema_estructural":"porticos","material":"conc_no_arr","epoca_construccion":"antes_1984","estado_conservacion":"bueno","calidad_diseno":"bueno","ocupantes_max":300,"heridos_max":null,"muertos_max":null,"gps_accuracy_median":5.29,"rud_records":0,"rud_households":0,"rud_addresses":0,"rud_women":0,"rud_minors":0,"rud_older65":0,"rud_afro":0,"rud_indigenous":0,"rud_estado_averiado":0,"rud_estado_no_habitable":0,"rud_estado_habitable":0,"rud_estado_destruido":0,"rud_estado_no_informa":0,"rud_tenencia_propietario":0,"rud_tenencia_arrendatario":0,"rud_tenencia_ocupante":0,"rud_tenencia_poseedor":0,"rud_tenencia_no_informa":0,"rud_match_methods":"","rud_match_confidences":"","has_rud_match":false}},{"type":"Feature","geometry":{"type":"Point","coordinates":[-76.532845,3.4442833]},"properties":{"place_id":"083b7a01-fe39-40b3-aea5-8a437cffd90b","place_report_count":0,"worst_collapse_type":"B","place_has_arcgis_id":false,"evaluation_count":1,"evaluation_ids_count":1,"barrio":"San bosco","nivel_dano_max":"alto","severidad_max":"alto","habitabilidad_codigos":"i2","recomendaciones":"apuntalar, demoler, evacuar_total, monitoreo, restringir_peatones, seguimiento","evaluaciones_adicionales":"estructural","usos":"comercial, oficina, residencial","sistema_estructural":"dual","material":"conc_mamposteria","epoca_construccion":"1984_1997","estado_conservacion":"regular","calidad_diseno":"regular","ocupantes_max":58,"heridos_max":0,"muertos_max":0,"gps_accuracy_median":4.8,"rud_records":0,"rud_households":0,"rud_addresses":0,"rud_women":0,"rud_minors":0,"rud_older65":0,"rud_afro":0,"rud_indigenous":0,"rud_estado_averiado":0,"rud_estado_no_habitable":0,"rud_estado_habitable":0,"rud_estado_destruido":0,"rud_estado_no_informa":0,"rud_tenencia_propietario":0,"rud_tenencia_arrendatario":0,"rud_tenencia_ocupante":0,"rud_tenencia_poseedor":0,"rud_tenencia_no_informa":0,"rud_match_methods":"","rud_match_confidences":"","has_rud_match":false}},{"type":"Feature","geometry":{"type":"Point","coordinates":[-76.5366433,3.4443017]},"properties":{"place_id":"abdcfc61-c695-4a83-94fd-d806a82fd3a4","place_report_count":0,"worst_collapse_type":"B","place_has_arcgis_id":true,"evaluation_count":1,"evaluation_ids_count":1,"barrio":"San Cayetano","nivel_dano_max":"alto","severidad_max":"alto","habitabilidad_codigos":"i2","recomendaciones":"evacuar_vecinas, vigilancia","evaluaciones_adicionales":"","usos":"comercial, residencial","sistema_estructural":"dual","material":"conc_mamposteria","epoca_construccion":"despues_2010","estado_conservacion":"regular","calidad_diseno":"bueno","ocupantes_max":0,"heridos_max":0,"muertos_max":0,"gps_accuracy_median":7.4,"rud_records":0,"rud_households":0,"rud_addresses":0,"rud_women":0,"rud_minors":0,"rud_older65":0,"rud_afro":0,"rud_indigenous":0,"rud_estado_averiado":0,"rud_estado_no_habitable":0,"rud_estado_habitable":0,"rud_estado_destruido":0,"rud_estado_no_informa":0,"rud_tenencia_propietario":0,"rud_tenencia_arrendatario":0,"rud_tenencia_ocupante":0,"rud_tenencia_poseedor":0,"rud_tenencia_no_informa":0,"rud_match_methods":"","rud_match_confidences":"","has_rud_match":false}},{"type":"Feature","geometry":{"type":"Point","coordinates":[-76.5319683,3.4443717]},"properties":{"place_id":"2d5e718b-0c54-45ef-9f56-693ce62b6217","place_report_count":0,"worst_collapse_type":"B","place_has_arcgis_id":false,"evaluation_count":1,"evaluation_ids_count":1,"barrio":"San bosco","nivel_dano_max":"alto","severidad_max":"alto","habitabilidad_codigos":"i2","recomendaciones":"evacuar_parcial, seguimiento","evaluaciones_adicionales":"","usos":"residencial","sistema_estructural":"otro","material":"","epoca_construccion":"antes_1984","estado_conservacion":"regular","calidad_diseno":"regular","ocupantes_max":13,"heridos_max":0,"muertos_max":0,"gps_accuracy_median":2.5,"rud_records":0,"rud_households":0,"rud_addresses":0,"rud_women":0,"rud_minors":0,"rud_older65":0,"rud_afro":0,"rud_indigenous":0,"rud_estado_averiado":0,"rud_estado_no_habitable":0,"rud_estado_habitable":0,"rud_estado_destruido":0,"rud_estado_no_informa":0,"rud_tenencia_propietario":0,"rud_tenencia_arrendatario":0,"rud_tenencia_ocupante":0,"rud_tenencia_poseedor":0,"rud_tenencia_no_informa":0,"rud_match_methods":"","rud_match_confidences":"","has_rud_match":false}},{"type":"Feature","geometry":{"type":"Point","coordinates":[-76.5160949,3.444734]},"properties":{"place_id":"c49098ae-e316-441b-83d0-391b76877d77","place_report_count":0,"worst_collapse_type":null,"place_has_arcgis_id":false,"evaluation_count":1,"evaluation_ids_count":1,"barrio":"Saavedra Galindo","nivel_dano_max":"medio","severidad_max":"medio","habitabilidad_codigos":"r1","recomendaciones":"aislamiento","evaluaciones_adicionales":"estructural","usos":"residencial","sistema_estructural":"dual","material":"conc_mamposteria","epoca_construccion":"antes_1984","estado_conservacion":"regular","calidad_diseno":"bueno","ocupantes_max":10,"heridos_max":null,"muertos_max":null,"gps_accuracy_median":null,"rud_records":0,"rud_households":0,"rud_addresses":0,"rud_women":0,"rud_minors":0,"rud_older65":0,"rud_afro":0,"rud_indigenous":0,"rud_estado_averiado":0,"rud_estado_no_habitable":0,"rud_estado_habitable":0,"rud_estado_destruido":0,"rud_estado_no_informa":0,"rud_tenencia_propietario":0,"rud_tenencia_arrendatario":0,"rud_tenencia_ocupante":0,"rud_tenencia_poseedor":0,"rud_tenencia_no_informa":0,"rud_match_methods":"","rud_match_confidences":"","has_rud_match":false}},{"type":"Feature","geometry":{"type":"Point","coordinates":[-76.5719641,3.4447756]},"properties":{"place_id":"e6f25934-9f4b-42f7-9563-cd4417ccef31","place_report_count":0,"worst_collapse_type":null,"place_has_arcgis_id":true,"evaluation_count":1,"evaluation_ids_count":1,"barrio":"Vereda Pilas del cabuyal","nivel_dano_max":"bajo","severidad_max":"bajo","habitabilidad_codigos":"h","recomendaciones":"","evaluaciones_adicionales":"","usos":"residencial","sistema_estructural":"otro","material":"losa_columna","epoca_construccion":"antes_1984","estado_conservacion":"bueno","calidad_diseno":"bueno","ocupantes_max":3,"heridos_max":0,"muertos_max":0,"gps_accuracy_median":null,"rud_records":0,"rud_households":0,"rud_addresses":0,"rud_women":0,"rud_minors":0,"rud_older65":0,"rud_afro":0,"rud_indigenous":0,"rud_estado_averiado":0,"rud_estado_no_habitable":0,"rud_estado_habitable":0,"rud_estado_destruido":0,"rud_estado_no_informa":0,"rud_tenencia_propietario":0,"rud_tenencia_arrendatario":0,"rud_tenencia_ocupante":0,"rud_tenencia_poseedor":0,"rud_tenencia_no_informa":0,"rud_match_methods":"","rud_match_confidences":"","has_rud_match":false}},{"type":"Feature","geometry":{"type":"Point","coordinates":[-76.5721602,3.4448458]},"properties":{"place_id":"cf0b7d1c-5f61-4b62-bf7a-836d37351cea","place_report_count":0,"worst_collapse_type":null,"place_has_arcgis_id":true,"evaluation_count":1,"evaluation_ids_count":1,"barrio":"Pilas del cabuyal","nivel_dano_max":"bajo","severidad_max":"bajo","habitabilidad_codigos":"r1","recomendaciones":"","evaluaciones_adicionales":"","usos":"residencial","sistema_estructural":"muros_carga","material":"mamp_simple","epoca_construccion":"1998_2010","estado_conservacion":"regular","calidad_diseno":"malo","ocupantes_max":1,"heridos_max":0,"muertos_max":0,"gps_accuracy_median":9.77,"rud_records":0,"rud_households":0,"rud_addresses":0,"rud_women":0,"rud_minors":0,"rud_older65":0,"rud_afro":0,"rud_indigenous":0,"rud_estado_averiado":0,"rud_estado_no_habitable":0,"rud_estado_habitable":0,"rud_estado_destruido":0,"rud_estado_no_informa":0,"rud_tenencia_propietario":0,"rud_tenencia_arrendatario":0,"rud_tenencia_ocupante":0,"rud_tenencia_poseedor":0,"rud_tenencia_no_informa":0,"rud_match_methods":"","rud_match_confidences":"","has_rud_match":false}},{"type":"Feature","geometry":{"type":"Point","coordinates":[-76.5720436,3.4450341]},"properties":{"place_id":"268c69b2-a71c-4663-aa3e-fefa7493242e","place_report_count":0,"worst_collapse_type":null,"place_has_arcgis_id":true,"evaluation_count":1,"evaluation_ids_count":1,"barrio":"Pilas del cabuyal","nivel_dano_max":"bajo","severidad_max":"bajo","habitabilidad_codigos":"h","recomendaciones":"","evaluaciones_adicionales":"","usos":"residencial","sistema_estructural":"muros_carga","material":"mamp_confinada","epoca_construccion":"","estado_conservacion":"bueno","calidad_diseno":"regular","ocupantes_max":4,"heridos_max":0,"muertos_max":0,"gps_accuracy_median":8.11,"rud_records":0,"rud_households":0,"rud_addresses":0,"rud_women":0,"rud_minors":0,"rud_older65":0,"rud_afro":0,"rud_indigenous":0,"rud_estado_averiado":0,"rud_estado_no_habitable":0,"rud_estado_habitable":0,"rud_estado_destruido":0,"rud_estado_no_informa":0,"rud_tenencia_propietario":0,"rud_tenencia_arrendatario":0,"rud_tenencia_ocupante":0,"rud_tenencia_poseedor":0,"rud_tenencia_no_informa":0,"rud_match_methods":"","rud_match_confidences":"","has_rud_match":false}},{"type":"Feature","geometry":{"type":"Point","coordinates":[-76.5519303,3.4458729]},"properties":{"place_id":"f937e4c4-ed51-4342-b1e8-df2008ceecde","place_report_count":0,"worst_collapse_type":null,"place_has_arcgis_id":true,"evaluation_count":1,"evaluation_ids_count":1,"barrio":"Bellavista","nivel_dano_max":"sin_dano","severidad_max":"sin_dano","habitabilidad_codigos":"h","recomendaciones":"","evaluaciones_adicionales":"","usos":"residencial","sistema_estructural":"muros_carga","material":"concreto_mc","epoca_construccion":"despues_2010","estado_conservacion":"bueno","calidad_diseno":"bueno","ocupantes_max":1050,"heridos_max":0,"muertos_max":0,"gps_accuracy_median":8.96,"rud_records":0,"rud_households":0,"rud_addresses":0,"rud_women":0,"rud_minors":0,"rud_older65":0,"rud_afro":0,"rud_indigenous":0,"rud_estado_averiado":0,"rud_estado_no_habitable":0,"rud_estado_habitable":0,"rud_estado_destruido":0,"rud_estado_no_informa":0,"rud_tenencia_propietario":0,"rud_tenencia_arrendatario":0,"rud_tenencia_ocupante":0,"rud_tenencia_poseedor":0,"rud_tenencia_no_informa":0,"rud_match_methods":"","rud_match_confidences":"","has_rud_match":false}},{"type":"Feature","geometry":{"type":"Point","coordinates":[-76.571952,3.44595]},"properties":{"place_id":"89026acb-f529-451f-bd4d-7c6b5a7592a3","place_report_count":0,"worst_collapse_type":null,"place_has_arcgis_id":true,"evaluation_count":1,"evaluation_ids_count":1,"barrio":"Vereda Pilas del cabuyal","nivel_dano_max":"medio","severidad_max":"medio_alto","habitabilidad_codigos":"r1","recomendaciones":"intervencion, monitoreo, seguimiento","evaluaciones_adicionales":"estructural","usos":"residencial","sistema_estructural":"otro","material":"losa_columna","epoca_construccion":"antes_1984","estado_conservacion":"regular","calidad_diseno":"malo","ocupantes_max":2,"heridos_max":0,"muertos_max":0,"gps_accuracy_median":null,"rud_records":0,"rud_households":0,"rud_addresses":0,"rud_women":0,"rud_minors":0,"rud_older65":0,"rud_afro":0,"rud_indigenous":0,"rud_estado_averiado":0,"rud_estado_no_habitable":0,"rud_estado_habitable":0,"rud_estado_destruido":0,"rud_estado_no_informa":0,"rud_tenencia_propietario":0,"rud_tenencia_arrendatario":0,"rud_tenencia_ocupante":0,"rud_tenencia_poseedor":0,"rud_tenencia_no_informa":0,"rud_match_methods":"","rud_match_confidences":"","has_rud_match":false}},{"type":"Feature","geometry":{"type":"Point","coordinates":[-76.571561,3.4460379]},"properties":{"place_id":"98944525-0676-44fd-970f-ac26285a51fa","place_report_count":0,"worst_collapse_type":null,"place_has_arcgis_id":true,"evaluation_count":1,"evaluation_ids_count":1,"barrio":"Pilas del cabuyal","nivel_dano_max":"bajo","severidad_max":"bajo","habitabilidad_codigos":"h","recomendaciones":"","evaluaciones_adicionales":"","usos":"residencial","sistema_estructural":"muros_carga","material":"mamp_simple","epoca_construccion":"","estado_conservacion":"bueno","calidad_diseno":"malo","ocupantes_max":2,"heridos_max":0,"muertos_max":0,"gps_accuracy_median":7.27,"rud_records":0,"rud_households":0,"rud_addresses":0,"rud_women":0,"rud_minors":0,"rud_older65":0,"rud_afro":0,"rud_indigenous":0,"rud_estado_averiado":0,"rud_estado_no_habitable":0,"rud_estado_habitable":0,"rud_estado_destruido":0,"rud_estado_no_informa":0,"rud_tenencia_propietario":0,"rud_tenencia_arrendatario":0,"rud_tenencia_ocupante":0,"rud_tenencia_poseedor":0,"rud_tenencia_no_informa":0,"rud_match_methods":"","rud_match_confidences":"","has_rud_match":false}},{"type":"Feature","geometry":{"type":"Point","coordinates":[-76.5057116,3.4464878]},"properties":{"place_id":"281556e7-72e7-4721-adb5-d29ea1e19512","place_report_count":0,"worst_collapse_type":null,"place_has_arcgis_id":true,"evaluation_count":1,"evaluation_ids_count":1,"barrio":"Las Americas","nivel_dano_max":"alto","severidad_max":"alto","habitabilidad_codigos":"i2","recomendaciones":"evacuar_parcial, monitoreo","evaluaciones_adicionales":"estructural","usos":"residencial","sistema_estructural":"otro","material":"","epoca_construccion":"antes_1984","estado_conservacion":"malo","calidad_diseno":"regular","ocupantes_max":3,"heridos_max":0,"muertos_max":0,"gps_accuracy_median":0.51,"rud_records":3,"rud_households":1,"rud_addresses":1,"rud_women":2,"rud_minors":1,"rud_older65":1,"rud_afro":0,"rud_indigenous":0,"rud_estado_averiado":3,"rud_estado_no_habitable":0,"rud_estado_habitable":0,"rud_estado_destruido":0,"rud_estado_no_informa":0,"rud_tenencia_propietario":3,"rud_tenencia_arrendatario":0,"rud_tenencia_ocupante":0,"rud_tenencia_poseedor":0,"rud_tenencia_no_informa":0,"rud_match_methods":"direccion_normalizada","rud_match_confidences":"alta","has_rud_match":true}},{"type":"Feature","geometry":{"type":"Point","coordinates":[-76.535719,3.447416]},"properties":{"place_id":"b51066a8-17fa-4fc6-99f4-9f72b3f16b7f","place_report_count":1,"worst_collapse_type":"B","place_has_arcgis_id":false,"evaluation_count":0,"evaluation_ids_count":0,"barrio":"","nivel_dano_max":null,"severidad_max":null,"habitabilidad_codigos":"","recomendaciones":"","evaluaciones_adicionales":"","usos":"","sistema_estructural":"","material":"","epoca_construccion":"","estado_conservacion":"","calidad_diseno":"","ocupantes_max":null,"heridos_max":null,"muertos_max":null,"gps_accuracy_median":null,"rud_records":0,"rud_households":0,"rud_addresses":0,"rud_women":0,"rud_minors":0,"rud_older65":0,"rud_afro":0,"rud_indigenous":0,"rud_estado_averiado":0,"rud_estado_no_habitable":0,"rud_estado_habitable":0,"rud_estado_destruido":0,"rud_estado_no_informa":0,"rud_tenencia_propietario":0,"rud_tenencia_arrendatario":0,"rud_tenencia_ocupante":0,"rud_tenencia_poseedor":0,"rud_tenencia_no_informa":0,"rud_match_methods":"","rud_match_confidences":"","has_rud_match":false}},{"type":"Feature","geometry":{"type":"Point","coordinates":[-76.5364217,3.4482017]},"properties":{"place_id":"b8554906-dcee-4d5e-98ac-00f74e8fb9aa","place_report_count":0,"worst_collapse_type":"B","place_has_arcgis_id":true,"evaluation_count":1,"evaluation_ids_count":1,"barrio":"La Merced","nivel_dano_max":"medio","severidad_max":"medio_alto","habitabilidad_codigos":"r1","recomendaciones":"demoler, intervencion, monitoreo, restringir_peatones, restringir_vehiculos, seguimiento","evaluaciones_adicionales":"estructural","usos":"institucional, reunion","sistema_estructural":"muros_carga","material":"adobe","epoca_construccion":"antes_1984","estado_conservacion":"regular","calidad_diseno":"bueno","ocupantes_max":100,"heridos_max":0,"muertos_max":0,"gps_accuracy_median":6.5,"rud_records":0,"rud_households":0,"rud_addresses":0,"rud_women":0,"rud_minors":0,"rud_older65":0,"rud_afro":0,"rud_indigenous":0,"rud_estado_averiado":0,"rud_estado_no_habitable":0,"rud_estado_habitable":0,"rud_estado_destruido":0,"rud_estado_no_informa":0,"rud_tenencia_propietario":0,"rud_tenencia_arrendatario":0,"rud_tenencia_ocupante":0,"rud_tenencia_poseedor":0,"rud_tenencia_no_informa":0,"rud_match_methods":"","rud_match_confidences":"","has_rud_match":false}},{"type":"Feature","geometry":{"type":"Point","coordinates":[-76.4820553,3.4490715]},"properties":{"place_id":"ebde37e4-8033-4377-95d9-ae369fda0058","place_report_count":0,"worst_collapse_type":null,"place_has_arcgis_id":true,"evaluation_count":1,"evaluation_ids_count":1,"barrio":"Andres Sanin","nivel_dano_max":"alto","severidad_max":"alto","habitabilidad_codigos":"i2","recomendaciones":"demoler, evacuar_total","evaluaciones_adicionales":"estructural","usos":"residencial","sistema_estructural":"muros_carga","material":"mamp_simple","epoca_construccion":"antes_1984","estado_conservacion":"regular","calidad_diseno":"regular","ocupantes_max":13,"heridos_max":null,"muertos_max":null,"gps_accuracy_median":null,"rud_records":0,"rud_households":0,"rud_addresses":0,"rud_women":0,"rud_minors":0,"rud_older65":0,"rud_afro":0,"rud_indigenous":0,"rud_estado_averiado":0,"rud_estado_no_habitable":0,"rud_estado_habitable":0,"rud_estado_destruido":0,"rud_estado_no_informa":0,"rud_tenencia_propietario":0,"rud_tenencia_arrendatario":0,"rud_tenencia_ocupante":0,"rud_tenencia_poseedor":0,"rud_tenencia_no_informa":0,"rud_match_methods":"","rud_match_confidences":"","has_rud_match":false}},{"type":"Feature","geometry":{"type":"Point","coordinates":[-76.5565067,3.4491817]},"properties":{"place_id":"23fa9225-51b3-4e6d-985d-92990cbbe98a","place_report_count":0,"worst_collapse_type":null,"place_has_arcgis_id":false,"evaluation_count":1,"evaluation_ids_count":1,"barrio":"Santa Rita","nivel_dano_max":"sin_dano","severidad_max":"sin_dano","habitabilidad_codigos":"h","recomendaciones":"seguimiento","evaluaciones_adicionales":"","usos":"residencial","sistema_estructural":"porticos","material":"conc_arr","epoca_construccion":"despues_2010","estado_conservacion":"bueno","calidad_diseno":"bueno","ocupantes_max":null,"heridos_max":0,"muertos_max":0,"gps_accuracy_median":9.4,"rud_records":0,"rud_households":0,"rud_addresses":0,"rud_women":0,"rud_minors":0,"rud_older65":0,"rud_afro":0,"rud_indigenous":0,"rud_estado_averiado":0,"rud_estado_no_habitable":0,"rud_estado_habitable":0,"rud_estado_destruido":0,"rud_estado_no_informa":0,"rud_tenencia_propietario":0,"rud_tenencia_arrendatario":0,"rud_tenencia_ocupante":0,"rud_tenencia_poseedor":0,"rud_tenencia_no_informa":0,"rud_match_methods":"","rud_match_confidences":"","has_rud_match":false}},{"type":"Feature","geometry":{"type":"Point","coordinates":[-76.53292,3.44939]},"properties":{"place_id":"0c654dab-d3eb-4ba0-a212-ce83e762882f","place_report_count":0,"worst_collapse_type":null,"place_has_arcgis_id":false,"evaluation_count":1,"evaluation_ids_count":1,"barrio":"San Pedro Centro","nivel_dano_max":"alto","severidad_max":"alto","habitabilidad_codigos":"i2","recomendaciones":"aislamiento, apuntalar, demoler, evacuar_total, intervencion, restringir_peatones, restringir_vehiculos, seguimiento","evaluaciones_adicionales":"estructural","usos":"comercial, residencial","sistema_estructural":"porticos","material":"conc_no_arr","epoca_construccion":"antes_1984","estado_conservacion":"regular","calidad_diseno":"bueno","ocupantes_max":2,"heridos_max":0,"muertos_max":0,"gps_accuracy_median":null,"rud_records":0,"rud_households":0,"rud_addresses":0,"rud_women":0,"rud_minors":0,"rud_older65":0,"rud_afro":0,"rud_indigenous":0,"rud_estado_averiado":0,"rud_estado_no_habitable":0,"rud_estado_habitable":0,"rud_estado_destruido":0,"rud_estado_no_informa":0,"rud_tenencia_propietario":0,"rud_tenencia_arrendatario":0,"rud_tenencia_ocupante":0,"rud_tenencia_poseedor":0,"rud_tenencia_no_informa":0,"rud_match_methods":"","rud_match_confidences":"","has_rud_match":false}},{"type":"Feature","geometry":{"type":"Point","coordinates":[-76.54044311,3.44996871]},"properties":{"place_id":"e19f9d95-6c54-4295-bedc-7e4619e9f60f","place_report_count":1,"worst_collapse_type":"B","place_has_arcgis_id":false,"evaluation_count":3,"evaluation_ids_count":3,"barrio":"La Hacienda, Los Andes, Napoles","nivel_dano_max":"alto","severidad_max":"medio_alto","habitabilidad_codigos":"h, i2","recomendaciones":"aislamiento, evacuar_parcial, monitoreo, restringir_peatones, seguimiento","evaluaciones_adicionales":"estructural","usos":"residencial","sistema_estructural":"dual, muros_carga","material":"conc_mamposteria, concreto_dual, concreto_mc","epoca_construccion":"1984_1997","estado_conservacion":"bueno","calidad_diseno":"bueno","ocupantes_max":65,"heridos_max":0,"muertos_max":0,"gps_accuracy_median":9.45,"rud_records":0,"rud_households":0,"rud_addresses":0,"rud_women":0,"rud_minors":0,"rud_older65":0,"rud_afro":0,"rud_indigenous":0,"rud_estado_averiado":0,"rud_estado_no_habitable":0,"rud_estado_habitable":0,"rud_estado_destruido":0,"rud_estado_no_informa":0,"rud_tenencia_propietario":0,"rud_tenencia_arrendatario":0,"rud_tenencia_ocupante":0,"rud_tenencia_poseedor":0,"rud_tenencia_no_informa":0,"rud_match_methods":"","rud_match_confidences":"","has_rud_match":false}},{"type":"Feature","geometry":{"type":"Point","coordinates":[-76.53408,3.4501]},"properties":{"place_id":"34587576-f0d7-4815-8acb-46820cf20e16","place_report_count":0,"worst_collapse_type":null,"place_has_arcgis_id":false,"evaluation_count":1,"evaluation_ids_count":1,"barrio":"Centro historico","nivel_dano_max":"alto","severidad_max":"alto","habitabilidad_codigos":"i2","recomendaciones":"apuntalar, demoler, evacuar_total, intervencion, restringir_peatones, restringir_vehiculos, seguimiento","evaluaciones_adicionales":"","usos":"","sistema_estructural":"dual","material":"conc_mamposteria","epoca_construccion":"antes_1984","estado_conservacion":"malo","calidad_diseno":"regular","ocupantes_max":3,"heridos_max":0,"muertos_max":0,"gps_accuracy_median":null,"rud_records":0,"rud_households":0,"rud_addresses":0,"rud_women":0,"rud_minors":0,"rud_older65":0,"rud_afro":0,"rud_indigenous":0,"rud_estado_averiado":0,"rud_estado_no_habitable":0,"rud_estado_habitable":0,"rud_estado_destruido":0,"rud_estado_no_informa":0,"rud_tenencia_propietario":0,"rud_tenencia_arrendatario":0,"rud_tenencia_ocupante":0,"rud_tenencia_poseedor":0,"rud_tenencia_no_informa":0,"rud_match_methods":"","rud_match_confidences":"","has_rud_match":false}},{"type":"Feature","geometry":{"type":"Point","coordinates":[-76.563054,3.4516156]},"properties":{"place_id":"36300c10-ff16-4016-a7eb-b01209443f33","place_report_count":0,"worst_collapse_type":null,"place_has_arcgis_id":true,"evaluation_count":1,"evaluation_ids_count":1,"barrio":"Terrón Colorado","nivel_dano_max":"bajo","severidad_max":"bajo","habitabilidad_codigos":"r1","recomendaciones":"aislamiento, apuntalar, demoler, seguimiento","evaluaciones_adicionales":"otra","usos":"residencial","sistema_estructural":"muros_carga","material":"mamp_simple","epoca_construccion":"antes_1984","estado_conservacion":"malo","calidad_diseno":"malo","ocupantes_max":5,"heridos_max":0,"muertos_max":0,"gps_accuracy_median":null,"rud_records":0,"rud_households":0,"rud_addresses":0,"rud_women":0,"rud_minors":0,"rud_older65":0,"rud_afro":0,"rud_indigenous":0,"rud_estado_averiado":0,"rud_estado_no_habitable":0,"rud_estado_habitable":0,"rud_estado_destruido":0,"rud_estado_no_informa":0,"rud_tenencia_propietario":0,"rud_tenencia_arrendatario":0,"rud_tenencia_ocupante":0,"rud_tenencia_poseedor":0,"rud_tenencia_no_informa":0,"rud_match_methods":"","rud_match_confidences":"","has_rud_match":false}},{"type":"Feature","geometry":{"type":"Point","coordinates":[-76.5688195,3.4529718]},"properties":{"place_id":"045478e9-3fb1-4f2a-ac19-435e95a14a4d","place_report_count":0,"worst_collapse_type":null,"place_has_arcgis_id":false,"evaluation_count":1,"evaluation_ids_count":1,"barrio":"Terron Colorado","nivel_dano_max":"alto","severidad_max":"alto","habitabilidad_codigos":"i2","recomendaciones":"","evaluaciones_adicionales":"estructural","usos":"residencial","sistema_estructural":"muros_carga","material":"mamp_simple","epoca_construccion":"antes_1984","estado_conservacion":"malo","calidad_diseno":"regular","ocupantes_max":null,"heridos_max":null,"muertos_max":null,"gps_accuracy_median":5.99,"rud_records":0,"rud_households":0,"rud_addresses":0,"rud_women":0,"rud_minors":0,"rud_older65":0,"rud_afro":0,"rud_indigenous":0,"rud_estado_averiado":0,"rud_estado_no_habitable":0,"rud_estado_habitable":0,"rud_estado_destruido":0,"rud_estado_no_informa":0,"rud_tenencia_propietario":0,"rud_tenencia_arrendatario":0,"rud_tenencia_ocupante":0,"rud_tenencia_poseedor":0,"rud_tenencia_no_informa":0,"rud_match_methods":"","rud_match_confidences":"","has_rud_match":false}},{"type":"Feature","geometry":{"type":"Point","coordinates":[-76.5187809,3.4529814]},"properties":{"place_id":"239e1292-8c88-4cfd-b60a-79b7c83695d6","place_report_count":0,"worst_collapse_type":null,"place_has_arcgis_id":false,"evaluation_count":2,"evaluation_ids_count":2,"barrio":"Terron colorado","nivel_dano_max":"alto","severidad_max":"alto","habitabilidad_codigos":"i2","recomendaciones":"aislamiento, apuntalar, demoler, desconectar, evacuar_parcial, evacuar_total, monitoreo, restringir_peatones, restringir_vehiculos, seguimiento, vigilancia","evaluaciones_adicionales":"estructural, geotecnica","usos":"institucional, residencial","sistema_estructural":"dual, muros_carga","material":"conc_mamposteria, mamp_simple","epoca_construccion":"antes_1984","estado_conservacion":"malo, regular","calidad_diseno":"malo, regular","ocupantes_max":60,"heridos_max":null,"muertos_max":null,"gps_accuracy_median":null,"rud_records":0,"rud_households":0,"rud_addresses":0,"rud_women":0,"rud_minors":0,"rud_older65":0,"rud_afro":0,"rud_indigenous":0,"rud_estado_averiado":0,"rud_estado_no_habitable":0,"rud_estado_habitable":0,"rud_estado_destruido":0,"rud_estado_no_informa":0,"rud_tenencia_propietario":0,"rud_tenencia_arrendatario":0,"rud_tenencia_ocupante":0,"rud_tenencia_poseedor":0,"rud_tenencia_no_informa":0,"rud_match_methods":"","rud_match_confidences":"","has_rud_match":false}},{"type":"Feature","geometry":{"type":"Point","coordinates":[-76.5689559,3.4529959]},"properties":{"place_id":"18ed8cb6-5bc7-4b3c-94c3-03a681d09567","place_report_count":0,"worst_collapse_type":null,"place_has_arcgis_id":false,"evaluation_count":1,"evaluation_ids_count":1,"barrio":"Terron Colorado","nivel_dano_max":"alto","severidad_max":"alto","habitabilidad_codigos":"i2","recomendaciones":"evacuar_total","evaluaciones_adicionales":"","usos":"residencial","sistema_estructural":"muros_carga","material":"mamp_simple","epoca_construccion":"antes_1984","estado_conservacion":"regular","calidad_diseno":"regular","ocupantes_max":4,"heridos_max":null,"muertos_max":null,"gps_accuracy_median":6.0,"rud_records":2,"rud_households":1,"rud_addresses":1,"rud_women":1,"rud_minors":0,"rud_older65":2,"rud_afro":0,"rud_indigenous":0,"rud_estado_averiado":0,"rud_estado_no_habitable":2,"rud_estado_habitable":0,"rud_estado_destruido":0,"rud_estado_no_informa":0,"rud_tenencia_propietario":2,"rud_tenencia_arrendatario":0,"rud_tenencia_ocupante":0,"rud_tenencia_poseedor":0,"rud_tenencia_no_informa":0,"rud_match_methods":"direccion_normalizada","rud_match_confidences":"alta","has_rud_match":true}},{"type":"Feature","geometry":{"type":"Point","coordinates":[-76.5689008,3.4529995]},"properties":{"place_id":"e99a09d5-09ea-4083-9841-9e3d39a83d77","place_report_count":0,"worst_collapse_type":null,"place_has_arcgis_id":false,"evaluation_count":1,"evaluation_ids_count":1,"barrio":"Terren Colorado","nivel_dano_max":"alto","severidad_max":"alto","habitabilidad_codigos":"i2","recomendaciones":"demoler, evacuar_total","evaluaciones_adicionales":"estructural","usos":"residencial","sistema_estructural":"muros_carga","material":"mamp_simple","epoca_construccion":"antes_1984","estado_conservacion":"regular","calidad_diseno":"regular","ocupantes_max":6,"heridos_max":null,"muertos_max":null,"gps_accuracy_median":7.46,"rud_records":4,"rud_households":1,"rud_addresses":1,"rud_women":1,"rud_minors":0,"rud_older65":2,"rud_afro":4,"rud_indigenous":0,"rud_estado_averiado":0,"rud_estado_no_habitable":4,"rud_estado_habitable":0,"rud_estado_destruido":0,"rud_estado_no_informa":0,"rud_tenencia_propietario":4,"rud_tenencia_arrendatario":0,"rud_tenencia_ocupante":0,"rud_tenencia_poseedor":0,"rud_tenencia_no_informa":0,"rud_match_methods":"direccion_normalizada","rud_match_confidences":"alta","has_rud_match":true}},{"type":"Feature","geometry":{"type":"Point","coordinates":[-76.5643567,3.4530967]},"properties":{"place_id":"478a1dfc-b410-4619-8e7e-91916067faa0","place_report_count":0,"worst_collapse_type":null,"place_has_arcgis_id":false,"evaluation_count":1,"evaluation_ids_count":1,"barrio":"Terron colorado","nivel_dano_max":"medio","severidad_max":"medio_alto","habitabilidad_codigos":"r1","recomendaciones":"aislamiento, evacuar_parcial, monitoreo, restringir_peatones, restringir_vehiculos, seguimiento, vigilancia","evaluaciones_adicionales":"","usos":"residencial","sistema_estructural":"porticos","material":"conc_arr","epoca_construccion":"desconocida","estado_conservacion":"malo","calidad_diseno":"regular","ocupantes_max":15,"heridos_max":null,"muertos_max":null,"gps_accuracy_median":9.7,"rud_records":0,"rud_households":0,"rud_addresses":0,"rud_women":0,"rud_minors":0,"rud_older65":0,"rud_afro":0,"rud_indigenous":0,"rud_estado_averiado":0,"rud_estado_no_habitable":0,"rud_estado_habitable":0,"rud_estado_destruido":0,"rud_estado_no_informa":0,"rud_tenencia_propietario":0,"rud_tenencia_arrendatario":0,"rud_tenencia_ocupante":0,"rud_tenencia_poseedor":0,"rud_tenencia_no_informa":0,"rud_match_methods":"","rud_match_confidences":"","has_rud_match":false}},{"type":"Feature","geometry":{"type":"Point","coordinates":[-76.5644749,3.4531197]},"properties":{"place_id":"f81a595a-e62f-4e96-87a3-64add09dfc5c","place_report_count":0,"worst_collapse_type":null,"place_has_arcgis_id":false,"evaluation_count":1,"evaluation_ids_count":1,"barrio":"Terron colorado","nivel_dano_max":"medio","severidad_max":"medio_alto","habitabilidad_codigos":"r1","recomendaciones":"aislamiento, evacuar_parcial, monitoreo, seguimiento","evaluaciones_adicionales":"estructural","usos":"comercial, residencial","sistema_estructural":"muros_carga","material":"adobe","epoca_construccion":"1984_1997","estado_conservacion":"malo","calidad_diseno":"bueno","ocupantes_max":4,"heridos_max":null,"muertos_max":null,"gps_accuracy_median":9.94,"rud_records":0,"rud_households":0,"rud_addresses":0,"rud_women":0,"rud_minors":0,"rud_older65":0,"rud_afro":0,"rud_indigenous":0,"rud_estado_averiado":0,"rud_estado_no_habitable":0,"rud_estado_habitable":0,"rud_estado_destruido":0,"rud_estado_no_informa":0,"rud_tenencia_propietario":0,"rud_tenencia_arrendatario":0,"rud_tenencia_ocupante":0,"rud_tenencia_poseedor":0,"rud_tenencia_no_informa":0,"rud_match_methods":"","rud_match_confidences":"","has_rud_match":false}},{"type":"Feature","geometry":{"type":"Point","coordinates":[-76.5694349,3.4531356]},"properties":{"place_id":"93ac77f9-1a2d-4812-a845-414d8738fd1d","place_report_count":0,"worst_collapse_type":null,"place_has_arcgis_id":false,"evaluation_count":1,"evaluation_ids_count":1,"barrio":"Terron colorado","nivel_dano_max":"alto","severidad_max":"alto","habitabilidad_codigos":"i2","recomendaciones":"apuntalar, demoler, evacuar_parcial, monitoreo, restringir_peatones, restringir_vehiculos, seguimiento","evaluaciones_adicionales":"estructural","usos":"comercial, residencial","sistema_estructural":"dual","material":"conc_mamposteria","epoca_construccion":"antes_1984","estado_conservacion":"malo","calidad_diseno":"malo","ocupantes_max":6,"heridos_max":null,"muertos_max":null,"gps_accuracy_median":null,"rud_records":0,"rud_households":0,"rud_addresses":0,"rud_women":0,"rud_minors":0,"rud_older65":0,"rud_afro":0,"rud_indigenous":0,"rud_estado_averiado":0,"rud_estado_no_habitable":0,"rud_estado_habitable":0,"rud_estado_destruido":0,"rud_estado_no_informa":0,"rud_tenencia_propietario":0,"rud_tenencia_arrendatario":0,"rud_tenencia_ocupante":0,"rud_tenencia_poseedor":0,"rud_tenencia_no_informa":0,"rud_match_methods":"","rud_match_confidences":"","has_rud_match":false}},{"type":"Feature","geometry":{"type":"Point","coordinates":[-76.5697866,3.4531362]},"properties":{"place_id":"b4e98082-978e-412c-8e7d-f9f52d833523","place_report_count":0,"worst_collapse_type":null,"place_has_arcgis_id":false,"evaluation_count":1,"evaluation_ids_count":1,"barrio":"Terron Colorado","nivel_dano_max":"alto","severidad_max":"medio_alto","habitabilidad_codigos":"i2","recomendaciones":"demoler, evacuar_total","evaluaciones_adicionales":"estructural","usos":"residencial","sistema_estructural":"muros_carga","material":"mamp_simple","epoca_construccion":"antes_1984","estado_conservacion":"regular","calidad_diseno":"regular","ocupantes_max":4,"heridos_max":null,"muertos_max":null,"gps_accuracy_median":6.24,"rud_records":2,"rud_households":1,"rud_addresses":1,"rud_women":1,"rud_minors":0,"rud_older65":0,"rud_afro":2,"rud_indigenous":0,"rud_estado_averiado":0,"rud_estado_no_habitable":2,"rud_estado_habitable":0,"rud_estado_destruido":0,"rud_estado_no_informa":0,"rud_tenencia_propietario":2,"rud_tenencia_arrendatario":0,"rud_tenencia_ocupante":0,"rud_tenencia_poseedor":0,"rud_tenencia_no_informa":0,"rud_match_methods":"direccion_normalizada","rud_match_confidences":"alta","has_rud_match":true}},{"type":"Feature","geometry":{"type":"Point","coordinates":[-76.5693281,3.4531405]},"properties":{"place_id":"4516ce22-555c-46a8-9126-f43ac3d339f1","place_report_count":0,"worst_collapse_type":null,"place_has_arcgis_id":false,"evaluation_count":1,"evaluation_ids_count":1,"barrio":"Terron Colorado","nivel_dano_max":"alto","severidad_max":"alto","habitabilidad_codigos":"i2","recomendaciones":"aislamiento, apuntalar, demoler, evacuar_parcial, monitoreo","evaluaciones_adicionales":"estructural","usos":"comercial, residencial","sistema_estructural":"otro","material":"losa_columna","epoca_construccion":"1984_1997","estado_conservacion":"regular","calidad_diseno":"regular","ocupantes_max":9,"heridos_max":null,"muertos_max":null,"gps_accuracy_median":4.75,"rud_records":0,"rud_households":0,"rud_addresses":0,"rud_women":0,"rud_minors":0,"rud_older65":0,"rud_afro":0,"rud_indigenous":0,"rud_estado_averiado":0,"rud_estado_no_habitable":0,"rud_estado_habitable":0,"rud_estado_destruido":0,"rud_estado_no_informa":0,"rud_tenencia_propietario":0,"rud_tenencia_arrendatario":0,"rud_tenencia_ocupante":0,"rud_tenencia_poseedor":0,"rud_tenencia_no_informa":0,"rud_match_methods":"","rud_match_confidences":"","has_rud_match":false}},{"type":"Feature","geometry":{"type":"Point","coordinates":[-76.5695868,3.4531427]},"properties":{"place_id":"3eba757f-4a27-41c0-8cde-a506ad2bfc9b","place_report_count":0,"worst_collapse_type":null,"place_has_arcgis_id":false,"evaluation_count":1,"evaluation_ids_count":1,"barrio":"Terron colorado","nivel_dano_max":"medio","severidad_max":"medio","habitabilidad_codigos":"h","recomendaciones":"monitoreo, seguimiento","evaluaciones_adicionales":"estructural","usos":"residencial","sistema_estructural":"muros_carga","material":"mamp_simple","epoca_construccion":"antes_1984","estado_conservacion":"regular","calidad_diseno":"regular","ocupantes_max":5,"heridos_max":null,"muertos_max":null,"gps_accuracy_median":9.94,"rud_records":2,"rud_households":1,"rud_addresses":1,"rud_women":2,"rud_minors":0,"rud_older65":2,"rud_afro":0,"rud_indigenous":0,"rud_estado_averiado":2,"rud_estado_no_habitable":0,"rud_estado_habitable":0,"rud_estado_destruido":0,"rud_estado_no_informa":0,"rud_tenencia_propietario":0,"rud_tenencia_arrendatario":0,"rud_tenencia_ocupante":0,"rud_tenencia_poseedor":2,"rud_tenencia_no_informa":0,"rud_match_methods":"direccion_normalizada","rud_match_confidences":"alta","has_rud_match":true}},{"type":"Feature","geometry":{"type":"Point","coordinates":[-76.5692415,3.4531441]},"properties":{"place_id":"f5436d58-5215-4abd-8162-48c707efedc2","place_report_count":0,"worst_collapse_type":null,"place_has_arcgis_id":false,"evaluation_count":1,"evaluation_ids_count":1,"barrio":"Terron colorado","nivel_dano_max":"medio","severidad_max":"medio","habitabilidad_codigos":"i2","recomendaciones":"","evaluaciones_adicionales":"estructural","usos":"comercial, residencial","sistema_estructural":"muros_carga","material":"mamp_simple","epoca_construccion":"antes_1984","estado_conservacion":"regular","calidad_diseno":"regular","ocupantes_max":2,"heridos_max":null,"muertos_max":null,"gps_accuracy_median":null,"rud_records":2,"rud_households":1,"rud_addresses":1,"rud_women":1,"rud_minors":0,"rud_older65":0,"rud_afro":0,"rud_indigenous":0,"rud_estado_averiado":0,"rud_estado_no_habitable":2,"rud_estado_habitable":0,"rud_estado_destruido":0,"rud_estado_no_informa":0,"rud_tenencia_propietario":2,"rud_tenencia_arrendatario":0,"rud_tenencia_ocupante":0,"rud_tenencia_poseedor":0,"rud_tenencia_no_informa":0,"rud_match_methods":"direccion_normalizada","rud_match_confidences":"alta","has_rud_match":true}},{"type":"Feature","geometry":{"type":"Point","coordinates":[-76.5694845,3.4531484]},"properties":{"place_id":"ea33f5fe-85e3-4fca-8d73-eb1cd7a6bd43","place_report_count":0,"worst_collapse_type":null,"place_has_arcgis_id":false,"evaluation_count":1,"evaluation_ids_count":1,"barrio":"Terron Colorado","nivel_dano_max":"alto","severidad_max":"alto","habitabilidad_codigos":"i2","recomendaciones":"demoler, evacuar_total","evaluaciones_adicionales":"","usos":"comercial","sistema_estructural":"muros_carga","material":"mamp_simple","epoca_construccion":"antes_1984","estado_conservacion":"malo","calidad_diseno":"malo","ocupantes_max":10,"heridos_max":null,"muertos_max":null,"gps_accuracy_median":10.17,"rud_records":1,"rud_households":1,"rud_addresses":1,"rud_women":0,"rud_minors":0,"rud_older65":0,"rud_afro":0,"rud_indigenous":0,"rud_estado_averiado":0,"rud_estado_no_habitable":0,"rud_estado_habitable":0,"rud_estado_destruido":1,"rud_estado_no_informa":0,"rud_tenencia_propietario":0,"rud_tenencia_arrendatario":1,"rud_tenencia_ocupante":0,"rud_tenencia_poseedor":0,"rud_tenencia_no_informa":0,"rud_match_methods":"direccion_normalizada","rud_match_confidences":"alta","has_rud_match":true}},{"type":"Feature","geometry":{"type":"Point","coordinates":[-76.5645767,3.45315]},"properties":{"place_id":"1ec79946-3715-4a40-9ef2-a2326445b753","place_report_count":0,"worst_collapse_type":null,"place_has_arcgis_id":false,"evaluation_count":1,"evaluation_ids_count":1,"barrio":"Terron colorado","nivel_dano_max":"medio","severidad_max":"medio","habitabilidad_codigos":"r1","recomendaciones":"aislamiento, apuntalar, demoler","evaluaciones_adicionales":"","usos":"residencial","sistema_estructural":"dual","material":"conc_mamposteria","epoca_construccion":"antes_1984","estado_conservacion":"regular","calidad_diseno":"regular","ocupantes_max":14,"heridos_max":null,"muertos_max":null,"gps_accuracy_median":9.8,"rud_records":0,"rud_households":0,"rud_addresses":0,"rud_women":0,"rud_minors":0,"rud_older65":0,"rud_afro":0,"rud_indigenous":0,"rud_estado_averiado":0,"rud_estado_no_habitable":0,"rud_estado_habitable":0,"rud_estado_destruido":0,"rud_estado_no_informa":0,"rud_tenencia_propietario":0,"rud_tenencia_arrendatario":0,"rud_tenencia_ocupante":0,"rud_tenencia_poseedor":0,"rud_tenencia_no_informa":0,"rud_match_methods":"","rud_match_confidences":"","has_rud_match":false}},{"type":"Feature","geometry":{"type":"Point","coordinates":[-76.5686909,3.4531519]},"properties":{"place_id":"773c1661-8c4e-4359-8689-5f428c751b0e","place_report_count":0,"worst_collapse_type":null,"place_has_arcgis_id":false,"evaluation_count":1,"evaluation_ids_count":1,"barrio":"El Terron Colorado","nivel_dano_max":"alto","severidad_max":"medio_alto","habitabilidad_codigos":"r1","recomendaciones":"","evaluaciones_adicionales":"estructural","usos":"residencial","sistema_estructural":"porticos","material":"conc_no_arr","epoca_construccion":"despues_2010","estado_conservacion":"","calidad_diseno":"","ocupantes_max":null,"heridos_max":null,"muertos_max":null,"gps_accuracy_median":8.81,"rud_records":4,"rud_households":1,"rud_addresses":1,"rud_women":3,"rud_minors":0,"rud_older65":1,"rud_afro":0,"rud_indigenous":0,"rud_estado_averiado":4,"rud_estado_no_habitable":0,"rud_estado_habitable":0,"rud_estado_destruido":0,"rud_estado_no_informa":0,"rud_tenencia_propietario":4,"rud_tenencia_arrendatario":0,"rud_tenencia_ocupante":0,"rud_tenencia_poseedor":0,"rud_tenencia_no_informa":0,"rud_match_methods":"direccion_normalizada","rud_match_confidences":"alta","has_rud_match":true}},{"type":"Feature","geometry":{"type":"Point","coordinates":[-76.5699354,3.453173]},"properties":{"place_id":"f5a2bf62-5927-4126-a941-6e7fbd90efa1","place_report_count":0,"worst_collapse_type":null,"place_has_arcgis_id":false,"evaluation_count":1,"evaluation_ids_count":1,"barrio":"Terron colorado","nivel_dano_max":"bajo","severidad_max":"bajo","habitabilidad_codigos":"r1","recomendaciones":"seguimiento","evaluaciones_adicionales":"estructural","usos":"residencial","sistema_estructural":"porticos","material":"conc_arr","epoca_construccion":"1984_1997","estado_conservacion":"bueno","calidad_diseno":"regular","ocupantes_max":5,"heridos_max":null,"muertos_max":null,"gps_accuracy_median":null,"rud_records":5,"rud_households":2,"rud_addresses":1,"rud_women":4,"rud_minors":1,"rud_older65":0,"rud_afro":0,"rud_indigenous":0,"rud_estado_averiado":5,"rud_estado_no_habitable":0,"rud_estado_habitable":0,"rud_estado_destruido":0,"rud_estado_no_informa":0,"rud_tenencia_propietario":0,"rud_tenencia_arrendatario":5,"rud_tenencia_ocupante":0,"rud_tenencia_poseedor":0,"rud_tenencia_no_informa":0,"rud_match_methods":"direccion_normalizada","rud_match_confidences":"alta","has_rud_match":true}},{"type":"Feature","geometry":{"type":"Point","coordinates":[-76.5698757,3.4531889]},"properties":{"place_id":"1ae7fdb5-3a02-458a-b964-f9b8c16c0531","place_report_count":0,"worst_collapse_type":null,"place_has_arcgis_id":false,"evaluation_count":1,"evaluation_ids_count":1,"barrio":"Terron colorado","nivel_dano_max":"bajo","severidad_max":"bajo","habitabilidad_codigos":"h","recomendaciones":"aislamiento, apuntalar, seguimiento","evaluaciones_adicionales":"geotecnica","usos":"residencial","sistema_estructural":"porticos","material":"conc_arr","epoca_construccion":"1984_1997","estado_conservacion":"regular","calidad_diseno":"regular","ocupantes_max":1,"heridos_max":null,"muertos_max":null,"gps_accuracy_median":null,"rud_records":3,"rud_households":2,"rud_addresses":1,"rud_women":3,"rud_minors":0,"rud_older65":1,"rud_afro":0,"rud_indigenous":0,"rud_estado_averiado":1,"rud_estado_no_habitable":2,"rud_estado_habitable":0,"rud_estado_destruido":0,"rud_estado_no_informa":0,"rud_tenencia_propietario":1,"rud_tenencia_arrendatario":2,"rud_tenencia_ocupante":0,"rud_tenencia_poseedor":0,"rud_tenencia_no_informa":0,"rud_match_methods":"nomenclatura_sector","rud_match_confidences":"media","has_rud_match":true}},{"type":"Feature","geometry":{"type":"Point","coordinates":[-76.5695449,3.4531911]},"properties":{"place_id":"41a36ca2-0c98-43a0-8cc7-4b65bc9f22fc","place_report_count":0,"worst_collapse_type":null,"place_has_arcgis_id":false,"evaluation_count":1,"evaluation_ids_count":1,"barrio":"Terron colorado","nivel_dano_max":"alto","severidad_max":"alto","habitabilidad_codigos":"i2","recomendaciones":"desconectar, evacuar_parcial, evacuar_total, evacuar_vecinas, monitoreo, restringir_peatones, restringir_vehiculos, seguimiento, vigilancia","evaluaciones_adicionales":"estructural, geotecnica","usos":"residencial","sistema_estructural":"muros_carga","material":"mamp_simple","epoca_construccion":"antes_1984","estado_conservacion":"malo","calidad_diseno":"malo","ocupantes_max":3,"heridos_max":null,"muertos_max":null,"gps_accuracy_median":null,"rud_records":1,"rud_households":1,"rud_addresses":1,"rud_women":0,"rud_minors":0,"rud_older65":0,"rud_afro":0,"rud_indigenous":0,"rud_estado_averiado":0,"rud_estado_no_habitable":1,"rud_estado_habitable":0,"rud_estado_destruido":0,"rud_estado_no_informa":0,"rud_tenencia_propietario":0,"rud_tenencia_arrendatario":1,"rud_tenencia_ocupante":0,"rud_tenencia_poseedor":0,"rud_tenencia_no_informa":0,"rud_match_methods":"nomenclatura_sector","rud_match_confidences":"media","has_rud_match":true}},{"type":"Feature","geometry":{"type":"Point","coordinates":[-76.5699272,3.4532235]},"properties":{"place_id":"25c1d04f-3910-4ee9-a723-57fd341d3b0d","place_report_count":0,"worst_collapse_type":null,"place_has_arcgis_id":false,"evaluation_count":1,"evaluation_ids_count":1,"barrio":"Terron Colorado","nivel_dano_max":"medio","severidad_max":"medio_alto","habitabilidad_codigos":"r2","recomendaciones":"evacuar_parcial, intervencion","evaluaciones_adicionales":"","usos":"residencial","sistema_estructural":"muros_carga","material":"mamp_simple","epoca_construccion":"antes_1984","estado_conservacion":"regular","calidad_diseno":"regular","ocupantes_max":3,"heridos_max":null,"muertos_max":null,"gps_accuracy_median":11.17,"rud_records":0,"rud_households":0,"rud_addresses":0,"rud_women":0,"rud_minors":0,"rud_older65":0,"rud_afro":0,"rud_indigenous":0,"rud_estado_averiado":0,"rud_estado_no_habitable":0,"rud_estado_habitable":0,"rud_estado_destruido":0,"rud_estado_no_informa":0,"rud_tenencia_propietario":0,"rud_tenencia_arrendatario":0,"rud_tenencia_ocupante":0,"rud_tenencia_poseedor":0,"rud_tenencia_no_informa":0,"rud_match_methods":"","rud_match_confidences":"","has_rud_match":false}},{"type":"Feature","geometry":{"type":"Point","coordinates":[-76.5692037,3.4532919]},"properties":{"place_id":"ab349590-da67-4960-acef-4bef7004f6de","place_report_count":0,"worst_collapse_type":null,"place_has_arcgis_id":false,"evaluation_count":1,"evaluation_ids_count":1,"barrio":"Terron Colorado","nivel_dano_max":"alto","severidad_max":"alto","habitabilidad_codigos":"i2","recomendaciones":"apuntalar, demoler, evacuar_total","evaluaciones_adicionales":"","usos":"residencial","sistema_estructural":"muros_carga","material":"mamp_simple","epoca_construccion":"antes_1984","estado_conservacion":"regular","calidad_diseno":"regular","ocupantes_max":3,"heridos_max":null,"muertos_max":null,"gps_accuracy_median":6.47,"rud_records":2,"rud_households":1,"rud_addresses":1,"rud_women":0,"rud_minors":0,"rud_older65":0,"rud_afro":0,"rud_indigenous":0,"rud_estado_averiado":2,"rud_estado_no_habitable":0,"rud_estado_habitable":0,"rud_estado_destruido":0,"rud_estado_no_informa":0,"rud_tenencia_propietario":0,"rud_tenencia_arrendatario":0,"rud_tenencia_ocupante":2,"rud_tenencia_poseedor":0,"rud_tenencia_no_informa":0,"rud_match_methods":"direccion_normalizada","rud_match_confidences":"alta","has_rud_match":true}},{"type":"Feature","geometry":{"type":"Point","coordinates":[-76.5706306,3.4535575]},"properties":{"place_id":"9b2fd4c7-4af5-4657-b94d-fd2377c91280","place_report_count":0,"worst_collapse_type":null,"place_has_arcgis_id":false,"evaluation_count":1,"evaluation_ids_count":1,"barrio":"Terron Colorado","nivel_dano_max":"alto","severidad_max":"alto","habitabilidad_codigos":"i2","recomendaciones":"evacuar_total","evaluaciones_adicionales":"","usos":"residencial","sistema_estructural":"otro","material":"","epoca_construccion":"antes_1984","estado_conservacion":"malo","calidad_diseno":"malo","ocupantes_max":4,"heridos_max":null,"muertos_max":null,"gps_accuracy_median":7.26,"rud_records":0,"rud_households":0,"rud_addresses":0,"rud_women":0,"rud_minors":0,"rud_older65":0,"rud_afro":0,"rud_indigenous":0,"rud_estado_averiado":0,"rud_estado_no_habitable":0,"rud_estado_habitable":0,"rud_estado_destruido":0,"rud_estado_no_informa":0,"rud_tenencia_propietario":0,"rud_tenencia_arrendatario":0,"rud_tenencia_ocupante":0,"rud_tenencia_poseedor":0,"rud_tenencia_no_informa":0,"rud_match_methods":"","rud_match_confidences":"","has_rud_match":false}},{"type":"Feature","geometry":{"type":"Point","coordinates":[-76.5579243,3.4537112]},"properties":{"place_id":"4a2fc75f-723d-4b32-8285-b56ef4466a28","place_report_count":0,"worst_collapse_type":null,"place_has_arcgis_id":false,"evaluation_count":1,"evaluation_ids_count":1,"barrio":"Terron colorado","nivel_dano_max":"alto","severidad_max":"alto","habitabilidad_codigos":"i2","recomendaciones":"aislamiento, apuntalar, demoler, evacuar_parcial, monitoreo, seguimiento","evaluaciones_adicionales":"estructural","usos":"residencial","sistema_estructural":"no_claro","material":"","epoca_construccion":"despues_2010","estado_conservacion":"malo","calidad_diseno":"regular","ocupantes_max":2,"heridos_max":null,"muertos_max":null,"gps_accuracy_median":3.79,"rud_records":0,"rud_households":0,"rud_addresses":0,"rud_women":0,"rud_minors":0,"rud_older65":0,"rud_afro":0,"rud_indigenous":0,"rud_estado_averiado":0,"rud_estado_no_habitable":0,"rud_estado_habitable":0,"rud_estado_destruido":0,"rud_estado_no_informa":0,"rud_tenencia_propietario":0,"rud_tenencia_arrendatario":0,"rud_tenencia_ocupante":0,"rud_tenencia_poseedor":0,"rud_tenencia_no_informa":0,"rud_match_methods":"","rud_match_confidences":"","has_rud_match":false}},{"type":"Feature","geometry":{"type":"Point","coordinates":[-76.5573869,3.4537481]},"properties":{"place_id":"f207adb8-286e-4d11-a3da-0113b357892c","place_report_count":0,"worst_collapse_type":null,"place_has_arcgis_id":false,"evaluation_count":1,"evaluation_ids_count":1,"barrio":"Terron Colorado","nivel_dano_max":"alto","severidad_max":"alto","habitabilidad_codigos":"i2","recomendaciones":"demoler, evacuar_total","evaluaciones_adicionales":"estructural","usos":"residencial","sistema_estructural":"muros_carga","material":"mamp_simple","epoca_construccion":"antes_1984","estado_conservacion":"malo","calidad_diseno":"malo","ocupantes_max":5,"heridos_max":null,"muertos_max":null,"gps_accuracy_median":4.78,"rud_records":0,"rud_households":0,"rud_addresses":0,"rud_women":0,"rud_minors":0,"rud_older65":0,"rud_afro":0,"rud_indigenous":0,"rud_estado_averiado":0,"rud_estado_no_habitable":0,"rud_estado_habitable":0,"rud_estado_destruido":0,"rud_estado_no_informa":0,"rud_tenencia_propietario":0,"rud_tenencia_arrendatario":0,"rud_tenencia_ocupante":0,"rud_tenencia_poseedor":0,"rud_tenencia_no_informa":0,"rud_match_methods":"","rud_match_confidences":"","has_rud_match":false}},{"type":"Feature","geometry":{"type":"Point","coordinates":[-76.5747057,3.454178]},"properties":{"place_id":"5c09e69d-550a-473e-b246-a53924eefbc6","place_report_count":0,"worst_collapse_type":null,"place_has_arcgis_id":false,"evaluation_count":1,"evaluation_ids_count":1,"barrio":"Terron Villa del Mar","nivel_dano_max":"medio","severidad_max":"medio","habitabilidad_codigos":"r1","recomendaciones":"","evaluaciones_adicionales":"","usos":"comercial, residencial","sistema_estructural":"porticos","material":"conc_arr","epoca_construccion":"","estado_conservacion":"bueno","calidad_diseno":"bueno","ocupantes_max":null,"heridos_max":null,"muertos_max":null,"gps_accuracy_median":3.57,"rud_records":0,"rud_households":0,"rud_addresses":0,"rud_women":0,"rud_minors":0,"rud_older65":0,"rud_afro":0,"rud_indigenous":0,"rud_estado_averiado":0,"rud_estado_no_habitable":0,"rud_estado_habitable":0,"rud_estado_destruido":0,"rud_estado_no_informa":0,"rud_tenencia_propietario":0,"rud_tenencia_arrendatario":0,"rud_tenencia_ocupante":0,"rud_tenencia_poseedor":0,"rud_tenencia_no_informa":0,"rud_match_methods":"","rud_match_confidences":"","has_rud_match":false}},{"type":"Feature","geometry":{"type":"Point","coordinates":[-76.47998,3.454206]},"properties":{"place_id":"c7278e11-d4fc-42b5-8c77-2edb4f62bbd8","place_report_count":1,"worst_collapse_type":"B","place_has_arcgis_id":false,"evaluation_count":0,"evaluation_ids_count":0,"barrio":"","nivel_dano_max":null,"severidad_max":null,"habitabilidad_codigos":"","recomendaciones":"","evaluaciones_adicionales":"","usos":"","sistema_estructural":"","material":"","epoca_construccion":"","estado_conservacion":"","calidad_diseno":"","ocupantes_max":null,"heridos_max":null,"muertos_max":null,"gps_accuracy_median":null,"rud_records":0,"rud_households":0,"rud_addresses":0,"rud_women":0,"rud_minors":0,"rud_older65":0,"rud_afro":0,"rud_indigenous":0,"rud_estado_averiado":0,"rud_estado_no_habitable":0,"rud_estado_habitable":0,"rud_estado_destruido":0,"rud_estado_no_informa":0,"rud_tenencia_propietario":0,"rud_tenencia_arrendatario":0,"rud_tenencia_ocupante":0,"rud_tenencia_poseedor":0,"rud_tenencia_no_informa":0,"rud_match_methods":"","rud_match_confidences":"","has_rud_match":false}},{"type":"Feature","geometry":{"type":"Point","coordinates":[-76.5683611,3.4542344]},"properties":{"place_id":"27f3e1c0-2440-4a05-9d0d-7a78c09474b5","place_report_count":0,"worst_collapse_type":null,"place_has_arcgis_id":false,"evaluation_count":1,"evaluation_ids_count":1,"barrio":"Terron colorado","nivel_dano_max":"alto","severidad_max":"medio","habitabilidad_codigos":"r1","recomendaciones":"evacuar_total, monitoreo, restringir_peatones, seguimiento","evaluaciones_adicionales":"estructural","usos":"residencial","sistema_estructural":"no_claro","material":"mat_no_claro","epoca_construccion":"despues_2010","estado_conservacion":"malo","calidad_diseno":"bueno","ocupantes_max":0,"heridos_max":null,"muertos_max":null,"gps_accuracy_median":3.79,"rud_records":2,"rud_households":1,"rud_addresses":1,"rud_women":1,"rud_minors":0,"rud_older65":0,"rud_afro":0,"rud_indigenous":0,"rud_estado_averiado":2,"rud_estado_no_habitable":0,"rud_estado_habitable":0,"rud_estado_destruido":0,"rud_estado_no_informa":0,"rud_tenencia_propietario":0,"rud_tenencia_arrendatario":2,"rud_tenencia_ocupante":0,"rud_tenencia_poseedor":0,"rud_tenencia_no_informa":0,"rud_match_methods":"direccion_normalizada","rud_match_confidences":"alta","has_rud_match":true}},{"type":"Feature","geometry":{"type":"Point","coordinates":[-76.5685167,3.4542367]},"properties":{"place_id":"1ebb1947-4e96-4e5f-8f6e-933269b5283c","place_report_count":0,"worst_collapse_type":null,"place_has_arcgis_id":false,"evaluation_count":1,"evaluation_ids_count":1,"barrio":"Terron colorado","nivel_dano_max":"alto","severidad_max":"alto","habitabilidad_codigos":"i2","recomendaciones":"aislamiento, apuntalar, demoler, evacuar_parcial, monitoreo, restringir_peatones, restringir_vehiculos, seguimiento, vigilancia","evaluaciones_adicionales":"estructural","usos":"residencial","sistema_estructural":"porticos","material":"conc_arr","epoca_construccion":"desconocida","estado_conservacion":"regular","calidad_diseno":"regular","ocupantes_max":14,"heridos_max":null,"muertos_max":null,"gps_accuracy_median":10.1,"rud_records":0,"rud_households":0,"rud_addresses":0,"rud_women":0,"rud_minors":0,"rud_older65":0,"rud_afro":0,"rud_indigenous":0,"rud_estado_averiado":0,"rud_estado_no_habitable":0,"rud_estado_habitable":0,"rud_estado_destruido":0,"rud_estado_no_informa":0,"rud_tenencia_propietario":0,"rud_tenencia_arrendatario":0,"rud_tenencia_ocupante":0,"rud_tenencia_poseedor":0,"rud_tenencia_no_informa":0,"rud_match_methods":"","rud_match_confidences":"","has_rud_match":false}},{"type":"Feature","geometry":{"type":"Point","coordinates":[-76.5684101,3.4542763]},"properties":{"place_id":"954ff1b6-adf7-4959-adcd-a1ff7c641437","place_report_count":0,"worst_collapse_type":null,"place_has_arcgis_id":false,"evaluation_count":2,"evaluation_ids_count":2,"barrio":"Terron colorado","nivel_dano_max":"alto","severidad_max":"alto","habitabilidad_codigos":"h, i2","recomendaciones":"apuntalar, evacuar_total, intervencion, monitoreo, seguimiento, vigilancia","evaluaciones_adicionales":"estructural","usos":"residencial","sistema_estructural":"no_claro, porticos","material":"conc_arr","epoca_construccion":"1984_1997, 1998_2010","estado_conservacion":"malo, regular","calidad_diseno":"bueno, regular","ocupantes_max":3,"heridos_max":null,"muertos_max":null,"gps_accuracy_median":3.79,"rud_records":3,"rud_households":1,"rud_addresses":1,"rud_women":1,"rud_minors":1,"rud_older65":0,"rud_afro":0,"rud_indigenous":0,"rud_estado_averiado":3,"rud_estado_no_habitable":0,"rud_estado_habitable":0,"rud_estado_destruido":0,"rud_estado_no_informa":0,"rud_tenencia_propietario":3,"rud_tenencia_arrendatario":0,"rud_tenencia_ocupante":0,"rud_tenencia_poseedor":0,"rud_tenencia_no_informa":0,"rud_match_methods":"nomenclatura_sector","rud_match_confidences":"media","has_rud_match":true}},{"type":"Feature","geometry":{"type":"Point","coordinates":[-76.568355,3.45436]},"properties":{"place_id":"3fa206f7-b19c-4f00-b4b2-394d504a63fe","place_report_count":0,"worst_collapse_type":null,"place_has_arcgis_id":false,"evaluation_count":1,"evaluation_ids_count":1,"barrio":"Terron colorado","nivel_dano_max":"alto","severidad_max":"alto","habitabilidad_codigos":"i2","recomendaciones":"aislamiento, apuntalar, demoler, evacuar_parcial, evacuar_vecinas, monitoreo, restringir_peatones, vigilancia","evaluaciones_adicionales":"estructural","usos":"residencial","sistema_estructural":"no_claro","material":"mat_no_claro","epoca_construccion":"antes_1984","estado_conservacion":"malo","calidad_diseno":"regular","ocupantes_max":2,"heridos_max":null,"muertos_max":null,"gps_accuracy_median":12.1,"rud_records":0,"rud_households":0,"rud_addresses":0,"rud_women":0,"rud_minors":0,"rud_older65":0,"rud_afro":0,"rud_indigenous":0,"rud_estado_averiado":0,"rud_estado_no_habitable":0,"rud_estado_habitable":0,"rud_estado_destruido":0,"rud_estado_no_informa":0,"rud_tenencia_propietario":0,"rud_tenencia_arrendatario":0,"rud_tenencia_ocupante":0,"rud_tenencia_poseedor":0,"rud_tenencia_no_informa":0,"rud_match_methods":"","rud_match_confidences":"","has_rud_match":false}},{"type":"Feature","geometry":{"type":"Point","coordinates":[-76.5683168,3.454393]},"properties":{"place_id":"580d05ba-84e1-44f4-87f4-dcfc7e1d8a4c","place_report_count":0,"worst_collapse_type":null,"place_has_arcgis_id":false,"evaluation_count":1,"evaluation_ids_count":1,"barrio":"Terron colorado","nivel_dano_max":"medio","severidad_max":"medio","habitabilidad_codigos":"h","recomendaciones":"demoler","evaluaciones_adicionales":"estructural","usos":"residencial","sistema_estructural":"porticos","material":"conc_arr","epoca_construccion":"despues_2010","estado_conservacion":"regular","calidad_diseno":"bueno","ocupantes_max":6,"heridos_max":null,"muertos_max":null,"gps_accuracy_median":3.79,"rud_records":2,"rud_households":1,"rud_addresses":1,"rud_women":1,"rud_minors":0,"rud_older65":1,"rud_afro":0,"rud_indigenous":0,"rud_estado_averiado":0,"rud_estado_no_habitable":2,"rud_estado_habitable":0,"rud_estado_destruido":0,"rud_estado_no_informa":0,"rud_tenencia_propietario":2,"rud_tenencia_arrendatario":0,"rud_tenencia_ocupante":0,"rud_tenencia_poseedor":0,"rud_tenencia_no_informa":0,"rud_match_methods":"direccion_normalizada","rud_match_confidences":"alta","has_rud_match":true}},{"type":"Feature","geometry":{"type":"Point","coordinates":[-76.5744549,3.4544038]},"properties":{"place_id":"1002ffa9-7678-496c-90af-1ca53585e1b4","place_report_count":0,"worst_collapse_type":null,"place_has_arcgis_id":false,"evaluation_count":1,"evaluation_ids_count":1,"barrio":"Palmas 1, Terron Colorado","nivel_dano_max":"bajo","severidad_max":"medio","habitabilidad_codigos":"h","recomendaciones":"","evaluaciones_adicionales":"","usos":"residencial","sistema_estructural":"dual","material":"conc_mamposteria","epoca_construccion":"despues_2010","estado_conservacion":"bueno","calidad_diseno":"regular","ocupantes_max":null,"heridos_max":null,"muertos_max":null,"gps_accuracy_median":5.66,"rud_records":0,"rud_households":0,"rud_addresses":0,"rud_women":0,"rud_minors":0,"rud_older65":0,"rud_afro":0,"rud_indigenous":0,"rud_estado_averiado":0,"rud_estado_no_habitable":0,"rud_estado_habitable":0,"rud_estado_destruido":0,"rud_estado_no_informa":0,"rud_tenencia_propietario":0,"rud_tenencia_arrendatario":0,"rud_tenencia_ocupante":0,"rud_tenencia_poseedor":0,"rud_tenencia_no_informa":0,"rud_match_methods":"","rud_match_confidences":"","has_rud_match":false}},{"type":"Feature","geometry":{"type":"Point","coordinates":[-76.6377517,3.4544303]},"properties":{"place_id":"62088713-5e40-4105-9c93-7bddd850f926","place_report_count":0,"worst_collapse_type":null,"place_has_arcgis_id":false,"evaluation_count":1,"evaluation_ids_count":1,"barrio":"La leonera","nivel_dano_max":"sin_dano","severidad_max":"sin_dano","habitabilidad_codigos":"h","recomendaciones":"monitoreo","evaluaciones_adicionales":"estructural","usos":"educativo","sistema_estructural":"muros_carga","material":"mamp_simple","epoca_construccion":"antes_1984","estado_conservacion":"","calidad_diseno":"bueno","ocupantes_max":null,"heridos_max":0,"muertos_max":0,"gps_accuracy_median":3.79,"rud_records":0,"rud_households":0,"rud_addresses":0,"rud_women":0,"rud_minors":0,"rud_older65":0,"rud_afro":0,"rud_indigenous":0,"rud_estado_averiado":0,"rud_estado_no_habitable":0,"rud_estado_habitable":0,"rud_estado_destruido":0,"rud_estado_no_informa":0,"rud_tenencia_propietario":0,"rud_tenencia_arrendatario":0,"rud_tenencia_ocupante":0,"rud_tenencia_poseedor":0,"rud_tenencia_no_informa":0,"rud_match_methods":"","rud_match_confidences":"","has_rud_match":false}},{"type":"Feature","geometry":{"type":"Point","coordinates":[-76.5753437,3.4544609]},"properties":{"place_id":"2225da07-bec7-410b-bfea-c7fd7fad9ba7","place_report_count":0,"worst_collapse_type":null,"place_has_arcgis_id":false,"evaluation_count":1,"evaluation_ids_count":1,"barrio":"El Terron","nivel_dano_max":"bajo","severidad_max":"medio","habitabilidad_codigos":"r1","recomendaciones":"","evaluaciones_adicionales":"estructural","usos":"residencial","sistema_estructural":"porticos","material":"conc_no_arr","epoca_construccion":"","estado_conservacion":"regular","calidad_diseno":"regular","ocupantes_max":null,"heridos_max":null,"muertos_max":null,"gps_accuracy_median":6.72,"rud_records":2,"rud_households":2,"rud_addresses":1,"rud_women":2,"rud_minors":0,"rud_older65":0,"rud_afro":0,"rud_indigenous":0,"rud_estado_averiado":2,"rud_estado_no_habitable":0,"rud_estado_habitable":0,"rud_estado_destruido":0,"rud_estado_no_informa":0,"rud_tenencia_propietario":1,"rud_tenencia_arrendatario":1,"rud_tenencia_ocupante":0,"rud_tenencia_poseedor":0,"rud_tenencia_no_informa":0,"rud_match_methods":"direccion_normalizada","rud_match_confidences":"alta","has_rud_match":true}},{"type":"Feature","geometry":{"type":"Point","coordinates":[-76.5751599,3.4544696]},"properties":{"place_id":"ed66f635-dd47-4171-828b-695145616607","place_report_count":0,"worst_collapse_type":null,"place_has_arcgis_id":false,"evaluation_count":1,"evaluation_ids_count":1,"barrio":"El Terron","nivel_dano_max":"bajo","severidad_max":"bajo","habitabilidad_codigos":"h","recomendaciones":"","evaluaciones_adicionales":"","usos":"comercial, residencial","sistema_estructural":"dual","material":"concreto_dual","epoca_construccion":"antes_1984","estado_conservacion":"regular","calidad_diseno":"regular","ocupantes_max":null,"heridos_max":null,"muertos_max":null,"gps_accuracy_median":7.84,"rud_records":2,"rud_households":1,"rud_addresses":1,"rud_women":0,"rud_minors":0,"rud_older65":2,"rud_afro":0,"rud_indigenous":0,"rud_estado_averiado":2,"rud_estado_no_habitable":0,"rud_estado_habitable":0,"rud_estado_destruido":0,"rud_estado_no_informa":0,"rud_tenencia_propietario":2,"rud_tenencia_arrendatario":0,"rud_tenencia_ocupante":0,"rud_tenencia_poseedor":0,"rud_tenencia_no_informa":0,"rud_match_methods":"direccion_normalizada","rud_match_confidences":"alta","has_rud_match":true}},{"type":"Feature","geometry":{"type":"Point","coordinates":[-76.5751443,3.4546883]},"properties":{"place_id":"d76a013c-1b0f-4d90-aa35-51433ad717ee","place_report_count":0,"worst_collapse_type":null,"place_has_arcgis_id":false,"evaluation_count":1,"evaluation_ids_count":1,"barrio":"Palmas 1","nivel_dano_max":"medio","severidad_max":"medio","habitabilidad_codigos":"r1","recomendaciones":"","evaluaciones_adicionales":"","usos":"comercial, residencial","sistema_estructural":"porticos","material":"conc_no_arr","epoca_construccion":"despues_2010","estado_conservacion":"regular","calidad_diseno":"bueno","ocupantes_max":null,"heridos_max":null,"muertos_max":null,"gps_accuracy_median":9.74,"rud_records":0,"rud_households":0,"rud_addresses":0,"rud_women":0,"rud_minors":0,"rud_older65":0,"rud_afro":0,"rud_indigenous":0,"rud_estado_averiado":0,"rud_estado_no_habitable":0,"rud_estado_habitable":0,"rud_estado_destruido":0,"rud_estado_no_informa":0,"rud_tenencia_propietario":0,"rud_tenencia_arrendatario":0,"rud_tenencia_ocupante":0,"rud_tenencia_poseedor":0,"rud_tenencia_no_informa":0,"rud_match_methods":"","rud_match_confidences":"","has_rud_match":false}},{"type":"Feature","geometry":{"type":"Point","coordinates":[-76.5548695,3.4547271]},"properties":{"place_id":"7a2ec1b3-74da-41a2-8462-6efe730223bc","place_report_count":0,"worst_collapse_type":null,"place_has_arcgis_id":false,"evaluation_count":1,"evaluation_ids_count":1,"barrio":"Brisas de la aguacatala, casas nuevas","nivel_dano_max":"alto","severidad_max":"alto","habitabilidad_codigos":"i2","recomendaciones":"","evaluaciones_adicionales":"","usos":"comercial, residencial","sistema_estructural":"porticos","material":"conc_no_arr","epoca_construccion":"1998_2010","estado_conservacion":"regular","calidad_diseno":"regular","ocupantes_max":12,"heridos_max":null,"muertos_max":null,"gps_accuracy_median":8.83,"rud_records":0,"rud_households":0,"rud_addresses":0,"rud_women":0,"rud_minors":0,"rud_older65":0,"rud_afro":0,"rud_indigenous":0,"rud_estado_averiado":0,"rud_estado_no_habitable":0,"rud_estado_habitable":0,"rud_estado_destruido":0,"rud_estado_no_informa":0,"rud_tenencia_propietario":0,"rud_tenencia_arrendatario":0,"rud_tenencia_ocupante":0,"rud_tenencia_poseedor":0,"rud_tenencia_no_informa":0,"rud_match_methods":"","rud_match_confidences":"","has_rud_match":false}},{"type":"Feature","geometry":{"type":"Point","coordinates":[-76.5753782,3.4547858]},"properties":{"place_id":"c26088c4-992b-4c7f-aa02-100064e72caf","place_report_count":0,"worst_collapse_type":null,"place_has_arcgis_id":false,"evaluation_count":1,"evaluation_ids_count":1,"barrio":"Palmas 2","nivel_dano_max":"alto","severidad_max":"alto","habitabilidad_codigos":"i2","recomendaciones":"","evaluaciones_adicionales":"estructural","usos":"comercial, residencial","sistema_estructural":"dual","material":"conc_mamposteria","epoca_construccion":"desconocida","estado_conservacion":"","calidad_diseno":"","ocupantes_max":null,"heridos_max":null,"muertos_max":null,"gps_accuracy_median":6.22,"rud_records":0,"rud_households":0,"rud_addresses":0,"rud_women":0,"rud_minors":0,"rud_older65":0,"rud_afro":0,"rud_indigenous":0,"rud_estado_averiado":0,"rud_estado_no_habitable":0,"rud_estado_habitable":0,"rud_estado_destruido":0,"rud_estado_no_informa":0,"rud_tenencia_propietario":0,"rud_tenencia_arrendatario":0,"rud_tenencia_ocupante":0,"rud_tenencia_poseedor":0,"rud_tenencia_no_informa":0,"rud_match_methods":"","rud_match_confidences":"","has_rud_match":false}},{"type":"Feature","geometry":{"type":"Point","coordinates":[-76.5753435,3.4548745]},"properties":{"place_id":"269a2abb-8c0d-4416-a0a3-9627464fe3e6","place_report_count":0,"worst_collapse_type":null,"place_has_arcgis_id":false,"evaluation_count":1,"evaluation_ids_count":1,"barrio":"Palmas 2","nivel_dano_max":"alto","severidad_max":"alto","habitabilidad_codigos":"i2","recomendaciones":"","evaluaciones_adicionales":"estructural","usos":"comercial, residencial","sistema_estructural":"porticos","material":"conc_no_arr","epoca_construccion":"despues_2010","estado_conservacion":"regular","calidad_diseno":"bueno","ocupantes_max":null,"heridos_max":null,"muertos_max":null,"gps_accuracy_median":7.16,"rud_records":0,"rud_households":0,"rud_addresses":0,"rud_women":0,"rud_minors":0,"rud_older65":0,"rud_afro":0,"rud_indigenous":0,"rud_estado_averiado":0,"rud_estado_no_habitable":0,"rud_estado_habitable":0,"rud_estado_destruido":0,"rud_estado_no_informa":0,"rud_tenencia_propietario":0,"rud_tenencia_arrendatario":0,"rud_tenencia_ocupante":0,"rud_tenencia_poseedor":0,"rud_tenencia_no_informa":0,"rud_match_methods":"","rud_match_confidences":"","has_rud_match":false}},{"type":"Feature","geometry":{"type":"Point","coordinates":[-76.5746457,3.455112]},"properties":{"place_id":"8e3f7adb-4717-4605-a161-51980a9b4bc6","place_report_count":0,"worst_collapse_type":null,"place_has_arcgis_id":false,"evaluation_count":1,"evaluation_ids_count":1,"barrio":"Palmas 1","nivel_dano_max":"alto","severidad_max":"alto","habitabilidad_codigos":"i2","recomendaciones":"","evaluaciones_adicionales":"","usos":"residencial","sistema_estructural":"muros_carga","material":"mamp_simple","epoca_construccion":"","estado_conservacion":"regular","calidad_diseno":"regular","ocupantes_max":5,"heridos_max":null,"muertos_max":null,"gps_accuracy_median":6.87,"rud_records":5,"rud_households":1,"rud_addresses":1,"rud_women":2,"rud_minors":3,"rud_older65":0,"rud_afro":0,"rud_indigenous":0,"rud_estado_averiado":0,"rud_estado_no_habitable":5,"rud_estado_habitable":0,"rud_estado_destruido":0,"rud_estado_no_informa":0,"rud_tenencia_propietario":5,"rud_tenencia_arrendatario":0,"rud_tenencia_ocupante":0,"rud_tenencia_poseedor":0,"rud_tenencia_no_informa":0,"rud_match_methods":"direccion_normalizada","rud_match_confidences":"alta","has_rud_match":true}},{"type":"Feature","geometry":{"type":"Point","coordinates":[-76.5750826,3.4551569]},"properties":{"place_id":"04473dc1-8be1-4287-ad3a-55dea8efa9de","place_report_count":0,"worst_collapse_type":null,"place_has_arcgis_id":false,"evaluation_count":1,"evaluation_ids_count":1,"barrio":"Palmas 2","nivel_dano_max":"medio","severidad_max":"medio_alto","habitabilidad_codigos":"r1","recomendaciones":"","evaluaciones_adicionales":"estructural","usos":"comercial, residencial","sistema_estructural":"","material":"","epoca_construccion":"","estado_conservacion":"regular","calidad_diseno":"regular","ocupantes_max":null,"heridos_max":null,"muertos_max":null,"gps_accuracy_median":5.08,"rud_records":0,"rud_households":0,"rud_addresses":0,"rud_women":0,"rud_minors":0,"rud_older65":0,"rud_afro":0,"rud_indigenous":0,"rud_estado_averiado":0,"rud_estado_no_habitable":0,"rud_estado_habitable":0,"rud_estado_destruido":0,"rud_estado_no_informa":0,"rud_tenencia_propietario":0,"rud_tenencia_arrendatario":0,"rud_tenencia_ocupante":0,"rud_tenencia_poseedor":0,"rud_tenencia_no_informa":0,"rud_match_methods":"","rud_match_confidences":"","has_rud_match":false}},{"type":"Feature","geometry":{"type":"Point","coordinates":[-76.5368314,3.4558822]},"properties":{"place_id":"239380b0-1d12-4336-b1b3-bcf807311f46","place_report_count":0,"worst_collapse_type":null,"place_has_arcgis_id":true,"evaluation_count":1,"evaluation_ids_count":1,"barrio":"Granada","nivel_dano_max":"bajo","severidad_max":"medio","habitabilidad_codigos":"h","recomendaciones":"evacuar_parcial","evaluaciones_adicionales":"estructural","usos":"comercial","sistema_estructural":"porticos","material":"conc_arr","epoca_construccion":"despues_2010","estado_conservacion":"bueno","calidad_diseno":"bueno","ocupantes_max":120,"heridos_max":null,"muertos_max":null,"gps_accuracy_median":1.53,"rud_records":0,"rud_households":0,"rud_addresses":0,"rud_women":0,"rud_minors":0,"rud_older65":0,"rud_afro":0,"rud_indigenous":0,"rud_estado_averiado":0,"rud_estado_no_habitable":0,"rud_estado_habitable":0,"rud_estado_destruido":0,"rud_estado_no_informa":0,"rud_tenencia_propietario":0,"rud_tenencia_arrendatario":0,"rud_tenencia_ocupante":0,"rud_tenencia_poseedor":0,"rud_tenencia_no_informa":0,"rud_match_methods":"","rud_match_confidences":"","has_rud_match":false}},{"type":"Feature","geometry":{"type":"Point","coordinates":[-76.52898,3.456141]},"properties":{"place_id":"e5fdbe61-a9b6-4587-b2ab-91515e55fc9b","place_report_count":1,"worst_collapse_type":"B","place_has_arcgis_id":false,"evaluation_count":1,"evaluation_ids_count":1,"barrio":"El Hoyo","nivel_dano_max":"medio","severidad_max":"medio_alto","habitabilidad_codigos":"r1","recomendaciones":"apuntalar, demoler, seguimiento","evaluaciones_adicionales":"estructural","usos":"residencial","sistema_estructural":"no_claro","material":"","epoca_construccion":"antes_1984","estado_conservacion":"bueno","calidad_diseno":"malo","ocupantes_max":1,"heridos_max":0,"muertos_max":0,"gps_accuracy_median":null,"rud_records":0,"rud_households":0,"rud_addresses":0,"rud_women":0,"rud_minors":0,"rud_older65":0,"rud_afro":0,"rud_indigenous":0,"rud_estado_averiado":0,"rud_estado_no_habitable":0,"rud_estado_habitable":0,"rud_estado_destruido":0,"rud_estado_no_informa":0,"rud_tenencia_propietario":0,"rud_tenencia_arrendatario":0,"rud_tenencia_ocupante":0,"rud_tenencia_poseedor":0,"rud_tenencia_no_informa":0,"rud_match_methods":"","rud_match_confidences":"","has_rud_match":false}},{"type":"Feature","geometry":{"type":"Point","coordinates":[-76.5290286,3.4561802]},"properties":{"place_id":"a08c2d36-2385-4d32-b8b2-d9199a6a9c22","place_report_count":0,"worst_collapse_type":null,"place_has_arcgis_id":false,"evaluation_count":1,"evaluation_ids_count":1,"barrio":"El Hoyo","nivel_dano_max":"medio","severidad_max":"medio","habitabilidad_codigos":"r1","recomendaciones":"apuntalar, demoler, intervencion, seguimiento","evaluaciones_adicionales":"estructural","usos":"residencial","sistema_estructural":"no_claro","material":"mat_no_claro","epoca_construccion":"antes_1984","estado_conservacion":"bueno","calidad_diseno":"malo","ocupantes_max":1,"heridos_max":null,"muertos_max":null,"gps_accuracy_median":null,"rud_records":0,"rud_households":0,"rud_addresses":0,"rud_women":0,"rud_minors":0,"rud_older65":0,"rud_afro":0,"rud_indigenous":0,"rud_estado_averiado":0,"rud_estado_no_habitable":0,"rud_estado_habitable":0,"rud_estado_destruido":0,"rud_estado_no_informa":0,"rud_tenencia_propietario":0,"rud_tenencia_arrendatario":0,"rud_tenencia_ocupante":0,"rud_tenencia_poseedor":0,"rud_tenencia_no_informa":0,"rud_match_methods":"","rud_match_confidences":"","has_rud_match":false}},{"type":"Feature","geometry":{"type":"Point","coordinates":[-76.5348045,3.4576422]},"properties":{"place_id":"cb6b8bd1-c0ab-4e41-a5f4-03a38c8c3fbd","place_report_count":0,"worst_collapse_type":null,"place_has_arcgis_id":true,"evaluation_count":1,"evaluation_ids_count":1,"barrio":"Granada","nivel_dano_max":"bajo","severidad_max":"bajo","habitabilidad_codigos":"i1","recomendaciones":"","evaluaciones_adicionales":"","usos":"industrial","sistema_estructural":"muros_carga","material":"mamp_reforzada","epoca_construccion":"","estado_conservacion":"bueno","calidad_diseno":"regular","ocupantes_max":null,"heridos_max":null,"muertos_max":null,"gps_accuracy_median":6.97,"rud_records":0,"rud_households":0,"rud_addresses":0,"rud_women":0,"rud_minors":0,"rud_older65":0,"rud_afro":0,"rud_indigenous":0,"rud_estado_averiado":0,"rud_estado_no_habitable":0,"rud_estado_habitable":0,"rud_estado_destruido":0,"rud_estado_no_informa":0,"rud_tenencia_propietario":0,"rud_tenencia_arrendatario":0,"rud_tenencia_ocupante":0,"rud_tenencia_poseedor":0,"rud_tenencia_no_informa":0,"rud_match_methods":"","rud_match_confidences":"","has_rud_match":false}},{"type":"Feature","geometry":{"type":"Point","coordinates":[-76.5344663,3.4577734]},"properties":{"place_id":"4c669ff2-e328-4caf-a717-718f134011f3","place_report_count":0,"worst_collapse_type":null,"place_has_arcgis_id":true,"evaluation_count":1,"evaluation_ids_count":1,"barrio":"Granada","nivel_dano_max":"alto","severidad_max":"medio_alto","habitabilidad_codigos":"i2","recomendaciones":"","evaluaciones_adicionales":"estructural","usos":"comercial","sistema_estructural":"porticos","material":"conc_arr","epoca_construccion":"desconocida","estado_conservacion":"regular","calidad_diseno":"bueno","ocupantes_max":null,"heridos_max":null,"muertos_max":null,"gps_accuracy_median":4.36,"rud_records":0,"rud_households":0,"rud_addresses":0,"rud_women":0,"rud_minors":0,"rud_older65":0,"rud_afro":0,"rud_indigenous":0,"rud_estado_averiado":0,"rud_estado_no_habitable":0,"rud_estado_habitable":0,"rud_estado_destruido":0,"rud_estado_no_informa":0,"rud_tenencia_propietario":0,"rud_tenencia_arrendatario":0,"rud_tenencia_ocupante":0,"rud_tenencia_poseedor":0,"rud_tenencia_no_informa":0,"rud_match_methods":"","rud_match_confidences":"","has_rud_match":false}},{"type":"Feature","geometry":{"type":"Point","coordinates":[-76.53583521,3.45871506]},"properties":{"place_id":"fbd7df44-2d6a-4a4c-9f2c-7d0feccbd1f9","place_report_count":1,"worst_collapse_type":"B","place_has_arcgis_id":false,"evaluation_count":1,"evaluation_ids_count":1,"barrio":"Juan Ambu","nivel_dano_max":"alto","severidad_max":"alto","habitabilidad_codigos":"i2","recomendaciones":"","evaluaciones_adicionales":"estructural, geotecnica","usos":"comercial, residencial","sistema_estructural":"porticos","material":"conc_arr","epoca_construccion":"antes_1984","estado_conservacion":"regular","calidad_diseno":"bueno","ocupantes_max":14,"heridos_max":0,"muertos_max":0,"gps_accuracy_median":9.94,"rud_records":0,"rud_households":0,"rud_addresses":0,"rud_women":0,"rud_minors":0,"rud_older65":0,"rud_afro":0,"rud_indigenous":0,"rud_estado_averiado":0,"rud_estado_no_habitable":0,"rud_estado_habitable":0,"rud_estado_destruido":0,"rud_estado_no_informa":0,"rud_tenencia_propietario":0,"rud_tenencia_arrendatario":0,"rud_tenencia_ocupante":0,"rud_tenencia_poseedor":0,"rud_tenencia_no_informa":0,"rud_match_methods":"","rud_match_confidences":"","has_rud_match":false}},{"type":"Feature","geometry":{"type":"Point","coordinates":[-76.5326595,3.458771]},"properties":{"place_id":"68cf7ade-26eb-49aa-ad46-2b5211304008","place_report_count":0,"worst_collapse_type":null,"place_has_arcgis_id":true,"evaluation_count":1,"evaluation_ids_count":1,"barrio":"Barrio granada","nivel_dano_max":"bajo","severidad_max":"bajo","habitabilidad_codigos":"h","recomendaciones":"","evaluaciones_adicionales":"","usos":"comercial","sistema_estructural":"porticos","material":"conc_no_arr","epoca_construccion":"1984_1997","estado_conservacion":"bueno","calidad_diseno":"bueno","ocupantes_max":90,"heridos_max":null,"muertos_max":null,"gps_accuracy_median":8.57,"rud_records":0,"rud_households":0,"rud_addresses":0,"rud_women":0,"rud_minors":0,"rud_older65":0,"rud_afro":0,"rud_indigenous":0,"rud_estado_averiado":0,"rud_estado_no_habitable":0,"rud_estado_habitable":0,"rud_estado_destruido":0,"rud_estado_no_informa":0,"rud_tenencia_propietario":0,"rud_tenencia_arrendatario":0,"rud_tenencia_ocupante":0,"rud_tenencia_poseedor":0,"rud_tenencia_no_informa":0,"rud_match_methods":"","rud_match_confidences":"","has_rud_match":false}},{"type":"Feature","geometry":{"type":"Point","coordinates":[-76.5328745,3.4588023]},"properties":{"place_id":"87ce521b-1689-4dc8-a76e-a424c4b674ed","place_report_count":0,"worst_collapse_type":null,"place_has_arcgis_id":true,"evaluation_count":1,"evaluation_ids_count":1,"barrio":"Granada","nivel_dano_max":"medio","severidad_max":"medio","habitabilidad_codigos":"r1","recomendaciones":"evacuar_vecinas","evaluaciones_adicionales":"","usos":"oficina","sistema_estructural":"porticos","material":"conc_no_arr","epoca_construccion":"antes_1984","estado_conservacion":"bueno","calidad_diseno":"bueno","ocupantes_max":150,"heridos_max":null,"muertos_max":null,"gps_accuracy_median":9.46,"rud_records":0,"rud_households":0,"rud_addresses":0,"rud_women":0,"rud_minors":0,"rud_older65":0,"rud_afro":0,"rud_indigenous":0,"rud_estado_averiado":0,"rud_estado_no_habitable":0,"rud_estado_habitable":0,"rud_estado_destruido":0,"rud_estado_no_informa":0,"rud_tenencia_propietario":0,"rud_tenencia_arrendatario":0,"rud_tenencia_ocupante":0,"rud_tenencia_poseedor":0,"rud_tenencia_no_informa":0,"rud_match_methods":"","rud_match_confidences":"","has_rud_match":false}},{"type":"Feature","geometry":{"type":"Point","coordinates":[-76.53561309999999,3.4588087]},"properties":{"place_id":"46fac5e7-4d15-42ab-abf3-22aed207266a","place_report_count":1,"worst_collapse_type":"B","place_has_arcgis_id":false,"evaluation_count":0,"evaluation_ids_count":0,"barrio":"","nivel_dano_max":null,"severidad_max":null,"habitabilidad_codigos":"","recomendaciones":"","evaluaciones_adicionales":"","usos":"","sistema_estructural":"","material":"","epoca_construccion":"","estado_conservacion":"","calidad_diseno":"","ocupantes_max":null,"heridos_max":null,"muertos_max":null,"gps_accuracy_median":null,"rud_records":0,"rud_households":0,"rud_addresses":0,"rud_women":0,"rud_minors":0,"rud_older65":0,"rud_afro":0,"rud_indigenous":0,"rud_estado_averiado":0,"rud_estado_no_habitable":0,"rud_estado_habitable":0,"rud_estado_destruido":0,"rud_estado_no_informa":0,"rud_tenencia_propietario":0,"rud_tenencia_arrendatario":0,"rud_tenencia_ocupante":0,"rud_tenencia_poseedor":0,"rud_tenencia_no_informa":0,"rud_match_methods":"","rud_match_confidences":"","has_rud_match":false}},{"type":"Feature","geometry":{"type":"Point","coordinates":[-76.5216923,3.4590041]},"properties":{"place_id":"ea5ed392-900c-4789-8cb5-410b5c51b6aa","place_report_count":0,"worst_collapse_type":null,"place_has_arcgis_id":false,"evaluation_count":1,"evaluation_ids_count":1,"barrio":"San Nicolás","nivel_dano_max":"sin_dano","severidad_max":"sin_dano","habitabilidad_codigos":"h","recomendaciones":"seguimiento","evaluaciones_adicionales":"otra","usos":"serv_publicos","sistema_estructural":"dual","material":"conc_mamposteria","epoca_construccion":"antes_1984","estado_conservacion":"bueno","calidad_diseno":"bueno","ocupantes_max":100,"heridos_max":0,"muertos_max":0,"gps_accuracy_median":71.43,"rud_records":0,"rud_households":0,"rud_addresses":0,"rud_women":0,"rud_minors":0,"rud_older65":0,"rud_afro":0,"rud_indigenous":0,"rud_estado_averiado":0,"rud_estado_no_habitable":0,"rud_estado_habitable":0,"rud_estado_destruido":0,"rud_estado_no_informa":0,"rud_tenencia_propietario":0,"rud_tenencia_arrendatario":0,"rud_tenencia_ocupante":0,"rud_tenencia_poseedor":0,"rud_tenencia_no_informa":0,"rud_match_methods":"","rud_match_confidences":"","has_rud_match":false}},{"type":"Feature","geometry":{"type":"Point","coordinates":[-76.5219816,3.4595522]},"properties":{"place_id":"c536e861-538d-4446-94e3-9792921dbedd","place_report_count":0,"worst_collapse_type":null,"place_has_arcgis_id":false,"evaluation_count":1,"evaluation_ids_count":1,"barrio":"San Nicolás","nivel_dano_max":"alto","severidad_max":"medio_alto","habitabilidad_codigos":"i2","recomendaciones":"apuntalar, demoler, desconectar, evacuar_total, vigilancia","evaluaciones_adicionales":"estructural","usos":"comercial","sistema_estructural":"dual","material":"conc_mamposteria","epoca_construccion":"antes_1984","estado_conservacion":"bueno","calidad_diseno":"bueno","ocupantes_max":600,"heridos_max":null,"muertos_max":null,"gps_accuracy_median":6.0,"rud_records":0,"rud_households":0,"rud_addresses":0,"rud_women":0,"rud_minors":0,"rud_older65":0,"rud_afro":0,"rud_indigenous":0,"rud_estado_averiado":0,"rud_estado_no_habitable":0,"rud_estado_habitable":0,"rud_estado_destruido":0,"rud_estado_no_informa":0,"rud_tenencia_propietario":0,"rud_tenencia_arrendatario":0,"rud_tenencia_ocupante":0,"rud_tenencia_poseedor":0,"rud_tenencia_no_informa":0,"rud_match_methods":"","rud_match_confidences":"","has_rud_match":false}},{"type":"Feature","geometry":{"type":"Point","coordinates":[-76.5305558,3.4595694]},"properties":{"place_id":"13384da7-256c-4faf-83b9-411c671d903f","place_report_count":0,"worst_collapse_type":null,"place_has_arcgis_id":true,"evaluation_count":1,"evaluation_ids_count":1,"barrio":"Versalles","nivel_dano_max":"bajo","severidad_max":"bajo","habitabilidad_codigos":"h","recomendaciones":"","evaluaciones_adicionales":"estructural","usos":"","sistema_estructural":"","material":"","epoca_construccion":"","estado_conservacion":"","calidad_diseno":"","ocupantes_max":null,"heridos_max":null,"muertos_max":null,"gps_accuracy_median":7.65,"rud_records":0,"rud_households":0,"rud_addresses":0,"rud_women":0,"rud_minors":0,"rud_older65":0,"rud_afro":0,"rud_indigenous":0,"rud_estado_averiado":0,"rud_estado_no_habitable":0,"rud_estado_habitable":0,"rud_estado_destruido":0,"rud_estado_no_informa":0,"rud_tenencia_propietario":0,"rud_tenencia_arrendatario":0,"rud_tenencia_ocupante":0,"rud_tenencia_poseedor":0,"rud_tenencia_no_informa":0,"rud_match_methods":"","rud_match_confidences":"","has_rud_match":false}},{"type":"Feature","geometry":{"type":"Point","coordinates":[-76.5316114,3.4599392]},"properties":{"place_id":"9d68e216-65ea-4523-b593-c717d06537e8","place_report_count":0,"worst_collapse_type":null,"place_has_arcgis_id":true,"evaluation_count":1,"evaluation_ids_count":1,"barrio":"Granada","nivel_dano_max":"sin_dano","severidad_max":"sin_dano","habitabilidad_codigos":"h","recomendaciones":"seguimiento","evaluaciones_adicionales":"","usos":"oficina","sistema_estructural":"porticos","material":"conc_no_arr","epoca_construccion":"1984_1997","estado_conservacion":"bueno","calidad_diseno":"bueno","ocupantes_max":80,"heridos_max":null,"muertos_max":null,"gps_accuracy_median":39.12,"rud_records":0,"rud_households":0,"rud_addresses":0,"rud_women":0,"rud_minors":0,"rud_older65":0,"rud_afro":0,"rud_indigenous":0,"rud_estado_averiado":0,"rud_estado_no_habitable":0,"rud_estado_habitable":0,"rud_estado_destruido":0,"rud_estado_no_informa":0,"rud_tenencia_propietario":0,"rud_tenencia_arrendatario":0,"rud_tenencia_ocupante":0,"rud_tenencia_poseedor":0,"rud_tenencia_no_informa":0,"rud_match_methods":"","rud_match_confidences":"","has_rud_match":false}},{"type":"Feature","geometry":{"type":"Point","coordinates":[-76.5291163,3.4606613]},"properties":{"place_id":"44c6bdb6-4be8-4984-a774-c4c5cb9072a4","place_report_count":0,"worst_collapse_type":null,"place_has_arcgis_id":false,"evaluation_count":1,"evaluation_ids_count":1,"barrio":"San Vicente","nivel_dano_max":"bajo","severidad_max":"bajo","habitabilidad_codigos":"h","recomendaciones":"seguimiento","evaluaciones_adicionales":"otra","usos":"salud","sistema_estructural":"porticos","material":"conc_arr","epoca_construccion":"antes_1984","estado_conservacion":"bueno","calidad_diseno":"bueno","ocupantes_max":72,"heridos_max":null,"muertos_max":null,"gps_accuracy_median":8.88,"rud_records":0,"rud_households":0,"rud_addresses":0,"rud_women":0,"rud_minors":0,"rud_older65":0,"rud_afro":0,"rud_indigenous":0,"rud_estado_averiado":0,"rud_estado_no_habitable":0,"rud_estado_habitable":0,"rud_estado_destruido":0,"rud_estado_no_informa":0,"rud_tenencia_propietario":0,"rud_tenencia_arrendatario":0,"rud_tenencia_ocupante":0,"rud_tenencia_poseedor":0,"rud_tenencia_no_informa":0,"rud_match_methods":"","rud_match_confidences":"","has_rud_match":false}},{"type":"Feature","geometry":{"type":"Point","coordinates":[-76.5302671,3.4618543]},"properties":{"place_id":"4e153387-88d8-46bd-94a9-cbe6b84006f6","place_report_count":1,"worst_collapse_type":null,"place_has_arcgis_id":false,"evaluation_count":1,"evaluation_ids_count":1,"barrio":"Versalles","nivel_dano_max":"medio","severidad_max":"medio_alto","habitabilidad_codigos":"r1","recomendaciones":"restringir_peatones","evaluaciones_adicionales":"","usos":"institucional, oficina, residencial","sistema_estructural":"porticos","material":"conc_no_arr","epoca_construccion":"1998_2010","estado_conservacion":"bueno","calidad_diseno":"bueno","ocupantes_max":100,"heridos_max":null,"muertos_max":null,"gps_accuracy_median":3.79,"rud_records":0,"rud_households":0,"rud_addresses":0,"rud_women":0,"rud_minors":0,"rud_older65":0,"rud_afro":0,"rud_indigenous":0,"rud_estado_averiado":0,"rud_estado_no_habitable":0,"rud_estado_habitable":0,"rud_estado_destruido":0,"rud_estado_no_informa":0,"rud_tenencia_propietario":0,"rud_tenencia_arrendatario":0,"rud_tenencia_ocupante":0,"rud_tenencia_poseedor":0,"rud_tenencia_no_informa":0,"rud_match_methods":"","rud_match_confidences":"","has_rud_match":false}},{"type":"Feature","geometry":{"type":"Point","coordinates":[-76.52834279999999,3.4620299]},"properties":{"place_id":"734e4780-8114-45c9-952f-a2fd24558a82","place_report_count":1,"worst_collapse_type":"B","place_has_arcgis_id":false,"evaluation_count":0,"evaluation_ids_count":0,"barrio":"","nivel_dano_max":null,"severidad_max":null,"habitabilidad_codigos":"","recomendaciones":"","evaluaciones_adicionales":"","usos":"","sistema_estructural":"","material":"","epoca_construccion":"","estado_conservacion":"","calidad_diseno":"","ocupantes_max":null,"heridos_max":null,"muertos_max":null,"gps_accuracy_median":null,"rud_records":0,"rud_households":0,"rud_addresses":0,"rud_women":0,"rud_minors":0,"rud_older65":0,"rud_afro":0,"rud_indigenous":0,"rud_estado_averiado":0,"rud_estado_no_habitable":0,"rud_estado_habitable":0,"rud_estado_destruido":0,"rud_estado_no_informa":0,"rud_tenencia_propietario":0,"rud_tenencia_arrendatario":0,"rud_tenencia_ocupante":0,"rud_tenencia_poseedor":0,"rud_tenencia_no_informa":0,"rud_match_methods":"","rud_match_confidences":"","has_rud_match":false}},{"type":"Feature","geometry":{"type":"Point","coordinates":[-76.52834279999999,3.4620299]},"properties":{"place_id":"d58ebce7-f9c1-4a73-88fe-bcdbcb2d9f85","place_report_count":1,"worst_collapse_type":"B","place_has_arcgis_id":false,"evaluation_count":0,"evaluation_ids_count":0,"barrio":"","nivel_dano_max":null,"severidad_max":null,"habitabilidad_codigos":"","recomendaciones":"","evaluaciones_adicionales":"","usos":"","sistema_estructural":"","material":"","epoca_construccion":"","estado_conservacion":"","calidad_diseno":"","ocupantes_max":null,"heridos_max":null,"muertos_max":null,"gps_accuracy_median":null,"rud_records":0,"rud_households":0,"rud_addresses":0,"rud_women":0,"rud_minors":0,"rud_older65":0,"rud_afro":0,"rud_indigenous":0,"rud_estado_averiado":0,"rud_estado_no_habitable":0,"rud_estado_habitable":0,"rud_estado_destruido":0,"rud_estado_no_informa":0,"rud_tenencia_propietario":0,"rud_tenencia_arrendatario":0,"rud_tenencia_ocupante":0,"rud_tenencia_poseedor":0,"rud_tenencia_no_informa":0,"rud_match_methods":"","rud_match_confidences":"","has_rud_match":false}},{"type":"Feature","geometry":{"type":"Point","coordinates":[-76.5262991,3.4632255]},"properties":{"place_id":"8c61d1ec-8783-47a5-8e51-57b20c769661","place_report_count":0,"worst_collapse_type":null,"place_has_arcgis_id":false,"evaluation_count":1,"evaluation_ids_count":1,"barrio":"Versalles","nivel_dano_max":"medio","severidad_max":"medio_alto","habitabilidad_codigos":"r1","recomendaciones":"monitoreo, seguimiento","evaluaciones_adicionales":"estructural","usos":"comercial, institucional, oficina, parqueaderos, residencial, salud","sistema_estructural":"","material":"","epoca_construccion":"desconocida","estado_conservacion":"bueno","calidad_diseno":"bueno","ocupantes_max":null,"heridos_max":null,"muertos_max":null,"gps_accuracy_median":null,"rud_records":0,"rud_households":0,"rud_addresses":0,"rud_women":0,"rud_minors":0,"rud_older65":0,"rud_afro":0,"rud_indigenous":0,"rud_estado_averiado":0,"rud_estado_no_habitable":0,"rud_estado_habitable":0,"rud_estado_destruido":0,"rud_estado_no_informa":0,"rud_tenencia_propietario":0,"rud_tenencia_arrendatario":0,"rud_tenencia_ocupante":0,"rud_tenencia_poseedor":0,"rud_tenencia_no_informa":0,"rud_match_methods":"","rud_match_confidences":"","has_rud_match":false}},{"type":"Feature","geometry":{"type":"Point","coordinates":[-76.5273891,3.4632431]},"properties":{"place_id":"2a86cb2d-b2c0-445e-854e-3119c81e1a00","place_report_count":0,"worst_collapse_type":null,"place_has_arcgis_id":false,"evaluation_count":1,"evaluation_ids_count":1,"barrio":"Versalles","nivel_dano_max":"medio","severidad_max":"medio_alto","habitabilidad_codigos":"r1","recomendaciones":"","evaluaciones_adicionales":"estructural","usos":"residencial","sistema_estructural":"","material":"","epoca_construccion":"","estado_conservacion":"bueno","calidad_diseno":"bueno","ocupantes_max":null,"heridos_max":null,"muertos_max":null,"gps_accuracy_median":null,"rud_records":0,"rud_households":0,"rud_addresses":0,"rud_women":0,"rud_minors":0,"rud_older65":0,"rud_afro":0,"rud_indigenous":0,"rud_estado_averiado":0,"rud_estado_no_habitable":0,"rud_estado_habitable":0,"rud_estado_destruido":0,"rud_estado_no_informa":0,"rud_tenencia_propietario":0,"rud_tenencia_arrendatario":0,"rud_tenencia_ocupante":0,"rud_tenencia_poseedor":0,"rud_tenencia_no_informa":0,"rud_match_methods":"","rud_match_confidences":"","has_rud_match":false}},{"type":"Feature","geometry":{"type":"Point","coordinates":[-76.5270743,3.4635565]},"properties":{"place_id":"65d7c461-ba59-4a55-9f39-dcd85856fd8d","place_report_count":0,"worst_collapse_type":null,"place_has_arcgis_id":false,"evaluation_count":1,"evaluation_ids_count":1,"barrio":"Versalles","nivel_dano_max":"medio","severidad_max":"medio_alto","habitabilidad_codigos":"r1","recomendaciones":"","evaluaciones_adicionales":"estructural","usos":"comercial, institucional, oficina, residencial, salud","sistema_estructural":"","material":"","epoca_construccion":"","estado_conservacion":"","calidad_diseno":"","ocupantes_max":null,"heridos_max":null,"muertos_max":null,"gps_accuracy_median":null,"rud_records":0,"rud_households":0,"rud_addresses":0,"rud_women":0,"rud_minors":0,"rud_older65":0,"rud_afro":0,"rud_indigenous":0,"rud_estado_averiado":0,"rud_estado_no_habitable":0,"rud_estado_habitable":0,"rud_estado_destruido":0,"rud_estado_no_informa":0,"rud_tenencia_propietario":0,"rud_tenencia_arrendatario":0,"rud_tenencia_ocupante":0,"rud_tenencia_poseedor":0,"rud_tenencia_no_informa":0,"rud_match_methods":"","rud_match_confidences":"","has_rud_match":false}},{"type":"Feature","geometry":{"type":"Point","coordinates":[-76.5284666,3.4637725]},"properties":{"place_id":"2380a55d-6662-4e45-b023-61a77ff8cb28","place_report_count":0,"worst_collapse_type":null,"place_has_arcgis_id":false,"evaluation_count":1,"evaluation_ids_count":1,"barrio":"Versalles","nivel_dano_max":"medio","severidad_max":"medio_alto","habitabilidad_codigos":"r1","recomendaciones":"aislamiento, demoler, restringir_peatones","evaluaciones_adicionales":"estructural","usos":"residencial","sistema_estructural":"porticos","material":"conc_no_arr","epoca_construccion":"1984_1997","estado_conservacion":"bueno","calidad_diseno":"bueno","ocupantes_max":64,"heridos_max":0,"muertos_max":0,"gps_accuracy_median":null,"rud_records":0,"rud_households":0,"rud_addresses":0,"rud_women":0,"rud_minors":0,"rud_older65":0,"rud_afro":0,"rud_indigenous":0,"rud_estado_averiado":0,"rud_estado_no_habitable":0,"rud_estado_habitable":0,"rud_estado_destruido":0,"rud_estado_no_informa":0,"rud_tenencia_propietario":0,"rud_tenencia_arrendatario":0,"rud_tenencia_ocupante":0,"rud_tenencia_poseedor":0,"rud_tenencia_no_informa":0,"rud_match_methods":"","rud_match_confidences":"","has_rud_match":false}},{"type":"Feature","geometry":{"type":"Point","coordinates":[-76.5289117,3.4637969]},"properties":{"place_id":"afef8ea3-89df-42a3-bdac-a1496e9a2690","place_report_count":0,"worst_collapse_type":null,"place_has_arcgis_id":false,"evaluation_count":1,"evaluation_ids_count":1,"barrio":"Versalles","nivel_dano_max":"bajo","severidad_max":"bajo","habitabilidad_codigos":"h","recomendaciones":"","evaluaciones_adicionales":"","usos":"residencial","sistema_estructural":"porticos","material":"conc_no_arr","epoca_construccion":"1984_1997","estado_conservacion":"bueno","calidad_diseno":"bueno","ocupantes_max":56,"heridos_max":0,"muertos_max":0,"gps_accuracy_median":11.52,"rud_records":0,"rud_households":0,"rud_addresses":0,"rud_women":0,"rud_minors":0,"rud_older65":0,"rud_afro":0,"rud_indigenous":0,"rud_estado_averiado":0,"rud_estado_no_habitable":0,"rud_estado_habitable":0,"rud_estado_destruido":0,"rud_estado_no_informa":0,"rud_tenencia_propietario":0,"rud_tenencia_arrendatario":0,"rud_tenencia_ocupante":0,"rud_tenencia_poseedor":0,"rud_tenencia_no_informa":0,"rud_match_methods":"","rud_match_confidences":"","has_rud_match":false}},{"type":"Feature","geometry":{"type":"Point","coordinates":[-76.5286521,3.4638446]},"properties":{"place_id":"a85ea755-d2f2-4896-a496-ecddd3104d1a","place_report_count":0,"worst_collapse_type":null,"place_has_arcgis_id":false,"evaluation_count":1,"evaluation_ids_count":1,"barrio":"Versalles","nivel_dano_max":"bajo","severidad_max":"bajo","habitabilidad_codigos":"h","recomendaciones":"","evaluaciones_adicionales":"","usos":"comercial","sistema_estructural":"porticos","material":"conc_no_arr","epoca_construccion":"despues_2010","estado_conservacion":"regular","calidad_diseno":"bueno","ocupantes_max":null,"heridos_max":0,"muertos_max":0,"gps_accuracy_median":11.34,"rud_records":0,"rud_households":0,"rud_addresses":0,"rud_women":0,"rud_minors":0,"rud_older65":0,"rud_afro":0,"rud_indigenous":0,"rud_estado_averiado":0,"rud_estado_no_habitable":0,"rud_estado_habitable":0,"rud_estado_destruido":0,"rud_estado_no_informa":0,"rud_tenencia_propietario":0,"rud_tenencia_arrendatario":0,"rud_tenencia_ocupante":0,"rud_tenencia_poseedor":0,"rud_tenencia_no_informa":0,"rud_match_methods":"","rud_match_confidences":"","has_rud_match":false}},{"type":"Feature","geometry":{"type":"Point","coordinates":[-76.5271025,3.4641293]},"properties":{"place_id":"4639a7c0-f6bf-4d5d-b6b5-d46d8d010992","place_report_count":0,"worst_collapse_type":null,"place_has_arcgis_id":false,"evaluation_count":1,"evaluation_ids_count":1,"barrio":"Versalles","nivel_dano_max":"bajo","severidad_max":"bajo","habitabilidad_codigos":"h","recomendaciones":"","evaluaciones_adicionales":"estructural","usos":"oficina, salud","sistema_estructural":"","material":"","epoca_construccion":"desconocida","estado_conservacion":"bueno","calidad_diseno":"bueno","ocupantes_max":null,"heridos_max":null,"muertos_max":null,"gps_accuracy_median":null,"rud_records":0,"rud_households":0,"rud_addresses":0,"rud_women":0,"rud_minors":0,"rud_older65":0,"rud_afro":0,"rud_indigenous":0,"rud_estado_averiado":0,"rud_estado_no_habitable":0,"rud_estado_habitable":0,"rud_estado_destruido":0,"rud_estado_no_informa":0,"rud_tenencia_propietario":0,"rud_tenencia_arrendatario":0,"rud_tenencia_ocupante":0,"rud_tenencia_poseedor":0,"rud_tenencia_no_informa":0,"rud_match_methods":"","rud_match_confidences":"","has_rud_match":false}},{"type":"Feature","geometry":{"type":"Point","coordinates":[-76.5273287,3.464301]},"properties":{"place_id":"f2f1ff54-6830-4df0-9133-7a00d2d0b2cc","place_report_count":0,"worst_collapse_type":null,"place_has_arcgis_id":false,"evaluation_count":1,"evaluation_ids_count":1,"barrio":"Versalles","nivel_dano_max":"medio","severidad_max":"medio_alto","habitabilidad_codigos":"r2","recomendaciones":"aislamiento, demoler, monitoreo","evaluaciones_adicionales":"","usos":"residencial","sistema_estructural":"porticos","material":"conc_no_arr","epoca_construccion":"1984_1997","estado_conservacion":"bueno","calidad_diseno":"bueno","ocupantes_max":30,"heridos_max":0,"muertos_max":0,"gps_accuracy_median":5.23,"rud_records":1,"rud_households":1,"rud_addresses":1,"rud_women":1,"rud_minors":0,"rud_older65":0,"rud_afro":0,"rud_indigenous":0,"rud_estado_averiado":0,"rud_estado_no_habitable":0,"rud_estado_habitable":1,"rud_estado_destruido":0,"rud_estado_no_informa":0,"rud_tenencia_propietario":1,"rud_tenencia_arrendatario":0,"rud_tenencia_ocupante":0,"rud_tenencia_poseedor":0,"rud_tenencia_no_informa":0,"rud_match_methods":"nomenclatura_sector","rud_match_confidences":"media","has_rud_match":true}},{"type":"Feature","geometry":{"type":"Point","coordinates":[-76.5335228842196,3.46451031636606]},"properties":{"place_id":"cf092aa9-64ef-434d-8f8b-814ef9f0d77f","place_report_count":1,"worst_collapse_type":"B","place_has_arcgis_id":false,"evaluation_count":1,"evaluation_ids_count":1,"barrio":"Santa monica","nivel_dano_max":"alto","severidad_max":"medio_alto","habitabilidad_codigos":"i2","recomendaciones":"evacuar_total","evaluaciones_adicionales":"estructural","usos":"residencial","sistema_estructural":"porticos","material":"conc_arr","epoca_construccion":"antes_1984","estado_conservacion":"malo","calidad_diseno":"bueno","ocupantes_max":8,"heridos_max":null,"muertos_max":null,"gps_accuracy_median":null,"rud_records":0,"rud_households":0,"rud_addresses":0,"rud_women":0,"rud_minors":0,"rud_older65":0,"rud_afro":0,"rud_indigenous":0,"rud_estado_averiado":0,"rud_estado_no_habitable":0,"rud_estado_habitable":0,"rud_estado_destruido":0,"rud_estado_no_informa":0,"rud_tenencia_propietario":0,"rud_tenencia_arrendatario":0,"rud_tenencia_ocupante":0,"rud_tenencia_poseedor":0,"rud_tenencia_no_informa":0,"rud_match_methods":"","rud_match_confidences":"","has_rud_match":false}},{"type":"Feature","geometry":{"type":"Point","coordinates":[-76.5252161,3.4645716]},"properties":{"place_id":"75c4817e-a60d-427f-a546-bd19794a940a","place_report_count":0,"worst_collapse_type":null,"place_has_arcgis_id":false,"evaluation_count":1,"evaluation_ids_count":1,"barrio":"Av las americas","nivel_dano_max":"alto","severidad_max":"alto","habitabilidad_codigos":"i2","recomendaciones":"demoler, desconectar, evacuar_total, monitoreo, seguimiento, vigilancia","evaluaciones_adicionales":"estructural","usos":"comercial, residencial","sistema_estructural":"porticos","material":"conc_no_arr","epoca_construccion":"antes_1984","estado_conservacion":"malo","calidad_diseno":"bueno","ocupantes_max":270,"heridos_max":null,"muertos_max":null,"gps_accuracy_median":8.69,"rud_records":3,"rud_households":3,"rud_addresses":1,"rud_women":2,"rud_minors":0,"rud_older65":1,"rud_afro":0,"rud_indigenous":0,"rud_estado_averiado":0,"rud_estado_no_habitable":3,"rud_estado_habitable":0,"rud_estado_destruido":0,"rud_estado_no_informa":0,"rud_tenencia_propietario":2,"rud_tenencia_arrendatario":0,"rud_tenencia_ocupante":1,"rud_tenencia_poseedor":0,"rud_tenencia_no_informa":0,"rud_match_methods":"direccion_normalizada","rud_match_confidences":"alta","has_rud_match":true}},{"type":"Feature","geometry":{"type":"Point","coordinates":[-76.527765,3.4645967]},"properties":{"place_id":"9c0c8019-1f88-45f6-bf64-2726d115b885","place_report_count":0,"worst_collapse_type":null,"place_has_arcgis_id":false,"evaluation_count":1,"evaluation_ids_count":1,"barrio":"Versalles","nivel_dano_max":"bajo","severidad_max":"bajo","habitabilidad_codigos":"h","recomendaciones":"","evaluaciones_adicionales":"estructural","usos":"salud","sistema_estructural":"dual","material":"conc_acero","epoca_construccion":"desconocida","estado_conservacion":"bueno","calidad_diseno":"bueno","ocupantes_max":null,"heridos_max":0,"muertos_max":0,"gps_accuracy_median":1.3,"rud_records":0,"rud_households":0,"rud_addresses":0,"rud_women":0,"rud_minors":0,"rud_older65":0,"rud_afro":0,"rud_indigenous":0,"rud_estado_averiado":0,"rud_estado_no_habitable":0,"rud_estado_habitable":0,"rud_estado_destruido":0,"rud_estado_no_informa":0,"rud_tenencia_propietario":0,"rud_tenencia_arrendatario":0,"rud_tenencia_ocupante":0,"rud_tenencia_poseedor":0,"rud_tenencia_no_informa":0,"rud_match_methods":"","rud_match_confidences":"","has_rud_match":false}},{"type":"Feature","geometry":{"type":"Point","coordinates":[-76.5280067,3.464735]},"properties":{"place_id":"d2a2f76b-34d2-488c-af20-4446f6ce831e","place_report_count":0,"worst_collapse_type":null,"place_has_arcgis_id":false,"evaluation_count":1,"evaluation_ids_count":1,"barrio":"Versalles","nivel_dano_max":"medio","severidad_max":"medio_alto","habitabilidad_codigos":"r1","recomendaciones":"aislamiento, demoler","evaluaciones_adicionales":"","usos":"oficina","sistema_estructural":"no_claro","material":"mat_no_claro","epoca_construccion":"desconocida","estado_conservacion":"regular","calidad_diseno":"regular","ocupantes_max":15,"heridos_max":null,"muertos_max":null,"gps_accuracy_median":1.4,"rud_records":0,"rud_households":0,"rud_addresses":0,"rud_women":0,"rud_minors":0,"rud_older65":0,"rud_afro":0,"rud_indigenous":0,"rud_estado_averiado":0,"rud_estado_no_habitable":0,"rud_estado_habitable":0,"rud_estado_destruido":0,"rud_estado_no_informa":0,"rud_tenencia_propietario":0,"rud_tenencia_arrendatario":0,"rud_tenencia_ocupante":0,"rud_tenencia_poseedor":0,"rud_tenencia_no_informa":0,"rud_match_methods":"","rud_match_confidences":"","has_rud_match":false}},{"type":"Feature","geometry":{"type":"Point","coordinates":[-76.5246585,3.4647893]},"properties":{"place_id":"6c3db76b-5c5a-4641-9b97-73e022cb12d9","place_report_count":0,"worst_collapse_type":null,"place_has_arcgis_id":false,"evaluation_count":1,"evaluation_ids_count":1,"barrio":"San Vicente","nivel_dano_max":"bajo","severidad_max":"bajo","habitabilidad_codigos":"r2","recomendaciones":"seguimiento","evaluaciones_adicionales":"","usos":"institucional","sistema_estructural":"porticos","material":"conc_no_arr","epoca_construccion":"1998_2010","estado_conservacion":"bueno","calidad_diseno":"bueno","ocupantes_max":150,"heridos_max":null,"muertos_max":null,"gps_accuracy_median":7.38,"rud_records":0,"rud_households":0,"rud_addresses":0,"rud_women":0,"rud_minors":0,"rud_older65":0,"rud_afro":0,"rud_indigenous":0,"rud_estado_averiado":0,"rud_estado_no_habitable":0,"rud_estado_habitable":0,"rud_estado_destruido":0,"rud_estado_no_informa":0,"rud_tenencia_propietario":0,"rud_tenencia_arrendatario":0,"rud_tenencia_ocupante":0,"rud_tenencia_poseedor":0,"rud_tenencia_no_informa":0,"rud_match_methods":"","rud_match_confidences":"","has_rud_match":false}},{"type":"Feature","geometry":{"type":"Point","coordinates":[-76.5259697,3.4649908]},"properties":{"place_id":"436cf95a-2b7e-456d-b5e8-29156cfb7d8b","place_report_count":0,"worst_collapse_type":null,"place_has_arcgis_id":false,"evaluation_count":1,"evaluation_ids_count":1,"barrio":"Versalles","nivel_dano_max":"medio","severidad_max":"medio_alto","habitabilidad_codigos":"r2","recomendaciones":"apuntalar, demoler, evacuar_parcial, seguimiento","evaluaciones_adicionales":"","usos":"oficina","sistema_estructural":"porticos","material":"conc_no_arr","epoca_construccion":"despues_2010","estado_conservacion":"bueno","calidad_diseno":"bueno","ocupantes_max":230,"heridos_max":0,"muertos_max":0,"gps_accuracy_median":null,"rud_records":0,"rud_households":0,"rud_addresses":0,"rud_women":0,"rud_minors":0,"rud_older65":0,"rud_afro":0,"rud_indigenous":0,"rud_estado_averiado":0,"rud_estado_no_habitable":0,"rud_estado_habitable":0,"rud_estado_destruido":0,"rud_estado_no_informa":0,"rud_tenencia_propietario":0,"rud_tenencia_arrendatario":0,"rud_tenencia_ocupante":0,"rud_tenencia_poseedor":0,"rud_tenencia_no_informa":0,"rud_match_methods":"","rud_match_confidences":"","has_rud_match":false}},{"type":"Feature","geometry":{"type":"Point","coordinates":[-76.5278508,3.4650216]},"properties":{"place_id":"8b95b210-3742-4f0f-a13b-72ac8ad332ae","place_report_count":0,"worst_collapse_type":null,"place_has_arcgis_id":false,"evaluation_count":1,"evaluation_ids_count":1,"barrio":"Versalles","nivel_dano_max":"medio","severidad_max":"medio_alto","habitabilidad_codigos":"r2","recomendaciones":"demoler, evacuar_parcial, seguimiento","evaluaciones_adicionales":"","usos":"otro, residencial","sistema_estructural":"muros_carga","material":"mamp_simple","epoca_construccion":"1984_1997","estado_conservacion":"bueno","calidad_diseno":"bueno","ocupantes_max":5,"heridos_max":0,"muertos_max":0,"gps_accuracy_median":14.25,"rud_records":0,"rud_households":0,"rud_addresses":0,"rud_women":0,"rud_minors":0,"rud_older65":0,"rud_afro":0,"rud_indigenous":0,"rud_estado_averiado":0,"rud_estado_no_habitable":0,"rud_estado_habitable":0,"rud_estado_destruido":0,"rud_estado_no_informa":0,"rud_tenencia_propietario":0,"rud_tenencia_arrendatario":0,"rud_tenencia_ocupante":0,"rud_tenencia_poseedor":0,"rud_tenencia_no_informa":0,"rud_match_methods":"","rud_match_confidences":"","has_rud_match":false}},{"type":"Feature","geometry":{"type":"Point","coordinates":[-76.528205,3.4650699]},"properties":{"place_id":"99b35f17-58ef-4c10-9e08-3379f01e0e9b","place_report_count":0,"worst_collapse_type":null,"place_has_arcgis_id":false,"evaluation_count":1,"evaluation_ids_count":1,"barrio":"Versalles","nivel_dano_max":"alto","severidad_max":"alto","habitabilidad_codigos":"i2","recomendaciones":"aislamiento, demoler, evacuar_parcial, seguimiento","evaluaciones_adicionales":"","usos":"comercial, residencial","sistema_estructural":"porticos","material":"conc_no_arr","epoca_construccion":"1984_1997","estado_conservacion":"regular","calidad_diseno":"bueno","ocupantes_max":0,"heridos_max":0,"muertos_max":0,"gps_accuracy_median":14.25,"rud_records":0,"rud_households":0,"rud_addresses":0,"rud_women":0,"rud_minors":0,"rud_older65":0,"rud_afro":0,"rud_indigenous":0,"rud_estado_averiado":0,"rud_estado_no_habitable":0,"rud_estado_habitable":0,"rud_estado_destruido":0,"rud_estado_no_informa":0,"rud_tenencia_propietario":0,"rud_tenencia_arrendatario":0,"rud_tenencia_ocupante":0,"rud_tenencia_poseedor":0,"rud_tenencia_no_informa":0,"rud_match_methods":"","rud_match_confidences":"","has_rud_match":false}},{"type":"Feature","geometry":{"type":"Point","coordinates":[-76.5263,3.4652117]},"properties":{"place_id":"c56081dc-83ef-4f32-bdd8-f8358c3aee25","place_report_count":0,"worst_collapse_type":null,"place_has_arcgis_id":false,"evaluation_count":1,"evaluation_ids_count":1,"barrio":"San vicente","nivel_dano_max":"medio","severidad_max":"medio","habitabilidad_codigos":"i2","recomendaciones":"aislamiento, demoler, evacuar_total, monitoreo, restringir_peatones, seguimiento, vigilancia","evaluaciones_adicionales":"estructural","usos":"comercial, residencial","sistema_estructural":"porticos","material":"conc_arr","epoca_construccion":"1984_1997","estado_conservacion":"regular","calidad_diseno":"bueno","ocupantes_max":70,"heridos_max":null,"muertos_max":null,"gps_accuracy_median":2.0,"rud_records":0,"rud_households":0,"rud_addresses":0,"rud_women":0,"rud_minors":0,"rud_older65":0,"rud_afro":0,"rud_indigenous":0,"rud_estado_averiado":0,"rud_estado_no_habitable":0,"rud_estado_habitable":0,"rud_estado_destruido":0,"rud_estado_no_informa":0,"rud_tenencia_propietario":0,"rud_tenencia_arrendatario":0,"rud_tenencia_ocupante":0,"rud_tenencia_poseedor":0,"rud_tenencia_no_informa":0,"rud_match_methods":"","rud_match_confidences":"","has_rud_match":false}},{"type":"Feature","geometry":{"type":"Point","coordinates":[-76.4976047,3.4659212]},"properties":{"place_id":"34a865ad-af76-48a8-987f-da017ec2c361","place_report_count":1,"worst_collapse_type":"A","place_has_arcgis_id":false,"evaluation_count":0,"evaluation_ids_count":0,"barrio":"","nivel_dano_max":null,"severidad_max":null,"habitabilidad_codigos":"","recomendaciones":"","evaluaciones_adicionales":"","usos":"","sistema_estructural":"","material":"","epoca_construccion":"","estado_conservacion":"","calidad_diseno":"","ocupantes_max":null,"heridos_max":null,"muertos_max":null,"gps_accuracy_median":null,"rud_records":0,"rud_households":0,"rud_addresses":0,"rud_women":0,"rud_minors":0,"rud_older65":0,"rud_afro":0,"rud_indigenous":0,"rud_estado_averiado":0,"rud_estado_no_habitable":0,"rud_estado_habitable":0,"rud_estado_destruido":0,"rud_estado_no_informa":0,"rud_tenencia_propietario":0,"rud_tenencia_arrendatario":0,"rud_tenencia_ocupante":0,"rud_tenencia_poseedor":0,"rud_tenencia_no_informa":0,"rud_match_methods":"","rud_match_confidences":"","has_rud_match":false}},{"type":"Feature","geometry":{"type":"Point","coordinates":[-76.5254233,3.466045]},"properties":{"place_id":"7943aaae-9d62-474e-b4d1-d7d435a332c1","place_report_count":0,"worst_collapse_type":null,"place_has_arcgis_id":false,"evaluation_count":1,"evaluation_ids_count":1,"barrio":"San Vicente Versalles","nivel_dano_max":"bajo","severidad_max":"bajo","habitabilidad_codigos":"r1","recomendaciones":"demoler, vigilancia","evaluaciones_adicionales":"otra","usos":"","sistema_estructural":"","material":"","epoca_construccion":"despues_2010","estado_conservacion":"","calidad_diseno":"","ocupantes_max":100,"heridos_max":null,"muertos_max":null,"gps_accuracy_median":2.1,"rud_records":0,"rud_households":0,"rud_addresses":0,"rud_women":0,"rud_minors":0,"rud_older65":0,"rud_afro":0,"rud_indigenous":0,"rud_estado_averiado":0,"rud_estado_no_habitable":0,"rud_estado_habitable":0,"rud_estado_destruido":0,"rud_estado_no_informa":0,"rud_tenencia_propietario":0,"rud_tenencia_arrendatario":0,"rud_tenencia_ocupante":0,"rud_tenencia_poseedor":0,"rud_tenencia_no_informa":0,"rud_match_methods":"","rud_match_confidences":"","has_rud_match":false}},{"type":"Feature","geometry":{"type":"Point","coordinates":[-76.5268044,3.4666346]},"properties":{"place_id":"a0888da4-1b5c-44e0-9e33-1b4b0380fe9a","place_report_count":0,"worst_collapse_type":null,"place_has_arcgis_id":false,"evaluation_count":1,"evaluation_ids_count":1,"barrio":"San Vicente","nivel_dano_max":"alto","severidad_max":"alto","habitabilidad_codigos":"i2","recomendaciones":"demoler, evacuar_total, monitoreo, restringir_peatones, restringir_vehiculos, seguimiento, vigilancia","evaluaciones_adicionales":"estructural, geotecnica","usos":"comercial","sistema_estructural":"porticos","material":"conc_no_arr","epoca_construccion":"1998_2010","estado_conservacion":"bueno","calidad_diseno":"bueno","ocupantes_max":0,"heridos_max":0,"muertos_max":0,"gps_accuracy_median":5.0,"rud_records":0,"rud_households":0,"rud_addresses":0,"rud_women":0,"rud_minors":0,"rud_older65":0,"rud_afro":0,"rud_indigenous":0,"rud_estado_averiado":0,"rud_estado_no_habitable":0,"rud_estado_habitable":0,"rud_estado_destruido":0,"rud_estado_no_informa":0,"rud_tenencia_propietario":0,"rud_tenencia_arrendatario":0,"rud_tenencia_ocupante":0,"rud_tenencia_poseedor":0,"rud_tenencia_no_informa":0,"rud_match_methods":"","rud_match_confidences":"","has_rud_match":false}},{"type":"Feature","geometry":{"type":"Point","coordinates":[-76.51759,3.467365]},"properties":{"place_id":"f459552f-fcbf-4491-9650-af0a697f64e2","place_report_count":0,"worst_collapse_type":null,"place_has_arcgis_id":false,"evaluation_count":1,"evaluation_ids_count":1,"barrio":"Berlin","nivel_dano_max":"sin_dano","severidad_max":"sin_dano","habitabilidad_codigos":"h","recomendaciones":"","evaluaciones_adicionales":"","usos":"educativo","sistema_estructural":"porticos","material":"conc_arr","epoca_construccion":"antes_1984","estado_conservacion":"regular","calidad_diseno":"regular","ocupantes_max":null,"heridos_max":null,"muertos_max":null,"gps_accuracy_median":1.7,"rud_records":0,"rud_households":0,"rud_addresses":0,"rud_women":0,"rud_minors":0,"rud_older65":0,"rud_afro":0,"rud_indigenous":0,"rud_estado_averiado":0,"rud_estado_no_habitable":0,"rud_estado_habitable":0,"rud_estado_destruido":0,"rud_estado_no_informa":0,"rud_tenencia_propietario":0,"rud_tenencia_arrendatario":0,"rud_tenencia_ocupante":0,"rud_tenencia_poseedor":0,"rud_tenencia_no_informa":0,"rud_match_methods":"","rud_match_confidences":"","has_rud_match":false}},{"type":"Feature","geometry":{"type":"Point","coordinates":[-76.5272062,3.4674073]},"properties":{"place_id":"505d360d-ca61-4fd8-90c3-aa7fdd141e01","place_report_count":0,"worst_collapse_type":null,"place_has_arcgis_id":false,"evaluation_count":1,"evaluation_ids_count":1,"barrio":"San Vicente","nivel_dano_max":"alto","severidad_max":"alto","habitabilidad_codigos":"i2","recomendaciones":"aislamiento, apuntalar, demoler, evacuar_total, monitoreo, restringir_peatones, restringir_vehiculos, seguimiento, vigilancia","evaluaciones_adicionales":"estructural, geotecnica","usos":"residencial","sistema_estructural":"porticos","material":"conc_no_arr","epoca_construccion":"antes_1984","estado_conservacion":"bueno","calidad_diseno":"malo","ocupantes_max":70,"heridos_max":0,"muertos_max":0,"gps_accuracy_median":5.0,"rud_records":0,"rud_households":0,"rud_addresses":0,"rud_women":0,"rud_minors":0,"rud_older65":0,"rud_afro":0,"rud_indigenous":0,"rud_estado_averiado":0,"rud_estado_no_habitable":0,"rud_estado_habitable":0,"rud_estado_destruido":0,"rud_estado_no_informa":0,"rud_tenencia_propietario":0,"rud_tenencia_arrendatario":0,"rud_tenencia_ocupante":0,"rud_tenencia_poseedor":0,"rud_tenencia_no_informa":0,"rud_match_methods":"","rud_match_confidences":"","has_rud_match":false}},{"type":"Feature","geometry":{"type":"Point","coordinates":[-76.5242283,3.4676345]},"properties":{"place_id":"b5aaa410-6cef-4760-8975-454d7ecdb17e","place_report_count":0,"worst_collapse_type":null,"place_has_arcgis_id":false,"evaluation_count":1,"evaluation_ids_count":1,"barrio":"San Vicente","nivel_dano_max":"alto","severidad_max":"medio_alto","habitabilidad_codigos":"i2","recomendaciones":"demoler, evacuar_total, monitoreo, seguimiento","evaluaciones_adicionales":"estructural","usos":"residencial","sistema_estructural":"porticos","material":"conc_no_arr","epoca_construccion":"antes_1984","estado_conservacion":"regular","calidad_diseno":"bueno","ocupantes_max":27,"heridos_max":0,"muertos_max":0,"gps_accuracy_median":20.78,"rud_records":0,"rud_households":0,"rud_addresses":0,"rud_women":0,"rud_minors":0,"rud_older65":0,"rud_afro":0,"rud_indigenous":0,"rud_estado_averiado":0,"rud_estado_no_habitable":0,"rud_estado_habitable":0,"rud_estado_destruido":0,"rud_estado_no_informa":0,"rud_tenencia_propietario":0,"rud_tenencia_arrendatario":0,"rud_tenencia_ocupante":0,"rud_tenencia_poseedor":0,"rud_tenencia_no_informa":0,"rud_match_methods":"","rud_match_confidences":"","has_rud_match":false}},{"type":"Feature","geometry":{"type":"Point","coordinates":[-76.52460708161466,3.4682385783986702]},"properties":{"place_id":"d38d4448-fb90-427b-bd37-d02ebd7b609e","place_report_count":1,"worst_collapse_type":"B","place_has_arcgis_id":false,"evaluation_count":1,"evaluation_ids_count":1,"barrio":"San Vicente","nivel_dano_max":"medio","severidad_max":"medio_alto","habitabilidad_codigos":"r1","recomendaciones":"demoler, evacuar_total, monitoreo","evaluaciones_adicionales":"estructural","usos":"residencial","sistema_estructural":"porticos","material":"conc_no_arr","epoca_construccion":"antes_1984","estado_conservacion":"regular","calidad_diseno":"","ocupantes_max":27,"heridos_max":0,"muertos_max":0,"gps_accuracy_median":null,"rud_records":0,"rud_households":0,"rud_addresses":0,"rud_women":0,"rud_minors":0,"rud_older65":0,"rud_afro":0,"rud_indigenous":0,"rud_estado_averiado":0,"rud_estado_no_habitable":0,"rud_estado_habitable":0,"rud_estado_destruido":0,"rud_estado_no_informa":0,"rud_tenencia_propietario":0,"rud_tenencia_arrendatario":0,"rud_tenencia_ocupante":0,"rud_tenencia_poseedor":0,"rud_tenencia_no_informa":0,"rud_match_methods":"","rud_match_confidences":"","has_rud_match":false}},{"type":"Feature","geometry":{"type":"Point","coordinates":[-76.5326022,3.4683694]},"properties":{"place_id":"f76b76ad-2eb3-4f64-9707-3fb2cebab5eb","place_report_count":1,"worst_collapse_type":null,"place_has_arcgis_id":false,"evaluation_count":1,"evaluation_ids_count":1,"barrio":"Versalles","nivel_dano_max":"bajo","severidad_max":"bajo","habitabilidad_codigos":"h","recomendaciones":"","evaluaciones_adicionales":"","usos":"institucional, residencial","sistema_estructural":"muros_carga","material":"mamp_confinada","epoca_construccion":"desconocida","estado_conservacion":"bueno","calidad_diseno":"bueno","ocupantes_max":0,"heridos_max":null,"muertos_max":null,"gps_accuracy_median":3.79,"rud_records":0,"rud_households":0,"rud_addresses":0,"rud_women":0,"rud_minors":0,"rud_older65":0,"rud_afro":0,"rud_indigenous":0,"rud_estado_averiado":0,"rud_estado_no_habitable":0,"rud_estado_habitable":0,"rud_estado_destruido":0,"rud_estado_no_informa":0,"rud_tenencia_propietario":0,"rud_tenencia_arrendatario":0,"rud_tenencia_ocupante":0,"rud_tenencia_poseedor":0,"rud_tenencia_no_informa":0,"rud_match_methods":"","rud_match_confidences":"","has_rud_match":false}},{"type":"Feature","geometry":{"type":"Point","coordinates":[-76.5160267,3.4684717]},"properties":{"place_id":"c48a7bab-6406-4a0f-b81f-754a77327085","place_report_count":0,"worst_collapse_type":null,"place_has_arcgis_id":true,"evaluation_count":1,"evaluation_ids_count":1,"barrio":"Bueno Madrid","nivel_dano_max":"alto","severidad_max":"alto","habitabilidad_codigos":"i2","recomendaciones":"aislamiento, apuntalar, demoler, evacuar_total, evacuar_vecinas, intervencion, monitoreo, restringir_peatones, restringir_vehiculos, seguimiento, vigilancia","evaluaciones_adicionales":"estructural, geotecnica","usos":"residencial","sistema_estructural":"porticos","material":"conc_no_arr","epoca_construccion":"antes_1984","estado_conservacion":"malo","calidad_diseno":"regular","ocupantes_max":50,"heridos_max":0,"muertos_max":0,"gps_accuracy_median":2.1,"rud_records":0,"rud_households":0,"rud_addresses":0,"rud_women":0,"rud_minors":0,"rud_older65":0,"rud_afro":0,"rud_indigenous":0,"rud_estado_averiado":0,"rud_estado_no_habitable":0,"rud_estado_habitable":0,"rud_estado_destruido":0,"rud_estado_no_informa":0,"rud_tenencia_propietario":0,"rud_tenencia_arrendatario":0,"rud_tenencia_ocupante":0,"rud_tenencia_poseedor":0,"rud_tenencia_no_informa":0,"rud_match_methods":"","rud_match_confidences":"","has_rud_match":false}},{"type":"Feature","geometry":{"type":"Point","coordinates":[-76.5159283,3.4685583]},"properties":{"place_id":"45d7ef20-5a96-438e-9446-c7ccbe71b7a3","place_report_count":0,"worst_collapse_type":null,"place_has_arcgis_id":true,"evaluation_count":1,"evaluation_ids_count":1,"barrio":"Bueno Madrid","nivel_dano_max":"medio","severidad_max":"medio_alto","habitabilidad_codigos":"r1","recomendaciones":"aislamiento, apuntalar, demoler, intervencion, monitoreo, restringir_peatones, restringir_vehiculos, seguimiento, vigilancia","evaluaciones_adicionales":"estructural","usos":"residencial","sistema_estructural":"porticos","material":"conc_no_arr","epoca_construccion":"antes_1984","estado_conservacion":"malo","calidad_diseno":"regular","ocupantes_max":48,"heridos_max":0,"muertos_max":0,"gps_accuracy_median":2.4,"rud_records":0,"rud_households":0,"rud_addresses":0,"rud_women":0,"rud_minors":0,"rud_older65":0,"rud_afro":0,"rud_indigenous":0,"rud_estado_averiado":0,"rud_estado_no_habitable":0,"rud_estado_habitable":0,"rud_estado_destruido":0,"rud_estado_no_informa":0,"rud_tenencia_propietario":0,"rud_tenencia_arrendatario":0,"rud_tenencia_ocupante":0,"rud_tenencia_poseedor":0,"rud_tenencia_no_informa":0,"rud_match_methods":"","rud_match_confidences":"","has_rud_match":false}},{"type":"Feature","geometry":{"type":"Point","coordinates":[-76.5160117,3.4686033]},"properties":{"place_id":"19b7d1c9-9b81-4729-98f4-760e51fd1d4d","place_report_count":0,"worst_collapse_type":null,"place_has_arcgis_id":true,"evaluation_count":1,"evaluation_ids_count":1,"barrio":"Bueno Madrid","nivel_dano_max":"alto","severidad_max":"alto","habitabilidad_codigos":"i2","recomendaciones":"apuntalar, demoler, evacuar_total, evacuar_vecinas, intervencion, monitoreo, restringir_peatones, restringir_vehiculos, seguimiento, vigilancia","evaluaciones_adicionales":"estructural, geotecnica","usos":"comercial, residencial","sistema_estructural":"porticos","material":"conc_no_arr","epoca_construccion":"antes_1984","estado_conservacion":"malo","calidad_diseno":"regular","ocupantes_max":80,"heridos_max":0,"muertos_max":0,"gps_accuracy_median":2.1,"rud_records":0,"rud_households":0,"rud_addresses":0,"rud_women":0,"rud_minors":0,"rud_older65":0,"rud_afro":0,"rud_indigenous":0,"rud_estado_averiado":0,"rud_estado_no_habitable":0,"rud_estado_habitable":0,"rud_estado_destruido":0,"rud_estado_no_informa":0,"rud_tenencia_propietario":0,"rud_tenencia_arrendatario":0,"rud_tenencia_ocupante":0,"rud_tenencia_poseedor":0,"rud_tenencia_no_informa":0,"rud_match_methods":"","rud_match_confidences":"","has_rud_match":false}},{"type":"Feature","geometry":{"type":"Point","coordinates":[-76.516255,3.4687717]},"properties":{"place_id":"ad0c1250-a9c5-4b82-8654-fd6d9bb6ea3d","place_report_count":0,"worst_collapse_type":null,"place_has_arcgis_id":true,"evaluation_count":1,"evaluation_ids_count":1,"barrio":"Bueno Madrid","nivel_dano_max":"alto","severidad_max":"alto","habitabilidad_codigos":"i2","recomendaciones":"demoler, evacuar_total, intervencion, monitoreo, restringir_peatones, restringir_vehiculos, seguimiento, vigilancia","evaluaciones_adicionales":"estructural, geotecnica","usos":"residencial","sistema_estructural":"porticos","material":"conc_no_arr","epoca_construccion":"antes_1984","estado_conservacion":"malo","calidad_diseno":"regular","ocupantes_max":50,"heridos_max":0,"muertos_max":0,"gps_accuracy_median":3.0,"rud_records":0,"rud_households":0,"rud_addresses":0,"rud_women":0,"rud_minors":0,"rud_older65":0,"rud_afro":0,"rud_indigenous":0,"rud_estado_averiado":0,"rud_estado_no_habitable":0,"rud_estado_habitable":0,"rud_estado_destruido":0,"rud_estado_no_informa":0,"rud_tenencia_propietario":0,"rud_tenencia_arrendatario":0,"rud_tenencia_ocupante":0,"rud_tenencia_poseedor":0,"rud_tenencia_no_informa":0,"rud_match_methods":"","rud_match_confidences":"","has_rud_match":false}},{"type":"Feature","geometry":{"type":"Point","coordinates":[-76.5161167,3.4688283]},"properties":{"place_id":"d9f54f8c-1e83-4a54-9a71-79720c517b3a","place_report_count":0,"worst_collapse_type":null,"place_has_arcgis_id":true,"evaluation_count":1,"evaluation_ids_count":1,"barrio":"Barrio Bueno Madrid","nivel_dano_max":"bajo","severidad_max":"medio","habitabilidad_codigos":"h","recomendaciones":"demoler, monitoreo, restringir_peatones, restringir_vehiculos, seguimiento","evaluaciones_adicionales":"estructural, geotecnica","usos":"residencial","sistema_estructural":"porticos","material":"conc_no_arr","epoca_construccion":"antes_1984","estado_conservacion":"malo","calidad_diseno":"regular","ocupantes_max":48,"heridos_max":0,"muertos_max":0,"gps_accuracy_median":2.3,"rud_records":0,"rud_households":0,"rud_addresses":0,"rud_women":0,"rud_minors":0,"rud_older65":0,"rud_afro":0,"rud_indigenous":0,"rud_estado_averiado":0,"rud_estado_no_habitable":0,"rud_estado_habitable":0,"rud_estado_destruido":0,"rud_estado_no_informa":0,"rud_tenencia_propietario":0,"rud_tenencia_arrendatario":0,"rud_tenencia_ocupante":0,"rud_tenencia_poseedor":0,"rud_tenencia_no_informa":0,"rud_match_methods":"","rud_match_confidences":"","has_rud_match":false}},{"type":"Feature","geometry":{"type":"Point","coordinates":[-76.5165467,3.4690283]},"properties":{"place_id":"820fca73-0fc3-4cd3-90e7-554bf1b48872","place_report_count":0,"worst_collapse_type":null,"place_has_arcgis_id":true,"evaluation_count":1,"evaluation_ids_count":1,"barrio":"Nuevo Madrid","nivel_dano_max":"medio","severidad_max":"medio_alto","habitabilidad_codigos":"r1","recomendaciones":"demoler, monitoreo, restringir_peatones, restringir_vehiculos, seguimiento","evaluaciones_adicionales":"estructural","usos":"residencial","sistema_estructural":"porticos","material":"conc_no_arr","epoca_construccion":"antes_1984","estado_conservacion":"malo","calidad_diseno":"regular","ocupantes_max":50,"heridos_max":0,"muertos_max":0,"gps_accuracy_median":4.4,"rud_records":0,"rud_households":0,"rud_addresses":0,"rud_women":0,"rud_minors":0,"rud_older65":0,"rud_afro":0,"rud_indigenous":0,"rud_estado_averiado":0,"rud_estado_no_habitable":0,"rud_estado_habitable":0,"rud_estado_destruido":0,"rud_estado_no_informa":0,"rud_tenencia_propietario":0,"rud_tenencia_arrendatario":0,"rud_tenencia_ocupante":0,"rud_tenencia_poseedor":0,"rud_tenencia_no_informa":0,"rud_match_methods":"","rud_match_confidences":"","has_rud_match":false}},{"type":"Feature","geometry":{"type":"Point","coordinates":[-76.5163733,3.4690333]},"properties":{"place_id":"f6608fe1-431d-4c33-8634-72ddb02465d9","place_report_count":0,"worst_collapse_type":null,"place_has_arcgis_id":true,"evaluation_count":1,"evaluation_ids_count":1,"barrio":"Bueno Madrid","nivel_dano_max":"medio","severidad_max":"medio_alto","habitabilidad_codigos":"r1","recomendaciones":"aislamiento, demoler, monitoreo, restringir_peatones, restringir_vehiculos, vigilancia","evaluaciones_adicionales":"estructural, geotecnica","usos":"residencial","sistema_estructural":"porticos","material":"conc_no_arr","epoca_construccion":"antes_1984","estado_conservacion":"malo","calidad_diseno":"regular","ocupantes_max":48,"heridos_max":0,"muertos_max":0,"gps_accuracy_median":2.3,"rud_records":0,"rud_households":0,"rud_addresses":0,"rud_women":0,"rud_minors":0,"rud_older65":0,"rud_afro":0,"rud_indigenous":0,"rud_estado_averiado":0,"rud_estado_no_habitable":0,"rud_estado_habitable":0,"rud_estado_destruido":0,"rud_estado_no_informa":0,"rud_tenencia_propietario":0,"rud_tenencia_arrendatario":0,"rud_tenencia_ocupante":0,"rud_tenencia_poseedor":0,"rud_tenencia_no_informa":0,"rud_match_methods":"","rud_match_confidences":"","has_rud_match":false}},{"type":"Feature","geometry":{"type":"Point","coordinates":[-76.5166667,3.4693883]},"properties":{"place_id":"3b0ea7f2-e92d-4e35-bf1b-908d8447f4b4","place_report_count":0,"worst_collapse_type":null,"place_has_arcgis_id":true,"evaluation_count":2,"evaluation_ids_count":2,"barrio":"Bueno Madrid","nivel_dano_max":"alto","severidad_max":"alto","habitabilidad_codigos":"i2","recomendaciones":"aislamiento, demoler, evacuar_total, intervencion, monitoreo, restringir_peatones, restringir_vehiculos, seguimiento, vigilancia","evaluaciones_adicionales":"estructural, geotecnica","usos":"residencial","sistema_estructural":"porticos","material":"conc_no_arr","epoca_construccion":"antes_1984","estado_conservacion":"malo","calidad_diseno":"regular","ocupantes_max":48,"heridos_max":0,"muertos_max":0,"gps_accuracy_median":2.2,"rud_records":0,"rud_households":0,"rud_addresses":0,"rud_women":0,"rud_minors":0,"rud_older65":0,"rud_afro":0,"rud_indigenous":0,"rud_estado_averiado":0,"rud_estado_no_habitable":0,"rud_estado_habitable":0,"rud_estado_destruido":0,"rud_estado_no_informa":0,"rud_tenencia_propietario":0,"rud_tenencia_arrendatario":0,"rud_tenencia_ocupante":0,"rud_tenencia_poseedor":0,"rud_tenencia_no_informa":0,"rud_match_methods":"","rud_match_confidences":"","has_rud_match":false}},{"type":"Feature","geometry":{"type":"Point","coordinates":[-76.4864435,3.4703626]},"properties":{"place_id":"a737a7a9-6d2a-4a4d-a8a1-fb483d77f1e4","place_report_count":0,"worst_collapse_type":null,"place_has_arcgis_id":false,"evaluation_count":1,"evaluation_ids_count":1,"barrio":"Santa Bárbara","nivel_dano_max":"bajo","severidad_max":"medio","habitabilidad_codigos":"r2","recomendaciones":"demoler, evacuar_total, restringir_peatones, vigilancia","evaluaciones_adicionales":"otra","usos":"comercial","sistema_estructural":"dual","material":"conc_mamposteria","epoca_construccion":"despues_2010","estado_conservacion":"regular","calidad_diseno":"bueno","ocupantes_max":0,"heridos_max":0,"muertos_max":0,"gps_accuracy_median":4.0,"rud_records":1,"rud_households":1,"rud_addresses":1,"rud_women":0,"rud_minors":0,"rud_older65":0,"rud_afro":0,"rud_indigenous":0,"rud_estado_averiado":1,"rud_estado_no_habitable":0,"rud_estado_habitable":0,"rud_estado_destruido":0,"rud_estado_no_informa":0,"rud_tenencia_propietario":1,"rud_tenencia_arrendatario":0,"rud_tenencia_ocupante":0,"rud_tenencia_poseedor":0,"rud_tenencia_no_informa":0,"rud_match_methods":"nomenclatura_sector","rud_match_confidences":"media","has_rud_match":true}},{"type":"Feature","geometry":{"type":"Point","coordinates":[-76.4865493,3.470503]},"properties":{"place_id":"3f5db1a0-e4c6-49f2-b43b-1035474b501d","place_report_count":0,"worst_collapse_type":null,"place_has_arcgis_id":false,"evaluation_count":1,"evaluation_ids_count":1,"barrio":"Guayacanes","nivel_dano_max":"bajo","severidad_max":"bajo","habitabilidad_codigos":"h","recomendaciones":"seguimiento","evaluaciones_adicionales":"","usos":"comercial","sistema_estructural":"porticos","material":"conc_no_arr","epoca_construccion":"despues_2010","estado_conservacion":"bueno","calidad_diseno":"bueno","ocupantes_max":200,"heridos_max":null,"muertos_max":null,"gps_accuracy_median":3.74,"rud_records":0,"rud_households":0,"rud_addresses":0,"rud_women":0,"rud_minors":0,"rud_older65":0,"rud_afro":0,"rud_indigenous":0,"rud_estado_averiado":0,"rud_estado_no_habitable":0,"rud_estado_habitable":0,"rud_estado_destruido":0,"rud_estado_no_informa":0,"rud_tenencia_propietario":0,"rud_tenencia_arrendatario":0,"rud_tenencia_ocupante":0,"rud_tenencia_poseedor":0,"rud_tenencia_no_informa":0,"rud_match_methods":"","rud_match_confidences":"","has_rud_match":false}},{"type":"Feature","geometry":{"type":"Point","coordinates":[-76.5137333,3.470935]},"properties":{"place_id":"3da1d48a-7eaf-4dd4-a526-2782ab15ca2b","place_report_count":0,"worst_collapse_type":null,"place_has_arcgis_id":false,"evaluation_count":1,"evaluation_ids_count":1,"barrio":"Ignacio rengifo","nivel_dano_max":"sin_dano","severidad_max":"sin_dano","habitabilidad_codigos":"h","recomendaciones":"","evaluaciones_adicionales":"","usos":"educativo","sistema_estructural":"porticos","material":"conc_arr","epoca_construccion":"antes_1984","estado_conservacion":"regular","calidad_diseno":"regular","ocupantes_max":null,"heridos_max":null,"muertos_max":null,"gps_accuracy_median":1.9,"rud_records":0,"rud_households":0,"rud_addresses":0,"rud_women":0,"rud_minors":0,"rud_older65":0,"rud_afro":0,"rud_indigenous":0,"rud_estado_averiado":0,"rud_estado_no_habitable":0,"rud_estado_habitable":0,"rud_estado_destruido":0,"rud_estado_no_informa":0,"rud_tenencia_propietario":0,"rud_tenencia_arrendatario":0,"rud_tenencia_ocupante":0,"rud_tenencia_poseedor":0,"rud_tenencia_no_informa":0,"rud_match_methods":"","rud_match_confidences":"","has_rud_match":false}},{"type":"Feature","geometry":{"type":"Point","coordinates":[-76.5224196,3.4710781]},"properties":{"place_id":"65bfd5b1-e6ca-4a53-af75-032f8657c272","place_report_count":0,"worst_collapse_type":null,"place_has_arcgis_id":false,"evaluation_count":1,"evaluation_ids_count":1,"barrio":"San Vicente","nivel_dano_max":"alto","severidad_max":"medio_alto","habitabilidad_codigos":"i2","recomendaciones":"apuntalar, demoler, monitoreo, seguimiento","evaluaciones_adicionales":"estructural","usos":"educativo","sistema_estructural":"dual","material":"concreto_dual","epoca_construccion":"","estado_conservacion":"regular","calidad_diseno":"bueno","ocupantes_max":120,"heridos_max":null,"muertos_max":null,"gps_accuracy_median":null,"rud_records":0,"rud_households":0,"rud_addresses":0,"rud_women":0,"rud_minors":0,"rud_older65":0,"rud_afro":0,"rud_indigenous":0,"rud_estado_averiado":0,"rud_estado_no_habitable":0,"rud_estado_habitable":0,"rud_estado_destruido":0,"rud_estado_no_informa":0,"rud_tenencia_propietario":0,"rud_tenencia_arrendatario":0,"rud_tenencia_ocupante":0,"rud_tenencia_poseedor":0,"rud_tenencia_no_informa":0,"rud_match_methods":"","rud_match_confidences":"","has_rud_match":false}},{"type":"Feature","geometry":{"type":"Point","coordinates":[-76.5323816,3.4714353]},"properties":{"place_id":"c921f686-356d-4e77-beb3-47d9bce4047d","place_report_count":0,"worst_collapse_type":null,"place_has_arcgis_id":false,"evaluation_count":1,"evaluation_ids_count":1,"barrio":"La Flora","nivel_dano_max":"alto","severidad_max":"alto","habitabilidad_codigos":"i2","recomendaciones":"aislamiento, apuntalar, demoler, desconectar, evacuar_total, intervencion, monitoreo, restringir_peatones, seguimiento, vigilancia","evaluaciones_adicionales":"estructural, geotecnica, otra","usos":"residencial","sistema_estructural":"porticos","material":"conc_no_arr","epoca_construccion":"1984_1997","estado_conservacion":"bueno","calidad_diseno":"regular","ocupantes_max":48,"heridos_max":0,"muertos_max":0,"gps_accuracy_median":null,"rud_records":0,"rud_households":0,"rud_addresses":0,"rud_women":0,"rud_minors":0,"rud_older65":0,"rud_afro":0,"rud_indigenous":0,"rud_estado_averiado":0,"rud_estado_no_habitable":0,"rud_estado_habitable":0,"rud_estado_destruido":0,"rud_estado_no_informa":0,"rud_tenencia_propietario":0,"rud_tenencia_arrendatario":0,"rud_tenencia_ocupante":0,"rud_tenencia_poseedor":0,"rud_tenencia_no_informa":0,"rud_match_methods":"","rud_match_confidences":"","has_rud_match":false}},{"type":"Feature","geometry":{"type":"Point","coordinates":[-76.5232179,3.4724079]},"properties":{"place_id":"d36fff3b-7ed7-474d-84eb-f64972a346c1","place_report_count":0,"worst_collapse_type":null,"place_has_arcgis_id":true,"evaluation_count":1,"evaluation_ids_count":1,"barrio":"Prados del Norte","nivel_dano_max":"medio","severidad_max":"medio_alto","habitabilidad_codigos":"i2","recomendaciones":"aislamiento, apuntalar, demoler, evacuar_total, restringir_peatones","evaluaciones_adicionales":"otra","usos":"educativo, institucional","sistema_estructural":"porticos","material":"conc_arr","epoca_construccion":"despues_2010","estado_conservacion":"regular","calidad_diseno":"bueno","ocupantes_max":0,"heridos_max":0,"muertos_max":0,"gps_accuracy_median":4.9,"rud_records":0,"rud_households":0,"rud_addresses":0,"rud_women":0,"rud_minors":0,"rud_older65":0,"rud_afro":0,"rud_indigenous":0,"rud_estado_averiado":0,"rud_estado_no_habitable":0,"rud_estado_habitable":0,"rud_estado_destruido":0,"rud_estado_no_informa":0,"rud_tenencia_propietario":0,"rud_tenencia_arrendatario":0,"rud_tenencia_ocupante":0,"rud_tenencia_poseedor":0,"rud_tenencia_no_informa":0,"rud_match_methods":"","rud_match_confidences":"","has_rud_match":false}},{"type":"Feature","geometry":{"type":"Point","coordinates":[-76.5238937,3.4724357]},"properties":{"place_id":"b7decc5b-c31c-4158-aa4f-c084346f525c","place_report_count":1,"worst_collapse_type":"B","place_has_arcgis_id":false,"evaluation_count":0,"evaluation_ids_count":0,"barrio":"","nivel_dano_max":null,"severidad_max":null,"habitabilidad_codigos":"","recomendaciones":"","evaluaciones_adicionales":"","usos":"","sistema_estructural":"","material":"","epoca_construccion":"","estado_conservacion":"","calidad_diseno":"","ocupantes_max":null,"heridos_max":null,"muertos_max":null,"gps_accuracy_median":null,"rud_records":0,"rud_households":0,"rud_addresses":0,"rud_women":0,"rud_minors":0,"rud_older65":0,"rud_afro":0,"rud_indigenous":0,"rud_estado_averiado":0,"rud_estado_no_habitable":0,"rud_estado_habitable":0,"rud_estado_destruido":0,"rud_estado_no_informa":0,"rud_tenencia_propietario":0,"rud_tenencia_arrendatario":0,"rud_tenencia_ocupante":0,"rud_tenencia_poseedor":0,"rud_tenencia_no_informa":0,"rud_match_methods":"","rud_match_confidences":"","has_rud_match":false}},{"type":"Feature","geometry":{"type":"Point","coordinates":[-76.525633,3.4741497]},"properties":{"place_id":"3c7305b6-79a1-4bf1-a570-51f0eeb6b35c","place_report_count":1,"worst_collapse_type":"B","place_has_arcgis_id":false,"evaluation_count":0,"evaluation_ids_count":0,"barrio":"","nivel_dano_max":null,"severidad_max":null,"habitabilidad_codigos":"","recomendaciones":"","evaluaciones_adicionales":"","usos":"","sistema_estructural":"","material":"","epoca_construccion":"","estado_conservacion":"","calidad_diseno":"","ocupantes_max":null,"heridos_max":null,"muertos_max":null,"gps_accuracy_median":null,"rud_records":0,"rud_households":0,"rud_addresses":0,"rud_women":0,"rud_minors":0,"rud_older65":0,"rud_afro":0,"rud_indigenous":0,"rud_estado_averiado":0,"rud_estado_no_habitable":0,"rud_estado_habitable":0,"rud_estado_destruido":0,"rud_estado_no_informa":0,"rud_tenencia_propietario":0,"rud_tenencia_arrendatario":0,"rud_tenencia_ocupante":0,"rud_tenencia_poseedor":0,"rud_tenencia_no_informa":0,"rud_match_methods":"","rud_match_confidences":"","has_rud_match":false}},{"type":"Feature","geometry":{"type":"Point","coordinates":[-76.525633,3.4741497]},"properties":{"place_id":"99ad87a8-0e82-41fb-9f60-f2415554eefa","place_report_count":2,"worst_collapse_type":"B","place_has_arcgis_id":false,"evaluation_count":0,"evaluation_ids_count":0,"barrio":"","nivel_dano_max":null,"severidad_max":null,"habitabilidad_codigos":"","recomendaciones":"","evaluaciones_adicionales":"","usos":"","sistema_estructural":"","material":"","epoca_construccion":"","estado_conservacion":"","calidad_diseno":"","ocupantes_max":null,"heridos_max":null,"muertos_max":null,"gps_accuracy_median":null,"rud_records":0,"rud_households":0,"rud_addresses":0,"rud_women":0,"rud_minors":0,"rud_older65":0,"rud_afro":0,"rud_indigenous":0,"rud_estado_averiado":0,"rud_estado_no_habitable":0,"rud_estado_habitable":0,"rud_estado_destruido":0,"rud_estado_no_informa":0,"rud_tenencia_propietario":0,"rud_tenencia_arrendatario":0,"rud_tenencia_ocupante":0,"rud_tenencia_poseedor":0,"rud_tenencia_no_informa":0,"rud_match_methods":"","rud_match_confidences":"","has_rud_match":false}},{"type":"Feature","geometry":{"type":"Point","coordinates":[-76.5148565,3.4744093]},"properties":{"place_id":"bad33fc3-8e74-4e81-aa1e-3eb029d8c1db","place_report_count":0,"worst_collapse_type":null,"place_has_arcgis_id":false,"evaluation_count":1,"evaluation_ids_count":1,"barrio":"La Flora","nivel_dano_max":"alto","severidad_max":"alto","habitabilidad_codigos":"i2","recomendaciones":"","evaluaciones_adicionales":"estructural, geotecnica, otra","usos":"residencial","sistema_estructural":"porticos","material":"conc_no_arr","epoca_construccion":"1984_1997","estado_conservacion":"bueno","calidad_diseno":"regular","ocupantes_max":36,"heridos_max":0,"muertos_max":0,"gps_accuracy_median":null,"rud_records":0,"rud_households":0,"rud_addresses":0,"rud_women":0,"rud_minors":0,"rud_older65":0,"rud_afro":0,"rud_indigenous":0,"rud_estado_averiado":0,"rud_estado_no_habitable":0,"rud_estado_habitable":0,"rud_estado_destruido":0,"rud_estado_no_informa":0,"rud_tenencia_propietario":0,"rud_tenencia_arrendatario":0,"rud_tenencia_ocupante":0,"rud_tenencia_poseedor":0,"rud_tenencia_no_informa":0,"rud_match_methods":"","rud_match_confidences":"","has_rud_match":false}},{"type":"Feature","geometry":{"type":"Point","coordinates":[-76.4932488463819,3.47554755862802]},"properties":{"place_id":"dd279f10-00f7-4a89-a3f5-b22e1f7170d1","place_report_count":1,"worst_collapse_type":"B","place_has_arcgis_id":false,"evaluation_count":1,"evaluation_ids_count":1,"barrio":"Chiminango","nivel_dano_max":"alto","severidad_max":"alto","habitabilidad_codigos":"i2","recomendaciones":"evacuar_total","evaluaciones_adicionales":"estructural, geotecnica","usos":"residencial","sistema_estructural":"muros_carga","material":"conc_prefab_mc","epoca_construccion":"antes_1984","estado_conservacion":"","calidad_diseno":"","ocupantes_max":65,"heridos_max":0,"muertos_max":0,"gps_accuracy_median":0.51,"rud_records":0,"rud_households":0,"rud_addresses":0,"rud_women":0,"rud_minors":0,"rud_older65":0,"rud_afro":0,"rud_indigenous":0,"rud_estado_averiado":0,"rud_estado_no_habitable":0,"rud_estado_habitable":0,"rud_estado_destruido":0,"rud_estado_no_informa":0,"rud_tenencia_propietario":0,"rud_tenencia_arrendatario":0,"rud_tenencia_ocupante":0,"rud_tenencia_poseedor":0,"rud_tenencia_no_informa":0,"rud_match_methods":"","rud_match_confidences":"","has_rud_match":false}},{"type":"Feature","geometry":{"type":"Point","coordinates":[-76.49341764,3.47558668]},"properties":{"place_id":"80c935bc-1e9e-4cc0-bf39-34399c65f37f","place_report_count":1,"worst_collapse_type":"B","place_has_arcgis_id":false,"evaluation_count":1,"evaluation_ids_count":1,"barrio":"Chimimango","nivel_dano_max":"medio","severidad_max":"medio","habitabilidad_codigos":"i1","recomendaciones":"apuntalar, evacuar_parcial, restringir_peatones, seguimiento","evaluaciones_adicionales":"estructural, geotecnica","usos":"residencial","sistema_estructural":"muros_carga","material":"conc_prefab_mc","epoca_construccion":"antes_1984","estado_conservacion":"regular","calidad_diseno":"malo","ocupantes_max":40,"heridos_max":0,"muertos_max":0,"gps_accuracy_median":3.79,"rud_records":0,"rud_households":0,"rud_addresses":0,"rud_women":0,"rud_minors":0,"rud_older65":0,"rud_afro":0,"rud_indigenous":0,"rud_estado_averiado":0,"rud_estado_no_habitable":0,"rud_estado_habitable":0,"rud_estado_destruido":0,"rud_estado_no_informa":0,"rud_tenencia_propietario":0,"rud_tenencia_arrendatario":0,"rud_tenencia_ocupante":0,"rud_tenencia_poseedor":0,"rud_tenencia_no_informa":0,"rud_match_methods":"","rud_match_confidences":"","has_rud_match":false}},{"type":"Feature","geometry":{"type":"Point","coordinates":[-76.49341764,3.47558668]},"properties":{"place_id":"c03d4973-ba71-459b-962c-56fabe9e328e","place_report_count":1,"worst_collapse_type":"B","place_has_arcgis_id":false,"evaluation_count":1,"evaluation_ids_count":1,"barrio":"Chimimango","nivel_dano_max":"medio","severidad_max":"medio","habitabilidad_codigos":"i1","recomendaciones":"apuntalar, evacuar_parcial, restringir_peatones, seguimiento","evaluaciones_adicionales":"estructural, geotecnica","usos":"residencial","sistema_estructural":"muros_carga","material":"conc_prefab_mc","epoca_construccion":"antes_1984","estado_conservacion":"regular","calidad_diseno":"malo","ocupantes_max":40,"heridos_max":0,"muertos_max":0,"gps_accuracy_median":3.79,"rud_records":0,"rud_households":0,"rud_addresses":0,"rud_women":0,"rud_minors":0,"rud_older65":0,"rud_afro":0,"rud_indigenous":0,"rud_estado_averiado":0,"rud_estado_no_habitable":0,"rud_estado_habitable":0,"rud_estado_destruido":0,"rud_estado_no_informa":0,"rud_tenencia_propietario":0,"rud_tenencia_arrendatario":0,"rud_tenencia_ocupante":0,"rud_tenencia_poseedor":0,"rud_tenencia_no_informa":0,"rud_match_methods":"","rud_match_confidences":"","has_rud_match":false}},{"type":"Feature","geometry":{"type":"Point","coordinates":[-76.4934322,3.4757386]},"properties":{"place_id":"5b937ee8-6739-4d5c-9fd7-a32ee1efc450","place_report_count":1,"worst_collapse_type":null,"place_has_arcgis_id":false,"evaluation_count":1,"evaluation_ids_count":1,"barrio":"Chiminango","nivel_dano_max":"medio","severidad_max":"medio_alto","habitabilidad_codigos":"r1","recomendaciones":"monitoreo","evaluaciones_adicionales":"","usos":"residencial","sistema_estructural":"muros_carga","material":"mamp_simple","epoca_construccion":"desconocida","estado_conservacion":"bueno","calidad_diseno":"bueno","ocupantes_max":45,"heridos_max":0,"muertos_max":0,"gps_accuracy_median":3.79,"rud_records":0,"rud_households":0,"rud_addresses":0,"rud_women":0,"rud_minors":0,"rud_older65":0,"rud_afro":0,"rud_indigenous":0,"rud_estado_averiado":0,"rud_estado_no_habitable":0,"rud_estado_habitable":0,"rud_estado_destruido":0,"rud_estado_no_informa":0,"rud_tenencia_propietario":0,"rud_tenencia_arrendatario":0,"rud_tenencia_ocupante":0,"rud_tenencia_poseedor":0,"rud_tenencia_no_informa":0,"rud_match_methods":"","rud_match_confidences":"","has_rud_match":false}},{"type":"Feature","geometry":{"type":"Point","coordinates":[-76.4932159,3.475826]},"properties":{"place_id":"228d4195-dc02-4852-837f-02f1ef88695e","place_report_count":1,"worst_collapse_type":null,"place_has_arcgis_id":false,"evaluation_count":9,"evaluation_ids_count":9,"barrio":"Chiminangos 1, Chiminangos 2","nivel_dano_max":"medio","severidad_max":"medio_alto","habitabilidad_codigos":"h, i3, r1","recomendaciones":"demoler, evacuar_total, monitoreo, restringir_peatones, seguimiento, vigilancia","evaluaciones_adicionales":"estructural","usos":"residencial","sistema_estructural":"muros_carga","material":"conc_prefab_mc","epoca_construccion":"1984_1997","estado_conservacion":"bueno, regular","calidad_diseno":"bueno","ocupantes_max":380,"heridos_max":0,"muertos_max":0,"gps_accuracy_median":4.8,"rud_records":2,"rud_households":1,"rud_addresses":1,"rud_women":1,"rud_minors":0,"rud_older65":2,"rud_afro":0,"rud_indigenous":0,"rud_estado_averiado":0,"rud_estado_no_habitable":2,"rud_estado_habitable":0,"rud_estado_destruido":0,"rud_estado_no_informa":0,"rud_tenencia_propietario":2,"rud_tenencia_arrendatario":0,"rud_tenencia_ocupante":0,"rud_tenencia_poseedor":0,"rud_tenencia_no_informa":0,"rud_match_methods":"nomenclatura_sector","rud_match_confidences":"media","has_rud_match":true}},{"type":"Feature","geometry":{"type":"Point","coordinates":[-76.4931078,3.475982]},"properties":{"place_id":"bd364edb-e8a0-49cb-9204-30e361ebaa52","place_report_count":1,"worst_collapse_type":null,"place_has_arcgis_id":false,"evaluation_count":1,"evaluation_ids_count":1,"barrio":"Chiminango 2","nivel_dano_max":"bajo","severidad_max":"bajo","habitabilidad_codigos":"h","recomendaciones":"monitoreo","evaluaciones_adicionales":"otra","usos":"residencial","sistema_estructural":"muros_carga","material":"","epoca_construccion":"desconocida","estado_conservacion":"","calidad_diseno":"","ocupantes_max":30,"heridos_max":0,"muertos_max":0,"gps_accuracy_median":9.94,"rud_records":0,"rud_households":0,"rud_addresses":0,"rud_women":0,"rud_minors":0,"rud_older65":0,"rud_afro":0,"rud_indigenous":0,"rud_estado_averiado":0,"rud_estado_no_habitable":0,"rud_estado_habitable":0,"rud_estado_destruido":0,"rud_estado_no_informa":0,"rud_tenencia_propietario":0,"rud_tenencia_arrendatario":0,"rud_tenencia_ocupante":0,"rud_tenencia_poseedor":0,"rud_tenencia_no_informa":0,"rud_match_methods":"","rud_match_confidences":"","has_rud_match":false}},{"type":"Feature","geometry":{"type":"Point","coordinates":[-76.4924248,3.4759905]},"properties":{"place_id":"4cd9ab09-ca61-4fc3-b467-7b4c1f427a8d","place_report_count":0,"worst_collapse_type":null,"place_has_arcgis_id":false,"evaluation_count":1,"evaluation_ids_count":1,"barrio":"Chiminango","nivel_dano_max":"medio","severidad_max":"medio_alto","habitabilidad_codigos":"r2","recomendaciones":"aislamiento, apuntalar, demoler","evaluaciones_adicionales":"estructural","usos":"residencial","sistema_estructural":"muros_carga","material":"conc_prefab_mc","epoca_construccion":"antes_1984","estado_conservacion":"regular","calidad_diseno":"regular","ocupantes_max":240,"heridos_max":0,"muertos_max":0,"gps_accuracy_median":1.02,"rud_records":0,"rud_households":0,"rud_addresses":0,"rud_women":0,"rud_minors":0,"rud_older65":0,"rud_afro":0,"rud_indigenous":0,"rud_estado_averiado":0,"rud_estado_no_habitable":0,"rud_estado_habitable":0,"rud_estado_destruido":0,"rud_estado_no_informa":0,"rud_tenencia_propietario":0,"rud_tenencia_arrendatario":0,"rud_tenencia_ocupante":0,"rud_tenencia_poseedor":0,"rud_tenencia_no_informa":0,"rud_match_methods":"","rud_match_confidences":"","has_rud_match":false}},{"type":"Feature","geometry":{"type":"Point","coordinates":[-76.4922626,3.476019]},"properties":{"place_id":"0b8eb40f-581f-4a23-a025-5c858aa1e90f","place_report_count":0,"worst_collapse_type":null,"place_has_arcgis_id":false,"evaluation_count":1,"evaluation_ids_count":1,"barrio":"Chiminango","nivel_dano_max":"medio","severidad_max":"medio_alto","habitabilidad_codigos":"r1","recomendaciones":"aislamiento, apuntalar, demoler, restringir_peatones, vigilancia","evaluaciones_adicionales":"estructural","usos":"residencial","sistema_estructural":"muros_carga","material":"conc_prefab_mc","epoca_construccion":"antes_1984","estado_conservacion":"regular","calidad_diseno":"regular","ocupantes_max":180,"heridos_max":0,"muertos_max":0,"gps_accuracy_median":6.12,"rud_records":0,"rud_households":0,"rud_addresses":0,"rud_women":0,"rud_minors":0,"rud_older65":0,"rud_afro":0,"rud_indigenous":0,"rud_estado_averiado":0,"rud_estado_no_habitable":0,"rud_estado_habitable":0,"rud_estado_destruido":0,"rud_estado_no_informa":0,"rud_tenencia_propietario":0,"rud_tenencia_arrendatario":0,"rud_tenencia_ocupante":0,"rud_tenencia_poseedor":0,"rud_tenencia_no_informa":0,"rud_match_methods":"","rud_match_confidences":"","has_rud_match":false}},{"type":"Feature","geometry":{"type":"Point","coordinates":[-76.4929699,3.4760455]},"properties":{"place_id":"016fd0b7-3eff-4769-9b2c-8f105caf9ff0","place_report_count":1,"worst_collapse_type":null,"place_has_arcgis_id":false,"evaluation_count":1,"evaluation_ids_count":1,"barrio":"Chiminango 2","nivel_dano_max":"sin_dano","severidad_max":"sin_dano","habitabilidad_codigos":"h","recomendaciones":"","evaluaciones_adicionales":"","usos":"residencial","sistema_estructural":"muros_carga","material":"conc_prefab_mc","epoca_construccion":"1984_1997","estado_conservacion":"bueno","calidad_diseno":"bueno","ocupantes_max":80,"heridos_max":0,"muertos_max":0,"gps_accuracy_median":4.85,"rud_records":0,"rud_households":0,"rud_addresses":0,"rud_women":0,"rud_minors":0,"rud_older65":0,"rud_afro":0,"rud_indigenous":0,"rud_estado_averiado":0,"rud_estado_no_habitable":0,"rud_estado_habitable":0,"rud_estado_destruido":0,"rud_estado_no_informa":0,"rud_tenencia_propietario":0,"rud_tenencia_arrendatario":0,"rud_tenencia_ocupante":0,"rud_tenencia_poseedor":0,"rud_tenencia_no_informa":0,"rud_match_methods":"","rud_match_confidences":"","has_rud_match":false}},{"type":"Feature","geometry":{"type":"Point","coordinates":[-76.4936077,3.4760565]},"properties":{"place_id":"f9d447e1-cc92-4390-ad1c-39aac042bf09","place_report_count":1,"worst_collapse_type":null,"place_has_arcgis_id":false,"evaluation_count":1,"evaluation_ids_count":1,"barrio":"Chiminango","nivel_dano_max":"bajo","severidad_max":"bajo","habitabilidad_codigos":"h","recomendaciones":"monitoreo","evaluaciones_adicionales":"","usos":"residencial","sistema_estructural":"porticos","material":"conc_arr","epoca_construccion":"desconocida","estado_conservacion":"regular","calidad_diseno":"regular","ocupantes_max":40,"heridos_max":0,"muertos_max":0,"gps_accuracy_median":9.7,"rud_records":0,"rud_households":0,"rud_addresses":0,"rud_women":0,"rud_minors":0,"rud_older65":0,"rud_afro":0,"rud_indigenous":0,"rud_estado_averiado":0,"rud_estado_no_habitable":0,"rud_estado_habitable":0,"rud_estado_destruido":0,"rud_estado_no_informa":0,"rud_tenencia_propietario":0,"rud_tenencia_arrendatario":0,"rud_tenencia_ocupante":0,"rud_tenencia_poseedor":0,"rud_tenencia_no_informa":0,"rud_match_methods":"","rud_match_confidences":"","has_rud_match":false}},{"type":"Feature","geometry":{"type":"Point","coordinates":[-76.4927938,3.4760754]},"properties":{"place_id":"f44f6cc7-954b-4f87-98b0-4e5364ae74a7","place_report_count":1,"worst_collapse_type":null,"place_has_arcgis_id":false,"evaluation_count":2,"evaluation_ids_count":2,"barrio":"Chiminango 2","nivel_dano_max":"bajo","severidad_max":"medio","habitabilidad_codigos":"h","recomendaciones":"seguimiento","evaluaciones_adicionales":"","usos":"residencial","sistema_estructural":"muros_carga","material":"conc_prefab_mc","epoca_construccion":"1984_1997","estado_conservacion":"bueno","calidad_diseno":"bueno","ocupantes_max":60,"heridos_max":0,"muertos_max":0,"gps_accuracy_median":4.56,"rud_records":0,"rud_households":0,"rud_addresses":0,"rud_women":0,"rud_minors":0,"rud_older65":0,"rud_afro":0,"rud_indigenous":0,"rud_estado_averiado":0,"rud_estado_no_habitable":0,"rud_estado_habitable":0,"rud_estado_destruido":0,"rud_estado_no_informa":0,"rud_tenencia_propietario":0,"rud_tenencia_arrendatario":0,"rud_tenencia_ocupante":0,"rud_tenencia_poseedor":0,"rud_tenencia_no_informa":0,"rud_match_methods":"","rud_match_confidences":"","has_rud_match":false}},{"type":"Feature","geometry":{"type":"Point","coordinates":[-76.4933063,3.476098]},"properties":{"place_id":"4cdb6455-bb5b-4f3f-aba5-c4c18b476aee","place_report_count":1,"worst_collapse_type":null,"place_has_arcgis_id":false,"evaluation_count":2,"evaluation_ids_count":2,"barrio":"Chiminango, Chiminangos","nivel_dano_max":"alto","severidad_max":"medio_alto","habitabilidad_codigos":"i2, r2","recomendaciones":"aislamiento, apuntalar, demoler, evacuar_parcial, intervencion, monitoreo, restringir_peatones, seguimiento, vigilancia","evaluaciones_adicionales":"estructural","usos":"comercial, residencial","sistema_estructural":"muros_carga","material":"conc_prefab_mc","epoca_construccion":"1984_1997","estado_conservacion":"regular","calidad_diseno":"malo","ocupantes_max":240,"heridos_max":0,"muertos_max":0,"gps_accuracy_median":9.94,"rud_records":0,"rud_households":0,"rud_addresses":0,"rud_women":0,"rud_minors":0,"rud_older65":0,"rud_afro":0,"rud_indigenous":0,"rud_estado_averiado":0,"rud_estado_no_habitable":0,"rud_estado_habitable":0,"rud_estado_destruido":0,"rud_estado_no_informa":0,"rud_tenencia_propietario":0,"rud_tenencia_arrendatario":0,"rud_tenencia_ocupante":0,"rud_tenencia_poseedor":0,"rud_tenencia_no_informa":0,"rud_match_methods":"","rud_match_confidences":"","has_rud_match":false}},{"type":"Feature","geometry":{"type":"Point","coordinates":[-76.4995211,3.4761908]},"properties":{"place_id":"046418e4-9fbf-4a0f-ae42-ea235a7608b8","place_report_count":0,"worst_collapse_type":null,"place_has_arcgis_id":false,"evaluation_count":4,"evaluation_ids_count":4,"barrio":"Torres de Comfandi, Versalles","nivel_dano_max":"alto","severidad_max":"alto","habitabilidad_codigos":"h, i2, r1","recomendaciones":"aislamiento, demoler, evacuar_total, monitoreo, restringir_peatones, restringir_vehiculos, seguimiento","evaluaciones_adicionales":"estructural, otra","usos":"residencial, salud","sistema_estructural":"dual, porticos","material":"conc_no_arr, concreto_dual","epoca_construccion":"1984_1997, antes_1984, despues_2010","estado_conservacion":"bueno, regular","calidad_diseno":"bueno, regular","ocupantes_max":780,"heridos_max":null,"muertos_max":null,"gps_accuracy_median":4.55,"rud_records":0,"rud_households":0,"rud_addresses":0,"rud_women":0,"rud_minors":0,"rud_older65":0,"rud_afro":0,"rud_indigenous":0,"rud_estado_averiado":0,"rud_estado_no_habitable":0,"rud_estado_habitable":0,"rud_estado_destruido":0,"rud_estado_no_informa":0,"rud_tenencia_propietario":0,"rud_tenencia_arrendatario":0,"rud_tenencia_ocupante":0,"rud_tenencia_poseedor":0,"rud_tenencia_no_informa":0,"rud_match_methods":"","rud_match_confidences":"","has_rud_match":false}},{"type":"Feature","geometry":{"type":"Point","coordinates":[-76.4933317,3.4769267]},"properties":{"place_id":"76db61c5-75c6-4a07-9975-1cb7ef37d67b","place_report_count":1,"worst_collapse_type":null,"place_has_arcgis_id":false,"evaluation_count":15,"evaluation_ids_count":15,"barrio":"Chiminangos 1, Chiminangos 2, Versalles","nivel_dano_max":"medio","severidad_max":"medio_alto","habitabilidad_codigos":"h, r1, r2","recomendaciones":"aislamiento, demoler, seguimiento","evaluaciones_adicionales":"estructural","usos":"oficina, residencial, salud","sistema_estructural":"dual, muros_carga, no_claro","material":"conc_acero, conc_mamposteria, conc_prefab_mc, mat_no_claro","epoca_construccion":"antes_1984, desconocida","estado_conservacion":"bueno, regular","calidad_diseno":"bueno, regular","ocupantes_max":385,"heridos_max":1,"muertos_max":0,"gps_accuracy_median":1.8,"rud_records":57,"rud_households":22,"rud_addresses":1,"rud_women":34,"rud_minors":8,"rud_older65":13,"rud_afro":2,"rud_indigenous":0,"rud_estado_averiado":30,"rud_estado_no_habitable":6,"rud_estado_habitable":21,"rud_estado_destruido":0,"rud_estado_no_informa":0,"rud_tenencia_propietario":45,"rud_tenencia_arrendatario":11,"rud_tenencia_ocupante":1,"rud_tenencia_poseedor":0,"rud_tenencia_no_informa":0,"rud_match_methods":"direccion_normalizada","rud_match_confidences":"alta","has_rud_match":true}},{"type":"Feature","geometry":{"type":"Point","coordinates":[-76.4920699,3.4769616]},"properties":{"place_id":"bc3e8b2e-a98a-4cae-8766-88dea59bb294","place_report_count":0,"worst_collapse_type":null,"place_has_arcgis_id":true,"evaluation_count":1,"evaluation_ids_count":1,"barrio":"Chiminangos","nivel_dano_max":"alto","severidad_max":"alto","habitabilidad_codigos":"i2","recomendaciones":"aislamiento, apuntalar, evacuar_parcial, monitoreo, restringir_peatones, vigilancia","evaluaciones_adicionales":"estructural","usos":"residencial","sistema_estructural":"","material":"","epoca_construccion":"1984_1997","estado_conservacion":"","calidad_diseno":"","ocupantes_max":320,"heridos_max":null,"muertos_max":null,"gps_accuracy_median":24.71,"rud_records":0,"rud_households":0,"rud_addresses":0,"rud_women":0,"rud_minors":0,"rud_older65":0,"rud_afro":0,"rud_indigenous":0,"rud_estado_averiado":0,"rud_estado_no_habitable":0,"rud_estado_habitable":0,"rud_estado_destruido":0,"rud_estado_no_informa":0,"rud_tenencia_propietario":0,"rud_tenencia_arrendatario":0,"rud_tenencia_ocupante":0,"rud_tenencia_poseedor":0,"rud_tenencia_no_informa":0,"rud_match_methods":"","rud_match_confidences":"","has_rud_match":false}},{"type":"Feature","geometry":{"type":"Point","coordinates":[-76.4937386,3.4769694]},"properties":{"place_id":"4e56e9a6-0c35-4839-8a74-583cc2a24033","place_report_count":0,"worst_collapse_type":null,"place_has_arcgis_id":true,"evaluation_count":1,"evaluation_ids_count":1,"barrio":"Chiminangos","nivel_dano_max":"alto","severidad_max":"alto","habitabilidad_codigos":"i2","recomendaciones":"aislamiento, apuntalar, demoler, desconectar, evacuar_total, monitoreo, restringir_peatones, seguimiento, vigilancia","evaluaciones_adicionales":"estructural","usos":"residencial","sistema_estructural":"","material":"","epoca_construccion":"1984_1997","estado_conservacion":"","calidad_diseno":"","ocupantes_max":240,"heridos_max":0,"muertos_max":1,"gps_accuracy_median":null,"rud_records":11,"rud_households":2,"rud_addresses":2,"rud_women":6,"rud_minors":4,"rud_older65":1,"rud_afro":1,"rud_indigenous":0,"rud_estado_averiado":7,"rud_estado_no_habitable":4,"rud_estado_habitable":0,"rud_estado_destruido":0,"rud_estado_no_informa":0,"rud_tenencia_propietario":0,"rud_tenencia_arrendatario":11,"rud_tenencia_ocupante":0,"rud_tenencia_poseedor":0,"rud_tenencia_no_informa":0,"rud_match_methods":"nomenclatura_sector","rud_match_confidences":"media","has_rud_match":true}},{"type":"Feature","geometry":{"type":"Point","coordinates":[-76.4938781486757,3.47701759335094]},"properties":{"place_id":"bbcb84f4-6b9e-4975-a727-33010e985419","place_report_count":1,"worst_collapse_type":"B","place_has_arcgis_id":false,"evaluation_count":2,"evaluation_ids_count":2,"barrio":"Chiminango 2, Versalles","nivel_dano_max":"alto","severidad_max":"alto","habitabilidad_codigos":"i2","recomendaciones":"demoler, evacuar_parcial, evacuar_total, evacuar_vecinas, monitoreo, restringir_peatones, seguimiento","evaluaciones_adicionales":"estructural, otra","usos":"residencial","sistema_estructural":"muros_carga","material":"conc_prefab_mc, mamp_confinada","epoca_construccion":"1984_1997","estado_conservacion":"bueno, regular","calidad_diseno":"bueno","ocupantes_max":80,"heridos_max":0,"muertos_max":1,"gps_accuracy_median":14.3,"rud_records":0,"rud_households":0,"rud_addresses":0,"rud_women":0,"rud_minors":0,"rud_older65":0,"rud_afro":0,"rud_indigenous":0,"rud_estado_averiado":0,"rud_estado_no_habitable":0,"rud_estado_habitable":0,"rud_estado_destruido":0,"rud_estado_no_informa":0,"rud_tenencia_propietario":0,"rud_tenencia_arrendatario":0,"rud_tenencia_ocupante":0,"rud_tenencia_poseedor":0,"rud_tenencia_no_informa":0,"rud_match_methods":"","rud_match_confidences":"","has_rud_match":false}},{"type":"Feature","geometry":{"type":"Point","coordinates":[-76.4938781486757,3.47701759335094]},"properties":{"place_id":"d6371e68-0cd7-41a0-830c-e861f637d4ce","place_report_count":1,"worst_collapse_type":"B","place_has_arcgis_id":false,"evaluation_count":1,"evaluation_ids_count":1,"barrio":"Chiminango 2","nivel_dano_max":"alto","severidad_max":"alto","habitabilidad_codigos":"i2","recomendaciones":"demoler, evacuar_total, evacuar_vecinas, monitoreo, restringir_peatones","evaluaciones_adicionales":"estructural, otra","usos":"residencial","sistema_estructural":"muros_carga","material":"conc_prefab_mc","epoca_construccion":"1984_1997","estado_conservacion":"regular","calidad_diseno":"bueno","ocupantes_max":80,"heridos_max":0,"muertos_max":1,"gps_accuracy_median":14.3,"rud_records":0,"rud_households":0,"rud_addresses":0,"rud_women":0,"rud_minors":0,"rud_older65":0,"rud_afro":0,"rud_indigenous":0,"rud_estado_averiado":0,"rud_estado_no_habitable":0,"rud_estado_habitable":0,"rud_estado_destruido":0,"rud_estado_no_informa":0,"rud_tenencia_propietario":0,"rud_tenencia_arrendatario":0,"rud_tenencia_ocupante":0,"rud_tenencia_poseedor":0,"rud_tenencia_no_informa":0,"rud_match_methods":"","rud_match_confidences":"","has_rud_match":false}},{"type":"Feature","geometry":{"type":"Point","coordinates":[-76.4938781486757,3.47701759335094]},"properties":{"place_id":"ed5acb53-68d9-4bb9-8047-32e0018b2db4","place_report_count":1,"worst_collapse_type":"B","place_has_arcgis_id":false,"evaluation_count":1,"evaluation_ids_count":1,"barrio":"Chiminango 2","nivel_dano_max":"alto","severidad_max":"alto","habitabilidad_codigos":"i2","recomendaciones":"apuntalar, evacuar_total, monitoreo, restringir_peatones, seguimiento","evaluaciones_adicionales":"estructural, otra","usos":"residencial","sistema_estructural":"muros_carga","material":"conc_prefab_mc","epoca_construccion":"1984_1997","estado_conservacion":"regular","calidad_diseno":"bueno","ocupantes_max":80,"heridos_max":0,"muertos_max":0,"gps_accuracy_median":14.3,"rud_records":0,"rud_households":0,"rud_addresses":0,"rud_women":0,"rud_minors":0,"rud_older65":0,"rud_afro":0,"rud_indigenous":0,"rud_estado_averiado":0,"rud_estado_no_habitable":0,"rud_estado_habitable":0,"rud_estado_destruido":0,"rud_estado_no_informa":0,"rud_tenencia_propietario":0,"rud_tenencia_arrendatario":0,"rud_tenencia_ocupante":0,"rud_tenencia_poseedor":0,"rud_tenencia_no_informa":0,"rud_match_methods":"","rud_match_confidences":"","has_rud_match":false}},{"type":"Feature","geometry":{"type":"Point","coordinates":[-76.4938781486757,3.47701759335094]},"properties":{"place_id":"ce5ec2f2-de3a-47cd-9655-d112d58351c8","place_report_count":1,"worst_collapse_type":"B","place_has_arcgis_id":false,"evaluation_count":1,"evaluation_ids_count":1,"barrio":"Chiminango 2","nivel_dano_max":"alto","severidad_max":"alto","habitabilidad_codigos":"i2","recomendaciones":"apuntalar, evacuar_total, monitoreo, restringir_peatones, seguimiento","evaluaciones_adicionales":"estructural, otra","usos":"residencial","sistema_estructural":"muros_carga","material":"conc_prefab_mc","epoca_construccion":"1984_1997","estado_conservacion":"regular","calidad_diseno":"bueno","ocupantes_max":80,"heridos_max":0,"muertos_max":0,"gps_accuracy_median":14.3,"rud_records":0,"rud_households":0,"rud_addresses":0,"rud_women":0,"rud_minors":0,"rud_older65":0,"rud_afro":0,"rud_indigenous":0,"rud_estado_averiado":0,"rud_estado_no_habitable":0,"rud_estado_habitable":0,"rud_estado_destruido":0,"rud_estado_no_informa":0,"rud_tenencia_propietario":0,"rud_tenencia_arrendatario":0,"rud_tenencia_ocupante":0,"rud_tenencia_poseedor":0,"rud_tenencia_no_informa":0,"rud_match_methods":"","rud_match_confidences":"","has_rud_match":false}},{"type":"Feature","geometry":{"type":"Point","coordinates":[-76.4935233,3.477025]},"properties":{"place_id":"e06f82bc-d0ef-4a03-a326-b35dfdada3cd","place_report_count":1,"worst_collapse_type":null,"place_has_arcgis_id":false,"evaluation_count":1,"evaluation_ids_count":1,"barrio":"Chiminango 2 Sector 3 Agrupacion 1","nivel_dano_max":"medio","severidad_max":"medio_alto","habitabilidad_codigos":"r1","recomendaciones":"apuntalar, monitoreo, seguimiento, vigilancia","evaluaciones_adicionales":"","usos":"residencial","sistema_estructural":"muros_carga","material":"mamp_reforzada","epoca_construccion":"1984_1997","estado_conservacion":"bueno","calidad_diseno":"bueno","ocupantes_max":30,"heridos_max":null,"muertos_max":null,"gps_accuracy_median":1.1,"rud_records":0,"rud_households":0,"rud_addresses":0,"rud_women":0,"rud_minors":0,"rud_older65":0,"rud_afro":0,"rud_indigenous":0,"rud_estado_averiado":0,"rud_estado_no_habitable":0,"rud_estado_habitable":0,"rud_estado_destruido":0,"rud_estado_no_informa":0,"rud_tenencia_propietario":0,"rud_tenencia_arrendatario":0,"rud_tenencia_ocupante":0,"rud_tenencia_poseedor":0,"rud_tenencia_no_informa":0,"rud_match_methods":"","rud_match_confidences":"","has_rud_match":false}},{"type":"Feature","geometry":{"type":"Point","coordinates":[-76.4939557760954,3.47719099838287]},"properties":{"place_id":"76fe9ec6-a355-4683-a59b-05f600289d61","place_report_count":1,"worst_collapse_type":"B","place_has_arcgis_id":false,"evaluation_count":1,"evaluation_ids_count":1,"barrio":"Chiminango 2 sector 3 agrupación 1","nivel_dano_max":"alto","severidad_max":"alto","habitabilidad_codigos":"i2","recomendaciones":"aislamiento, apuntalar, demoler, desconectar, evacuar_total, evacuar_vecinas, intervencion, monitoreo, restringir_peatones, restringir_vehiculos, seguimiento, vigilancia","evaluaciones_adicionales":"estructural, geotecnica","usos":"residencial","sistema_estructural":"muros_carga","material":"mamp_confinada","epoca_construccion":"1984_1997","estado_conservacion":"regular","calidad_diseno":"malo","ocupantes_max":25,"heridos_max":null,"muertos_max":null,"gps_accuracy_median":3.5,"rud_records":0,"rud_households":0,"rud_addresses":0,"rud_women":0,"rud_minors":0,"rud_older65":0,"rud_afro":0,"rud_indigenous":0,"rud_estado_averiado":0,"rud_estado_no_habitable":0,"rud_estado_habitable":0,"rud_estado_destruido":0,"rud_estado_no_informa":0,"rud_tenencia_propietario":0,"rud_tenencia_arrendatario":0,"rud_tenencia_ocupante":0,"rud_tenencia_poseedor":0,"rud_tenencia_no_informa":0,"rud_match_methods":"","rud_match_confidences":"","has_rud_match":false}},{"type":"Feature","geometry":{"type":"Point","coordinates":[-76.4911544,3.4772005]},"properties":{"place_id":"32ae94fe-52b4-46ce-9187-dda93b69f28c","place_report_count":0,"worst_collapse_type":null,"place_has_arcgis_id":true,"evaluation_count":1,"evaluation_ids_count":1,"barrio":"Chiminangos 1","nivel_dano_max":"alto","severidad_max":"medio_alto","habitabilidad_codigos":"i2","recomendaciones":"evacuar_parcial, monitoreo, restringir_peatones, sustancias","evaluaciones_adicionales":"estructural","usos":"residencial","sistema_estructural":"muros_carga","material":"concreto_mc","epoca_construccion":"antes_1984","estado_conservacion":"regular","calidad_diseno":"regular","ocupantes_max":21,"heridos_max":0,"muertos_max":0,"gps_accuracy_median":8.67,"rud_records":0,"rud_households":0,"rud_addresses":0,"rud_women":0,"rud_minors":0,"rud_older65":0,"rud_afro":0,"rud_indigenous":0,"rud_estado_averiado":0,"rud_estado_no_habitable":0,"rud_estado_habitable":0,"rud_estado_destruido":0,"rud_estado_no_informa":0,"rud_tenencia_propietario":0,"rud_tenencia_arrendatario":0,"rud_tenencia_ocupante":0,"rud_tenencia_poseedor":0,"rud_tenencia_no_informa":0,"rud_match_methods":"","rud_match_confidences":"","has_rud_match":false}},{"type":"Feature","geometry":{"type":"Point","coordinates":[-76.4905626,3.4772046]},"properties":{"place_id":"38c2a4df-0e41-468c-8bb1-43f9b99e696a","place_report_count":0,"worst_collapse_type":null,"place_has_arcgis_id":false,"evaluation_count":1,"evaluation_ids_count":1,"barrio":"Chiminango 1","nivel_dano_max":"medio","severidad_max":"medio_alto","habitabilidad_codigos":"r1","recomendaciones":"demoler, desconectar, restringir_peatones","evaluaciones_adicionales":"estructural","usos":"institucional","sistema_estructural":"porticos","material":"conc_no_arr","epoca_construccion":"1984_1997","estado_conservacion":"regular","calidad_diseno":"bueno","ocupantes_max":0,"heridos_max":0,"muertos_max":0,"gps_accuracy_median":4.04,"rud_records":0,"rud_households":0,"rud_addresses":0,"rud_women":0,"rud_minors":0,"rud_older65":0,"rud_afro":0,"rud_indigenous":0,"rud_estado_averiado":0,"rud_estado_no_habitable":0,"rud_estado_habitable":0,"rud_estado_destruido":0,"rud_estado_no_informa":0,"rud_tenencia_propietario":0,"rud_tenencia_arrendatario":0,"rud_tenencia_ocupante":0,"rud_tenencia_poseedor":0,"rud_tenencia_no_informa":0,"rud_match_methods":"","rud_match_confidences":"","has_rud_match":false}},{"type":"Feature","geometry":{"type":"Point","coordinates":[-76.4939961768687,3.4772132942453]},"properties":{"place_id":"5299d992-1be6-4d7e-b51b-26ef7e108b22","place_report_count":1,"worst_collapse_type":"B","place_has_arcgis_id":false,"evaluation_count":1,"evaluation_ids_count":1,"barrio":"Chiminango 2 sector 3 agrupación 1","nivel_dano_max":"alto","severidad_max":"alto","habitabilidad_codigos":"i2","recomendaciones":"aislamiento, apuntalar, evacuar_total, evacuar_vecinas, intervencion, monitoreo, restringir_peatones, restringir_vehiculos, seguimiento, vigilancia","evaluaciones_adicionales":"estructural, geotecnica","usos":"residencial","sistema_estructural":"muros_carga","material":"mamp_reforzada","epoca_construccion":"1984_1997","estado_conservacion":"regular","calidad_diseno":"regular","ocupantes_max":60,"heridos_max":null,"muertos_max":null,"gps_accuracy_median":5.5,"rud_records":0,"rud_households":0,"rud_addresses":0,"rud_women":0,"rud_minors":0,"rud_older65":0,"rud_afro":0,"rud_indigenous":0,"rud_estado_averiado":0,"rud_estado_no_habitable":0,"rud_estado_habitable":0,"rud_estado_destruido":0,"rud_estado_no_informa":0,"rud_tenencia_propietario":0,"rud_tenencia_arrendatario":0,"rud_tenencia_ocupante":0,"rud_tenencia_poseedor":0,"rud_tenencia_no_informa":0,"rud_match_methods":"","rud_match_confidences":"","has_rud_match":false}},{"type":"Feature","geometry":{"type":"Point","coordinates":[-76.4934041630477,3.47722745966166]},"properties":{"place_id":"7c0048f4-cc47-4e98-956e-349b7cfaa274","place_report_count":1,"worst_collapse_type":"B","place_has_arcgis_id":false,"evaluation_count":1,"evaluation_ids_count":1,"barrio":"Chiminango 2 sector 3 agrupación 1","nivel_dano_max":"alto","severidad_max":"medio_alto","habitabilidad_codigos":"i2","recomendaciones":"aislamiento, monitoreo, restringir_peatones, seguimiento, vigilancia","evaluaciones_adicionales":"estructural","usos":"residencial","sistema_estructural":"muros_carga","material":"mamp_reforzada","epoca_construccion":"1984_1997","estado_conservacion":"regular","calidad_diseno":"regular","ocupantes_max":60,"heridos_max":null,"muertos_max":null,"gps_accuracy_median":4.5,"rud_records":0,"rud_households":0,"rud_addresses":0,"rud_women":0,"rud_minors":0,"rud_older65":0,"rud_afro":0,"rud_indigenous":0,"rud_estado_averiado":0,"rud_estado_no_habitable":0,"rud_estado_habitable":0,"rud_estado_destruido":0,"rud_estado_no_informa":0,"rud_tenencia_propietario":0,"rud_tenencia_arrendatario":0,"rud_tenencia_ocupante":0,"rud_tenencia_poseedor":0,"rud_tenencia_no_informa":0,"rud_match_methods":"","rud_match_confidences":"","has_rud_match":false}},{"type":"Feature","geometry":{"type":"Point","coordinates":[-76.4914478,3.4772593]},"properties":{"place_id":"8ff13896-5f15-4417-b450-2483a4c8d9bb","place_report_count":0,"worst_collapse_type":null,"place_has_arcgis_id":false,"evaluation_count":6,"evaluation_ids_count":6,"barrio":"Chiminangos","nivel_dano_max":"bajo","severidad_max":"bajo","habitabilidad_codigos":"r2","recomendaciones":"monitoreo, restringir_peatones, seguimiento","evaluaciones_adicionales":"estructural","usos":"residencial","sistema_estructural":"dual","material":"conc_mamposteria","epoca_construccion":"1984_1997","estado_conservacion":"regular","calidad_diseno":"bueno","ocupantes_max":30,"heridos_max":null,"muertos_max":null,"gps_accuracy_median":9.67,"rud_records":3,"rud_households":2,"rud_addresses":2,"rud_women":2,"rud_minors":0,"rud_older65":0,"rud_afro":0,"rud_indigenous":0,"rud_estado_averiado":1,"rud_estado_no_habitable":2,"rud_estado_habitable":0,"rud_estado_destruido":0,"rud_estado_no_informa":0,"rud_tenencia_propietario":2,"rud_tenencia_arrendatario":1,"rud_tenencia_ocupante":0,"rud_tenencia_poseedor":0,"rud_tenencia_no_informa":0,"rud_match_methods":"direccion_normalizada","rud_match_confidences":"alta","has_rud_match":true}},{"type":"Feature","geometry":{"type":"Point","coordinates":[-76.4929207,3.4773276]},"properties":{"place_id":"43a69fd6-46c7-4691-b141-06b5522da3be","place_report_count":0,"worst_collapse_type":null,"place_has_arcgis_id":false,"evaluation_count":1,"evaluation_ids_count":1,"barrio":"Chiminangos 2","nivel_dano_max":"medio","severidad_max":"medio_alto","habitabilidad_codigos":"r2","recomendaciones":"apuntalar, demoler, monitoreo, restringir_peatones","evaluaciones_adicionales":"estructural","usos":"residencial","sistema_estructural":"muros_carga","material":"concreto_mc","epoca_construccion":"1984_1997","estado_conservacion":"regular","calidad_diseno":"bueno","ocupantes_max":null,"heridos_max":null,"muertos_max":null,"gps_accuracy_median":5.11,"rud_records":0,"rud_households":0,"rud_addresses":0,"rud_women":0,"rud_minors":0,"rud_older65":0,"rud_afro":0,"rud_indigenous":0,"rud_estado_averiado":0,"rud_estado_no_habitable":0,"rud_estado_habitable":0,"rud_estado_destruido":0,"rud_estado_no_informa":0,"rud_tenencia_propietario":0,"rud_tenencia_arrendatario":0,"rud_tenencia_ocupante":0,"rud_tenencia_poseedor":0,"rud_tenencia_no_informa":0,"rud_match_methods":"","rud_match_confidences":"","has_rud_match":false}},{"type":"Feature","geometry":{"type":"Point","coordinates":[-76.4934485871345,3.4773723827675]},"properties":{"place_id":"877680a3-2c15-41e5-9b46-e6695ae247ad","place_report_count":1,"worst_collapse_type":"B","place_has_arcgis_id":false,"evaluation_count":2,"evaluation_ids_count":2,"barrio":"Chiminango 2 sector 3 agrupación 1","nivel_dano_max":"alto","severidad_max":"medio_alto","habitabilidad_codigos":"i2, r1","recomendaciones":"aislamiento, apuntalar, demoler, monitoreo, restringir_peatones, seguimiento","evaluaciones_adicionales":"estructural","usos":"residencial","sistema_estructural":"muros_carga","material":"mamp_reforzada","epoca_construccion":"1984_1997","estado_conservacion":"regular","calidad_diseno":"regular","ocupantes_max":80,"heridos_max":0,"muertos_max":0,"gps_accuracy_median":4.5,"rud_records":0,"rud_households":0,"rud_addresses":0,"rud_women":0,"rud_minors":0,"rud_older65":0,"rud_afro":0,"rud_indigenous":0,"rud_estado_averiado":0,"rud_estado_no_habitable":0,"rud_estado_habitable":0,"rud_estado_destruido":0,"rud_estado_no_informa":0,"rud_tenencia_propietario":0,"rud_tenencia_arrendatario":0,"rud_tenencia_ocupante":0,"rud_tenencia_poseedor":0,"rud_tenencia_no_informa":0,"rud_match_methods":"","rud_match_confidences":"","has_rud_match":false}},{"type":"Feature","geometry":{"type":"Point","coordinates":[-76.4930396,3.4773941]},"properties":{"place_id":"ecb9b652-984d-4640-9570-4421e5eeb83e","place_report_count":0,"worst_collapse_type":null,"place_has_arcgis_id":false,"evaluation_count":1,"evaluation_ids_count":1,"barrio":"Chiminangos 2","nivel_dano_max":"medio","severidad_max":"medio_alto","habitabilidad_codigos":"r2","recomendaciones":"apuntalar, demoler, evacuar_parcial, monitoreo, restringir_peatones","evaluaciones_adicionales":"estructural","usos":"residencial","sistema_estructural":"muros_carga","material":"concreto_mc","epoca_construccion":"antes_1984","estado_conservacion":"regular","calidad_diseno":"bueno","ocupantes_max":null,"heridos_max":null,"muertos_max":null,"gps_accuracy_median":9.47,"rud_records":0,"rud_households":0,"rud_addresses":0,"rud_women":0,"rud_minors":0,"rud_older65":0,"rud_afro":0,"rud_indigenous":0,"rud_estado_averiado":0,"rud_estado_no_habitable":0,"rud_estado_habitable":0,"rud_estado_destruido":0,"rud_estado_no_informa":0,"rud_tenencia_propietario":0,"rud_tenencia_arrendatario":0,"rud_tenencia_ocupante":0,"rud_tenencia_poseedor":0,"rud_tenencia_no_informa":0,"rud_match_methods":"","rud_match_confidences":"","has_rud_match":false}},{"type":"Feature","geometry":{"type":"Point","coordinates":[-76.4929468,3.4775776]},"properties":{"place_id":"c27fb7e0-6042-4174-9f9d-fa1587c7f14c","place_report_count":0,"worst_collapse_type":null,"place_has_arcgis_id":false,"evaluation_count":1,"evaluation_ids_count":1,"barrio":"Chiminangos 2","nivel_dano_max":"medio","severidad_max":"medio_alto","habitabilidad_codigos":"r2","recomendaciones":"apuntalar, demoler, evacuar_parcial, monitoreo, restringir_peatones","evaluaciones_adicionales":"estructural","usos":"residencial","sistema_estructural":"muros_carga","material":"concreto_mc","epoca_construccion":"antes_1984","estado_conservacion":"regular","calidad_diseno":"bueno","ocupantes_max":null,"heridos_max":null,"muertos_max":null,"gps_accuracy_median":9.58,"rud_records":0,"rud_households":0,"rud_addresses":0,"rud_women":0,"rud_minors":0,"rud_older65":0,"rud_afro":0,"rud_indigenous":0,"rud_estado_averiado":0,"rud_estado_no_habitable":0,"rud_estado_habitable":0,"rud_estado_destruido":0,"rud_estado_no_informa":0,"rud_tenencia_propietario":0,"rud_tenencia_arrendatario":0,"rud_tenencia_ocupante":0,"rud_tenencia_poseedor":0,"rud_tenencia_no_informa":0,"rud_match_methods":"","rud_match_confidences":"","has_rud_match":false}},{"type":"Feature","geometry":{"type":"Point","coordinates":[-76.4938809257001,3.47760498058051]},"properties":{"place_id":"2af9791d-33c9-494b-9e05-6dff181f75b3","place_report_count":1,"worst_collapse_type":"B","place_has_arcgis_id":false,"evaluation_count":1,"evaluation_ids_count":1,"barrio":"Chiminango 2 sector 3 agrupación 1","nivel_dano_max":"alto","severidad_max":"alto","habitabilidad_codigos":"i2","recomendaciones":"apuntalar, demoler, evacuar_total, evacuar_vecinas, monitoreo, restringir_peatones, restringir_vehiculos, seguimiento, vigilancia","evaluaciones_adicionales":"estructural, geotecnica","usos":"residencial","sistema_estructural":"muros_carga","material":"mamp_reforzada","epoca_construccion":"1984_1997","estado_conservacion":"malo","calidad_diseno":"malo","ocupantes_max":44,"heridos_max":null,"muertos_max":null,"gps_accuracy_median":6.5,"rud_records":0,"rud_households":0,"rud_addresses":0,"rud_women":0,"rud_minors":0,"rud_older65":0,"rud_afro":0,"rud_indigenous":0,"rud_estado_averiado":0,"rud_estado_no_habitable":0,"rud_estado_habitable":0,"rud_estado_destruido":0,"rud_estado_no_informa":0,"rud_tenencia_propietario":0,"rud_tenencia_arrendatario":0,"rud_tenencia_ocupante":0,"rud_tenencia_poseedor":0,"rud_tenencia_no_informa":0,"rud_match_methods":"","rud_match_confidences":"","has_rud_match":false}},{"type":"Feature","geometry":{"type":"Point","coordinates":[-76.4936,3.477615]},"properties":{"place_id":"4552f6fb-c3ce-4ebb-a054-4067f353d228","place_report_count":1,"worst_collapse_type":"B","place_has_arcgis_id":false,"evaluation_count":1,"evaluation_ids_count":1,"barrio":"Chiminamgos 2, Sector 3, Agrupación 2 Torre B","nivel_dano_max":"alto","severidad_max":"alto","habitabilidad_codigos":"i2","recomendaciones":"aislamiento, apuntalar, demoler, evacuar_total, evacuar_vecinas, intervencion, monitoreo, restringir_peatones, vigilancia","evaluaciones_adicionales":"estructural","usos":"residencial","sistema_estructural":"muros_carga","material":"mamp_reforzada","epoca_construccion":"1984_1997","estado_conservacion":"regular","calidad_diseno":"malo","ocupantes_max":70,"heridos_max":0,"muertos_max":0,"gps_accuracy_median":4.0,"rud_records":0,"rud_households":0,"rud_addresses":0,"rud_women":0,"rud_minors":0,"rud_older65":0,"rud_afro":0,"rud_indigenous":0,"rud_estado_averiado":0,"rud_estado_no_habitable":0,"rud_estado_habitable":0,"rud_estado_destruido":0,"rud_estado_no_informa":0,"rud_tenencia_propietario":0,"rud_tenencia_arrendatario":0,"rud_tenencia_ocupante":0,"rud_tenencia_poseedor":0,"rud_tenencia_no_informa":0,"rud_match_methods":"","rud_match_confidences":"","has_rud_match":false}},{"type":"Feature","geometry":{"type":"Point","coordinates":[-76.4934617,3.4776583]},"properties":{"place_id":"86474d00-cb4e-40aa-a10f-e0822c8be87f","place_report_count":1,"worst_collapse_type":null,"place_has_arcgis_id":false,"evaluation_count":1,"evaluation_ids_count":1,"barrio":"Chiminangos 2 Sector 3 Agrupacion 1 Torre A","nivel_dano_max":"medio","severidad_max":"medio","habitabilidad_codigos":"r2","recomendaciones":"apuntalar, demoler, monitoreo","evaluaciones_adicionales":"estructural","usos":"comercial, residencial","sistema_estructural":"","material":"","epoca_construccion":"1984_1997","estado_conservacion":"bueno","calidad_diseno":"malo","ocupantes_max":80,"heridos_max":0,"muertos_max":0,"gps_accuracy_median":2.9,"rud_records":0,"rud_households":0,"rud_addresses":0,"rud_women":0,"rud_minors":0,"rud_older65":0,"rud_afro":0,"rud_indigenous":0,"rud_estado_averiado":0,"rud_estado_no_habitable":0,"rud_estado_habitable":0,"rud_estado_destruido":0,"rud_estado_no_informa":0,"rud_tenencia_propietario":0,"rud_tenencia_arrendatario":0,"rud_tenencia_ocupante":0,"rud_tenencia_poseedor":0,"rud_tenencia_no_informa":0,"rud_match_methods":"","rud_match_confidences":"","has_rud_match":false}},{"type":"Feature","geometry":{"type":"Point","coordinates":[-76.4936448074877,3.47770962864161]},"properties":{"place_id":"01a2b48c-4aa2-4a65-8202-7550c3be4c21","place_report_count":1,"worst_collapse_type":"B","place_has_arcgis_id":false,"evaluation_count":1,"evaluation_ids_count":1,"barrio":"Chiminango 2 sector 3 agrupación 2","nivel_dano_max":"alto","severidad_max":"alto","habitabilidad_codigos":"i2","recomendaciones":"aislamiento, apuntalar, monitoreo, restringir_peatones, seguimiento","evaluaciones_adicionales":"estructural","usos":"residencial","sistema_estructural":"muros_carga","material":"mamp_reforzada","epoca_construccion":"1984_1997","estado_conservacion":"regular","calidad_diseno":"regular","ocupantes_max":50,"heridos_max":0,"muertos_max":0,"gps_accuracy_median":2.5,"rud_records":0,"rud_households":0,"rud_addresses":0,"rud_women":0,"rud_minors":0,"rud_older65":0,"rud_afro":0,"rud_indigenous":0,"rud_estado_averiado":0,"rud_estado_no_habitable":0,"rud_estado_habitable":0,"rud_estado_destruido":0,"rud_estado_no_informa":0,"rud_tenencia_propietario":0,"rud_tenencia_arrendatario":0,"rud_tenencia_ocupante":0,"rud_tenencia_poseedor":0,"rud_tenencia_no_informa":0,"rud_match_methods":"","rud_match_confidences":"","has_rud_match":false}},{"type":"Feature","geometry":{"type":"Point","coordinates":[-76.492846,3.4777417]},"properties":{"place_id":"8833839c-0df9-4eb6-a2b5-bf72ff0082e5","place_report_count":0,"worst_collapse_type":null,"place_has_arcgis_id":false,"evaluation_count":1,"evaluation_ids_count":1,"barrio":"Chiminangos 2","nivel_dano_max":"medio","severidad_max":"medio_alto","habitabilidad_codigos":"r2","recomendaciones":"apuntalar, demoler, evacuar_parcial, monitoreo, restringir_peatones","evaluaciones_adicionales":"estructural","usos":"residencial","sistema_estructural":"muros_carga","material":"concreto_mc","epoca_construccion":"antes_1984","estado_conservacion":"regular","calidad_diseno":"bueno","ocupantes_max":null,"heridos_max":null,"muertos_max":null,"gps_accuracy_median":9.48,"rud_records":0,"rud_households":0,"rud_addresses":0,"rud_women":0,"rud_minors":0,"rud_older65":0,"rud_afro":0,"rud_indigenous":0,"rud_estado_averiado":0,"rud_estado_no_habitable":0,"rud_estado_habitable":0,"rud_estado_destruido":0,"rud_estado_no_informa":0,"rud_tenencia_propietario":0,"rud_tenencia_arrendatario":0,"rud_tenencia_ocupante":0,"rud_tenencia_poseedor":0,"rud_tenencia_no_informa":0,"rud_match_methods":"","rud_match_confidences":"","has_rud_match":false}},{"type":"Feature","geometry":{"type":"Point","coordinates":[-76.4939318038523,3.47776369191706]},"properties":{"place_id":"8d788211-a514-4afc-bebf-1e0800723c9a","place_report_count":1,"worst_collapse_type":"B","place_has_arcgis_id":false,"evaluation_count":1,"evaluation_ids_count":1,"barrio":"Chiminango 2 sector 3 agrupación 2","nivel_dano_max":"alto","severidad_max":"medio_alto","habitabilidad_codigos":"i2","recomendaciones":"monitoreo, restringir_peatones, seguimiento, vigilancia","evaluaciones_adicionales":"estructural","usos":"residencial","sistema_estructural":"muros_carga","material":"mamp_reforzada","epoca_construccion":"1984_1997","estado_conservacion":"regular","calidad_diseno":"regular","ocupantes_max":60,"heridos_max":0,"muertos_max":0,"gps_accuracy_median":7.0,"rud_records":0,"rud_households":0,"rud_addresses":0,"rud_women":0,"rud_minors":0,"rud_older65":0,"rud_afro":0,"rud_indigenous":0,"rud_estado_averiado":0,"rud_estado_no_habitable":0,"rud_estado_habitable":0,"rud_estado_destruido":0,"rud_estado_no_informa":0,"rud_tenencia_propietario":0,"rud_tenencia_arrendatario":0,"rud_tenencia_ocupante":0,"rud_tenencia_poseedor":0,"rud_tenencia_no_informa":0,"rud_match_methods":"","rud_match_confidences":"","has_rud_match":false}},{"type":"Feature","geometry":{"type":"Point","coordinates":[-76.4929228,3.4778021]},"properties":{"place_id":"07223ee4-a55e-4c52-a016-60f0b9b1b143","place_report_count":0,"worst_collapse_type":"B","place_has_arcgis_id":false,"evaluation_count":1,"evaluation_ids_count":1,"barrio":"Chiminangos 2","nivel_dano_max":"medio","severidad_max":"medio_alto","habitabilidad_codigos":"r2","recomendaciones":"apuntalar, demoler, evacuar_parcial, monitoreo, restringir_peatones","evaluaciones_adicionales":"estructural","usos":"residencial","sistema_estructural":"muros_carga","material":"concreto_mc","epoca_construccion":"antes_1984","estado_conservacion":"regular","calidad_diseno":"bueno","ocupantes_max":null,"heridos_max":null,"muertos_max":null,"gps_accuracy_median":9.59,"rud_records":0,"rud_households":0,"rud_addresses":0,"rud_women":0,"rud_minors":0,"rud_older65":0,"rud_afro":0,"rud_indigenous":0,"rud_estado_averiado":0,"rud_estado_no_habitable":0,"rud_estado_habitable":0,"rud_estado_destruido":0,"rud_estado_no_informa":0,"rud_tenencia_propietario":0,"rud_tenencia_arrendatario":0,"rud_tenencia_ocupante":0,"rud_tenencia_poseedor":0,"rud_tenencia_no_informa":0,"rud_match_methods":"","rud_match_confidences":"","has_rud_match":false}},{"type":"Feature","geometry":{"type":"Point","coordinates":[-76.494105,3.478125]},"properties":{"place_id":"7f9bd638-1474-4f87-bcc7-3aa353bc6ddf","place_report_count":1,"worst_collapse_type":null,"place_has_arcgis_id":false,"evaluation_count":1,"evaluation_ids_count":1,"barrio":"Chiminangos 2","nivel_dano_max":"medio","severidad_max":"medio_alto","habitabilidad_codigos":"r1","recomendaciones":"apuntalar, monitoreo, restringir_peatones","evaluaciones_adicionales":"otra","usos":"residencial","sistema_estructural":"muros_carga","material":"conc_prefab_mc","epoca_construccion":"1984_1997","estado_conservacion":"regular","calidad_diseno":"regular","ocupantes_max":64,"heridos_max":0,"muertos_max":0,"gps_accuracy_median":7.4,"rud_records":0,"rud_households":0,"rud_addresses":0,"rud_women":0,"rud_minors":0,"rud_older65":0,"rud_afro":0,"rud_indigenous":0,"rud_estado_averiado":0,"rud_estado_no_habitable":0,"rud_estado_habitable":0,"rud_estado_destruido":0,"rud_estado_no_informa":0,"rud_tenencia_propietario":0,"rud_tenencia_arrendatario":0,"rud_tenencia_ocupante":0,"rud_tenencia_poseedor":0,"rud_tenencia_no_informa":0,"rud_match_methods":"","rud_match_confidences":"","has_rud_match":false}},{"type":"Feature","geometry":{"type":"Point","coordinates":[-76.4914183,3.4781948]},"properties":{"place_id":"1e7f7eae-1da3-4d0b-855b-0940ab87d718","place_report_count":0,"worst_collapse_type":null,"place_has_arcgis_id":false,"evaluation_count":1,"evaluation_ids_count":1,"barrio":"Chiminangos","nivel_dano_max":"medio","severidad_max":"medio_alto","habitabilidad_codigos":"r1","recomendaciones":"monitoreo, restringir_peatones, seguimiento","evaluaciones_adicionales":"estructural","usos":"residencial","sistema_estructural":"dual","material":"conc_mamposteria","epoca_construccion":"1984_1997","estado_conservacion":"regular","calidad_diseno":"bueno","ocupantes_max":30,"heridos_max":null,"muertos_max":null,"gps_accuracy_median":8.47,"rud_records":0,"rud_households":0,"rud_addresses":0,"rud_women":0,"rud_minors":0,"rud_older65":0,"rud_afro":0,"rud_indigenous":0,"rud_estado_averiado":0,"rud_estado_no_habitable":0,"rud_estado_habitable":0,"rud_estado_destruido":0,"rud_estado_no_informa":0,"rud_tenencia_propietario":0,"rud_tenencia_arrendatario":0,"rud_tenencia_ocupante":0,"rud_tenencia_poseedor":0,"rud_tenencia_no_informa":0,"rud_match_methods":"","rud_match_confidences":"","has_rud_match":false}},{"type":"Feature","geometry":{"type":"Point","coordinates":[-76.4925431,3.4783673]},"properties":{"place_id":"690fd4ca-2fbf-4f09-8be9-884611751512","place_report_count":1,"worst_collapse_type":null,"place_has_arcgis_id":false,"evaluation_count":1,"evaluation_ids_count":1,"barrio":"Chiminangos","nivel_dano_max":"bajo","severidad_max":"medio","habitabilidad_codigos":"r1","recomendaciones":"","evaluaciones_adicionales":"estructural","usos":"residencial","sistema_estructural":"muros_carga","material":"concreto_mc","epoca_construccion":"antes_1984","estado_conservacion":"bueno","calidad_diseno":"regular","ocupantes_max":45,"heridos_max":0,"muertos_max":0,"gps_accuracy_median":3.79,"rud_records":19,"rud_households":9,"rud_addresses":5,"rud_women":13,"rud_minors":4,"rud_older65":4,"rud_afro":1,"rud_indigenous":0,"rud_estado_averiado":4,"rud_estado_no_habitable":11,"rud_estado_habitable":4,"rud_estado_destruido":0,"rud_estado_no_informa":0,"rud_tenencia_propietario":8,"rud_tenencia_arrendatario":11,"rud_tenencia_ocupante":0,"rud_tenencia_poseedor":0,"rud_tenencia_no_informa":0,"rud_match_methods":"direccion_normalizada, nomenclatura_sector","rud_match_confidences":"alta, media","has_rud_match":true}},{"type":"Feature","geometry":{"type":"Point","coordinates":[-76.49289,3.4784019]},"properties":{"place_id":"e1398753-b847-4060-a129-6cacf729f233","place_report_count":1,"worst_collapse_type":null,"place_has_arcgis_id":false,"evaluation_count":1,"evaluation_ids_count":1,"barrio":"Chiminangos","nivel_dano_max":"medio","severidad_max":"medio_alto","habitabilidad_codigos":"r1","recomendaciones":"aislamiento, evacuar_total, monitoreo, restringir_peatones, seguimiento, vigilancia","evaluaciones_adicionales":"estructural, geotecnica","usos":"residencial","sistema_estructural":"muros_carga","material":"concreto_mc","epoca_construccion":"antes_1984","estado_conservacion":"regular","calidad_diseno":"bueno","ocupantes_max":120,"heridos_max":null,"muertos_max":null,"gps_accuracy_median":9.94,"rud_records":0,"rud_households":0,"rud_addresses":0,"rud_women":0,"rud_minors":0,"rud_older65":0,"rud_afro":0,"rud_indigenous":0,"rud_estado_averiado":0,"rud_estado_no_habitable":0,"rud_estado_habitable":0,"rud_estado_destruido":0,"rud_estado_no_informa":0,"rud_tenencia_propietario":0,"rud_tenencia_arrendatario":0,"rud_tenencia_ocupante":0,"rud_tenencia_poseedor":0,"rud_tenencia_no_informa":0,"rud_match_methods":"","rud_match_confidences":"","has_rud_match":false}},{"type":"Feature","geometry":{"type":"Point","coordinates":[-76.4928501,3.4784629]},"properties":{"place_id":"008918e9-beb6-4528-bad6-b76b989d8d31","place_report_count":1,"worst_collapse_type":null,"place_has_arcgis_id":false,"evaluation_count":1,"evaluation_ids_count":1,"barrio":"Chiminangos","nivel_dano_max":"medio","severidad_max":"medio","habitabilidad_codigos":"r1","recomendaciones":"evacuar_total, monitoreo, restringir_peatones, seguimiento, vigilancia","evaluaciones_adicionales":"estructural","usos":"residencial","sistema_estructural":"muros_carga","material":"concreto_mc","epoca_construccion":"antes_1984","estado_conservacion":"regular","calidad_diseno":"regular","ocupantes_max":60,"heridos_max":0,"muertos_max":0,"gps_accuracy_median":3.79,"rud_records":0,"rud_households":0,"rud_addresses":0,"rud_women":0,"rud_minors":0,"rud_older65":0,"rud_afro":0,"rud_indigenous":0,"rud_estado_averiado":0,"rud_estado_no_habitable":0,"rud_estado_habitable":0,"rud_estado_destruido":0,"rud_estado_no_informa":0,"rud_tenencia_propietario":0,"rud_tenencia_arrendatario":0,"rud_tenencia_ocupante":0,"rud_tenencia_poseedor":0,"rud_tenencia_no_informa":0,"rud_match_methods":"","rud_match_confidences":"","has_rud_match":false}},{"type":"Feature","geometry":{"type":"Point","coordinates":[-76.4911271,3.4784672]},"properties":{"place_id":"4240a45d-caa1-40ad-a5eb-0b790ba6bad4","place_report_count":0,"worst_collapse_type":null,"place_has_arcgis_id":false,"evaluation_count":1,"evaluation_ids_count":1,"barrio":"Chiminangos 1","nivel_dano_max":"alto","severidad_max":"medio_alto","habitabilidad_codigos":"h","recomendaciones":"monitoreo, seguimiento","evaluaciones_adicionales":"estructural","usos":"residencial","sistema_estructural":"muros_carga","material":"concreto_mc","epoca_construccion":"1984_1997","estado_conservacion":"regular","calidad_diseno":"bueno","ocupantes_max":30,"heridos_max":null,"muertos_max":null,"gps_accuracy_median":8.98,"rud_records":0,"rud_households":0,"rud_addresses":0,"rud_women":0,"rud_minors":0,"rud_older65":0,"rud_afro":0,"rud_indigenous":0,"rud_estado_averiado":0,"rud_estado_no_habitable":0,"rud_estado_habitable":0,"rud_estado_destruido":0,"rud_estado_no_informa":0,"rud_tenencia_propietario":0,"rud_tenencia_arrendatario":0,"rud_tenencia_ocupante":0,"rud_tenencia_poseedor":0,"rud_tenencia_no_informa":0,"rud_match_methods":"","rud_match_confidences":"","has_rud_match":false}},{"type":"Feature","geometry":{"type":"Point","coordinates":[-76.4924646,3.4785086]},"properties":{"place_id":"b73b258a-aeb0-4a63-9375-167274c6c3bb","place_report_count":1,"worst_collapse_type":null,"place_has_arcgis_id":false,"evaluation_count":1,"evaluation_ids_count":1,"barrio":"Chiminangos 2","nivel_dano_max":"bajo","severidad_max":"medio","habitabilidad_codigos":"r1","recomendaciones":"","evaluaciones_adicionales":"estructural","usos":"residencial","sistema_estructural":"muros_carga","material":"concreto_mc","epoca_construccion":"1984_1997","estado_conservacion":"regular","calidad_diseno":"regular","ocupantes_max":60,"heridos_max":0,"muertos_max":0,"gps_accuracy_median":6.73,"rud_records":0,"rud_households":0,"rud_addresses":0,"rud_women":0,"rud_minors":0,"rud_older65":0,"rud_afro":0,"rud_indigenous":0,"rud_estado_averiado":0,"rud_estado_no_habitable":0,"rud_estado_habitable":0,"rud_estado_destruido":0,"rud_estado_no_informa":0,"rud_tenencia_propietario":0,"rud_tenencia_arrendatario":0,"rud_tenencia_ocupante":0,"rud_tenencia_poseedor":0,"rud_tenencia_no_informa":0,"rud_match_methods":"","rud_match_confidences":"","has_rud_match":false}},{"type":"Feature","geometry":{"type":"Point","coordinates":[-76.492773,3.4785395]},"properties":{"place_id":"ce4e6f23-dfad-40fc-8b5e-07a5567b14a5","place_report_count":1,"worst_collapse_type":null,"place_has_arcgis_id":false,"evaluation_count":1,"evaluation_ids_count":1,"barrio":"Chiminangos 2","nivel_dano_max":"medio","severidad_max":"medio","habitabilidad_codigos":"r1","recomendaciones":"","evaluaciones_adicionales":"estructural","usos":"residencial","sistema_estructural":"muros_carga","material":"concreto_mc","epoca_construccion":"1984_1997","estado_conservacion":"regular","calidad_diseno":"regular","ocupantes_max":60,"heridos_max":0,"muertos_max":0,"gps_accuracy_median":12.8,"rud_records":0,"rud_households":0,"rud_addresses":0,"rud_women":0,"rud_minors":0,"rud_older65":0,"rud_afro":0,"rud_indigenous":0,"rud_estado_averiado":0,"rud_estado_no_habitable":0,"rud_estado_habitable":0,"rud_estado_destruido":0,"rud_estado_no_informa":0,"rud_tenencia_propietario":0,"rud_tenencia_arrendatario":0,"rud_tenencia_ocupante":0,"rud_tenencia_poseedor":0,"rud_tenencia_no_informa":0,"rud_match_methods":"","rud_match_confidences":"","has_rud_match":false}},{"type":"Feature","geometry":{"type":"Point","coordinates":[-76.4946916666667,3.47856833333333]},"properties":{"place_id":"b9e1a9b7-0f36-4ba1-870a-143dac6882fe","place_report_count":1,"worst_collapse_type":"B","place_has_arcgis_id":false,"evaluation_count":1,"evaluation_ids_count":1,"barrio":"Chiminangos 2","nivel_dano_max":"alto","severidad_max":"medio_alto","habitabilidad_codigos":"i2","recomendaciones":"apuntalar, restringir_peatones, seguimiento","evaluaciones_adicionales":"otra","usos":"residencial","sistema_estructural":"muros_carga","material":"conc_prefab_mc","epoca_construccion":"1984_1997","estado_conservacion":"regular","calidad_diseno":"regular","ocupantes_max":18,"heridos_max":null,"muertos_max":null,"gps_accuracy_median":2.0,"rud_records":0,"rud_households":0,"rud_addresses":0,"rud_women":0,"rud_minors":0,"rud_older65":0,"rud_afro":0,"rud_indigenous":0,"rud_estado_averiado":0,"rud_estado_no_habitable":0,"rud_estado_habitable":0,"rud_estado_destruido":0,"rud_estado_no_informa":0,"rud_tenencia_propietario":0,"rud_tenencia_arrendatario":0,"rud_tenencia_ocupante":0,"rud_tenencia_poseedor":0,"rud_tenencia_no_informa":0,"rud_match_methods":"","rud_match_confidences":"","has_rud_match":false}},{"type":"Feature","geometry":{"type":"Point","coordinates":[-76.4930406,3.4786017]},"properties":{"place_id":"2d1cbcad-e20a-44f3-b445-add4d183b8c9","place_report_count":1,"worst_collapse_type":null,"place_has_arcgis_id":false,"evaluation_count":1,"evaluation_ids_count":1,"barrio":"Chiminangos","nivel_dano_max":"bajo","severidad_max":"bajo","habitabilidad_codigos":"h","recomendaciones":"","evaluaciones_adicionales":"","usos":"residencial","sistema_estructural":"muros_carga","material":"concreto_mc","epoca_construccion":"1984_1997","estado_conservacion":"bueno","calidad_diseno":"bueno","ocupantes_max":80,"heridos_max":0,"muertos_max":0,"gps_accuracy_median":null,"rud_records":0,"rud_households":0,"rud_addresses":0,"rud_women":0,"rud_minors":0,"rud_older65":0,"rud_afro":0,"rud_indigenous":0,"rud_estado_averiado":0,"rud_estado_no_habitable":0,"rud_estado_habitable":0,"rud_estado_destruido":0,"rud_estado_no_informa":0,"rud_tenencia_propietario":0,"rud_tenencia_arrendatario":0,"rud_tenencia_ocupante":0,"rud_tenencia_poseedor":0,"rud_tenencia_no_informa":0,"rud_match_methods":"","rud_match_confidences":"","has_rud_match":false}},{"type":"Feature","geometry":{"type":"Point","coordinates":[-76.4924682,3.4786717]},"properties":{"place_id":"317ef658-dbbc-4190-9e2e-7ea8fa9fa201","place_report_count":1,"worst_collapse_type":null,"place_has_arcgis_id":false,"evaluation_count":1,"evaluation_ids_count":1,"barrio":"Chiminango","nivel_dano_max":"sin_dano","severidad_max":"sin_dano","habitabilidad_codigos":"h","recomendaciones":"seguimiento","evaluaciones_adicionales":"estructural","usos":"residencial","sistema_estructural":"muros_carga","material":"concreto_mc","epoca_construccion":"antes_1984","estado_conservacion":"bueno","calidad_diseno":"regular","ocupantes_max":60,"heridos_max":0,"muertos_max":0,"gps_accuracy_median":9.94,"rud_records":0,"rud_households":0,"rud_addresses":0,"rud_women":0,"rud_minors":0,"rud_older65":0,"rud_afro":0,"rud_indigenous":0,"rud_estado_averiado":0,"rud_estado_no_habitable":0,"rud_estado_habitable":0,"rud_estado_destruido":0,"rud_estado_no_informa":0,"rud_tenencia_propietario":0,"rud_tenencia_arrendatario":0,"rud_tenencia_ocupante":0,"rud_tenencia_poseedor":0,"rud_tenencia_no_informa":0,"rud_match_methods":"","rud_match_confidences":"","has_rud_match":false}},{"type":"Feature","geometry":{"type":"Point","coordinates":[-76.4925526,3.4786765]},"properties":{"place_id":"0c112dd1-86f2-4073-8ccb-f610c237e28b","place_report_count":1,"worst_collapse_type":null,"place_has_arcgis_id":false,"evaluation_count":1,"evaluation_ids_count":1,"barrio":"Chiminangos","nivel_dano_max":"bajo","severidad_max":"bajo","habitabilidad_codigos":"r1","recomendaciones":"","evaluaciones_adicionales":"estructural","usos":"residencial","sistema_estructural":"muros_carga","material":"concreto_mc","epoca_construccion":"1984_1997","estado_conservacion":"bueno","calidad_diseno":"regular","ocupantes_max":60,"heridos_max":0,"muertos_max":0,"gps_accuracy_median":20.8,"rud_records":0,"rud_households":0,"rud_addresses":0,"rud_women":0,"rud_minors":0,"rud_older65":0,"rud_afro":0,"rud_indigenous":0,"rud_estado_averiado":0,"rud_estado_no_habitable":0,"rud_estado_habitable":0,"rud_estado_destruido":0,"rud_estado_no_informa":0,"rud_tenencia_propietario":0,"rud_tenencia_arrendatario":0,"rud_tenencia_ocupante":0,"rud_tenencia_poseedor":0,"rud_tenencia_no_informa":0,"rud_match_methods":"","rud_match_confidences":"","has_rud_match":false}},{"type":"Feature","geometry":{"type":"Point","coordinates":[-76.4941117,3.4787217]},"properties":{"place_id":"478d22db-2bf7-4a1d-af9a-5958c5c7cafa","place_report_count":1,"worst_collapse_type":null,"place_has_arcgis_id":false,"evaluation_count":1,"evaluation_ids_count":1,"barrio":"Chiminangos 2","nivel_dano_max":"medio","severidad_max":"medio_alto","habitabilidad_codigos":"r1","recomendaciones":"apuntalar, restringir_peatones, vigilancia","evaluaciones_adicionales":"otra","usos":"residencial","sistema_estructural":"muros_carga","material":"conc_prefab_mc","epoca_construccion":"1984_1997","estado_conservacion":"regular","calidad_diseno":"regular","ocupantes_max":64,"heridos_max":0,"muertos_max":0,"gps_accuracy_median":9.0,"rud_records":0,"rud_households":0,"rud_addresses":0,"rud_women":0,"rud_minors":0,"rud_older65":0,"rud_afro":0,"rud_indigenous":0,"rud_estado_averiado":0,"rud_estado_no_habitable":0,"rud_estado_habitable":0,"rud_estado_destruido":0,"rud_estado_no_informa":0,"rud_tenencia_propietario":0,"rud_tenencia_arrendatario":0,"rud_tenencia_ocupante":0,"rud_tenencia_poseedor":0,"rud_tenencia_no_informa":0,"rud_match_methods":"","rud_match_confidences":"","has_rud_match":false}},{"type":"Feature","geometry":{"type":"Point","coordinates":[-76.4933724,3.4787796]},"properties":{"place_id":"ab49ef16-81e5-4ca6-b8a2-85b388f821e0","place_report_count":1,"worst_collapse_type":null,"place_has_arcgis_id":false,"evaluation_count":1,"evaluation_ids_count":1,"barrio":"Chiminangos","nivel_dano_max":"bajo","severidad_max":"bajo","habitabilidad_codigos":"h","recomendaciones":"","evaluaciones_adicionales":"","usos":"residencial","sistema_estructural":"muros_carga","material":"concreto_mc","epoca_construccion":"1984_1997","estado_conservacion":"bueno","calidad_diseno":"bueno","ocupantes_max":80,"heridos_max":0,"muertos_max":0,"gps_accuracy_median":null,"rud_records":0,"rud_households":0,"rud_addresses":0,"rud_women":0,"rud_minors":0,"rud_older65":0,"rud_afro":0,"rud_indigenous":0,"rud_estado_averiado":0,"rud_estado_no_habitable":0,"rud_estado_habitable":0,"rud_estado_destruido":0,"rud_estado_no_informa":0,"rud_tenencia_propietario":0,"rud_tenencia_arrendatario":0,"rud_tenencia_ocupante":0,"rud_tenencia_poseedor":0,"rud_tenencia_no_informa":0,"rud_match_methods":"","rud_match_confidences":"","has_rud_match":false}},{"type":"Feature","geometry":{"type":"Point","coordinates":[-76.4936732,3.4788975]},"properties":{"place_id":"cc1f319c-97f9-49f8-a8fa-6929479c07f8","place_report_count":0,"worst_collapse_type":null,"place_has_arcgis_id":false,"evaluation_count":6,"evaluation_ids_count":6,"barrio":"Chiminangos 2","nivel_dano_max":"alto","severidad_max":"medio_alto","habitabilidad_codigos":"i2, r2","recomendaciones":"apuntalar, restringir_peatones, seguimiento","evaluaciones_adicionales":"otra","usos":"residencial","sistema_estructural":"muros_carga","material":"conc_prefab_mc","epoca_construccion":"antes_1984","estado_conservacion":"bueno, regular","calidad_diseno":"regular","ocupantes_max":70,"heridos_max":0,"muertos_max":0,"gps_accuracy_median":7.73,"rud_records":18,"rud_households":9,"rud_addresses":7,"rud_women":9,"rud_minors":3,"rud_older65":7,"rud_afro":0,"rud_indigenous":0,"rud_estado_averiado":7,"rud_estado_no_habitable":5,"rud_estado_habitable":6,"rud_estado_destruido":0,"rud_estado_no_informa":0,"rud_tenencia_propietario":13,"rud_tenencia_arrendatario":5,"rud_tenencia_ocupante":0,"rud_tenencia_poseedor":0,"rud_tenencia_no_informa":0,"rud_match_methods":"nomenclatura_sector","rud_match_confidences":"media","has_rud_match":true}},{"type":"Feature","geometry":{"type":"Point","coordinates":[-76.49272516,3.47893024]},"properties":{"place_id":"3080e8c0-340b-4ed7-996e-7b0c10c3dbc0","place_report_count":1,"worst_collapse_type":"B","place_has_arcgis_id":false,"evaluation_count":2,"evaluation_ids_count":2,"barrio":"Chiminangos 2","nivel_dano_max":"alto","severidad_max":"medio","habitabilidad_codigos":"i2, r1","recomendaciones":"evacuar_parcial, monitoreo, restringir_peatones, seguimiento","evaluaciones_adicionales":"estructural","usos":"residencial","sistema_estructural":"muros_carga","material":"concreto_mc","epoca_construccion":"1984_1997","estado_conservacion":"regular","calidad_diseno":"regular","ocupantes_max":60,"heridos_max":0,"muertos_max":0,"gps_accuracy_median":9.41,"rud_records":0,"rud_households":0,"rud_addresses":0,"rud_women":0,"rud_minors":0,"rud_older65":0,"rud_afro":0,"rud_indigenous":0,"rud_estado_averiado":0,"rud_estado_no_habitable":0,"rud_estado_habitable":0,"rud_estado_destruido":0,"rud_estado_no_informa":0,"rud_tenencia_propietario":0,"rud_tenencia_arrendatario":0,"rud_tenencia_ocupante":0,"rud_tenencia_poseedor":0,"rud_tenencia_no_informa":0,"rud_match_methods":"","rud_match_confidences":"","has_rud_match":false}},{"type":"Feature","geometry":{"type":"Point","coordinates":[-76.4931922,3.479021]},"properties":{"place_id":"629f713c-8bac-4089-a4c4-91ab61c08ead","place_report_count":1,"worst_collapse_type":null,"place_has_arcgis_id":false,"evaluation_count":1,"evaluation_ids_count":1,"barrio":"Chiminangos","nivel_dano_max":"bajo","severidad_max":"bajo","habitabilidad_codigos":"h","recomendaciones":"","evaluaciones_adicionales":"","usos":"residencial","sistema_estructural":"muros_carga","material":"concreto_mc","epoca_construccion":"1984_1997","estado_conservacion":"bueno","calidad_diseno":"bueno","ocupantes_max":80,"heridos_max":0,"muertos_max":0,"gps_accuracy_median":null,"rud_records":0,"rud_households":0,"rud_addresses":0,"rud_women":0,"rud_minors":0,"rud_older65":0,"rud_afro":0,"rud_indigenous":0,"rud_estado_averiado":0,"rud_estado_no_habitable":0,"rud_estado_habitable":0,"rud_estado_destruido":0,"rud_estado_no_informa":0,"rud_tenencia_propietario":0,"rud_tenencia_arrendatario":0,"rud_tenencia_ocupante":0,"rud_tenencia_poseedor":0,"rud_tenencia_no_informa":0,"rud_match_methods":"","rud_match_confidences":"","has_rud_match":false}},{"type":"Feature","geometry":{"type":"Point","coordinates":[-76.4930164,3.4791408]},"properties":{"place_id":"e1857540-95f9-433e-aeb3-6ccf71127edf","place_report_count":1,"worst_collapse_type":null,"place_has_arcgis_id":false,"evaluation_count":1,"evaluation_ids_count":1,"barrio":"Chiminangos","nivel_dano_max":"bajo","severidad_max":"bajo","habitabilidad_codigos":"h","recomendaciones":"","evaluaciones_adicionales":"estructural","usos":"residencial","sistema_estructural":"muros_carga","material":"concreto_mc","epoca_construccion":"1984_1997","estado_conservacion":"bueno","calidad_diseno":"bueno","ocupantes_max":60,"heridos_max":0,"muertos_max":0,"gps_accuracy_median":null,"rud_records":0,"rud_households":0,"rud_addresses":0,"rud_women":0,"rud_minors":0,"rud_older65":0,"rud_afro":0,"rud_indigenous":0,"rud_estado_averiado":0,"rud_estado_no_habitable":0,"rud_estado_habitable":0,"rud_estado_destruido":0,"rud_estado_no_informa":0,"rud_tenencia_propietario":0,"rud_tenencia_arrendatario":0,"rud_tenencia_ocupante":0,"rud_tenencia_poseedor":0,"rud_tenencia_no_informa":0,"rud_match_methods":"","rud_match_confidences":"","has_rud_match":false}},{"type":"Feature","geometry":{"type":"Point","coordinates":[-76.492632,3.4791427]},"properties":{"place_id":"4b8c653e-cf52-4c50-b1e3-258fa8d72d94","place_report_count":1,"worst_collapse_type":null,"place_has_arcgis_id":false,"evaluation_count":1,"evaluation_ids_count":1,"barrio":"Chiminangos 2","nivel_dano_max":"bajo","severidad_max":"bajo","habitabilidad_codigos":"r1","recomendaciones":"evacuar_parcial, restringir_peatones, seguimiento","evaluaciones_adicionales":"estructural","usos":"residencial","sistema_estructural":"muros_carga","material":"concreto_mc","epoca_construccion":"1984_1997","estado_conservacion":"regular","calidad_diseno":"regular","ocupantes_max":60,"heridos_max":0,"muertos_max":0,"gps_accuracy_median":3.79,"rud_records":0,"rud_households":0,"rud_addresses":0,"rud_women":0,"rud_minors":0,"rud_older65":0,"rud_afro":0,"rud_indigenous":0,"rud_estado_averiado":0,"rud_estado_no_habitable":0,"rud_estado_habitable":0,"rud_estado_destruido":0,"rud_estado_no_informa":0,"rud_tenencia_propietario":0,"rud_tenencia_arrendatario":0,"rud_tenencia_ocupante":0,"rud_tenencia_poseedor":0,"rud_tenencia_no_informa":0,"rud_match_methods":"","rud_match_confidences":"","has_rud_match":false}},{"type":"Feature","geometry":{"type":"Point","coordinates":[-76.493294,3.4791503]},"properties":{"place_id":"3dcc3ce1-9084-4400-bdbe-ba4b2280ca73","place_report_count":1,"worst_collapse_type":null,"place_has_arcgis_id":false,"evaluation_count":1,"evaluation_ids_count":1,"barrio":"Chiminangos","nivel_dano_max":"bajo","severidad_max":"bajo","habitabilidad_codigos":"h","recomendaciones":"","evaluaciones_adicionales":"","usos":"residencial","sistema_estructural":"muros_carga","material":"concreto_mc","epoca_construccion":"1984_1997","estado_conservacion":"bueno","calidad_diseno":"bueno","ocupantes_max":80,"heridos_max":0,"muertos_max":0,"gps_accuracy_median":null,"rud_records":0,"rud_households":0,"rud_addresses":0,"rud_women":0,"rud_minors":0,"rud_older65":0,"rud_afro":0,"rud_indigenous":0,"rud_estado_averiado":0,"rud_estado_no_habitable":0,"rud_estado_habitable":0,"rud_estado_destruido":0,"rud_estado_no_informa":0,"rud_tenencia_propietario":0,"rud_tenencia_arrendatario":0,"rud_tenencia_ocupante":0,"rud_tenencia_poseedor":0,"rud_tenencia_no_informa":0,"rud_match_methods":"","rud_match_confidences":"","has_rud_match":false}},{"type":"Feature","geometry":{"type":"Point","coordinates":[-76.4922185,3.4791927]},"properties":{"place_id":"9c9c5107-0dad-4438-95ad-f4eb845b7b00","place_report_count":1,"worst_collapse_type":null,"place_has_arcgis_id":false,"evaluation_count":1,"evaluation_ids_count":1,"barrio":"Chiminangos 2","nivel_dano_max":"bajo","severidad_max":"bajo","habitabilidad_codigos":"r1","recomendaciones":"evacuar_parcial, restringir_peatones, seguimiento","evaluaciones_adicionales":"estructural","usos":"residencial","sistema_estructural":"muros_carga","material":"concreto_mc","epoca_construccion":"1984_1997","estado_conservacion":"regular","calidad_diseno":"regular","ocupantes_max":null,"heridos_max":0,"muertos_max":0,"gps_accuracy_median":9.05,"rud_records":0,"rud_households":0,"rud_addresses":0,"rud_women":0,"rud_minors":0,"rud_older65":0,"rud_afro":0,"rud_indigenous":0,"rud_estado_averiado":0,"rud_estado_no_habitable":0,"rud_estado_habitable":0,"rud_estado_destruido":0,"rud_estado_no_informa":0,"rud_tenencia_propietario":0,"rud_tenencia_arrendatario":0,"rud_tenencia_ocupante":0,"rud_tenencia_poseedor":0,"rud_tenencia_no_informa":0,"rud_match_methods":"","rud_match_confidences":"","has_rud_match":false}},{"type":"Feature","geometry":{"type":"Point","coordinates":[-76.49358,3.4792]},"properties":{"place_id":"8de6a326-651c-410b-9299-cc552eaf5706","place_report_count":1,"worst_collapse_type":"B","place_has_arcgis_id":false,"evaluation_count":1,"evaluation_ids_count":1,"barrio":"Chiminangos","nivel_dano_max":"alto","severidad_max":"alto","habitabilidad_codigos":"i2","recomendaciones":"apuntalar, evacuar_parcial, monitoreo, restringir_peatones","evaluaciones_adicionales":"estructural","usos":"residencial","sistema_estructural":"muros_carga","material":"concreto_mc","epoca_construccion":"1984_1997","estado_conservacion":"bueno","calidad_diseno":"bueno","ocupantes_max":80,"heridos_max":0,"muertos_max":0,"gps_accuracy_median":9.4,"rud_records":0,"rud_households":0,"rud_addresses":0,"rud_women":0,"rud_minors":0,"rud_older65":0,"rud_afro":0,"rud_indigenous":0,"rud_estado_averiado":0,"rud_estado_no_habitable":0,"rud_estado_habitable":0,"rud_estado_destruido":0,"rud_estado_no_informa":0,"rud_tenencia_propietario":0,"rud_tenencia_arrendatario":0,"rud_tenencia_ocupante":0,"rud_tenencia_poseedor":0,"rud_tenencia_no_informa":0,"rud_match_methods":"","rud_match_confidences":"","has_rud_match":false}},{"type":"Feature","geometry":{"type":"Point","coordinates":[-76.4943333,3.47922]},"properties":{"place_id":"fd281e20-fa07-43b9-9b18-e538f461361c","place_report_count":1,"worst_collapse_type":null,"place_has_arcgis_id":false,"evaluation_count":1,"evaluation_ids_count":1,"barrio":"Chiminangos 2","nivel_dano_max":"medio","severidad_max":"medio_alto","habitabilidad_codigos":"r2","recomendaciones":"apuntalar, demoler, monitoreo, restringir_peatones","evaluaciones_adicionales":"otra","usos":"residencial","sistema_estructural":"muros_carga","material":"conc_prefab_mc","epoca_construccion":"1984_1997","estado_conservacion":"regular","calidad_diseno":"regular","ocupantes_max":192,"heridos_max":0,"muertos_max":0,"gps_accuracy_median":5.6,"rud_records":0,"rud_households":0,"rud_addresses":0,"rud_women":0,"rud_minors":0,"rud_older65":0,"rud_afro":0,"rud_indigenous":0,"rud_estado_averiado":0,"rud_estado_no_habitable":0,"rud_estado_habitable":0,"rud_estado_destruido":0,"rud_estado_no_informa":0,"rud_tenencia_propietario":0,"rud_tenencia_arrendatario":0,"rud_tenencia_ocupante":0,"rud_tenencia_poseedor":0,"rud_tenencia_no_informa":0,"rud_match_methods":"","rud_match_confidences":"","has_rud_match":false}},{"type":"Feature","geometry":{"type":"Point","coordinates":[-76.4938518,3.4792741]},"properties":{"place_id":"7363e31f-5b46-49e0-a88f-fd3690762938","place_report_count":1,"worst_collapse_type":null,"place_has_arcgis_id":false,"evaluation_count":1,"evaluation_ids_count":1,"barrio":"Chiminangos","nivel_dano_max":"bajo","severidad_max":"bajo","habitabilidad_codigos":"h","recomendaciones":"","evaluaciones_adicionales":"","usos":"residencial","sistema_estructural":"muros_carga","material":"concreto_mc","epoca_construccion":"1984_1997","estado_conservacion":"bueno","calidad_diseno":"bueno","ocupantes_max":80,"heridos_max":0,"muertos_max":0,"gps_accuracy_median":8.35,"rud_records":0,"rud_households":0,"rud_addresses":0,"rud_women":0,"rud_minors":0,"rud_older65":0,"rud_afro":0,"rud_indigenous":0,"rud_estado_averiado":0,"rud_estado_no_habitable":0,"rud_estado_habitable":0,"rud_estado_destruido":0,"rud_estado_no_informa":0,"rud_tenencia_propietario":0,"rud_tenencia_arrendatario":0,"rud_tenencia_ocupante":0,"rud_tenencia_poseedor":0,"rud_tenencia_no_informa":0,"rud_match_methods":"","rud_match_confidences":"","has_rud_match":false}},{"type":"Feature","geometry":{"type":"Point","coordinates":[-76.4934982,3.4793231]},"properties":{"place_id":"3146bb28-8992-49a1-8550-6462a9b77f0c","place_report_count":0,"worst_collapse_type":null,"place_has_arcgis_id":false,"evaluation_count":1,"evaluation_ids_count":1,"barrio":"Chiminangos","nivel_dano_max":"bajo","severidad_max":"bajo","habitabilidad_codigos":"h","recomendaciones":"","evaluaciones_adicionales":"estructural","usos":"residencial","sistema_estructural":"muros_carga","material":"concreto_mc","epoca_construccion":"1984_1997","estado_conservacion":"bueno","calidad_diseno":"bueno","ocupantes_max":400,"heridos_max":0,"muertos_max":0,"gps_accuracy_median":null,"rud_records":0,"rud_households":0,"rud_addresses":0,"rud_women":0,"rud_minors":0,"rud_older65":0,"rud_afro":0,"rud_indigenous":0,"rud_estado_averiado":0,"rud_estado_no_habitable":0,"rud_estado_habitable":0,"rud_estado_destruido":0,"rud_estado_no_informa":0,"rud_tenencia_propietario":0,"rud_tenencia_arrendatario":0,"rud_tenencia_ocupante":0,"rud_tenencia_poseedor":0,"rud_tenencia_no_informa":0,"rud_match_methods":"","rud_match_confidences":"","has_rud_match":false}},{"type":"Feature","geometry":{"type":"Point","coordinates":[-76.4941716666667,3.479335]},"properties":{"place_id":"99216ed4-262f-4312-94ef-dddb8c1d7030","place_report_count":1,"worst_collapse_type":"B","place_has_arcgis_id":false,"evaluation_count":1,"evaluation_ids_count":1,"barrio":"Chiminangos 2","nivel_dano_max":"alto","severidad_max":"medio_alto","habitabilidad_codigos":"i2","recomendaciones":"apuntalar, demoler, restringir_peatones, seguimiento","evaluaciones_adicionales":"estructural, otra","usos":"residencial","sistema_estructural":"muros_carga","material":"conc_prefab_mc","epoca_construccion":"1984_1997","estado_conservacion":"malo","calidad_diseno":"malo","ocupantes_max":60,"heridos_max":0,"muertos_max":0,"gps_accuracy_median":5.1,"rud_records":0,"rud_households":0,"rud_addresses":0,"rud_women":0,"rud_minors":0,"rud_older65":0,"rud_afro":0,"rud_indigenous":0,"rud_estado_averiado":0,"rud_estado_no_habitable":0,"rud_estado_habitable":0,"rud_estado_destruido":0,"rud_estado_no_informa":0,"rud_tenencia_propietario":0,"rud_tenencia_arrendatario":0,"rud_tenencia_ocupante":0,"rud_tenencia_poseedor":0,"rud_tenencia_no_informa":0,"rud_match_methods":"","rud_match_confidences":"","has_rud_match":false}},{"type":"Feature","geometry":{"type":"Point","coordinates":[-76.493751,3.4794876]},"properties":{"place_id":"7f0e324c-0340-43b9-9e14-31118a9ac869","place_report_count":1,"worst_collapse_type":null,"place_has_arcgis_id":false,"evaluation_count":1,"evaluation_ids_count":1,"barrio":"Chiminangos","nivel_dano_max":"bajo","severidad_max":"bajo","habitabilidad_codigos":"h","recomendaciones":"","evaluaciones_adicionales":"","usos":"residencial","sistema_estructural":"muros_carga","material":"concreto_mc","epoca_construccion":"1984_1997","estado_conservacion":"bueno","calidad_diseno":"bueno","ocupantes_max":80,"heridos_max":null,"muertos_max":null,"gps_accuracy_median":null,"rud_records":0,"rud_households":0,"rud_addresses":0,"rud_women":0,"rud_minors":0,"rud_older65":0,"rud_afro":0,"rud_indigenous":0,"rud_estado_averiado":0,"rud_estado_no_habitable":0,"rud_estado_habitable":0,"rud_estado_destruido":0,"rud_estado_no_informa":0,"rud_tenencia_propietario":0,"rud_tenencia_arrendatario":0,"rud_tenencia_ocupante":0,"rud_tenencia_poseedor":0,"rud_tenencia_no_informa":0,"rud_match_methods":"","rud_match_confidences":"","has_rud_match":false}},{"type":"Feature","geometry":{"type":"Point","coordinates":[-76.4936743,3.4796089]},"properties":{"place_id":"72f4fc01-2d6c-49bb-83f1-63d599fcf132","place_report_count":1,"worst_collapse_type":null,"place_has_arcgis_id":false,"evaluation_count":1,"evaluation_ids_count":1,"barrio":"Barrio Chininangos","nivel_dano_max":"sin_dano","severidad_max":"sin_dano","habitabilidad_codigos":"h","recomendaciones":"seguimiento","evaluaciones_adicionales":"estructural","usos":"residencial","sistema_estructural":"muros_carga","material":"concreto_mc","epoca_construccion":"1984_1997","estado_conservacion":"bueno","calidad_diseno":"bueno","ocupantes_max":60,"heridos_max":null,"muertos_max":null,"gps_accuracy_median":7.55,"rud_records":0,"rud_households":0,"rud_addresses":0,"rud_women":0,"rud_minors":0,"rud_older65":0,"rud_afro":0,"rud_indigenous":0,"rud_estado_averiado":0,"rud_estado_no_habitable":0,"rud_estado_habitable":0,"rud_estado_destruido":0,"rud_estado_no_informa":0,"rud_tenencia_propietario":0,"rud_tenencia_arrendatario":0,"rud_tenencia_ocupante":0,"rud_tenencia_poseedor":0,"rud_tenencia_no_informa":0,"rud_match_methods":"","rud_match_confidences":"","has_rud_match":false}},{"type":"Feature","geometry":{"type":"Point","coordinates":[-76.4931202,3.4796416]},"properties":{"place_id":"8a456ffd-759a-4124-8345-f0c627815551","place_report_count":0,"worst_collapse_type":null,"place_has_arcgis_id":false,"evaluation_count":1,"evaluation_ids_count":1,"barrio":"Chiminango","nivel_dano_max":"medio","severidad_max":"medio_alto","habitabilidad_codigos":"r2","recomendaciones":"aislamiento, apuntalar, demoler, restringir_peatones, seguimiento, vigilancia","evaluaciones_adicionales":"estructural","usos":"residencial","sistema_estructural":"muros_carga","material":"concreto_mc","epoca_construccion":"","estado_conservacion":"regular","calidad_diseno":"regular","ocupantes_max":160,"heridos_max":0,"muertos_max":0,"gps_accuracy_median":9.94,"rud_records":0,"rud_households":0,"rud_addresses":0,"rud_women":0,"rud_minors":0,"rud_older65":0,"rud_afro":0,"rud_indigenous":0,"rud_estado_averiado":0,"rud_estado_no_habitable":0,"rud_estado_habitable":0,"rud_estado_destruido":0,"rud_estado_no_informa":0,"rud_tenencia_propietario":0,"rud_tenencia_arrendatario":0,"rud_tenencia_ocupante":0,"rud_tenencia_poseedor":0,"rud_tenencia_no_informa":0,"rud_match_methods":"","rud_match_confidences":"","has_rud_match":false}},{"type":"Feature","geometry":{"type":"Point","coordinates":[-76.4936102,3.4797156]},"properties":{"place_id":"b0dd48fc-f026-4726-9724-bd60ea628c8b","place_report_count":0,"worst_collapse_type":null,"place_has_arcgis_id":false,"evaluation_count":2,"evaluation_ids_count":2,"barrio":"Chiminango 2 sector 6, Chiminangos","nivel_dano_max":"medio","severidad_max":"medio_alto","habitabilidad_codigos":"h, r1","recomendaciones":"monitoreo, restringir_peatones, seguimiento","evaluaciones_adicionales":"estructural","usos":"residencial","sistema_estructural":"muros_carga","material":"concreto_mc","epoca_construccion":"1984_1997","estado_conservacion":"bueno","calidad_diseno":"bueno","ocupantes_max":60,"heridos_max":0,"muertos_max":0,"gps_accuracy_median":9.55,"rud_records":0,"rud_households":0,"rud_addresses":0,"rud_women":0,"rud_minors":0,"rud_older65":0,"rud_afro":0,"rud_indigenous":0,"rud_estado_averiado":0,"rud_estado_no_habitable":0,"rud_estado_habitable":0,"rud_estado_destruido":0,"rud_estado_no_informa":0,"rud_tenencia_propietario":0,"rud_tenencia_arrendatario":0,"rud_tenencia_ocupante":0,"rud_tenencia_poseedor":0,"rud_tenencia_no_informa":0,"rud_match_methods":"","rud_match_confidences":"","has_rud_match":false}},{"type":"Feature","geometry":{"type":"Point","coordinates":[-76.4934099,3.4797479]},"properties":{"place_id":"becca7e0-2d48-40ed-bf72-1554bb957549","place_report_count":0,"worst_collapse_type":null,"place_has_arcgis_id":false,"evaluation_count":1,"evaluation_ids_count":1,"barrio":"Chiminango","nivel_dano_max":"medio","severidad_max":"medio_alto","habitabilidad_codigos":"r2","recomendaciones":"aislamiento, apuntalar, demoler, evacuar_parcial, monitoreo, seguimiento, vigilancia","evaluaciones_adicionales":"estructural","usos":"residencial","sistema_estructural":"muros_carga","material":"conc_prefab_mc","epoca_construccion":"antes_1984","estado_conservacion":"regular","calidad_diseno":"regular","ocupantes_max":60,"heridos_max":0,"muertos_max":0,"gps_accuracy_median":8.16,"rud_records":0,"rud_households":0,"rud_addresses":0,"rud_women":0,"rud_minors":0,"rud_older65":0,"rud_afro":0,"rud_indigenous":0,"rud_estado_averiado":0,"rud_estado_no_habitable":0,"rud_estado_habitable":0,"rud_estado_destruido":0,"rud_estado_no_informa":0,"rud_tenencia_propietario":0,"rud_tenencia_arrendatario":0,"rud_tenencia_ocupante":0,"rud_tenencia_poseedor":0,"rud_tenencia_no_informa":0,"rud_match_methods":"","rud_match_confidences":"","has_rud_match":false}},{"type":"Feature","geometry":{"type":"Point","coordinates":[-76.4939633,3.4797483]},"properties":{"place_id":"43056ba4-78a7-4cf4-989c-b2e3d4c08c44","place_report_count":1,"worst_collapse_type":null,"place_has_arcgis_id":false,"evaluation_count":1,"evaluation_ids_count":1,"barrio":"Chiminangos2","nivel_dano_max":"medio","severidad_max":"medio_alto","habitabilidad_codigos":"r2","recomendaciones":"apuntalar, seguimiento","evaluaciones_adicionales":"otra","usos":"residencial","sistema_estructural":"muros_carga","material":"conc_prefab_mc","epoca_construccion":"1984_1997","estado_conservacion":"malo","calidad_diseno":"regular","ocupantes_max":null,"heridos_max":0,"muertos_max":0,"gps_accuracy_median":5.5,"rud_records":2,"rud_households":2,"rud_addresses":2,"rud_women":2,"rud_minors":0,"rud_older65":1,"rud_afro":0,"rud_indigenous":0,"rud_estado_averiado":0,"rud_estado_no_habitable":1,"rud_estado_habitable":1,"rud_estado_destruido":0,"rud_estado_no_informa":0,"rud_tenencia_propietario":2,"rud_tenencia_arrendatario":0,"rud_tenencia_ocupante":0,"rud_tenencia_poseedor":0,"rud_tenencia_no_informa":0,"rud_match_methods":"nomenclatura_sector","rud_match_confidences":"media","has_rud_match":true}},{"type":"Feature","geometry":{"type":"Point","coordinates":[-76.4942933,3.4799033]},"properties":{"place_id":"fa594166-2975-4400-90ee-b3a632974e35","place_report_count":1,"worst_collapse_type":null,"place_has_arcgis_id":false,"evaluation_count":1,"evaluation_ids_count":1,"barrio":"Chiminangos 2","nivel_dano_max":"medio","severidad_max":"medio_alto","habitabilidad_codigos":"r1","recomendaciones":"apuntalar, restringir_peatones, seguimiento","evaluaciones_adicionales":"otra","usos":"residencial","sistema_estructural":"muros_carga","material":"conc_prefab_mc","epoca_construccion":"1984_1997","estado_conservacion":"malo","calidad_diseno":"malo","ocupantes_max":120,"heridos_max":0,"muertos_max":0,"gps_accuracy_median":3.0,"rud_records":0,"rud_households":0,"rud_addresses":0,"rud_women":0,"rud_minors":0,"rud_older65":0,"rud_afro":0,"rud_indigenous":0,"rud_estado_averiado":0,"rud_estado_no_habitable":0,"rud_estado_habitable":0,"rud_estado_destruido":0,"rud_estado_no_informa":0,"rud_tenencia_propietario":0,"rud_tenencia_arrendatario":0,"rud_tenencia_ocupante":0,"rud_tenencia_poseedor":0,"rud_tenencia_no_informa":0,"rud_match_methods":"","rud_match_confidences":"","has_rud_match":false}},{"type":"Feature","geometry":{"type":"Point","coordinates":[-76.4937205,3.4799103]},"properties":{"place_id":"cdf1e640-1688-4e40-8ffa-f66bfb1f943a","place_report_count":1,"worst_collapse_type":"B","place_has_arcgis_id":false,"evaluation_count":1,"evaluation_ids_count":1,"barrio":"Chiminangos","nivel_dano_max":"bajo","severidad_max":"bajo","habitabilidad_codigos":"h","recomendaciones":"","evaluaciones_adicionales":"estructural","usos":"residencial","sistema_estructural":"muros_carga","material":"concreto_mc","epoca_construccion":"1984_1997","estado_conservacion":"bueno","calidad_diseno":"bueno","ocupantes_max":80,"heridos_max":0,"muertos_max":0,"gps_accuracy_median":null,"rud_records":0,"rud_households":0,"rud_addresses":0,"rud_women":0,"rud_minors":0,"rud_older65":0,"rud_afro":0,"rud_indigenous":0,"rud_estado_averiado":0,"rud_estado_no_habitable":0,"rud_estado_habitable":0,"rud_estado_destruido":0,"rud_estado_no_informa":0,"rud_tenencia_propietario":0,"rud_tenencia_arrendatario":0,"rud_tenencia_ocupante":0,"rud_tenencia_poseedor":0,"rud_tenencia_no_informa":0,"rud_match_methods":"","rud_match_confidences":"","has_rud_match":false}},{"type":"Feature","geometry":{"type":"Point","coordinates":[-76.4944268,3.4799781]},"properties":{"place_id":"3cf7945e-3544-4543-967a-c3990da8e062","place_report_count":1,"worst_collapse_type":null,"place_has_arcgis_id":false,"evaluation_count":1,"evaluation_ids_count":1,"barrio":"Chiminangos","nivel_dano_max":"medio","severidad_max":"medio_alto","habitabilidad_codigos":"r2","recomendaciones":"apuntalar, restringir_peatones, seguimiento","evaluaciones_adicionales":"otra","usos":"residencial","sistema_estructural":"muros_carga","material":"conc_prefab_mc","epoca_construccion":"1984_1997","estado_conservacion":"regular","calidad_diseno":"regular","ocupantes_max":60,"heridos_max":0,"muertos_max":0,"gps_accuracy_median":3.28,"rud_records":21,"rud_households":7,"rud_addresses":7,"rud_women":10,"rud_minors":5,"rud_older65":1,"rud_afro":10,"rud_indigenous":0,"rud_estado_averiado":13,"rud_estado_no_habitable":8,"rud_estado_habitable":0,"rud_estado_destruido":0,"rud_estado_no_informa":0,"rud_tenencia_propietario":6,"rud_tenencia_arrendatario":15,"rud_tenencia_ocupante":0,"rud_tenencia_poseedor":0,"rud_tenencia_no_informa":0,"rud_match_methods":"nomenclatura_sector","rud_match_confidences":"media","has_rud_match":true}},{"type":"Feature","geometry":{"type":"Point","coordinates":[-76.4943917,3.4800067]},"properties":{"place_id":"672f186a-d729-4b29-b477-febe03194f5d","place_report_count":1,"worst_collapse_type":null,"place_has_arcgis_id":false,"evaluation_count":1,"evaluation_ids_count":1,"barrio":"Chiminangos 2","nivel_dano_max":"medio","severidad_max":"medio_alto","habitabilidad_codigos":"r1","recomendaciones":"apuntalar, restringir_peatones, vigilancia","evaluaciones_adicionales":"otra","usos":"residencial","sistema_estructural":"muros_carga","material":"conc_prefab_mc","epoca_construccion":"1984_1997","estado_conservacion":"malo","calidad_diseno":"malo","ocupantes_max":60,"heridos_max":0,"muertos_max":0,"gps_accuracy_median":2.1,"rud_records":11,"rud_households":6,"rud_addresses":2,"rud_women":10,"rud_minors":0,"rud_older65":4,"rud_afro":0,"rud_indigenous":0,"rud_estado_averiado":7,"rud_estado_no_habitable":0,"rud_estado_habitable":4,"rud_estado_destruido":0,"rud_estado_no_informa":0,"rud_tenencia_propietario":8,"rud_tenencia_arrendatario":3,"rud_tenencia_ocupante":0,"rud_tenencia_poseedor":0,"rud_tenencia_no_informa":0,"rud_match_methods":"nomenclatura_sector","rud_match_confidences":"media","has_rud_match":true}},{"type":"Feature","geometry":{"type":"Point","coordinates":[-76.4924757,3.4800076]},"properties":{"place_id":"4deeaa0d-a4ef-4947-b230-a2ac9e3ec4b6","place_report_count":0,"worst_collapse_type":null,"place_has_arcgis_id":false,"evaluation_count":1,"evaluation_ids_count":1,"barrio":"Chiminangos","nivel_dano_max":"alto","severidad_max":"medio_alto","habitabilidad_codigos":"i2","recomendaciones":"demoler, evacuar_parcial, monitoreo, restringir_peatones","evaluaciones_adicionales":"estructural","usos":"residencial","sistema_estructural":"muros_carga","material":"concreto_mc","epoca_construccion":"1984_1997","estado_conservacion":"bueno","calidad_diseno":"bueno","ocupantes_max":160,"heridos_max":0,"muertos_max":0,"gps_accuracy_median":8.67,"rud_records":0,"rud_households":0,"rud_addresses":0,"rud_women":0,"rud_minors":0,"rud_older65":0,"rud_afro":0,"rud_indigenous":0,"rud_estado_averiado":0,"rud_estado_no_habitable":0,"rud_estado_habitable":0,"rud_estado_destruido":0,"rud_estado_no_informa":0,"rud_tenencia_propietario":0,"rud_tenencia_arrendatario":0,"rud_tenencia_ocupante":0,"rud_tenencia_poseedor":0,"rud_tenencia_no_informa":0,"rud_match_methods":"","rud_match_confidences":"","has_rud_match":false}},{"type":"Feature","geometry":{"type":"Point","coordinates":[-76.4925531,3.4801142]},"properties":{"place_id":"595861d1-49d6-417c-95ee-dc37e2611fec","place_report_count":0,"worst_collapse_type":null,"place_has_arcgis_id":false,"evaluation_count":1,"evaluation_ids_count":1,"barrio":"Chiminangos","nivel_dano_max":"medio","severidad_max":"medio_alto","habitabilidad_codigos":"r1","recomendaciones":"","evaluaciones_adicionales":"estructural","usos":"residencial","sistema_estructural":"muros_carga","material":"concreto_mc","epoca_construccion":"1984_1997","estado_conservacion":"bueno","calidad_diseno":"bueno","ocupantes_max":320,"heridos_max":0,"muertos_max":0,"gps_accuracy_median":null,"rud_records":0,"rud_households":0,"rud_addresses":0,"rud_women":0,"rud_minors":0,"rud_older65":0,"rud_afro":0,"rud_indigenous":0,"rud_estado_averiado":0,"rud_estado_no_habitable":0,"rud_estado_habitable":0,"rud_estado_destruido":0,"rud_estado_no_informa":0,"rud_tenencia_propietario":0,"rud_tenencia_arrendatario":0,"rud_tenencia_ocupante":0,"rud_tenencia_poseedor":0,"rud_tenencia_no_informa":0,"rud_match_methods":"","rud_match_confidences":"","has_rud_match":false}},{"type":"Feature","geometry":{"type":"Point","coordinates":[-76.4938141,3.4801268]},"properties":{"place_id":"5c152313-1193-4df7-a4ff-e1d474e36af9","place_report_count":1,"worst_collapse_type":null,"place_has_arcgis_id":false,"evaluation_count":1,"evaluation_ids_count":1,"barrio":"Chiminangos","nivel_dano_max":"bajo","severidad_max":"bajo","habitabilidad_codigos":"h","recomendaciones":"","evaluaciones_adicionales":"estructural","usos":"residencial","sistema_estructural":"muros_carga","material":"concreto_mc","epoca_construccion":"1984_1997","estado_conservacion":"regular","calidad_diseno":"bueno","ocupantes_max":80,"heridos_max":0,"muertos_max":0,"gps_accuracy_median":null,"rud_records":0,"rud_households":0,"rud_addresses":0,"rud_women":0,"rud_minors":0,"rud_older65":0,"rud_afro":0,"rud_indigenous":0,"rud_estado_averiado":0,"rud_estado_no_habitable":0,"rud_estado_habitable":0,"rud_estado_destruido":0,"rud_estado_no_informa":0,"rud_tenencia_propietario":0,"rud_tenencia_arrendatario":0,"rud_tenencia_ocupante":0,"rud_tenencia_poseedor":0,"rud_tenencia_no_informa":0,"rud_match_methods":"","rud_match_confidences":"","has_rud_match":false}},{"type":"Feature","geometry":{"type":"Point","coordinates":[-76.493362,3.480195]},"properties":{"place_id":"14bc0089-0b83-4f13-9537-c85d4d7e9fd8","place_report_count":1,"worst_collapse_type":"B","place_has_arcgis_id":false,"evaluation_count":0,"evaluation_ids_count":0,"barrio":"","nivel_dano_max":null,"severidad_max":null,"habitabilidad_codigos":"","recomendaciones":"","evaluaciones_adicionales":"","usos":"","sistema_estructural":"","material":"","epoca_construccion":"","estado_conservacion":"","calidad_diseno":"","ocupantes_max":null,"heridos_max":null,"muertos_max":null,"gps_accuracy_median":null,"rud_records":0,"rud_households":0,"rud_addresses":0,"rud_women":0,"rud_minors":0,"rud_older65":0,"rud_afro":0,"rud_indigenous":0,"rud_estado_averiado":0,"rud_estado_no_habitable":0,"rud_estado_habitable":0,"rud_estado_destruido":0,"rud_estado_no_informa":0,"rud_tenencia_propietario":0,"rud_tenencia_arrendatario":0,"rud_tenencia_ocupante":0,"rud_tenencia_poseedor":0,"rud_tenencia_no_informa":0,"rud_match_methods":"","rud_match_confidences":"","has_rud_match":false}},{"type":"Feature","geometry":{"type":"Point","coordinates":[-76.4938194,3.4804013]},"properties":{"place_id":"771ef891-8b41-4a95-86d9-4a529c2f145d","place_report_count":1,"worst_collapse_type":null,"place_has_arcgis_id":false,"evaluation_count":1,"evaluation_ids_count":1,"barrio":"Chiminangos","nivel_dano_max":"bajo","severidad_max":"bajo","habitabilidad_codigos":"h","recomendaciones":"","evaluaciones_adicionales":"estructural","usos":"residencial","sistema_estructural":"muros_carga","material":"concreto_mc","epoca_construccion":"1984_1997","estado_conservacion":"bueno","calidad_diseno":"bueno","ocupantes_max":80,"heridos_max":0,"muertos_max":0,"gps_accuracy_median":null,"rud_records":0,"rud_households":0,"rud_addresses":0,"rud_women":0,"rud_minors":0,"rud_older65":0,"rud_afro":0,"rud_indigenous":0,"rud_estado_averiado":0,"rud_estado_no_habitable":0,"rud_estado_habitable":0,"rud_estado_destruido":0,"rud_estado_no_informa":0,"rud_tenencia_propietario":0,"rud_tenencia_arrendatario":0,"rud_tenencia_ocupante":0,"rud_tenencia_poseedor":0,"rud_tenencia_no_informa":0,"rud_match_methods":"","rud_match_confidences":"","has_rud_match":false}},{"type":"Feature","geometry":{"type":"Point","coordinates":[-76.5308722,3.4804286]},"properties":{"place_id":"732d8851-d528-434f-a811-5e0961eaf390","place_report_count":0,"worst_collapse_type":null,"place_has_arcgis_id":false,"evaluation_count":1,"evaluation_ids_count":1,"barrio":"La Flora","nivel_dano_max":"alto","severidad_max":"alto","habitabilidad_codigos":"i2","recomendaciones":"aislamiento, apuntalar, demoler, desconectar, evacuar_total, intervencion, monitoreo, restringir_peatones, restringir_vehiculos, seguimiento, vigilancia","evaluaciones_adicionales":"estructural, geotecnica, otra","usos":"residencial","sistema_estructural":"porticos","material":"conc_no_arr","epoca_construccion":"1984_1997","estado_conservacion":"bueno","calidad_diseno":"regular","ocupantes_max":36,"heridos_max":0,"muertos_max":0,"gps_accuracy_median":null,"rud_records":0,"rud_households":0,"rud_addresses":0,"rud_women":0,"rud_minors":0,"rud_older65":0,"rud_afro":0,"rud_indigenous":0,"rud_estado_averiado":0,"rud_estado_no_habitable":0,"rud_estado_habitable":0,"rud_estado_destruido":0,"rud_estado_no_informa":0,"rud_tenencia_propietario":0,"rud_tenencia_arrendatario":0,"rud_tenencia_ocupante":0,"rud_tenencia_poseedor":0,"rud_tenencia_no_informa":0,"rud_match_methods":"","rud_match_confidences":"","has_rud_match":false}},{"type":"Feature","geometry":{"type":"Point","coordinates":[-76.4937464,3.4804613]},"properties":{"place_id":"268aaa65-2294-4379-a993-4a20d120c6b4","place_report_count":1,"worst_collapse_type":null,"place_has_arcgis_id":false,"evaluation_count":1,"evaluation_ids_count":1,"barrio":"Chiminangos","nivel_dano_max":"bajo","severidad_max":"bajo","habitabilidad_codigos":"h","recomendaciones":"","evaluaciones_adicionales":"estructural","usos":"residencial","sistema_estructural":"muros_carga","material":"concreto_mc","epoca_construccion":"1984_1997","estado_conservacion":"bueno","calidad_diseno":"bueno","ocupantes_max":80,"heridos_max":0,"muertos_max":0,"gps_accuracy_median":null,"rud_records":0,"rud_households":0,"rud_addresses":0,"rud_women":0,"rud_minors":0,"rud_older65":0,"rud_afro":0,"rud_indigenous":0,"rud_estado_averiado":0,"rud_estado_no_habitable":0,"rud_estado_habitable":0,"rud_estado_destruido":0,"rud_estado_no_informa":0,"rud_tenencia_propietario":0,"rud_tenencia_arrendatario":0,"rud_tenencia_ocupante":0,"rud_tenencia_poseedor":0,"rud_tenencia_no_informa":0,"rud_match_methods":"","rud_match_confidences":"","has_rud_match":false}},{"type":"Feature","geometry":{"type":"Point","coordinates":[-76.5192155,3.4814623]},"properties":{"place_id":"3e2c4e58-1abd-4827-951c-4c5825b1e813","place_report_count":0,"worst_collapse_type":"B","place_has_arcgis_id":true,"evaluation_count":1,"evaluation_ids_count":1,"barrio":"Vipasa","nivel_dano_max":"bajo","severidad_max":"bajo","habitabilidad_codigos":"h","recomendaciones":"","evaluaciones_adicionales":"","usos":"residencial","sistema_estructural":"porticos","material":"conc_no_arr","epoca_construccion":"","estado_conservacion":"","calidad_diseno":"","ocupantes_max":null,"heridos_max":null,"muertos_max":null,"gps_accuracy_median":null,"rud_records":0,"rud_households":0,"rud_addresses":0,"rud_women":0,"rud_minors":0,"rud_older65":0,"rud_afro":0,"rud_indigenous":0,"rud_estado_averiado":0,"rud_estado_no_habitable":0,"rud_estado_habitable":0,"rud_estado_destruido":0,"rud_estado_no_informa":0,"rud_tenencia_propietario":0,"rud_tenencia_arrendatario":0,"rud_tenencia_ocupante":0,"rud_tenencia_poseedor":0,"rud_tenencia_no_informa":0,"rud_match_methods":"","rud_match_confidences":"","has_rud_match":false}},{"type":"Feature","geometry":{"type":"Point","coordinates":[-76.5147337,3.4831326]},"properties":{"place_id":"d6be4741-7a45-4fad-ba3e-c7f6aaf0da92","place_report_count":0,"worst_collapse_type":null,"place_has_arcgis_id":true,"evaluation_count":1,"evaluation_ids_count":1,"barrio":"Vipasa","nivel_dano_max":"sin_dano","severidad_max":"sin_dano","habitabilidad_codigos":"h","recomendaciones":"","evaluaciones_adicionales":"","usos":"institucional","sistema_estructural":"dual","material":"conc_mamposteria","epoca_construccion":"antes_1984","estado_conservacion":"bueno","calidad_diseno":"regular","ocupantes_max":30,"heridos_max":0,"muertos_max":0,"gps_accuracy_median":9.82,"rud_records":0,"rud_households":0,"rud_addresses":0,"rud_women":0,"rud_minors":0,"rud_older65":0,"rud_afro":0,"rud_indigenous":0,"rud_estado_averiado":0,"rud_estado_no_habitable":0,"rud_estado_habitable":0,"rud_estado_destruido":0,"rud_estado_no_informa":0,"rud_tenencia_propietario":0,"rud_tenencia_arrendatario":0,"rud_tenencia_ocupante":0,"rud_tenencia_poseedor":0,"rud_tenencia_no_informa":0,"rud_match_methods":"","rud_match_confidences":"","has_rud_match":false}},{"type":"Feature","geometry":{"type":"Point","coordinates":[-76.5,3.48333]},"properties":{"place_id":"344d89e6-f37e-4161-a057-7869f562940a","place_report_count":0,"worst_collapse_type":null,"place_has_arcgis_id":false,"evaluation_count":1,"evaluation_ids_count":1,"barrio":"Chiminangos","nivel_dano_max":"medio","severidad_max":"medio","habitabilidad_codigos":"r2","recomendaciones":"evacuar_parcial","evaluaciones_adicionales":"estructural, geotecnica","usos":"residencial","sistema_estructural":"muros_carga","material":"conc_prefab_mc","epoca_construccion":"1984_1997","estado_conservacion":"regular","calidad_diseno":"malo","ocupantes_max":120,"heridos_max":0,"muertos_max":0,"gps_accuracy_median":8.42,"rud_records":25,"rud_households":12,"rud_addresses":8,"rud_women":13,"rud_minors":1,"rud_older65":5,"rud_afro":2,"rud_indigenous":0,"rud_estado_averiado":3,"rud_estado_no_habitable":13,"rud_estado_habitable":9,"rud_estado_destruido":0,"rud_estado_no_informa":0,"rud_tenencia_propietario":14,"rud_tenencia_arrendatario":11,"rud_tenencia_ocupante":0,"rud_tenencia_poseedor":0,"rud_tenencia_no_informa":0,"rud_match_methods":"nomenclatura_sector","rud_match_confidences":"media","has_rud_match":true}},{"type":"Feature","geometry":{"type":"Point","coordinates":[-76.5141292,3.4834992]},"properties":{"place_id":"9da392b9-2597-4001-98d9-07f0309bf3e3","place_report_count":0,"worst_collapse_type":"B","place_has_arcgis_id":true,"evaluation_count":1,"evaluation_ids_count":1,"barrio":"Vipasa","nivel_dano_max":"medio","severidad_max":"medio_alto","habitabilidad_codigos":"r1","recomendaciones":"restringir_peatones","evaluaciones_adicionales":"","usos":"residencial","sistema_estructural":"porticos","material":"conc_arr","epoca_construccion":"despues_2010","estado_conservacion":"bueno","calidad_diseno":"bueno","ocupantes_max":300,"heridos_max":0,"muertos_max":0,"gps_accuracy_median":8.84,"rud_records":0,"rud_households":0,"rud_addresses":0,"rud_women":0,"rud_minors":0,"rud_older65":0,"rud_afro":0,"rud_indigenous":0,"rud_estado_averiado":0,"rud_estado_no_habitable":0,"rud_estado_habitable":0,"rud_estado_destruido":0,"rud_estado_no_informa":0,"rud_tenencia_propietario":0,"rud_tenencia_arrendatario":0,"rud_tenencia_ocupante":0,"rud_tenencia_poseedor":0,"rud_tenencia_no_informa":0,"rud_match_methods":"","rud_match_confidences":"","has_rud_match":false}},{"type":"Feature","geometry":{"type":"Point","coordinates":[-76.5107117,3.4847402]},"properties":{"place_id":"7377b9c5-024f-4997-bb75-d600c06fbc4b","place_report_count":0,"worst_collapse_type":"B","place_has_arcgis_id":true,"evaluation_count":1,"evaluation_ids_count":1,"barrio":"Pacara","nivel_dano_max":"bajo","severidad_max":"medio","habitabilidad_codigos":"h","recomendaciones":"monitoreo, seguimiento","evaluaciones_adicionales":"estructural, geotecnica","usos":"residencial","sistema_estructural":"muros_carga","material":"concreto_mc","epoca_construccion":"1984_1997","estado_conservacion":"bueno","calidad_diseno":"bueno","ocupantes_max":250,"heridos_max":0,"muertos_max":0,"gps_accuracy_median":8.73,"rud_records":0,"rud_households":0,"rud_addresses":0,"rud_women":0,"rud_minors":0,"rud_older65":0,"rud_afro":0,"rud_indigenous":0,"rud_estado_averiado":0,"rud_estado_no_habitable":0,"rud_estado_habitable":0,"rud_estado_destruido":0,"rud_estado_no_informa":0,"rud_tenencia_propietario":0,"rud_tenencia_arrendatario":0,"rud_tenencia_ocupante":0,"rud_tenencia_poseedor":0,"rud_tenencia_no_informa":0,"rud_match_methods":"","rud_match_confidences":"","has_rud_match":false}},{"type":"Feature","geometry":{"type":"Point","coordinates":[-76.5156853,3.4855097]},"properties":{"place_id":"c6cbc493-15b8-435a-bd94-1293d737b37e","place_report_count":3,"worst_collapse_type":"B","place_has_arcgis_id":true,"evaluation_count":1,"evaluation_ids_count":1,"barrio":"La florq","nivel_dano_max":"alto","severidad_max":"medio_alto","habitabilidad_codigos":"i2","recomendaciones":"demoler, evacuar_total, restringir_peatones","evaluaciones_adicionales":"","usos":"comercial, residencial","sistema_estructural":"dual","material":"concreto_dual","epoca_construccion":"1984_1997","estado_conservacion":"bueno","calidad_diseno":"bueno","ocupantes_max":48,"heridos_max":null,"muertos_max":null,"gps_accuracy_median":null,"rud_records":0,"rud_households":0,"rud_addresses":0,"rud_women":0,"rud_minors":0,"rud_older65":0,"rud_afro":0,"rud_indigenous":0,"rud_estado_averiado":0,"rud_estado_no_habitable":0,"rud_estado_habitable":0,"rud_estado_destruido":0,"rud_estado_no_informa":0,"rud_tenencia_propietario":0,"rud_tenencia_arrendatario":0,"rud_tenencia_ocupante":0,"rud_tenencia_poseedor":0,"rud_tenencia_no_informa":0,"rud_match_methods":"","rud_match_confidences":"","has_rud_match":false}},{"type":"Feature","geometry":{"type":"Point","coordinates":[-76.5221064,3.4855446]},"properties":{"place_id":"b7711b7b-ea33-4f97-bc51-f1a198a1a02e","place_report_count":1,"worst_collapse_type":"B","place_has_arcgis_id":false,"evaluation_count":0,"evaluation_ids_count":0,"barrio":"","nivel_dano_max":null,"severidad_max":null,"habitabilidad_codigos":"","recomendaciones":"","evaluaciones_adicionales":"","usos":"","sistema_estructural":"","material":"","epoca_construccion":"","estado_conservacion":"","calidad_diseno":"","ocupantes_max":null,"heridos_max":null,"muertos_max":null,"gps_accuracy_median":null,"rud_records":0,"rud_households":0,"rud_addresses":0,"rud_women":0,"rud_minors":0,"rud_older65":0,"rud_afro":0,"rud_indigenous":0,"rud_estado_averiado":0,"rud_estado_no_habitable":0,"rud_estado_habitable":0,"rud_estado_destruido":0,"rud_estado_no_informa":0,"rud_tenencia_propietario":0,"rud_tenencia_arrendatario":0,"rud_tenencia_ocupante":0,"rud_tenencia_poseedor":0,"rud_tenencia_no_informa":0,"rud_match_methods":"","rud_match_confidences":"","has_rud_match":false}},{"type":"Feature","geometry":{"type":"Point","coordinates":[-76.515936,3.4858732]},"properties":{"place_id":"34d36f6f-676f-44f9-b45e-a30ff07eea6c","place_report_count":1,"worst_collapse_type":"B","place_has_arcgis_id":true,"evaluation_count":1,"evaluation_ids_count":1,"barrio":"La flora","nivel_dano_max":"sin_dano","severidad_max":"sin_dano","habitabilidad_codigos":"h","recomendaciones":"","evaluaciones_adicionales":"otra","usos":"comercial, residencial","sistema_estructural":"porticos","material":"conc_no_arr","epoca_construccion":"antes_1984","estado_conservacion":"bueno","calidad_diseno":"bueno","ocupantes_max":2,"heridos_max":null,"muertos_max":null,"gps_accuracy_median":null,"rud_records":0,"rud_households":0,"rud_addresses":0,"rud_women":0,"rud_minors":0,"rud_older65":0,"rud_afro":0,"rud_indigenous":0,"rud_estado_averiado":0,"rud_estado_no_habitable":0,"rud_estado_habitable":0,"rud_estado_destruido":0,"rud_estado_no_informa":0,"rud_tenencia_propietario":0,"rud_tenencia_arrendatario":0,"rud_tenencia_ocupante":0,"rud_tenencia_poseedor":0,"rud_tenencia_no_informa":0,"rud_match_methods":"","rud_match_confidences":"","has_rud_match":false}},{"type":"Feature","geometry":{"type":"Point","coordinates":[-76.522085171,3.48795426]},"properties":{"place_id":"bf4a22d2-9bb8-400b-bc53-03cd9b398acf","place_report_count":1,"worst_collapse_type":"B","place_has_arcgis_id":false,"evaluation_count":1,"evaluation_ids_count":1,"barrio":"La flora","nivel_dano_max":"alto","severidad_max":"alto","habitabilidad_codigos":"i2","recomendaciones":"apuntalar, demoler, desconectar, evacuar_total, monitoreo, restringir_peatones, restringir_vehiculos, vigilancia","evaluaciones_adicionales":"estructural","usos":"residencial","sistema_estructural":"porticos","material":"conc_no_arr","epoca_construccion":"desconocida","estado_conservacion":"malo","calidad_diseno":"regular","ocupantes_max":20,"heridos_max":null,"muertos_max":null,"gps_accuracy_median":3.79,"rud_records":0,"rud_households":0,"rud_addresses":0,"rud_women":0,"rud_minors":0,"rud_older65":0,"rud_afro":0,"rud_indigenous":0,"rud_estado_averiado":0,"rud_estado_no_habitable":0,"rud_estado_habitable":0,"rud_estado_destruido":0,"rud_estado_no_informa":0,"rud_tenencia_propietario":0,"rud_tenencia_arrendatario":0,"rud_tenencia_ocupante":0,"rud_tenencia_poseedor":0,"rud_tenencia_no_informa":0,"rud_match_methods":"","rud_match_confidences":"","has_rud_match":false}},{"type":"Feature","geometry":{"type":"Point","coordinates":[-76.520185,3.4885567]},"properties":{"place_id":"59c7578e-85fe-4a8c-891d-4f834bc9a51a","place_report_count":0,"worst_collapse_type":null,"place_has_arcgis_id":false,"evaluation_count":1,"evaluation_ids_count":1,"barrio":"La Flora","nivel_dano_max":"medio","severidad_max":"medio_alto","habitabilidad_codigos":"i2","recomendaciones":"aislamiento, apuntalar, demoler, evacuar_parcial, restringir_peatones, seguimiento, vigilancia","evaluaciones_adicionales":"geotecnica, otra","usos":"residencial","sistema_estructural":"porticos","material":"conc_no_arr","epoca_construccion":"1984_1997","estado_conservacion":"bueno","calidad_diseno":"","ocupantes_max":70,"heridos_max":0,"muertos_max":0,"gps_accuracy_median":1.5,"rud_records":7,"rud_households":2,"rud_addresses":1,"rud_women":3,"rud_minors":0,"rud_older65":3,"rud_afro":0,"rud_indigenous":0,"rud_estado_averiado":0,"rud_estado_no_habitable":7,"rud_estado_habitable":0,"rud_estado_destruido":0,"rud_estado_no_informa":0,"rud_tenencia_propietario":7,"rud_tenencia_arrendatario":0,"rud_tenencia_ocupante":0,"rud_tenencia_poseedor":0,"rud_tenencia_no_informa":0,"rud_match_methods":"nomenclatura_sector","rud_match_confidences":"media","has_rud_match":true}},{"type":"Feature","geometry":{"type":"Point","coordinates":[-76.5198817,3.4886133]},"properties":{"place_id":"c9c8eb1e-1680-4d3d-85d0-569154ff8780","place_report_count":0,"worst_collapse_type":null,"place_has_arcgis_id":false,"evaluation_count":1,"evaluation_ids_count":1,"barrio":"La Flora","nivel_dano_max":"alto","severidad_max":"alto","habitabilidad_codigos":"i2","recomendaciones":"aislamiento, apuntalar, demoler, desconectar, evacuar_total, intervencion, monitoreo, restringir_peatones, restringir_vehiculos, seguimiento, vigilancia","evaluaciones_adicionales":"estructural, geotecnica, otra","usos":"residencial","sistema_estructural":"porticos","material":"conc_no_arr","epoca_construccion":"1984_1997","estado_conservacion":"bueno","calidad_diseno":"regular","ocupantes_max":48,"heridos_max":0,"muertos_max":0,"gps_accuracy_median":1.8,"rud_records":0,"rud_households":0,"rud_addresses":0,"rud_women":0,"rud_minors":0,"rud_older65":0,"rud_afro":0,"rud_indigenous":0,"rud_estado_averiado":0,"rud_estado_no_habitable":0,"rud_estado_habitable":0,"rud_estado_destruido":0,"rud_estado_no_informa":0,"rud_tenencia_propietario":0,"rud_tenencia_arrendatario":0,"rud_tenencia_ocupante":0,"rud_tenencia_poseedor":0,"rud_tenencia_no_informa":0,"rud_match_methods":"","rud_match_confidences":"","has_rud_match":false}},{"type":"Feature","geometry":{"type":"Point","coordinates":[-76.5197214,3.4888431]},"properties":{"place_id":"195e699c-5922-46f0-869f-359e6e94cf39","place_report_count":0,"worst_collapse_type":null,"place_has_arcgis_id":false,"evaluation_count":2,"evaluation_ids_count":2,"barrio":"LA FLORA","nivel_dano_max":"alto","severidad_max":"medio_alto","habitabilidad_codigos":"i2, r1","recomendaciones":"demoler, restringir_peatones","evaluaciones_adicionales":"","usos":"residencial","sistema_estructural":"porticos","material":"conc_no_arr","epoca_construccion":"1984_1997","estado_conservacion":"bueno","calidad_diseno":"bueno","ocupantes_max":72,"heridos_max":0,"muertos_max":0,"gps_accuracy_median":null,"rud_records":22,"rud_households":8,"rud_addresses":1,"rud_women":13,"rud_minors":4,"rud_older65":2,"rud_afro":0,"rud_indigenous":0,"rud_estado_averiado":0,"rud_estado_no_habitable":22,"rud_estado_habitable":0,"rud_estado_destruido":0,"rud_estado_no_informa":0,"rud_tenencia_propietario":13,"rud_tenencia_arrendatario":9,"rud_tenencia_ocupante":0,"rud_tenencia_poseedor":0,"rud_tenencia_no_informa":0,"rud_match_methods":"direccion_normalizada","rud_match_confidences":"alta","has_rud_match":true}},{"type":"Feature","geometry":{"type":"Point","coordinates":[-76.4841752,3.4889927]},"properties":{"place_id":"45c6e7bb-2399-490e-ae51-33a4e0b70e42","place_report_count":0,"worst_collapse_type":null,"place_has_arcgis_id":true,"evaluation_count":1,"evaluation_ids_count":1,"barrio":"Cali mío norte","nivel_dano_max":"bajo","severidad_max":"bajo","habitabilidad_codigos":"h","recomendaciones":"monitoreo","evaluaciones_adicionales":"estructural","usos":"residencial","sistema_estructural":"muros_carga","material":"conc_prefab_mc","epoca_construccion":"despues_2010","estado_conservacion":"bueno","calidad_diseno":"bueno","ocupantes_max":80,"heridos_max":null,"muertos_max":null,"gps_accuracy_median":5.41,"rud_records":0,"rud_households":0,"rud_addresses":0,"rud_women":0,"rud_minors":0,"rud_older65":0,"rud_afro":0,"rud_indigenous":0,"rud_estado_averiado":0,"rud_estado_no_habitable":0,"rud_estado_habitable":0,"rud_estado_destruido":0,"rud_estado_no_informa":0,"rud_tenencia_propietario":0,"rud_tenencia_arrendatario":0,"rud_tenencia_ocupante":0,"rud_tenencia_poseedor":0,"rud_tenencia_no_informa":0,"rud_match_methods":"","rud_match_confidences":"","has_rud_match":false}},{"type":"Feature","geometry":{"type":"Point","coordinates":[-76.4843304,3.4890814]},"properties":{"place_id":"e902ba1c-992c-4b83-8e17-dd92245b9a58","place_report_count":0,"worst_collapse_type":null,"place_has_arcgis_id":true,"evaluation_count":1,"evaluation_ids_count":1,"barrio":"Calimio norte","nivel_dano_max":"bajo","severidad_max":"bajo","habitabilidad_codigos":"h","recomendaciones":"","evaluaciones_adicionales":"","usos":"residencial","sistema_estructural":"muros_carga","material":"concreto_mc","epoca_construccion":"despues_2010","estado_conservacion":"bueno","calidad_diseno":"bueno","ocupantes_max":80,"heridos_max":0,"muertos_max":0,"gps_accuracy_median":5.05,"rud_records":0,"rud_households":0,"rud_addresses":0,"rud_women":0,"rud_minors":0,"rud_older65":0,"rud_afro":0,"rud_indigenous":0,"rud_estado_averiado":0,"rud_estado_no_habitable":0,"rud_estado_habitable":0,"rud_estado_destruido":0,"rud_estado_no_informa":0,"rud_tenencia_propietario":0,"rud_tenencia_arrendatario":0,"rud_tenencia_ocupante":0,"rud_tenencia_poseedor":0,"rud_tenencia_no_informa":0,"rud_match_methods":"","rud_match_confidences":"","has_rud_match":false}},{"type":"Feature","geometry":{"type":"Point","coordinates":[-76.4844027,3.4891589]},"properties":{"place_id":"3a224d5c-861d-4c91-a0c0-6d38e0792808","place_report_count":0,"worst_collapse_type":null,"place_has_arcgis_id":true,"evaluation_count":1,"evaluation_ids_count":1,"barrio":"Calimio norte","nivel_dano_max":"sin_dano","severidad_max":"sin_dano","habitabilidad_codigos":"h","recomendaciones":"monitoreo, seguimiento","evaluaciones_adicionales":"otra","usos":"residencial","sistema_estructural":"muros_carga","material":"concreto_mc","epoca_construccion":"","estado_conservacion":"bueno","calidad_diseno":"bueno","ocupantes_max":80,"heridos_max":0,"muertos_max":0,"gps_accuracy_median":null,"rud_records":0,"rud_households":0,"rud_addresses":0,"rud_women":0,"rud_minors":0,"rud_older65":0,"rud_afro":0,"rud_indigenous":0,"rud_estado_averiado":0,"rud_estado_no_habitable":0,"rud_estado_habitable":0,"rud_estado_destruido":0,"rud_estado_no_informa":0,"rud_tenencia_propietario":0,"rud_tenencia_arrendatario":0,"rud_tenencia_ocupante":0,"rud_tenencia_poseedor":0,"rud_tenencia_no_informa":0,"rud_match_methods":"","rud_match_confidences":"","has_rud_match":false}},{"type":"Feature","geometry":{"type":"Point","coordinates":[-76.5195599,3.4892286]},"properties":{"place_id":"2234f5e9-408b-47ba-a069-a650b78a1d03","place_report_count":0,"worst_collapse_type":null,"place_has_arcgis_id":true,"evaluation_count":1,"evaluation_ids_count":1,"barrio":"La Flora","nivel_dano_max":"bajo","severidad_max":"medio","habitabilidad_codigos":"h","recomendaciones":"","evaluaciones_adicionales":"estructural","usos":"residencial","sistema_estructural":"porticos","material":"conc_arr","epoca_construccion":"desconocida","estado_conservacion":"bueno","calidad_diseno":"bueno","ocupantes_max":1,"heridos_max":null,"muertos_max":null,"gps_accuracy_median":6.41,"rud_records":0,"rud_households":0,"rud_addresses":0,"rud_women":0,"rud_minors":0,"rud_older65":0,"rud_afro":0,"rud_indigenous":0,"rud_estado_averiado":0,"rud_estado_no_habitable":0,"rud_estado_habitable":0,"rud_estado_destruido":0,"rud_estado_no_informa":0,"rud_tenencia_propietario":0,"rud_tenencia_arrendatario":0,"rud_tenencia_ocupante":0,"rud_tenencia_poseedor":0,"rud_tenencia_no_informa":0,"rud_match_methods":"","rud_match_confidences":"","has_rud_match":false}},{"type":"Feature","geometry":{"type":"Point","coordinates":[-76.4842923,3.4895055]},"properties":{"place_id":"54456eb8-11f1-489d-a2c2-18e108fbfa93","place_report_count":0,"worst_collapse_type":null,"place_has_arcgis_id":true,"evaluation_count":1,"evaluation_ids_count":1,"barrio":"Calimio","nivel_dano_max":"bajo","severidad_max":"bajo","habitabilidad_codigos":"h","recomendaciones":"monitoreo, seguimiento","evaluaciones_adicionales":"estructural, geotecnica, otra","usos":"residencial","sistema_estructural":"muros_carga","material":"mamp_confinada","epoca_construccion":"despues_2010","estado_conservacion":"regular","calidad_diseno":"regular","ocupantes_max":60,"heridos_max":null,"muertos_max":null,"gps_accuracy_median":null,"rud_records":2,"rud_households":1,"rud_addresses":1,"rud_women":2,"rud_minors":0,"rud_older65":0,"rud_afro":0,"rud_indigenous":0,"rud_estado_averiado":0,"rud_estado_no_habitable":2,"rud_estado_habitable":0,"rud_estado_destruido":0,"rud_estado_no_informa":0,"rud_tenencia_propietario":2,"rud_tenencia_arrendatario":0,"rud_tenencia_ocupante":0,"rud_tenencia_poseedor":0,"rud_tenencia_no_informa":0,"rud_match_methods":"nomenclatura_sector","rud_match_confidences":"media","has_rud_match":true}},{"type":"Feature","geometry":{"type":"Point","coordinates":[-76.4845444,3.4896542]},"properties":{"place_id":"494a0dc9-31df-4292-8af6-9271d81d5c91","place_report_count":0,"worst_collapse_type":null,"place_has_arcgis_id":true,"evaluation_count":1,"evaluation_ids_count":1,"barrio":"Calimio norte","nivel_dano_max":"bajo","severidad_max":"medio","habitabilidad_codigos":"i1","recomendaciones":"aislamiento, desconectar, evacuar_total, evacuar_vecinas, monitoreo, restringir_peatones, seguimiento, vigilancia","evaluaciones_adicionales":"estructural","usos":"residencial","sistema_estructural":"dual","material":"concreto_dual","epoca_construccion":"despues_2010","estado_conservacion":"bueno","calidad_diseno":"regular","ocupantes_max":48,"heridos_max":null,"muertos_max":null,"gps_accuracy_median":null,"rud_records":0,"rud_households":0,"rud_addresses":0,"rud_women":0,"rud_minors":0,"rud_older65":0,"rud_afro":0,"rud_indigenous":0,"rud_estado_averiado":0,"rud_estado_no_habitable":0,"rud_estado_habitable":0,"rud_estado_destruido":0,"rud_estado_no_informa":0,"rud_tenencia_propietario":0,"rud_tenencia_arrendatario":0,"rud_tenencia_ocupante":0,"rud_tenencia_poseedor":0,"rud_tenencia_no_informa":0,"rud_match_methods":"","rud_match_confidences":"","has_rud_match":false}},{"type":"Feature","geometry":{"type":"Point","coordinates":[-76.48432,3.4897351]},"properties":{"place_id":"86b08217-9f97-4639-bc0c-3dd8a1c58dc0","place_report_count":0,"worst_collapse_type":null,"place_has_arcgis_id":true,"evaluation_count":2,"evaluation_ids_count":2,"barrio":"Calimio","nivel_dano_max":"alto","severidad_max":"alto","habitabilidad_codigos":"h, i2","recomendaciones":"aislamiento, demoler, desconectar, evacuar_total, evacuar_vecinas, monitoreo, restringir_peatones, restringir_vehiculos, seguimiento, vigilancia","evaluaciones_adicionales":"estructural, geotecnica","usos":"residencial","sistema_estructural":"muros_carga","material":"mamp_confinada","epoca_construccion":"despues_2010","estado_conservacion":"malo, regular","calidad_diseno":"malo, regular","ocupantes_max":74,"heridos_max":null,"muertos_max":null,"gps_accuracy_median":null,"rud_records":9,"rud_households":2,"rud_addresses":2,"rud_women":5,"rud_minors":2,"rud_older65":1,"rud_afro":1,"rud_indigenous":0,"rud_estado_averiado":0,"rud_estado_no_habitable":9,"rud_estado_habitable":0,"rud_estado_destruido":0,"rud_estado_no_informa":0,"rud_tenencia_propietario":9,"rud_tenencia_arrendatario":0,"rud_tenencia_ocupante":0,"rud_tenencia_poseedor":0,"rud_tenencia_no_informa":0,"rud_match_methods":"nomenclatura_sector","rud_match_confidences":"media","has_rud_match":true}},{"type":"Feature","geometry":{"type":"Point","coordinates":[-76.51349119999999,3.4898149]},"properties":{"place_id":"555c96b3-5bab-4578-8edf-8411bbea84d9","place_report_count":1,"worst_collapse_type":"B","place_has_arcgis_id":false,"evaluation_count":0,"evaluation_ids_count":0,"barrio":"","nivel_dano_max":null,"severidad_max":null,"habitabilidad_codigos":"","recomendaciones":"","evaluaciones_adicionales":"","usos":"","sistema_estructural":"","material":"","epoca_construccion":"","estado_conservacion":"","calidad_diseno":"","ocupantes_max":null,"heridos_max":null,"muertos_max":null,"gps_accuracy_median":null,"rud_records":0,"rud_households":0,"rud_addresses":0,"rud_women":0,"rud_minors":0,"rud_older65":0,"rud_afro":0,"rud_indigenous":0,"rud_estado_averiado":0,"rud_estado_no_habitable":0,"rud_estado_habitable":0,"rud_estado_destruido":0,"rud_estado_no_informa":0,"rud_tenencia_propietario":0,"rud_tenencia_arrendatario":0,"rud_tenencia_ocupante":0,"rud_tenencia_poseedor":0,"rud_tenencia_no_informa":0,"rud_match_methods":"","rud_match_confidences":"","has_rud_match":false}},{"type":"Feature","geometry":{"type":"Point","coordinates":[-76.52221,3.49033]},"properties":{"place_id":"fb05e7c1-12de-4676-b141-f473896d7426","place_report_count":0,"worst_collapse_type":null,"place_has_arcgis_id":false,"evaluation_count":1,"evaluation_ids_count":1,"barrio":"La flora","nivel_dano_max":"medio","severidad_max":"medio_alto","habitabilidad_codigos":"r2","recomendaciones":"","evaluaciones_adicionales":"estructural","usos":"residencial","sistema_estructural":"muros_carga","material":"","epoca_construccion":"despues_2010","estado_conservacion":"bueno","calidad_diseno":"bueno","ocupantes_max":288,"heridos_max":0,"muertos_max":0,"gps_accuracy_median":14.25,"rud_records":57,"rud_households":30,"rud_addresses":18,"rud_women":35,"rud_minors":7,"rud_older65":8,"rud_afro":0,"rud_indigenous":0,"rud_estado_averiado":41,"rud_estado_no_habitable":9,"rud_estado_habitable":7,"rud_estado_destruido":0,"rud_estado_no_informa":0,"rud_tenencia_propietario":27,"rud_tenencia_arrendatario":28,"rud_tenencia_ocupante":2,"rud_tenencia_poseedor":0,"rud_tenencia_no_informa":0,"rud_match_methods":"direccion_normalizada, nomenclatura_sector","rud_match_confidences":"alta, media","has_rud_match":true}},{"type":"Feature","geometry":{"type":"Point","coordinates":[-76.5220081,3.4904805]},"properties":{"place_id":"d4842fa4-fe0a-47c1-ba93-dad0df0a90a4","place_report_count":0,"worst_collapse_type":null,"place_has_arcgis_id":false,"evaluation_count":2,"evaluation_ids_count":2,"barrio":"La flora","nivel_dano_max":"bajo","severidad_max":"medio","habitabilidad_codigos":"h","recomendaciones":"monitoreo, seguimiento","evaluaciones_adicionales":"estructural","usos":"residencial","sistema_estructural":"muros_carga","material":"concreto_mc","epoca_construccion":"despues_2010","estado_conservacion":"bueno","calidad_diseno":"bueno","ocupantes_max":288,"heridos_max":0,"muertos_max":0,"gps_accuracy_median":null,"rud_records":0,"rud_households":0,"rud_addresses":0,"rud_women":0,"rud_minors":0,"rud_older65":0,"rud_afro":0,"rud_indigenous":0,"rud_estado_averiado":0,"rud_estado_no_habitable":0,"rud_estado_habitable":0,"rud_estado_destruido":0,"rud_estado_no_informa":0,"rud_tenencia_propietario":0,"rud_tenencia_arrendatario":0,"rud_tenencia_ocupante":0,"rud_tenencia_poseedor":0,"rud_tenencia_no_informa":0,"rud_match_methods":"","rud_match_confidences":"","has_rud_match":false}},{"type":"Feature","geometry":{"type":"Point","coordinates":[-76.5195781,3.4907186]},"properties":{"place_id":"375ffa51-0e26-4c72-ae5b-bc5d7ef4b2d8","place_report_count":0,"worst_collapse_type":null,"place_has_arcgis_id":true,"evaluation_count":1,"evaluation_ids_count":1,"barrio":"La mega","nivel_dano_max":"alto","severidad_max":"medio_alto","habitabilidad_codigos":"i2","recomendaciones":"","evaluaciones_adicionales":"estructural","usos":"residencial","sistema_estructural":"dual","material":"conc_mamposteria","epoca_construccion":"desconocida","estado_conservacion":"regular","calidad_diseno":"bueno","ocupantes_max":500,"heridos_max":null,"muertos_max":null,"gps_accuracy_median":null,"rud_records":0,"rud_households":0,"rud_addresses":0,"rud_women":0,"rud_minors":0,"rud_older65":0,"rud_afro":0,"rud_indigenous":0,"rud_estado_averiado":0,"rud_estado_no_habitable":0,"rud_estado_habitable":0,"rud_estado_destruido":0,"rud_estado_no_informa":0,"rud_tenencia_propietario":0,"rud_tenencia_arrendatario":0,"rud_tenencia_ocupante":0,"rud_tenencia_poseedor":0,"rud_tenencia_no_informa":0,"rud_match_methods":"","rud_match_confidences":"","has_rud_match":false}},{"type":"Feature","geometry":{"type":"Point","coordinates":[-76.4846546,3.4907329]},"properties":{"place_id":"6a7f06cd-1fe9-4c96-b3ba-675e49ad25ac","place_report_count":0,"worst_collapse_type":null,"place_has_arcgis_id":true,"evaluation_count":1,"evaluation_ids_count":1,"barrio":"Calimio norte","nivel_dano_max":"bajo","severidad_max":"bajo","habitabilidad_codigos":"h","recomendaciones":"seguimiento","evaluaciones_adicionales":"","usos":"residencial","sistema_estructural":"muros_carga","material":"concreto_mc","epoca_construccion":"despues_2010","estado_conservacion":"bueno","calidad_diseno":"bueno","ocupantes_max":80,"heridos_max":0,"muertos_max":0,"gps_accuracy_median":7.0,"rud_records":19,"rud_households":8,"rud_addresses":1,"rud_women":13,"rud_minors":8,"rud_older65":4,"rud_afro":0,"rud_indigenous":0,"rud_estado_averiado":10,"rud_estado_no_habitable":8,"rud_estado_habitable":1,"rud_estado_destruido":0,"rud_estado_no_informa":0,"rud_tenencia_propietario":8,"rud_tenencia_arrendatario":11,"rud_tenencia_ocupante":0,"rud_tenencia_poseedor":0,"rud_tenencia_no_informa":0,"rud_match_methods":"direccion_normalizada","rud_match_confidences":"alta","has_rud_match":true}},{"type":"Feature","geometry":{"type":"Point","coordinates":[-76.5166847,3.4912562]},"properties":{"place_id":"ecafb363-531a-4557-9a9f-f55d33df484f","place_report_count":0,"worst_collapse_type":"B","place_has_arcgis_id":false,"evaluation_count":1,"evaluation_ids_count":1,"barrio":"La flora","nivel_dano_max":"bajo","severidad_max":"medio","habitabilidad_codigos":"h","recomendaciones":"aislamiento, monitoreo","evaluaciones_adicionales":"","usos":"residencial","sistema_estructural":"dual","material":"concreto_dual","epoca_construccion":"despues_2010","estado_conservacion":"bueno","calidad_diseno":"bueno","ocupantes_max":760,"heridos_max":0,"muertos_max":0,"gps_accuracy_median":45.96,"rud_records":0,"rud_households":0,"rud_addresses":0,"rud_women":0,"rud_minors":0,"rud_older65":0,"rud_afro":0,"rud_indigenous":0,"rud_estado_averiado":0,"rud_estado_no_habitable":0,"rud_estado_habitable":0,"rud_estado_destruido":0,"rud_estado_no_informa":0,"rud_tenencia_propietario":0,"rud_tenencia_arrendatario":0,"rud_tenencia_ocupante":0,"rud_tenencia_poseedor":0,"rud_tenencia_no_informa":0,"rud_match_methods":"","rud_match_confidences":"","has_rud_match":false}},{"type":"Feature","geometry":{"type":"Point","coordinates":[-76.5160069,3.4913052]},"properties":{"place_id":"69072868-89b4-4fa7-8f0a-0e67bd529a16","place_report_count":0,"worst_collapse_type":null,"place_has_arcgis_id":true,"evaluation_count":1,"evaluation_ids_count":1,"barrio":"La flora","nivel_dano_max":"alto","severidad_max":"alto","habitabilidad_codigos":"i2","recomendaciones":"desconectar, evacuar_total, evacuar_vecinas, intervencion, monitoreo, restringir_peatones, restringir_vehiculos, seguimiento, vigilancia","evaluaciones_adicionales":"estructural, otra","usos":"residencial","sistema_estructural":"otro","material":"","epoca_construccion":"1998_2010","estado_conservacion":"malo","calidad_diseno":"malo","ocupantes_max":144,"heridos_max":null,"muertos_max":null,"gps_accuracy_median":null,"rud_records":14,"rud_households":9,"rud_addresses":1,"rud_women":7,"rud_minors":0,"rud_older65":4,"rud_afro":0,"rud_indigenous":0,"rud_estado_averiado":0,"rud_estado_no_habitable":14,"rud_estado_habitable":0,"rud_estado_destruido":0,"rud_estado_no_informa":0,"rud_tenencia_propietario":7,"rud_tenencia_arrendatario":7,"rud_tenencia_ocupante":0,"rud_tenencia_poseedor":0,"rud_tenencia_no_informa":0,"rud_match_methods":"direccion_normalizada","rud_match_confidences":"alta","has_rud_match":true}},{"type":"Feature","geometry":{"type":"Point","coordinates":[-76.5191586,3.4913171]},"properties":{"place_id":"d9ec057a-303b-4659-b53a-011b357a6ffe","place_report_count":0,"worst_collapse_type":null,"place_has_arcgis_id":true,"evaluation_count":1,"evaluation_ids_count":1,"barrio":"La flora","nivel_dano_max":"medio","severidad_max":"medio","habitabilidad_codigos":"r1","recomendaciones":"evacuar_parcial","evaluaciones_adicionales":"estructural, geotecnica","usos":"residencial","sistema_estructural":"muros_carga","material":"concreto_mc","epoca_construccion":"1998_2010","estado_conservacion":"bueno","calidad_diseno":"bueno","ocupantes_max":750,"heridos_max":0,"muertos_max":0,"gps_accuracy_median":null,"rud_records":317,"rud_households":122,"rud_addresses":69,"rud_women":166,"rud_minors":44,"rud_older65":52,"rud_afro":1,"rud_indigenous":0,"rud_estado_averiado":2,"rud_estado_no_habitable":315,"rud_estado_habitable":0,"rud_estado_destruido":0,"rud_estado_no_informa":0,"rud_tenencia_propietario":230,"rud_tenencia_arrendatario":79,"rud_tenencia_ocupante":6,"rud_tenencia_poseedor":2,"rud_tenencia_no_informa":0,"rud_match_methods":"direccion_normalizada, nomenclatura_sector","rud_match_confidences":"alta, media","has_rud_match":true}},{"type":"Feature","geometry":{"type":"Point","coordinates":[-76.5210865,3.4919357]},"properties":{"place_id":"f0057ea8-973d-456b-98a4-1b69432e0825","place_report_count":0,"worst_collapse_type":null,"place_has_arcgis_id":false,"evaluation_count":1,"evaluation_ids_count":1,"barrio":"LA Flora","nivel_dano_max":"alto","severidad_max":"alto","habitabilidad_codigos":"i2","recomendaciones":"evacuar_total, intervencion, monitoreo, restringir_peatones, seguimiento, vigilancia","evaluaciones_adicionales":"estructural","usos":"residencial","sistema_estructural":"dual","material":"conc_acero","epoca_construccion":"despues_2010","estado_conservacion":"regular","calidad_diseno":"bueno","ocupantes_max":288,"heridos_max":3,"muertos_max":0,"gps_accuracy_median":8.0,"rud_records":45,"rud_households":27,"rud_addresses":19,"rud_women":24,"rud_minors":4,"rud_older65":6,"rud_afro":0,"rud_indigenous":0,"rud_estado_averiado":0,"rud_estado_no_habitable":44,"rud_estado_habitable":0,"rud_estado_destruido":0,"rud_estado_no_informa":1,"rud_tenencia_propietario":25,"rud_tenencia_arrendatario":20,"rud_tenencia_ocupante":0,"rud_tenencia_poseedor":0,"rud_tenencia_no_informa":0,"rud_match_methods":"nomenclatura_sector","rud_match_confidences":"media","has_rud_match":true}},{"type":"Feature","geometry":{"type":"Point","coordinates":[-76.5208683,3.4921333]},"properties":{"place_id":"2aa7c0d5-22b2-400a-8494-1389bfde35a3","place_report_count":0,"worst_collapse_type":null,"place_has_arcgis_id":false,"evaluation_count":1,"evaluation_ids_count":1,"barrio":"La Flora","nivel_dano_max":"alto","severidad_max":"alto","habitabilidad_codigos":"i2","recomendaciones":"aislamiento, apuntalar, demoler, desconectar, evacuar_total, monitoreo, restringir_peatones, restringir_vehiculos, seguimiento, vigilancia","evaluaciones_adicionales":"estructural, geotecnica, otra","usos":"residencial","sistema_estructural":"dual","material":"concreto_dual","epoca_construccion":"despues_2010","estado_conservacion":"bueno","calidad_diseno":"bueno","ocupantes_max":288,"heridos_max":0,"muertos_max":0,"gps_accuracy_median":2.1,"rud_records":82,"rud_households":35,"rud_addresses":14,"rud_women":46,"rud_minors":17,"rud_older65":5,"rud_afro":2,"rud_indigenous":0,"rud_estado_averiado":0,"rud_estado_no_habitable":82,"rud_estado_habitable":0,"rud_estado_destruido":0,"rud_estado_no_informa":0,"rud_tenencia_propietario":54,"rud_tenencia_arrendatario":28,"rud_tenencia_ocupante":0,"rud_tenencia_poseedor":0,"rud_tenencia_no_informa":0,"rud_match_methods":"direccion_normalizada, nomenclatura_sector","rud_match_confidences":"alta, media","has_rud_match":true}},{"type":"Feature","geometry":{"type":"Point","coordinates":[-76.534369,3.4958948]},"properties":{"place_id":"304bf5aa-c428-4bfa-9f40-1b564396229c","place_report_count":0,"worst_collapse_type":null,"place_has_arcgis_id":false,"evaluation_count":1,"evaluation_ids_count":1,"barrio":"La Flora","nivel_dano_max":"alto","severidad_max":"alto","habitabilidad_codigos":"i2","recomendaciones":"aislamiento, apuntalar, demoler, desconectar, evacuar_total, evacuar_vecinas, intervencion, monitoreo, restringir_peatones, restringir_vehiculos, seguimiento, vigilancia","evaluaciones_adicionales":"estructural, geotecnica, otra","usos":"residencial","sistema_estructural":"porticos","material":"conc_no_arr","epoca_construccion":"1984_1997","estado_conservacion":"bueno","calidad_diseno":"regular","ocupantes_max":120,"heridos_max":0,"muertos_max":0,"gps_accuracy_median":null,"rud_records":0,"rud_households":0,"rud_addresses":0,"rud_women":0,"rud_minors":0,"rud_older65":0,"rud_afro":0,"rud_indigenous":0,"rud_estado_averiado":0,"rud_estado_no_habitable":0,"rud_estado_habitable":0,"rud_estado_destruido":0,"rud_estado_no_informa":0,"rud_tenencia_propietario":0,"rud_tenencia_arrendatario":0,"rud_tenencia_ocupante":0,"rud_tenencia_poseedor":0,"rud_tenencia_no_informa":0,"rud_match_methods":"","rud_match_confidences":"","has_rud_match":false}},{"type":"Feature","geometry":{"type":"Point","coordinates":[-76.4933973,3.4966892]},"properties":{"place_id":"b9b83cc6-073c-4dc4-91b5-bdbd752d2d31","place_report_count":0,"worst_collapse_type":null,"place_has_arcgis_id":false,"evaluation_count":1,"evaluation_ids_count":1,"barrio":"Floralia","nivel_dano_max":"bajo","severidad_max":"bajo","habitabilidad_codigos":"h","recomendaciones":"seguimiento","evaluaciones_adicionales":"","usos":"comercial, residencial","sistema_estructural":"porticos","material":"conc_arr","epoca_construccion":"1998_2010","estado_conservacion":"regular","calidad_diseno":"bueno","ocupantes_max":20,"heridos_max":0,"muertos_max":0,"gps_accuracy_median":4.27,"rud_records":0,"rud_households":0,"rud_addresses":0,"rud_women":0,"rud_minors":0,"rud_older65":0,"rud_afro":0,"rud_indigenous":0,"rud_estado_averiado":0,"rud_estado_no_habitable":0,"rud_estado_habitable":0,"rud_estado_destruido":0,"rud_estado_no_informa":0,"rud_tenencia_propietario":0,"rud_tenencia_arrendatario":0,"rud_tenencia_ocupante":0,"rud_tenencia_poseedor":0,"rud_tenencia_no_informa":0,"rud_match_methods":"","rud_match_confidences":"","has_rud_match":false}},{"type":"Feature","geometry":{"type":"Point","coordinates":[-76.6179185,3.503311]},"properties":{"place_id":"72c495e4-f078-4ce8-84d6-0d47e6d5e3bd","place_report_count":0,"worst_collapse_type":null,"place_has_arcgis_id":true,"evaluation_count":1,"evaluation_ids_count":1,"barrio":"Km 18 cgto la Elvira","nivel_dano_max":"bajo","severidad_max":"bajo","habitabilidad_codigos":"h","recomendaciones":"seguimiento","evaluaciones_adicionales":"geotecnica","usos":"residencial","sistema_estructural":"porticos","material":"conc_no_arr","epoca_construccion":"1984_1997","estado_conservacion":"bueno","calidad_diseno":"bueno","ocupantes_max":3,"heridos_max":null,"muertos_max":null,"gps_accuracy_median":9.83,"rud_records":0,"rud_households":0,"rud_addresses":0,"rud_women":0,"rud_minors":0,"rud_older65":0,"rud_afro":0,"rud_indigenous":0,"rud_estado_averiado":0,"rud_estado_no_habitable":0,"rud_estado_habitable":0,"rud_estado_destruido":0,"rud_estado_no_informa":0,"rud_tenencia_propietario":0,"rud_tenencia_arrendatario":0,"rud_tenencia_ocupante":0,"rud_tenencia_poseedor":0,"rud_tenencia_no_informa":0,"rud_match_methods":"","rud_match_confidences":"","has_rud_match":false}},{"type":"Feature","geometry":{"type":"Point","coordinates":[-76.5970632,3.5036482]},"properties":{"place_id":"8a4c2325-5236-4455-bfbe-1140a10a00aa","place_report_count":0,"worst_collapse_type":null,"place_has_arcgis_id":true,"evaluation_count":1,"evaluation_ids_count":1,"barrio":"Km 18 cgto la Alvira alto aguacatal","nivel_dano_max":"alto","severidad_max":"alto","habitabilidad_codigos":"i2","recomendaciones":"aislamiento, apuntalar, evacuar_total, intervencion, restringir_peatones","evaluaciones_adicionales":"estructural, geotecnica","usos":"residencial","sistema_estructural":"otro","material":"","epoca_construccion":"1984_1997","estado_conservacion":"malo","calidad_diseno":"malo","ocupantes_max":2,"heridos_max":null,"muertos_max":null,"gps_accuracy_median":4.75,"rud_records":0,"rud_households":0,"rud_addresses":0,"rud_women":0,"rud_minors":0,"rud_older65":0,"rud_afro":0,"rud_indigenous":0,"rud_estado_averiado":0,"rud_estado_no_habitable":0,"rud_estado_habitable":0,"rud_estado_destruido":0,"rud_estado_no_informa":0,"rud_tenencia_propietario":0,"rud_tenencia_arrendatario":0,"rud_tenencia_ocupante":0,"rud_tenencia_poseedor":0,"rud_tenencia_no_informa":0,"rud_match_methods":"","rud_match_confidences":"","has_rud_match":false}},{"type":"Feature","geometry":{"type":"Point","coordinates":[-76.5991503,3.5054557]},"properties":{"place_id":"968215ae-3747-437a-82ea-30970f8b0b52","place_report_count":0,"worst_collapse_type":null,"place_has_arcgis_id":true,"evaluation_count":1,"evaluation_ids_count":1,"barrio":"Km 18 cgto la Elvira alto aguacatal","nivel_dano_max":"alto","severidad_max":"alto","habitabilidad_codigos":"i2","recomendaciones":"apuntalar, evacuar_total, intervencion","evaluaciones_adicionales":"estructural, geotecnica","usos":"residencial","sistema_estructural":"otro","material":"","epoca_construccion":"1984_1997","estado_conservacion":"regular","calidad_diseno":"regular","ocupantes_max":5,"heridos_max":null,"muertos_max":null,"gps_accuracy_median":4.75,"rud_records":0,"rud_households":0,"rud_addresses":0,"rud_women":0,"rud_minors":0,"rud_older65":0,"rud_afro":0,"rud_indigenous":0,"rud_estado_averiado":0,"rud_estado_no_habitable":0,"rud_estado_habitable":0,"rud_estado_destruido":0,"rud_estado_no_informa":0,"rud_tenencia_propietario":0,"rud_tenencia_arrendatario":0,"rud_tenencia_ocupante":0,"rud_tenencia_poseedor":0,"rud_tenencia_no_informa":0,"rud_match_methods":"","rud_match_confidences":"","has_rud_match":false}},{"type":"Feature","geometry":{"type":"Point","coordinates":[-76.599351,3.5066629]},"properties":{"place_id":"4721536f-d509-4ac0-9e29-8428c426197c","place_report_count":0,"worst_collapse_type":null,"place_has_arcgis_id":true,"evaluation_count":1,"evaluation_ids_count":1,"barrio":"Corregimiento La Elvira Alto Aguacatal","nivel_dano_max":"sin_dano","severidad_max":"sin_dano","habitabilidad_codigos":"h","recomendaciones":"apuntalar, demoler, evacuar_parcial","evaluaciones_adicionales":"","usos":"residencial","sistema_estructural":"otro","material":"","epoca_construccion":"despues_2010","estado_conservacion":"bueno","calidad_diseno":"bueno","ocupantes_max":1,"heridos_max":null,"muertos_max":null,"gps_accuracy_median":null,"rud_records":0,"rud_households":0,"rud_addresses":0,"rud_women":0,"rud_minors":0,"rud_older65":0,"rud_afro":0,"rud_indigenous":0,"rud_estado_averiado":0,"rud_estado_no_habitable":0,"rud_estado_habitable":0,"rud_estado_destruido":0,"rud_estado_no_informa":0,"rud_tenencia_propietario":0,"rud_tenencia_arrendatario":0,"rud_tenencia_ocupante":0,"rud_tenencia_poseedor":0,"rud_tenencia_no_informa":0,"rud_match_methods":"","rud_match_confidences":"","has_rud_match":false}},{"type":"Feature","geometry":{"type":"Point","coordinates":[-76.5990728,3.5069607]},"properties":{"place_id":"ebacfc5e-90a5-4e41-ad83-76ac549be03c","place_report_count":0,"worst_collapse_type":null,"place_has_arcgis_id":true,"evaluation_count":1,"evaluation_ids_count":1,"barrio":"Corregimiento La Elvira Alto Aguacatal","nivel_dano_max":"alto","severidad_max":"medio_alto","habitabilidad_codigos":"i2","recomendaciones":"apuntalar, demoler, evacuar_parcial","evaluaciones_adicionales":"","usos":"residencial","sistema_estructural":"otro","material":"","epoca_construccion":"antes_1984","estado_conservacion":"malo","calidad_diseno":"malo","ocupantes_max":2,"heridos_max":null,"muertos_max":null,"gps_accuracy_median":null,"rud_records":0,"rud_households":0,"rud_addresses":0,"rud_women":0,"rud_minors":0,"rud_older65":0,"rud_afro":0,"rud_indigenous":0,"rud_estado_averiado":0,"rud_estado_no_habitable":0,"rud_estado_habitable":0,"rud_estado_destruido":0,"rud_estado_no_informa":0,"rud_tenencia_propietario":0,"rud_tenencia_arrendatario":0,"rud_tenencia_ocupante":0,"rud_tenencia_poseedor":0,"rud_tenencia_no_informa":0,"rud_match_methods":"","rud_match_confidences":"","has_rud_match":false}},{"type":"Feature","geometry":{"type":"Point","coordinates":[-76.6079361,3.5082027]},"properties":{"place_id":"565a86f9-9804-47dc-8d82-bd45512c5a87","place_report_count":0,"worst_collapse_type":null,"place_has_arcgis_id":true,"evaluation_count":1,"evaluation_ids_count":1,"barrio":"Vereda Los Laureles","nivel_dano_max":"alto","severidad_max":"alto","habitabilidad_codigos":"i2","recomendaciones":"apuntalar, demoler","evaluaciones_adicionales":"estructural","usos":"residencial","sistema_estructural":"muros_carga","material":"mamp_simple","epoca_construccion":"despues_2010","estado_conservacion":"regular","calidad_diseno":"malo","ocupantes_max":2,"heridos_max":null,"muertos_max":null,"gps_accuracy_median":null,"rud_records":0,"rud_households":0,"rud_addresses":0,"rud_women":0,"rud_minors":0,"rud_older65":0,"rud_afro":0,"rud_indigenous":0,"rud_estado_averiado":0,"rud_estado_no_habitable":0,"rud_estado_habitable":0,"rud_estado_destruido":0,"rud_estado_no_informa":0,"rud_tenencia_propietario":0,"rud_tenencia_arrendatario":0,"rud_tenencia_ocupante":0,"rud_tenencia_poseedor":0,"rud_tenencia_no_informa":0,"rud_match_methods":"","rud_match_confidences":"","has_rud_match":false}},{"type":"Feature","geometry":{"type":"Point","coordinates":[-76.606857,3.5110986]},"properties":{"place_id":"1eedc153-bab1-42dd-b10a-51c8119d48a4","place_report_count":0,"worst_collapse_type":null,"place_has_arcgis_id":true,"evaluation_count":1,"evaluation_ids_count":1,"barrio":"Vereda La Elvira","nivel_dano_max":"alto","severidad_max":"alto","habitabilidad_codigos":"i2","recomendaciones":"apuntalar, demoler, evacuar_parcial","evaluaciones_adicionales":"estructural","usos":"residencial","sistema_estructural":"muros_carga","material":"bahareque","epoca_construccion":"antes_1984","estado_conservacion":"malo","calidad_diseno":"malo","ocupantes_max":3,"heridos_max":null,"muertos_max":null,"gps_accuracy_median":null,"rud_records":0,"rud_households":0,"rud_addresses":0,"rud_women":0,"rud_minors":0,"rud_older65":0,"rud_afro":0,"rud_indigenous":0,"rud_estado_averiado":0,"rud_estado_no_habitable":0,"rud_estado_habitable":0,"rud_estado_destruido":0,"rud_estado_no_informa":0,"rud_tenencia_propietario":0,"rud_tenencia_arrendatario":0,"rud_tenencia_ocupante":0,"rud_tenencia_poseedor":0,"rud_tenencia_no_informa":0,"rud_match_methods":"","rud_match_confidences":"","has_rud_match":false}},{"type":"Feature","geometry":{"type":"Point","coordinates":[-76.5991978,3.512879]},"properties":{"place_id":"4489febe-7fca-49be-ae40-03a2f4d981d9","place_report_count":0,"worst_collapse_type":null,"place_has_arcgis_id":true,"evaluation_count":1,"evaluation_ids_count":1,"barrio":"Corregimiento La Elvira Alto Aguacatal","nivel_dano_max":"bajo","severidad_max":"bajo","habitabilidad_codigos":"h","recomendaciones":"","evaluaciones_adicionales":"","usos":"residencial","sistema_estructural":"otro","material":"","epoca_construccion":"antes_1984","estado_conservacion":"bueno","calidad_diseno":"regular","ocupantes_max":1,"heridos_max":null,"muertos_max":null,"gps_accuracy_median":null,"rud_records":0,"rud_households":0,"rud_addresses":0,"rud_women":0,"rud_minors":0,"rud_older65":0,"rud_afro":0,"rud_indigenous":0,"rud_estado_averiado":0,"rud_estado_no_habitable":0,"rud_estado_habitable":0,"rud_estado_destruido":0,"rud_estado_no_informa":0,"rud_tenencia_propietario":0,"rud_tenencia_arrendatario":0,"rud_tenencia_ocupante":0,"rud_tenencia_poseedor":0,"rud_tenencia_no_informa":0,"rud_match_methods":"","rud_match_confidences":"","has_rud_match":false}},{"type":"Feature","geometry":{"type":"Point","coordinates":[-76.5990411,3.5132164]},"properties":{"place_id":"494a64c2-ee3a-462a-89a3-95dcbf796281","place_report_count":0,"worst_collapse_type":null,"place_has_arcgis_id":true,"evaluation_count":1,"evaluation_ids_count":1,"barrio":"Km 18 cgto la Elvira la cabecera","nivel_dano_max":"alto","severidad_max":"alto","habitabilidad_codigos":"i2","recomendaciones":"aislamiento, apuntalar, demoler, intervencion","evaluaciones_adicionales":"estructural, geotecnica","usos":"residencial","sistema_estructural":"porticos","material":"conc_no_arr","epoca_construccion":"1998_2010","estado_conservacion":"regular","calidad_diseno":"regular","ocupantes_max":2,"heridos_max":null,"muertos_max":null,"gps_accuracy_median":4.75,"rud_records":0,"rud_households":0,"rud_addresses":0,"rud_women":0,"rud_minors":0,"rud_older65":0,"rud_afro":0,"rud_indigenous":0,"rud_estado_averiado":0,"rud_estado_no_habitable":0,"rud_estado_habitable":0,"rud_estado_destruido":0,"rud_estado_no_informa":0,"rud_tenencia_propietario":0,"rud_tenencia_arrendatario":0,"rud_tenencia_ocupante":0,"rud_tenencia_poseedor":0,"rud_tenencia_no_informa":0,"rud_match_methods":"","rud_match_confidences":"","has_rud_match":false}},{"type":"Feature","geometry":{"type":"Point","coordinates":[-76.5991079,3.5132165]},"properties":{"place_id":"509711bf-57ba-444f-8848-ba8eb47e61e6","place_report_count":0,"worst_collapse_type":null,"place_has_arcgis_id":true,"evaluation_count":1,"evaluation_ids_count":1,"barrio":"Km 18 cgto la Elvira la cabecera","nivel_dano_max":"alto","severidad_max":"alto","habitabilidad_codigos":"i2","recomendaciones":"aislamiento, apuntalar, demoler, intervencion","evaluaciones_adicionales":"estructural, geotecnica","usos":"residencial","sistema_estructural":"porticos","material":"conc_no_arr","epoca_construccion":"1998_2010","estado_conservacion":"regular","calidad_diseno":"regular","ocupantes_max":2,"heridos_max":null,"muertos_max":null,"gps_accuracy_median":4.75,"rud_records":0,"rud_households":0,"rud_addresses":0,"rud_women":0,"rud_minors":0,"rud_older65":0,"rud_afro":0,"rud_indigenous":0,"rud_estado_averiado":0,"rud_estado_no_habitable":0,"rud_estado_habitable":0,"rud_estado_destruido":0,"rud_estado_no_informa":0,"rud_tenencia_propietario":0,"rud_tenencia_arrendatario":0,"rud_tenencia_ocupante":0,"rud_tenencia_poseedor":0,"rud_tenencia_no_informa":0,"rud_match_methods":"","rud_match_confidences":"","has_rud_match":false}},{"type":"Feature","geometry":{"type":"Point","coordinates":[-76.6011283,3.51348]},"properties":{"place_id":"1b299d1e-e8cb-4ea7-9c9c-c02ceef369c8","place_report_count":0,"worst_collapse_type":null,"place_has_arcgis_id":true,"evaluation_count":1,"evaluation_ids_count":1,"barrio":"Corregimiento La Elvira Alto Aguacatal","nivel_dano_max":"medio","severidad_max":"medio_alto","habitabilidad_codigos":"r1","recomendaciones":"aislamiento, apuntalar, demoler, evacuar_parcial","evaluaciones_adicionales":"","usos":"residencial","sistema_estructural":"otro","material":"","epoca_construccion":"antes_1984","estado_conservacion":"regular","calidad_diseno":"regular","ocupantes_max":4,"heridos_max":null,"muertos_max":null,"gps_accuracy_median":1.5,"rud_records":0,"rud_households":0,"rud_addresses":0,"rud_women":0,"rud_minors":0,"rud_older65":0,"rud_afro":0,"rud_indigenous":0,"rud_estado_averiado":0,"rud_estado_no_habitable":0,"rud_estado_habitable":0,"rud_estado_destruido":0,"rud_estado_no_informa":0,"rud_tenencia_propietario":0,"rud_tenencia_arrendatario":0,"rud_tenencia_ocupante":0,"rud_tenencia_poseedor":0,"rud_tenencia_no_informa":0,"rud_match_methods":"","rud_match_confidences":"","has_rud_match":false}},{"type":"Feature","geometry":{"type":"Point","coordinates":[-76.6009286,3.5138236]},"properties":{"place_id":"9e40e15a-12ef-43bb-93b5-cd01ca187773","place_report_count":0,"worst_collapse_type":null,"place_has_arcgis_id":true,"evaluation_count":1,"evaluation_ids_count":1,"barrio":"Corregimiento La Elvira Alto Aguacatal","nivel_dano_max":"alto","severidad_max":"alto","habitabilidad_codigos":"i2","recomendaciones":"apuntalar, demoler, intervencion","evaluaciones_adicionales":"","usos":"residencial","sistema_estructural":"otro","material":"","epoca_construccion":"antes_1984","estado_conservacion":"malo","calidad_diseno":"malo","ocupantes_max":5,"heridos_max":null,"muertos_max":null,"gps_accuracy_median":null,"rud_records":0,"rud_households":0,"rud_addresses":0,"rud_women":0,"rud_minors":0,"rud_older65":0,"rud_afro":0,"rud_indigenous":0,"rud_estado_averiado":0,"rud_estado_no_habitable":0,"rud_estado_habitable":0,"rud_estado_destruido":0,"rud_estado_no_informa":0,"rud_tenencia_propietario":0,"rud_tenencia_arrendatario":0,"rud_tenencia_ocupante":0,"rud_tenencia_poseedor":0,"rud_tenencia_no_informa":0,"rud_match_methods":"","rud_match_confidences":"","has_rud_match":false}},{"type":"Feature","geometry":{"type":"Point","coordinates":[-76.6219394,3.5139437]},"properties":{"place_id":"15f84051-52dd-483e-857c-532e1847e0e9","place_report_count":0,"worst_collapse_type":null,"place_has_arcgis_id":true,"evaluation_count":1,"evaluation_ids_count":1,"barrio":"Verera k18 cogto la elvira","nivel_dano_max":"alto","severidad_max":"alto","habitabilidad_codigos":"i2","recomendaciones":"apuntalar, evacuar_parcial","evaluaciones_adicionales":"estructural, geotecnica","usos":"residencial","sistema_estructural":"porticos","material":"conc_no_arr","epoca_construccion":"1984_1997","estado_conservacion":"regular","calidad_diseno":"regular","ocupantes_max":3,"heridos_max":null,"muertos_max":null,"gps_accuracy_median":8.98,"rud_records":0,"rud_households":0,"rud_addresses":0,"rud_women":0,"rud_minors":0,"rud_older65":0,"rud_afro":0,"rud_indigenous":0,"rud_estado_averiado":0,"rud_estado_no_habitable":0,"rud_estado_habitable":0,"rud_estado_destruido":0,"rud_estado_no_informa":0,"rud_tenencia_propietario":0,"rud_tenencia_arrendatario":0,"rud_tenencia_ocupante":0,"rud_tenencia_poseedor":0,"rud_tenencia_no_informa":0,"rud_match_methods":"","rud_match_confidences":"","has_rud_match":false}},{"type":"Feature","geometry":{"type":"Point","coordinates":[-76.6220226,3.5141739]},"properties":{"place_id":"6538937f-e1f3-4519-a5fa-e7423bc8e3c6","place_report_count":0,"worst_collapse_type":null,"place_has_arcgis_id":true,"evaluation_count":1,"evaluation_ids_count":1,"barrio":"Km18","nivel_dano_max":"medio","severidad_max":"medio_alto","habitabilidad_codigos":"i1","recomendaciones":"monitoreo","evaluaciones_adicionales":"estructural, geotecnica","usos":"residencial","sistema_estructural":"porticos","material":"conc_no_arr","epoca_construccion":"1984_1997","estado_conservacion":"bueno","calidad_diseno":"regular","ocupantes_max":4,"heridos_max":null,"muertos_max":null,"gps_accuracy_median":11.59,"rud_records":0,"rud_households":0,"rud_addresses":0,"rud_women":0,"rud_minors":0,"rud_older65":0,"rud_afro":0,"rud_indigenous":0,"rud_estado_averiado":0,"rud_estado_no_habitable":0,"rud_estado_habitable":0,"rud_estado_destruido":0,"rud_estado_no_informa":0,"rud_tenencia_propietario":0,"rud_tenencia_arrendatario":0,"rud_tenencia_ocupante":0,"rud_tenencia_poseedor":0,"rud_tenencia_no_informa":0,"rud_match_methods":"","rud_match_confidences":"","has_rud_match":false}},{"type":"Feature","geometry":{"type":"Point","coordinates":[-76.6220599,3.5144022]},"properties":{"place_id":"d2dbc6b3-feee-433d-88b9-479f86e6c9d9","place_report_count":0,"worst_collapse_type":null,"place_has_arcgis_id":true,"evaluation_count":1,"evaluation_ids_count":1,"barrio":"Kilometro 18 / La Elvira","nivel_dano_max":"alto","severidad_max":"alto","habitabilidad_codigos":"i2","recomendaciones":"intervencion, monitoreo, vigilancia","evaluaciones_adicionales":"estructural, geotecnica","usos":"residencial","sistema_estructural":"dual","material":"conc_mamposteria","epoca_construccion":"antes_1984","estado_conservacion":"regular","calidad_diseno":"malo","ocupantes_max":10,"heridos_max":0,"muertos_max":0,"gps_accuracy_median":null,"rud_records":0,"rud_households":0,"rud_addresses":0,"rud_women":0,"rud_minors":0,"rud_older65":0,"rud_afro":0,"rud_indigenous":0,"rud_estado_averiado":0,"rud_estado_no_habitable":0,"rud_estado_habitable":0,"rud_estado_destruido":0,"rud_estado_no_informa":0,"rud_tenencia_propietario":0,"rud_tenencia_arrendatario":0,"rud_tenencia_ocupante":0,"rud_tenencia_poseedor":0,"rud_tenencia_no_informa":0,"rud_match_methods":"","rud_match_confidences":"","has_rud_match":false}},{"type":"Feature","geometry":{"type":"Point","coordinates":[-76.6219647,3.5145394]},"properties":{"place_id":"ae631456-9f4c-458b-b92f-62d28fd5e93c","place_report_count":0,"worst_collapse_type":null,"place_has_arcgis_id":true,"evaluation_count":1,"evaluation_ids_count":1,"barrio":"Km18","nivel_dano_max":"alto","severidad_max":"alto","habitabilidad_codigos":"i2","recomendaciones":"monitoreo","evaluaciones_adicionales":"estructural, geotecnica","usos":"residencial","sistema_estructural":"porticos","material":"conc_no_arr","epoca_construccion":"1998_2010","estado_conservacion":"bueno","calidad_diseno":"regular","ocupantes_max":10,"heridos_max":null,"muertos_max":null,"gps_accuracy_median":12.83,"rud_records":0,"rud_households":0,"rud_addresses":0,"rud_women":0,"rud_minors":0,"rud_older65":0,"rud_afro":0,"rud_indigenous":0,"rud_estado_averiado":0,"rud_estado_no_habitable":0,"rud_estado_habitable":0,"rud_estado_destruido":0,"rud_estado_no_informa":0,"rud_tenencia_propietario":0,"rud_tenencia_arrendatario":0,"rud_tenencia_ocupante":0,"rud_tenencia_poseedor":0,"rud_tenencia_no_informa":0,"rud_match_methods":"","rud_match_confidences":"","has_rud_match":false}},{"type":"Feature","geometry":{"type":"Point","coordinates":[-76.6218124,3.5145553]},"properties":{"place_id":"52992df2-cdd8-4f3a-8b39-cab469166ed0","place_report_count":0,"worst_collapse_type":null,"place_has_arcgis_id":true,"evaluation_count":1,"evaluation_ids_count":1,"barrio":"Km 18 cgto la Elvira sector las flores","nivel_dano_max":"alto","severidad_max":"alto","habitabilidad_codigos":"i2","recomendaciones":"apuntalar, demoler, evacuar_total, intervencion, restringir_peatones","evaluaciones_adicionales":"estructural, geotecnica, otra","usos":"residencial","sistema_estructural":"otro","material":"losa_columna","epoca_construccion":"despues_2010","estado_conservacion":"malo","calidad_diseno":"malo","ocupantes_max":3,"heridos_max":null,"muertos_max":null,"gps_accuracy_median":9.42,"rud_records":0,"rud_households":0,"rud_addresses":0,"rud_women":0,"rud_minors":0,"rud_older65":0,"rud_afro":0,"rud_indigenous":0,"rud_estado_averiado":0,"rud_estado_no_habitable":0,"rud_estado_habitable":0,"rud_estado_destruido":0,"rud_estado_no_informa":0,"rud_tenencia_propietario":0,"rud_tenencia_arrendatario":0,"rud_tenencia_ocupante":0,"rud_tenencia_poseedor":0,"rud_tenencia_no_informa":0,"rud_match_methods":"","rud_match_confidences":"","has_rud_match":false}},{"type":"Feature","geometry":{"type":"Point","coordinates":[-76.6221146,3.5145762]},"properties":{"place_id":"6b5276c1-4d41-44d9-89e6-86e5d81a548d","place_report_count":0,"worst_collapse_type":null,"place_has_arcgis_id":true,"evaluation_count":2,"evaluation_ids_count":2,"barrio":"Kilometro 18 / La Elvira, Km 18 cgto la Elvira sector las flores","nivel_dano_max":"alto","severidad_max":"medio_alto","habitabilidad_codigos":"i2, r1","recomendaciones":"intervencion, monitoreo, vigilancia","evaluaciones_adicionales":"estructural, geotecnica","usos":"residencial","sistema_estructural":"dual","material":"conc_mamposteria, concreto_dual","epoca_construccion":"1984_1997","estado_conservacion":"regular","calidad_diseno":"regular","ocupantes_max":7,"heridos_max":0,"muertos_max":0,"gps_accuracy_median":12.49,"rud_records":0,"rud_households":0,"rud_addresses":0,"rud_women":0,"rud_minors":0,"rud_older65":0,"rud_afro":0,"rud_indigenous":0,"rud_estado_averiado":0,"rud_estado_no_habitable":0,"rud_estado_habitable":0,"rud_estado_destruido":0,"rud_estado_no_informa":0,"rud_tenencia_propietario":0,"rud_tenencia_arrendatario":0,"rud_tenencia_ocupante":0,"rud_tenencia_poseedor":0,"rud_tenencia_no_informa":0,"rud_match_methods":"","rud_match_confidences":"","has_rud_match":false}},{"type":"Feature","geometry":{"type":"Point","coordinates":[-76.5995026,3.5153031]},"properties":{"place_id":"24efd779-435c-4e84-b387-320813fd6f17","place_report_count":0,"worst_collapse_type":null,"place_has_arcgis_id":true,"evaluation_count":1,"evaluation_ids_count":1,"barrio":"Corregimiento La Elvira Alto Aguacatal","nivel_dano_max":"sin_dano","severidad_max":"sin_dano","habitabilidad_codigos":"h","recomendaciones":"apuntalar, demoler, evacuar_parcial","evaluaciones_adicionales":"","usos":"residencial","sistema_estructural":"porticos","material":"conc_no_arr","epoca_construccion":"1998_2010","estado_conservacion":"bueno","calidad_diseno":"bueno","ocupantes_max":4,"heridos_max":null,"muertos_max":null,"gps_accuracy_median":null,"rud_records":0,"rud_households":0,"rud_addresses":0,"rud_women":0,"rud_minors":0,"rud_older65":0,"rud_afro":0,"rud_indigenous":0,"rud_estado_averiado":0,"rud_estado_no_habitable":0,"rud_estado_habitable":0,"rud_estado_destruido":0,"rud_estado_no_informa":0,"rud_tenencia_propietario":0,"rud_tenencia_arrendatario":0,"rud_tenencia_ocupante":0,"rud_tenencia_poseedor":0,"rud_tenencia_no_informa":0,"rud_match_methods":"","rud_match_confidences":"","has_rud_match":false}},{"type":"Feature","geometry":{"type":"Point","coordinates":[-76.5993213,3.5154191]},"properties":{"place_id":"7748de04-716d-4965-8522-3ed0b9dde8c8","place_report_count":0,"worst_collapse_type":null,"place_has_arcgis_id":true,"evaluation_count":1,"evaluation_ids_count":1,"barrio":"Corregimiento La Elvira Alto Aguacatal","nivel_dano_max":"bajo","severidad_max":"bajo","habitabilidad_codigos":"h","recomendaciones":"","evaluaciones_adicionales":"","usos":"residencial","sistema_estructural":"otro","material":"","epoca_construccion":"antes_1984","estado_conservacion":"bueno","calidad_diseno":"regular","ocupantes_max":6,"heridos_max":null,"muertos_max":null,"gps_accuracy_median":null,"rud_records":0,"rud_households":0,"rud_addresses":0,"rud_women":0,"rud_minors":0,"rud_older65":0,"rud_afro":0,"rud_indigenous":0,"rud_estado_averiado":0,"rud_estado_no_habitable":0,"rud_estado_habitable":0,"rud_estado_destruido":0,"rud_estado_no_informa":0,"rud_tenencia_propietario":0,"rud_tenencia_arrendatario":0,"rud_tenencia_ocupante":0,"rud_tenencia_poseedor":0,"rud_tenencia_no_informa":0,"rud_match_methods":"","rud_match_confidences":"","has_rud_match":false}},{"type":"Feature","geometry":{"type":"Point","coordinates":[-76.5992307,3.5158678]},"properties":{"place_id":"f287b28e-a0f8-48a0-a3b7-fd7209ee05e4","place_report_count":0,"worst_collapse_type":null,"place_has_arcgis_id":true,"evaluation_count":1,"evaluation_ids_count":1,"barrio":"Corregimiento La Elvira Alto Aguacatal","nivel_dano_max":"medio","severidad_max":"medio_alto","habitabilidad_codigos":"r1","recomendaciones":"apuntalar, demoler, evacuar_parcial","evaluaciones_adicionales":"","usos":"residencial","sistema_estructural":"otro","material":"","epoca_construccion":"1984_1997","estado_conservacion":"regular","calidad_diseno":"regular","ocupantes_max":2,"heridos_max":null,"muertos_max":null,"gps_accuracy_median":null,"rud_records":0,"rud_households":0,"rud_addresses":0,"rud_women":0,"rud_minors":0,"rud_older65":0,"rud_afro":0,"rud_indigenous":0,"rud_estado_averiado":0,"rud_estado_no_habitable":0,"rud_estado_habitable":0,"rud_estado_destruido":0,"rud_estado_no_informa":0,"rud_tenencia_propietario":0,"rud_tenencia_arrendatario":0,"rud_tenencia_ocupante":0,"rud_tenencia_poseedor":0,"rud_tenencia_no_informa":0,"rud_match_methods":"","rud_match_confidences":"","has_rud_match":false}},{"type":"Feature","geometry":{"type":"Point","coordinates":[-76.5998617,3.5167817]},"properties":{"place_id":"16a5b2f8-d2a9-4dc9-a9e5-cf753fda95fc","place_report_count":0,"worst_collapse_type":null,"place_has_arcgis_id":true,"evaluation_count":1,"evaluation_ids_count":1,"barrio":"La Elvira Vereda Alto Aguacatal Callejon los pasificos","nivel_dano_max":"bajo","severidad_max":"bajo","habitabilidad_codigos":"h","recomendaciones":"","evaluaciones_adicionales":"","usos":"residencial","sistema_estructural":"otro","material":"","epoca_construccion":"1998_2010","estado_conservacion":"regular","calidad_diseno":"regular","ocupantes_max":2,"heridos_max":null,"muertos_max":null,"gps_accuracy_median":2.3,"rud_records":0,"rud_households":0,"rud_addresses":0,"rud_women":0,"rud_minors":0,"rud_older65":0,"rud_afro":0,"rud_indigenous":0,"rud_estado_averiado":0,"rud_estado_no_habitable":0,"rud_estado_habitable":0,"rud_estado_destruido":0,"rud_estado_no_informa":0,"rud_tenencia_propietario":0,"rud_tenencia_arrendatario":0,"rud_tenencia_ocupante":0,"rud_tenencia_poseedor":0,"rud_tenencia_no_informa":0,"rud_match_methods":"","rud_match_confidences":"","has_rud_match":false}},{"type":"Feature","geometry":{"type":"Point","coordinates":[-76.5992461,3.5172295]},"properties":{"place_id":"76ba9a01-bf3d-4ef5-afcd-34043ffcc601","place_report_count":0,"worst_collapse_type":null,"place_has_arcgis_id":true,"evaluation_count":1,"evaluation_ids_count":1,"barrio":"Km 18 cgto la Elvira la cabecera","nivel_dano_max":"alto","severidad_max":"alto","habitabilidad_codigos":"i2","recomendaciones":"aislamiento, apuntalar, evacuar_parcial, intervencion, restringir_peatones","evaluaciones_adicionales":"estructural, geotecnica","usos":"residencial","sistema_estructural":"otro","material":"","epoca_construccion":"1984_1997","estado_conservacion":"malo","calidad_diseno":"malo","ocupantes_max":4,"heridos_max":null,"muertos_max":null,"gps_accuracy_median":4.73,"rud_records":0,"rud_households":0,"rud_addresses":0,"rud_women":0,"rud_minors":0,"rud_older65":0,"rud_afro":0,"rud_indigenous":0,"rud_estado_averiado":0,"rud_estado_no_habitable":0,"rud_estado_habitable":0,"rud_estado_destruido":0,"rud_estado_no_informa":0,"rud_tenencia_propietario":0,"rud_tenencia_arrendatario":0,"rud_tenencia_ocupante":0,"rud_tenencia_poseedor":0,"rud_tenencia_no_informa":0,"rud_match_methods":"","rud_match_confidences":"","has_rud_match":false}},{"type":"Feature","geometry":{"type":"Point","coordinates":[-76.6050691,3.517755]},"properties":{"place_id":"f860ab18-99d7-48fd-af2b-80b70194468a","place_report_count":0,"worst_collapse_type":null,"place_has_arcgis_id":true,"evaluation_count":1,"evaluation_ids_count":1,"barrio":"Vra. La Elvita Cto. Alto Aguacatal","nivel_dano_max":"medio","severidad_max":"medio_alto","habitabilidad_codigos":"r1","recomendaciones":"apuntalar, seguimiento, sustancias","evaluaciones_adicionales":"estructural","usos":"residencial","sistema_estructural":"muros_carga","material":"bahareque","epoca_construccion":"antes_1984","estado_conservacion":"malo","calidad_diseno":"malo","ocupantes_max":3,"heridos_max":null,"muertos_max":null,"gps_accuracy_median":null,"rud_records":0,"rud_households":0,"rud_addresses":0,"rud_women":0,"rud_minors":0,"rud_older65":0,"rud_afro":0,"rud_indigenous":0,"rud_estado_averiado":0,"rud_estado_no_habitable":0,"rud_estado_habitable":0,"rud_estado_destruido":0,"rud_estado_no_informa":0,"rud_tenencia_propietario":0,"rud_tenencia_arrendatario":0,"rud_tenencia_ocupante":0,"rud_tenencia_poseedor":0,"rud_tenencia_no_informa":0,"rud_match_methods":"","rud_match_confidences":"","has_rud_match":false}},{"type":"Feature","geometry":{"type":"Point","coordinates":[-76.6053553,3.5181463]},"properties":{"place_id":"8eba254f-edfc-4401-80dc-bcbcea14fef0","place_report_count":0,"worst_collapse_type":null,"place_has_arcgis_id":true,"evaluation_count":1,"evaluation_ids_count":1,"barrio":"Km 18 cgto la Elvira cabecera","nivel_dano_max":"medio","severidad_max":"medio_alto","habitabilidad_codigos":"r1","recomendaciones":"aislamiento, apuntalar, demoler, intervencion, restringir_peatones, vigilancia","evaluaciones_adicionales":"estructural","usos":"institucional, seguridad","sistema_estructural":"muros_carga","material":"mamp_simple","epoca_construccion":"1984_1997","estado_conservacion":"bueno","calidad_diseno":"bueno","ocupantes_max":18,"heridos_max":null,"muertos_max":null,"gps_accuracy_median":5.66,"rud_records":0,"rud_households":0,"rud_addresses":0,"rud_women":0,"rud_minors":0,"rud_older65":0,"rud_afro":0,"rud_indigenous":0,"rud_estado_averiado":0,"rud_estado_no_habitable":0,"rud_estado_habitable":0,"rud_estado_destruido":0,"rud_estado_no_informa":0,"rud_tenencia_propietario":0,"rud_tenencia_arrendatario":0,"rud_tenencia_ocupante":0,"rud_tenencia_poseedor":0,"rud_tenencia_no_informa":0,"rud_match_methods":"","rud_match_confidences":"","has_rud_match":false}},{"type":"Feature","geometry":{"type":"Point","coordinates":[-76.60544,3.51835]},"properties":{"place_id":"f0bf199c-86b7-40f8-bf0a-e30a202e318b","place_report_count":0,"worst_collapse_type":null,"place_has_arcgis_id":true,"evaluation_count":1,"evaluation_ids_count":1,"barrio":"Vra. La Elvita Cto. Alto Aguacatal","nivel_dano_max":"alto","severidad_max":"alto","habitabilidad_codigos":"i2","recomendaciones":"apuntalar, restringir_vehiculos","evaluaciones_adicionales":"estructural","usos":"comercial, residencial","sistema_estructural":"muros_carga","material":"bahareque","epoca_construccion":"antes_1984","estado_conservacion":"regular","calidad_diseno":"bueno","ocupantes_max":1,"heridos_max":null,"muertos_max":null,"gps_accuracy_median":2.9,"rud_records":0,"rud_households":0,"rud_addresses":0,"rud_women":0,"rud_minors":0,"rud_older65":0,"rud_afro":0,"rud_indigenous":0,"rud_estado_averiado":0,"rud_estado_no_habitable":0,"rud_estado_habitable":0,"rud_estado_destruido":0,"rud_estado_no_informa":0,"rud_tenencia_propietario":0,"rud_tenencia_arrendatario":0,"rud_tenencia_ocupante":0,"rud_tenencia_poseedor":0,"rud_tenencia_no_informa":0,"rud_match_methods":"","rud_match_confidences":"","has_rud_match":false}},{"type":"Feature","geometry":{"type":"Point","coordinates":[-76.605022,3.5183679]},"properties":{"place_id":"cf58df58-b201-4ed8-93f5-03b8f81bdd4c","place_report_count":0,"worst_collapse_type":null,"place_has_arcgis_id":true,"evaluation_count":1,"evaluation_ids_count":1,"barrio":"Vereda La Elvira","nivel_dano_max":"medio","severidad_max":"medio_alto","habitabilidad_codigos":"r1","recomendaciones":"seguimiento","evaluaciones_adicionales":"estructural","usos":"residencial","sistema_estructural":"muros_carga","material":"mamp_confinada","epoca_construccion":"1998_2010","estado_conservacion":"regular","calidad_diseno":"regular","ocupantes_max":2,"heridos_max":null,"muertos_max":null,"gps_accuracy_median":null,"rud_records":0,"rud_households":0,"rud_addresses":0,"rud_women":0,"rud_minors":0,"rud_older65":0,"rud_afro":0,"rud_indigenous":0,"rud_estado_averiado":0,"rud_estado_no_habitable":0,"rud_estado_habitable":0,"rud_estado_destruido":0,"rud_estado_no_informa":0,"rud_tenencia_propietario":0,"rud_tenencia_arrendatario":0,"rud_tenencia_ocupante":0,"rud_tenencia_poseedor":0,"rud_tenencia_no_informa":0,"rud_match_methods":"","rud_match_confidences":"","has_rud_match":false}},{"type":"Feature","geometry":{"type":"Point","coordinates":[-76.5734233,3.51911]},"properties":{"place_id":"9a2e6447-a6ce-4022-9be9-3dbd7d31633f","place_report_count":0,"worst_collapse_type":null,"place_has_arcgis_id":true,"evaluation_count":1,"evaluation_ids_count":1,"barrio":"La paz","nivel_dano_max":"medio","severidad_max":"medio","habitabilidad_codigos":"i2","recomendaciones":"apuntalar, demoler, evacuar_total, intervencion, monitoreo, restringir_peatones, restringir_vehiculos, seguimiento, vigilancia","evaluaciones_adicionales":"estructural","usos":"residencial","sistema_estructural":"muros_carga","material":"mamp_simple","epoca_construccion":"1984_1997","estado_conservacion":"malo","calidad_diseno":"malo","ocupantes_max":5,"heridos_max":0,"muertos_max":0,"gps_accuracy_median":1.4,"rud_records":0,"rud_households":0,"rud_addresses":0,"rud_women":0,"rud_minors":0,"rud_older65":0,"rud_afro":0,"rud_indigenous":0,"rud_estado_averiado":0,"rud_estado_no_habitable":0,"rud_estado_habitable":0,"rud_estado_destruido":0,"rud_estado_no_informa":0,"rud_tenencia_propietario":0,"rud_tenencia_arrendatario":0,"rud_tenencia_ocupante":0,"rud_tenencia_poseedor":0,"rud_tenencia_no_informa":0,"rud_match_methods":"","rud_match_confidences":"","has_rud_match":false}},{"type":"Feature","geometry":{"type":"Point","coordinates":[-76.5681983,3.5191633]},"properties":{"place_id":"8b86848d-494b-44fa-9f04-2003dfcb55e0","place_report_count":0,"worst_collapse_type":null,"place_has_arcgis_id":true,"evaluation_count":1,"evaluation_ids_count":1,"barrio":"La paz","nivel_dano_max":"bajo","severidad_max":"medio","habitabilidad_codigos":"r1","recomendaciones":"aislamiento, apuntalar, evacuar_parcial, monitoreo, restringir_peatones, seguimiento, vigilancia","evaluaciones_adicionales":"estructural","usos":"residencial","sistema_estructural":"porticos","material":"conc_arr","epoca_construccion":"","estado_conservacion":"malo","calidad_diseno":"malo","ocupantes_max":4,"heridos_max":0,"muertos_max":0,"gps_accuracy_median":2.0,"rud_records":0,"rud_households":0,"rud_addresses":0,"rud_women":0,"rud_minors":0,"rud_older65":0,"rud_afro":0,"rud_indigenous":0,"rud_estado_averiado":0,"rud_estado_no_habitable":0,"rud_estado_habitable":0,"rud_estado_destruido":0,"rud_estado_no_informa":0,"rud_tenencia_propietario":0,"rud_tenencia_arrendatario":0,"rud_tenencia_ocupante":0,"rud_tenencia_poseedor":0,"rud_tenencia_no_informa":0,"rud_match_methods":"","rud_match_confidences":"","has_rud_match":false}},{"type":"Feature","geometry":{"type":"Point","coordinates":[-76.607332,3.5191675]},"properties":{"place_id":"166d4840-5482-4718-a4c6-13da9d16a0b3","place_report_count":0,"worst_collapse_type":null,"place_has_arcgis_id":true,"evaluation_count":1,"evaluation_ids_count":1,"barrio":"Km 18 cgto la Elvira cabecera","nivel_dano_max":"alto","severidad_max":"alto","habitabilidad_codigos":"i2","recomendaciones":"demoler, evacuar_parcial, intervencion, monitoreo, restringir_peatones, vigilancia","evaluaciones_adicionales":"estructural, geotecnica","usos":"residencial","sistema_estructural":"muros_carga","material":"mamp_simple","epoca_construccion":"despues_2010","estado_conservacion":"malo","calidad_diseno":"malo","ocupantes_max":3,"heridos_max":null,"muertos_max":null,"gps_accuracy_median":4.75,"rud_records":0,"rud_households":0,"rud_addresses":0,"rud_women":0,"rud_minors":0,"rud_older65":0,"rud_afro":0,"rud_indigenous":0,"rud_estado_averiado":0,"rud_estado_no_habitable":0,"rud_estado_habitable":0,"rud_estado_destruido":0,"rud_estado_no_informa":0,"rud_tenencia_propietario":0,"rud_tenencia_arrendatario":0,"rud_tenencia_ocupante":0,"rud_tenencia_poseedor":0,"rud_tenencia_no_informa":0,"rud_match_methods":"","rud_match_confidences":"","has_rud_match":false}},{"type":"Feature","geometry":{"type":"Point","coordinates":[-76.6060002,3.5195037]},"properties":{"place_id":"398418bf-7024-4931-9a44-de44dbb9adeb","place_report_count":0,"worst_collapse_type":null,"place_has_arcgis_id":true,"evaluation_count":1,"evaluation_ids_count":1,"barrio":"Vereda La Elvira","nivel_dano_max":"bajo","severidad_max":"bajo","habitabilidad_codigos":"h","recomendaciones":"seguimiento","evaluaciones_adicionales":"","usos":"residencial","sistema_estructural":"otro","material":"","epoca_construccion":"1998_2010","estado_conservacion":"regular","calidad_diseno":"bueno","ocupantes_max":2,"heridos_max":null,"muertos_max":null,"gps_accuracy_median":null,"rud_records":0,"rud_households":0,"rud_addresses":0,"rud_women":0,"rud_minors":0,"rud_older65":0,"rud_afro":0,"rud_indigenous":0,"rud_estado_averiado":0,"rud_estado_no_habitable":0,"rud_estado_habitable":0,"rud_estado_destruido":0,"rud_estado_no_informa":0,"rud_tenencia_propietario":0,"rud_tenencia_arrendatario":0,"rud_tenencia_ocupante":0,"rud_tenencia_poseedor":0,"rud_tenencia_no_informa":0,"rud_match_methods":"","rud_match_confidences":"","has_rud_match":false}},{"type":"Feature","geometry":{"type":"Point","coordinates":[-76.5768,3.51955]},"properties":{"place_id":"f5cd1541-a088-4ea4-b7e4-5dcd43a876ce","place_report_count":0,"worst_collapse_type":null,"place_has_arcgis_id":true,"evaluation_count":1,"evaluation_ids_count":1,"barrio":"La paz","nivel_dano_max":"sin_dano","severidad_max":"sin_dano","habitabilidad_codigos":"h","recomendaciones":"apuntalar","evaluaciones_adicionales":"geotecnica","usos":"residencial","sistema_estructural":"no_claro","material":"mat_no_claro","epoca_construccion":"despues_2010","estado_conservacion":"bueno","calidad_diseno":"bueno","ocupantes_max":2,"heridos_max":0,"muertos_max":0,"gps_accuracy_median":1.7,"rud_records":0,"rud_households":0,"rud_addresses":0,"rud_women":0,"rud_minors":0,"rud_older65":0,"rud_afro":0,"rud_indigenous":0,"rud_estado_averiado":0,"rud_estado_no_habitable":0,"rud_estado_habitable":0,"rud_estado_destruido":0,"rud_estado_no_informa":0,"rud_tenencia_propietario":0,"rud_tenencia_arrendatario":0,"rud_tenencia_ocupante":0,"rud_tenencia_poseedor":0,"rud_tenencia_no_informa":0,"rud_match_methods":"","rud_match_confidences":"","has_rud_match":false}},{"type":"Feature","geometry":{"type":"Point","coordinates":[-76.5688133,3.5199133]},"properties":{"place_id":"e321b61a-60f7-44c2-a52d-8f41a9ffa34c","place_report_count":0,"worst_collapse_type":null,"place_has_arcgis_id":true,"evaluation_count":1,"evaluation_ids_count":1,"barrio":"La paz","nivel_dano_max":"alto","severidad_max":"alto","habitabilidad_codigos":"i2","recomendaciones":"apuntalar, evacuar_total, intervencion, monitoreo, restringir_peatones, restringir_vehiculos, seguimiento, vigilancia","evaluaciones_adicionales":"estructural, geotecnica","usos":"residencial","sistema_estructural":"muros_carga","material":"bahareque","epoca_construccion":"antes_1984","estado_conservacion":"malo","calidad_diseno":"malo","ocupantes_max":2,"heridos_max":0,"muertos_max":0,"gps_accuracy_median":1.3,"rud_records":0,"rud_households":0,"rud_addresses":0,"rud_women":0,"rud_minors":0,"rud_older65":0,"rud_afro":0,"rud_indigenous":0,"rud_estado_averiado":0,"rud_estado_no_habitable":0,"rud_estado_habitable":0,"rud_estado_destruido":0,"rud_estado_no_informa":0,"rud_tenencia_propietario":0,"rud_tenencia_arrendatario":0,"rud_tenencia_ocupante":0,"rud_tenencia_poseedor":0,"rud_tenencia_no_informa":0,"rud_match_methods":"","rud_match_confidences":"","has_rud_match":false}},{"type":"Feature","geometry":{"type":"Point","coordinates":[-76.6080621,3.520166]},"properties":{"place_id":"e97f7662-777d-4d26-a791-f60f9bd32624","place_report_count":0,"worst_collapse_type":null,"place_has_arcgis_id":true,"evaluation_count":1,"evaluation_ids_count":1,"barrio":"Km 18 cgto la Elvira la cabecera","nivel_dano_max":"alto","severidad_max":"alto","habitabilidad_codigos":"i2","recomendaciones":"evacuar_parcial, intervencion, restringir_peatones, seguimiento, vigilancia","evaluaciones_adicionales":"estructural, geotecnica","usos":"institucional","sistema_estructural":"otro","material":"losa_columna","epoca_construccion":"antes_1984","estado_conservacion":"regular","calidad_diseno":"malo","ocupantes_max":3,"heridos_max":null,"muertos_max":null,"gps_accuracy_median":6.59,"rud_records":0,"rud_households":0,"rud_addresses":0,"rud_women":0,"rud_minors":0,"rud_older65":0,"rud_afro":0,"rud_indigenous":0,"rud_estado_averiado":0,"rud_estado_no_habitable":0,"rud_estado_habitable":0,"rud_estado_destruido":0,"rud_estado_no_informa":0,"rud_tenencia_propietario":0,"rud_tenencia_arrendatario":0,"rud_tenencia_ocupante":0,"rud_tenencia_poseedor":0,"rud_tenencia_no_informa":0,"rud_match_methods":"","rud_match_confidences":"","has_rud_match":false}},{"type":"Feature","geometry":{"type":"Point","coordinates":[-76.57685,3.5201917]},"properties":{"place_id":"8c199316-7a9b-44ab-9ffb-7943ee5f1648","place_report_count":0,"worst_collapse_type":null,"place_has_arcgis_id":true,"evaluation_count":1,"evaluation_ids_count":1,"barrio":"La paz","nivel_dano_max":"medio","severidad_max":"medio","habitabilidad_codigos":"i2","recomendaciones":"apuntalar, demoler, evacuar_total, intervencion, monitoreo, restringir_peatones, restringir_vehiculos, seguimiento, vigilancia","evaluaciones_adicionales":"estructural, geotecnica","usos":"residencial","sistema_estructural":"muros_carga","material":"mamp_simple","epoca_construccion":"1984_1997","estado_conservacion":"bueno","calidad_diseno":"regular","ocupantes_max":3,"heridos_max":0,"muertos_max":0,"gps_accuracy_median":1.8,"rud_records":0,"rud_households":0,"rud_addresses":0,"rud_women":0,"rud_minors":0,"rud_older65":0,"rud_afro":0,"rud_indigenous":0,"rud_estado_averiado":0,"rud_estado_no_habitable":0,"rud_estado_habitable":0,"rud_estado_destruido":0,"rud_estado_no_informa":0,"rud_tenencia_propietario":0,"rud_tenencia_arrendatario":0,"rud_tenencia_ocupante":0,"rud_tenencia_poseedor":0,"rud_tenencia_no_informa":0,"rud_match_methods":"","rud_match_confidences":"","has_rud_match":false}},{"type":"Feature","geometry":{"type":"Point","coordinates":[-76.5692767,3.5203117]},"properties":{"place_id":"2ae1d948-f417-41be-a111-a1b5df085a6e","place_report_count":0,"worst_collapse_type":null,"place_has_arcgis_id":true,"evaluation_count":1,"evaluation_ids_count":1,"barrio":"La paz","nivel_dano_max":"alto","severidad_max":"alto","habitabilidad_codigos":"i2","recomendaciones":"apuntalar, demoler, evacuar_total, intervencion, monitoreo, restringir_peatones, restringir_vehiculos, seguimiento, vigilancia","evaluaciones_adicionales":"estructural, geotecnica","usos":"residencial","sistema_estructural":"muros_carga","material":"mamp_simple","epoca_construccion":"1984_1997","estado_conservacion":"malo","calidad_diseno":"malo","ocupantes_max":6,"heridos_max":0,"muertos_max":0,"gps_accuracy_median":1.9,"rud_records":0,"rud_households":0,"rud_addresses":0,"rud_women":0,"rud_minors":0,"rud_older65":0,"rud_afro":0,"rud_indigenous":0,"rud_estado_averiado":0,"rud_estado_no_habitable":0,"rud_estado_habitable":0,"rud_estado_destruido":0,"rud_estado_no_informa":0,"rud_tenencia_propietario":0,"rud_tenencia_arrendatario":0,"rud_tenencia_ocupante":0,"rud_tenencia_poseedor":0,"rud_tenencia_no_informa":0,"rud_match_methods":"","rud_match_confidences":"","has_rud_match":false}},{"type":"Feature","geometry":{"type":"Point","coordinates":[-76.5696917,3.5203333]},"properties":{"place_id":"a5cc5bae-2432-4c42-8d2d-ecab178763c5","place_report_count":0,"worst_collapse_type":null,"place_has_arcgis_id":true,"evaluation_count":1,"evaluation_ids_count":1,"barrio":"La paz","nivel_dano_max":"alto","severidad_max":"alto","habitabilidad_codigos":"i2","recomendaciones":"apuntalar, demoler, evacuar_total, intervencion, monitoreo, restringir_peatones, restringir_vehiculos, seguimiento, vigilancia","evaluaciones_adicionales":"estructural","usos":"residencial","sistema_estructural":"muros_carga","material":"mamp_simple","epoca_construccion":"1984_1997","estado_conservacion":"malo","calidad_diseno":"malo","ocupantes_max":2,"heridos_max":0,"muertos_max":0,"gps_accuracy_median":1.5,"rud_records":0,"rud_households":0,"rud_addresses":0,"rud_women":0,"rud_minors":0,"rud_older65":0,"rud_afro":0,"rud_indigenous":0,"rud_estado_averiado":0,"rud_estado_no_habitable":0,"rud_estado_habitable":0,"rud_estado_destruido":0,"rud_estado_no_informa":0,"rud_tenencia_propietario":0,"rud_tenencia_arrendatario":0,"rud_tenencia_ocupante":0,"rud_tenencia_poseedor":0,"rud_tenencia_no_informa":0,"rud_match_methods":"","rud_match_confidences":"","has_rud_match":false}},{"type":"Feature","geometry":{"type":"Point","coordinates":[-76.6068794,3.5204905]},"properties":{"place_id":"63c0d9fd-7925-4639-80fb-7e515c5f2b2f","place_report_count":0,"worst_collapse_type":null,"place_has_arcgis_id":true,"evaluation_count":1,"evaluation_ids_count":1,"barrio":"la Elvira cabecera","nivel_dano_max":"alto","severidad_max":"alto","habitabilidad_codigos":"i2","recomendaciones":"aislamiento, demoler, evacuar_parcial, restringir_peatones, vigilancia","evaluaciones_adicionales":"estructural","usos":"institucional","sistema_estructural":"muros_carga","material":"mamp_simple","epoca_construccion":"antes_1984","estado_conservacion":"regular","calidad_diseno":"malo","ocupantes_max":0,"heridos_max":null,"muertos_max":null,"gps_accuracy_median":8.3,"rud_records":0,"rud_households":0,"rud_addresses":0,"rud_women":0,"rud_minors":0,"rud_older65":0,"rud_afro":0,"rud_indigenous":0,"rud_estado_averiado":0,"rud_estado_no_habitable":0,"rud_estado_habitable":0,"rud_estado_destruido":0,"rud_estado_no_informa":0,"rud_tenencia_propietario":0,"rud_tenencia_arrendatario":0,"rud_tenencia_ocupante":0,"rud_tenencia_poseedor":0,"rud_tenencia_no_informa":0,"rud_match_methods":"","rud_match_confidences":"","has_rud_match":false}},{"type":"Feature","geometry":{"type":"Point","coordinates":[-76.5982626,3.520957]},"properties":{"place_id":"569e5247-e512-4fca-bf03-8acf3ec305fb","place_report_count":0,"worst_collapse_type":null,"place_has_arcgis_id":true,"evaluation_count":1,"evaluation_ids_count":1,"barrio":"Km 18 cgto la Elvira la cabecera","nivel_dano_max":"alto","severidad_max":"alto","habitabilidad_codigos":"i2","recomendaciones":"apuntalar, intervencion, vigilancia","evaluaciones_adicionales":"estructural, geotecnica","usos":"residencial","sistema_estructural":"otro","material":"","epoca_construccion":"antes_1984","estado_conservacion":"malo","calidad_diseno":"malo","ocupantes_max":2,"heridos_max":null,"muertos_max":null,"gps_accuracy_median":4.75,"rud_records":0,"rud_households":0,"rud_addresses":0,"rud_women":0,"rud_minors":0,"rud_older65":0,"rud_afro":0,"rud_indigenous":0,"rud_estado_averiado":0,"rud_estado_no_habitable":0,"rud_estado_habitable":0,"rud_estado_destruido":0,"rud_estado_no_informa":0,"rud_tenencia_propietario":0,"rud_tenencia_arrendatario":0,"rud_tenencia_ocupante":0,"rud_tenencia_poseedor":0,"rud_tenencia_no_informa":0,"rud_match_methods":"","rud_match_confidences":"","has_rud_match":false}},{"type":"Feature","geometry":{"type":"Point","coordinates":[-76.6068404,3.5211044]},"properties":{"place_id":"dfe808de-fa53-4148-9945-f65a30c3ceb3","place_report_count":0,"worst_collapse_type":null,"place_has_arcgis_id":true,"evaluation_count":1,"evaluation_ids_count":1,"barrio":"Km 18 cgto la Elvira la cabecera","nivel_dano_max":"alto","severidad_max":"alto","habitabilidad_codigos":"i2","recomendaciones":"intervencion, seguimiento, vigilancia","evaluaciones_adicionales":"estructural, geotecnica","usos":"residencial","sistema_estructural":"otro","material":"","epoca_construccion":"antes_1984","estado_conservacion":"malo","calidad_diseno":"malo","ocupantes_max":1,"heridos_max":null,"muertos_max":null,"gps_accuracy_median":13.6,"rud_records":0,"rud_households":0,"rud_addresses":0,"rud_women":0,"rud_minors":0,"rud_older65":0,"rud_afro":0,"rud_indigenous":0,"rud_estado_averiado":0,"rud_estado_no_habitable":0,"rud_estado_habitable":0,"rud_estado_destruido":0,"rud_estado_no_informa":0,"rud_tenencia_propietario":0,"rud_tenencia_arrendatario":0,"rud_tenencia_ocupante":0,"rud_tenencia_poseedor":0,"rud_tenencia_no_informa":0,"rud_match_methods":"","rud_match_confidences":"","has_rud_match":false}},{"type":"Feature","geometry":{"type":"Point","coordinates":[-76.5984348,3.5236553]},"properties":{"place_id":"afce6483-ff62-4186-83eb-efad17245fb5","place_report_count":0,"worst_collapse_type":null,"place_has_arcgis_id":true,"evaluation_count":2,"evaluation_ids_count":2,"barrio":"Corregimiento La Elvira Alto Aguacatal","nivel_dano_max":"alto","severidad_max":"alto","habitabilidad_codigos":"i2","recomendaciones":"apuntalar, demoler, intervencion","evaluaciones_adicionales":"","usos":"residencial","sistema_estructural":"otro","material":"","epoca_construccion":"1984_1997","estado_conservacion":"regular","calidad_diseno":"regular","ocupantes_max":3,"heridos_max":null,"muertos_max":null,"gps_accuracy_median":null,"rud_records":0,"rud_households":0,"rud_addresses":0,"rud_women":0,"rud_minors":0,"rud_older65":0,"rud_afro":0,"rud_indigenous":0,"rud_estado_averiado":0,"rud_estado_no_habitable":0,"rud_estado_habitable":0,"rud_estado_destruido":0,"rud_estado_no_informa":0,"rud_tenencia_propietario":0,"rud_tenencia_arrendatario":0,"rud_tenencia_ocupante":0,"rud_tenencia_poseedor":0,"rud_tenencia_no_informa":0,"rud_match_methods":"","rud_match_confidences":"","has_rud_match":false}},{"type":"Feature","geometry":{"type":"Point","coordinates":[-76.5982386,3.5249851]},"properties":{"place_id":"f8545852-0951-4752-bc4a-81c24298feb8","place_report_count":0,"worst_collapse_type":null,"place_has_arcgis_id":true,"evaluation_count":1,"evaluation_ids_count":1,"barrio":"Corregimiento La Elvira Alto Aguacatal","nivel_dano_max":"bajo","severidad_max":"medio","habitabilidad_codigos":"h","recomendaciones":"apuntalar, demoler, restringir_peatones","evaluaciones_adicionales":"","usos":"residencial","sistema_estructural":"dual","material":"conc_mamposteria","epoca_construccion":"antes_1984","estado_conservacion":"regular","calidad_diseno":"regular","ocupantes_max":2,"heridos_max":null,"muertos_max":null,"gps_accuracy_median":null,"rud_records":0,"rud_households":0,"rud_addresses":0,"rud_women":0,"rud_minors":0,"rud_older65":0,"rud_afro":0,"rud_indigenous":0,"rud_estado_averiado":0,"rud_estado_no_habitable":0,"rud_estado_habitable":0,"rud_estado_destruido":0,"rud_estado_no_informa":0,"rud_tenencia_propietario":0,"rud_tenencia_arrendatario":0,"rud_tenencia_ocupante":0,"rud_tenencia_poseedor":0,"rud_tenencia_no_informa":0,"rud_match_methods":"","rud_match_confidences":"","has_rud_match":false}},{"type":"Feature","geometry":{"type":"Point","coordinates":[-77.0308919,3.877723]},"properties":{"place_id":"1ff705e6-1b11-4b7c-95b3-6b597d4707c3","place_report_count":0,"worst_collapse_type":null,"place_has_arcgis_id":true,"evaluation_count":1,"evaluation_ids_count":1,"barrio":"Los Cristales","nivel_dano_max":"medio","severidad_max":"bajo","habitabilidad_codigos":"r1","recomendaciones":"aislamiento, apuntalar, demoler, seguimiento","evaluaciones_adicionales":"otra","usos":"residencial","sistema_estructural":"porticos","material":"conc_arr","epoca_construccion":"1998_2010","estado_conservacion":"bueno","calidad_diseno":"bueno","ocupantes_max":130,"heridos_max":null,"muertos_max":null,"gps_accuracy_median":null,"rud_records":0,"rud_households":0,"rud_addresses":0,"rud_women":0,"rud_minors":0,"rud_older65":0,"rud_afro":0,"rud_indigenous":0,"rud_estado_averiado":0,"rud_estado_no_habitable":0,"rud_estado_habitable":0,"rud_estado_destruido":0,"rud_estado_no_informa":0,"rud_tenencia_propietario":0,"rud_tenencia_arrendatario":0,"rud_tenencia_ocupante":0,"rud_tenencia_poseedor":0,"rud_tenencia_no_informa":0,"rud_match_methods":"","rud_match_confidences":"","has_rud_match":false}}]}